"Statistic","Academic year","Local Government District","Attainment","Free school meal entitled","Not free school meal entitled","All persons"
"Number of school leavers","2012/13","Antrim and Newtownabbey","At least 3 A-levels at grades A*-C (incl. equivalent qualifications)",23,560,583
"Number of school leavers","2012/13","Antrim and Newtownabbey","At least 3 A-levels at grades A*-E (incl. equivalent qualifications)",36,760,796
"Number of school leavers","2012/13","Antrim and Newtownabbey","At least 2 A-levels at grades A*-E (incl. equivalent qualifications)",47,814,861
"Number of school leavers","2012/13","Antrim and Newtownabbey","At least 5 GCSEs at grades A*-C (incl. equivalent qualifications)",128,1233,1361
"Number of school leavers","2012/13","Antrim and Newtownabbey","At least 5 GCSEs at grades A*-C (incl. equivalent qualifications) including GCSE English and maths",73,956,1029
"Number of school leavers","2012/13","Antrim and Newtownabbey","Total leavers",224,1450,1674
"Number of school leavers","2012/13","Armagh City, Banbridge and Craigavon","At least 3 A-levels at grades A*-C (incl. equivalent qualifications)",60,819,879
"Number of school leavers","2012/13","Armagh City, Banbridge and Craigavon","At least 3 A-levels at grades A*-E (incl. equivalent qualifications)",86,1077,1163
"Number of school leavers","2012/13","Armagh City, Banbridge and Craigavon","At least 2 A-levels at grades A*-E (incl. equivalent qualifications)",100,1151,1251
"Number of school leavers","2012/13","Armagh City, Banbridge and Craigavon","At least 5 GCSEs at grades A*-C (incl. equivalent qualifications)",236,1810,2046
"Number of school leavers","2012/13","Armagh City, Banbridge and Craigavon","At least 5 GCSEs at grades A*-C (incl. equivalent qualifications) including GCSE English and maths",147,1467,1614
"Number of school leavers","2012/13","Armagh City, Banbridge and Craigavon","Total leavers",438,2181,2619
"Number of school leavers","2012/13","Belfast","At least 3 A-levels at grades A*-C (incl. equivalent qualifications)",156,1073,1229
"Number of school leavers","2012/13","Belfast","At least 3 A-levels at grades A*-E (incl. equivalent qualifications)",259,1506,1765
"Number of school leavers","2012/13","Belfast","At least 2 A-levels at grades A*-E (incl. equivalent qualifications)",330,1685,2015
"Number of school leavers","2012/13","Belfast","At least 5 GCSEs at grades A*-C (incl. equivalent qualifications)",588,2162,2750
"Number of school leavers","2012/13","Belfast","At least 5 GCSEs at grades A*-C (incl. equivalent qualifications) including GCSE English and maths",319,1711,2030
"Number of school leavers","2012/13","Belfast","Total leavers",1030,2675,3705
"Number of school leavers","2012/13","Causeway Coast and Glens","At least 3 A-levels at grades A*-C (incl. equivalent qualifications)",42,527,569
"Number of school leavers","2012/13","Causeway Coast and Glens","At least 3 A-levels at grades A*-E (incl. equivalent qualifications)",67,775,842
"Number of school leavers","2012/13","Causeway Coast and Glens","At least 2 A-levels at grades A*-E (incl. equivalent qualifications)",83,846,929
"Number of school leavers","2012/13","Causeway Coast and Glens","At least 5 GCSEs at grades A*-C (incl. equivalent qualifications)",190,1221,1411
"Number of school leavers","2012/13","Causeway Coast and Glens","At least 5 GCSEs at grades A*-C (incl. equivalent qualifications) including GCSE English and maths",98,990,1088
"Number of school leavers","2012/13","Causeway Coast and Glens","Total leavers",304,1455,1759
"Number of school leavers","2012/13","Derry City and Strabane","At least 3 A-levels at grades A*-C (incl. equivalent qualifications)",111,639,750
"Number of school leavers","2012/13","Derry City and Strabane","At least 3 A-levels at grades A*-E (incl. equivalent qualifications)",198,909,1107
"Number of school leavers","2012/13","Derry City and Strabane","At least 2 A-levels at grades A*-E (incl. equivalent qualifications)",232,982,1214
"Number of school leavers","2012/13","Derry City and Strabane","At least 5 GCSEs at grades A*-C (incl. equivalent qualifications)",418,1270,1688
"Number of school leavers","2012/13","Derry City and Strabane","At least 5 GCSEs at grades A*-C (incl. equivalent qualifications) including GCSE English and maths",243,1038,1281
"Number of school leavers","2012/13","Derry City and Strabane","Total leavers",619,1470,2089
"Number of school leavers","2012/13","Fermanagh and Omagh","At least 3 A-levels at grades A*-C (incl. equivalent qualifications)",61,578,639
"Number of school leavers","2012/13","Fermanagh and Omagh","At least 3 A-levels at grades A*-E (incl. equivalent qualifications)",92,782,874
"Number of school leavers","2012/13","Fermanagh and Omagh","At least 2 A-levels at grades A*-E (incl. equivalent qualifications)",97,833,930
"Number of school leavers","2012/13","Fermanagh and Omagh","At least 5 GCSEs at grades A*-C (incl. equivalent qualifications)",175,1078,1253
"Number of school leavers","2012/13","Fermanagh and Omagh","At least 5 GCSEs at grades A*-C (incl. equivalent qualifications) including GCSE English and maths",109,919,1028
"Number of school leavers","2012/13","Fermanagh and Omagh","Total leavers",253,1209,1462
"Number of school leavers","2012/13","Lisburn and Castlereagh","At least 3 A-levels at grades A*-C (incl. equivalent qualifications)",26,673,699
"Number of school leavers","2012/13","Lisburn and Castlereagh","At least 3 A-levels at grades A*-E (incl. equivalent qualifications)",41,888,929
"Number of school leavers","2012/13","Lisburn and Castlereagh","At least 2 A-levels at grades A*-E (incl. equivalent qualifications)",47,962,1009
"Number of school leavers","2012/13","Lisburn and Castlereagh","At least 5 GCSEs at grades A*-C (incl. equivalent qualifications)",96,1259,1355
"Number of school leavers","2012/13","Lisburn and Castlereagh","At least 5 GCSEs at grades A*-C (incl. equivalent qualifications) including GCSE English and maths",56,1095,1151
"Number of school leavers","2012/13","Lisburn and Castlereagh","Total leavers",172,1485,1657
"Number of school leavers","2012/13","Mid and East Antrim","At least 3 A-levels at grades A*-C (incl. equivalent qualifications)",19,550,569
"Number of school leavers","2012/13","Mid and East Antrim","At least 3 A-levels at grades A*-E (incl. equivalent qualifications)",35,785,820
"Number of school leavers","2012/13","Mid and East Antrim","At least 2 A-levels at grades A*-E (incl. equivalent qualifications)",46,841,887
"Number of school leavers","2012/13","Mid and East Antrim","At least 5 GCSEs at grades A*-C (incl. equivalent qualifications)",100,1156,1256
"Number of school leavers","2012/13","Mid and East Antrim","At least 5 GCSEs at grades A*-C (incl. equivalent qualifications) including GCSE English and maths",61,959,1020
"Number of school leavers","2012/13","Mid and East Antrim","Total leavers",213,1461,1674
"Number of school leavers","2012/13","Mid Ulster","At least 3 A-levels at grades A*-C (incl. equivalent qualifications)",72,669,741
"Number of school leavers","2012/13","Mid Ulster","At least 3 A-levels at grades A*-E (incl. equivalent qualifications)",115,890,1005
"Number of school leavers","2012/13","Mid Ulster","At least 2 A-levels at grades A*-E (incl. equivalent qualifications)",129,980,1109
"Number of school leavers","2012/13","Mid Ulster","At least 5 GCSEs at grades A*-C (incl. equivalent qualifications)",202,1329,1531
"Number of school leavers","2012/13","Mid Ulster","At least 5 GCSEs at grades A*-C (incl. equivalent qualifications) including GCSE English and maths",143,1100,1243
"Number of school leavers","2012/13","Mid Ulster","Total leavers",338,1604,1942
"Number of school leavers","2012/13","Newry, Mourne and Down","At least 3 A-levels at grades A*-C (incl. equivalent qualifications)",79,824,903
"Number of school leavers","2012/13","Newry, Mourne and Down","At least 3 A-levels at grades A*-E (incl. equivalent qualifications)",125,1128,1253
"Number of school leavers","2012/13","Newry, Mourne and Down","At least 2 A-levels at grades A*-E (incl. equivalent qualifications)",149,1236,1385
"Number of school leavers","2012/13","Newry, Mourne and Down","At least 5 GCSEs at grades A*-C (incl. equivalent qualifications)",281,1634,1915
"Number of school leavers","2012/13","Newry, Mourne and Down","At least 5 GCSEs at grades A*-C (incl. equivalent qualifications) including GCSE English and maths",188,1386,1574
"Number of school leavers","2012/13","Newry, Mourne and Down","Total leavers",466,1944,2410
"Number of school leavers","2012/13","Ards and North Down","At least 3 A-levels at grades A*-C (incl. equivalent qualifications)",19,637,656
"Number of school leavers","2012/13","Ards and North Down","At least 3 A-levels at grades A*-E (incl. equivalent qualifications)",25,873,898
"Number of school leavers","2012/13","Ards and North Down","At least 2 A-levels at grades A*-E (incl. equivalent qualifications)",30,952,982
"Number of school leavers","2012/13","Ards and North Down","At least 5 GCSEs at grades A*-C (incl. equivalent qualifications)",66,1281,1347
"Number of school leavers","2012/13","Ards and North Down","At least 5 GCSEs at grades A*-C (incl. equivalent qualifications) including GCSE English and maths",43,1092,1135
"Number of school leavers","2012/13","Ards and North Down","Total leavers",164,1608,1772
"Number of school leavers","2012/13","Northern Ireland","At least 3 A-levels at grades A*-C (incl. equivalent qualifications)",672,7608,8280
"Number of school leavers","2012/13","Northern Ireland","At least 3 A-levels at grades A*-E (incl. equivalent qualifications)",1088,10463,11551
"Number of school leavers","2012/13","Northern Ireland","At least 2 A-levels at grades A*-E (incl. equivalent qualifications)",1299,11378,12677
"Number of school leavers","2012/13","Northern Ireland","At least 5 GCSEs at grades A*-C (incl. equivalent qualifications)",2500,15564,18064
"Number of school leavers","2012/13","Northern Ireland","At least 5 GCSEs at grades A*-C (incl. equivalent qualifications) including GCSE English and maths",1489,12814,14303
"Number of school leavers","2012/13","Northern Ireland","Total leavers",4272,18729,23001
"Number of school leavers","2013/14","Antrim and Newtownabbey","At least 3 A-levels at grades A*-C (incl. equivalent qualifications)",16,543,559
"Number of school leavers","2013/14","Antrim and Newtownabbey","At least 3 A-levels at grades A*-E (incl. equivalent qualifications)",32,742,774
"Number of school leavers","2013/14","Antrim and Newtownabbey","At least 2 A-levels at grades A*-E (incl. equivalent qualifications)",38,804,842
"Number of school leavers","2013/14","Antrim and Newtownabbey","At least 5 GCSEs at grades A*-C (incl. equivalent qualifications)",108,1205,1313
"Number of school leavers","2013/14","Antrim and Newtownabbey","At least 5 GCSEs at grades A*-C (incl. equivalent qualifications) including GCSE English and maths",47,967,1014
"Number of school leavers","2013/14","Antrim and Newtownabbey","Total leavers",206,1476,1682
"Number of school leavers","2013/14","Armagh City, Banbridge and Craigavon","At least 3 A-levels at grades A*-C (incl. equivalent qualifications)",68,783,851
"Number of school leavers","2013/14","Armagh City, Banbridge and Craigavon","At least 3 A-levels at grades A*-E (incl. equivalent qualifications)",100,1059,1159
"Number of school leavers","2013/14","Armagh City, Banbridge and Craigavon","At least 2 A-levels at grades A*-E (incl. equivalent qualifications)",114,1126,1240
"Number of school leavers","2013/14","Armagh City, Banbridge and Craigavon","At least 5 GCSEs at grades A*-C (incl. equivalent qualifications)",218,1724,1942
"Number of school leavers","2013/14","Armagh City, Banbridge and Craigavon","At least 5 GCSEs at grades A*-C (incl. equivalent qualifications) including GCSE English and maths",153,1462,1615
"Number of school leavers","2013/14","Armagh City, Banbridge and Craigavon","Total leavers",389,2157,2546
"Number of school leavers","2013/14","Belfast","At least 3 A-levels at grades A*-C (incl. equivalent qualifications)",149,1151,1300
"Number of school leavers","2013/14","Belfast","At least 3 A-levels at grades A*-E (incl. equivalent qualifications)",222,1482,1704
"Number of school leavers","2013/14","Belfast","At least 2 A-levels at grades A*-E (incl. equivalent qualifications)",285,1657,1942
"Number of school leavers","2013/14","Belfast","At least 5 GCSEs at grades A*-C (incl. equivalent qualifications)",520,2147,2667
"Number of school leavers","2013/14","Belfast","At least 5 GCSEs at grades A*-C (incl. equivalent qualifications) including GCSE English and maths",292,1736,2028
"Number of school leavers","2013/14","Belfast","Total leavers",957,2555,3512
"Number of school leavers","2013/14","Causeway Coast and Glens","At least 3 A-levels at grades A*-C (incl. equivalent qualifications)",41,543,584
"Number of school leavers","2013/14","Causeway Coast and Glens","At least 3 A-levels at grades A*-E (incl. equivalent qualifications)",61,761,822
"Number of school leavers","2013/14","Causeway Coast and Glens","At least 2 A-levels at grades A*-E (incl. equivalent qualifications)",80,847,927
"Number of school leavers","2013/14","Causeway Coast and Glens","At least 5 GCSEs at grades A*-C (incl. equivalent qualifications)",181,1288,1469
"Number of school leavers","2013/14","Causeway Coast and Glens","At least 5 GCSEs at grades A*-C (incl. equivalent qualifications) including GCSE English and maths",109,1031,1140
"Number of school leavers","2013/14","Causeway Coast and Glens","Total leavers",304,1472,1776
"Number of school leavers","2013/14","Derry City and Strabane","At least 3 A-levels at grades A*-C (incl. equivalent qualifications)",105,669,774
"Number of school leavers","2013/14","Derry City and Strabane","At least 3 A-levels at grades A*-E (incl. equivalent qualifications)",212,905,1117
"Number of school leavers","2013/14","Derry City and Strabane","At least 2 A-levels at grades A*-E (incl. equivalent qualifications)",244,983,1227
"Number of school leavers","2013/14","Derry City and Strabane","At least 5 GCSEs at grades A*-C (incl. equivalent qualifications)",401,1287,1688
"Number of school leavers","2013/14","Derry City and Strabane","At least 5 GCSEs at grades A*-C (incl. equivalent qualifications) including GCSE English and maths",244,1052,1296
"Number of school leavers","2013/14","Derry City and Strabane","Total leavers",661,1548,2209
"Number of school leavers","2013/14","Fermanagh and Omagh","At least 3 A-levels at grades A*-C (incl. equivalent qualifications)",60,608,668
"Number of school leavers","2013/14","Fermanagh and Omagh","At least 3 A-levels at grades A*-E (incl. equivalent qualifications)",96,802,898
"Number of school leavers","2013/14","Fermanagh and Omagh","At least 2 A-levels at grades A*-E (incl. equivalent qualifications)",113,878,991
"Number of school leavers","2013/14","Fermanagh and Omagh","At least 5 GCSEs at grades A*-C (incl. equivalent qualifications)",166,1106,1272
"Number of school leavers","2013/14","Fermanagh and Omagh","At least 5 GCSEs at grades A*-C (incl. equivalent qualifications) including GCSE English and maths",112,963,1075
"Number of school leavers","2013/14","Fermanagh and Omagh","Total leavers",244,1275,1519
"Number of school leavers","2013/14","Lisburn and Castlereagh","At least 3 A-levels at grades A*-C (incl. equivalent qualifications)",17,692,709
"Number of school leavers","2013/14","Lisburn and Castlereagh","At least 3 A-levels at grades A*-E (incl. equivalent qualifications)",26,951,977
"Number of school leavers","2013/14","Lisburn and Castlereagh","At least 2 A-levels at grades A*-E (incl. equivalent qualifications)",36,1028,1064
"Number of school leavers","2013/14","Lisburn and Castlereagh","At least 5 GCSEs at grades A*-C (incl. equivalent qualifications)",75,1321,1396
"Number of school leavers","2013/14","Lisburn and Castlereagh","At least 5 GCSEs at grades A*-C (incl. equivalent qualifications) including GCSE English and maths",47,1192,1239
"Number of school leavers","2013/14","Lisburn and Castlereagh","Total leavers",144,1513,1657
"Number of school leavers","2013/14","Mid and East Antrim","At least 3 A-levels at grades A*-C (incl. equivalent qualifications)",25,601,626
"Number of school leavers","2013/14","Mid and East Antrim","At least 3 A-levels at grades A*-E (incl. equivalent qualifications)",43,827,870
"Number of school leavers","2013/14","Mid and East Antrim","At least 2 A-levels at grades A*-E (incl. equivalent qualifications)",52,874,926
"Number of school leavers","2013/14","Mid and East Antrim","At least 5 GCSEs at grades A*-C (incl. equivalent qualifications)",110,1192,1302
"Number of school leavers","2013/14","Mid and East Antrim","At least 5 GCSEs at grades A*-C (incl. equivalent qualifications) including GCSE English and maths",61,1001,1062
"Number of school leavers","2013/14","Mid and East Antrim","Total leavers",188,1400,1588
"Number of school leavers","2013/14","Mid Ulster","At least 3 A-levels at grades A*-C (incl. equivalent qualifications)",74,655,729
"Number of school leavers","2013/14","Mid Ulster","At least 3 A-levels at grades A*-E (incl. equivalent qualifications)",96,852,948
"Number of school leavers","2013/14","Mid Ulster","At least 2 A-levels at grades A*-E (incl. equivalent qualifications)",108,915,1023
"Number of school leavers","2013/14","Mid Ulster","At least 5 GCSEs at grades A*-C (incl. equivalent qualifications)",193,1251,1444
"Number of school leavers","2013/14","Mid Ulster","At least 5 GCSEs at grades A*-C (incl. equivalent qualifications) including GCSE English and maths",117,1022,1139
"Number of school leavers","2013/14","Mid Ulster","Total leavers",331,1531,1862
"Number of school leavers","2013/14","Newry, Mourne and Down","At least 3 A-levels at grades A*-C (incl. equivalent qualifications)",90,814,904
"Number of school leavers","2013/14","Newry, Mourne and Down","At least 3 A-levels at grades A*-E (incl. equivalent qualifications)",126,1114,1240
"Number of school leavers","2013/14","Newry, Mourne and Down","At least 2 A-levels at grades A*-E (incl. equivalent qualifications)",140,1198,1338
"Number of school leavers","2013/14","Newry, Mourne and Down","At least 5 GCSEs at grades A*-C (incl. equivalent qualifications)",223,1597,1820
"Number of school leavers","2013/14","Newry, Mourne and Down","At least 5 GCSEs at grades A*-C (incl. equivalent qualifications) including GCSE English and maths",170,1365,1535
"Number of school leavers","2013/14","Newry, Mourne and Down","Total leavers",426,1931,2357
"Number of school leavers","2013/14","Ards and North Down","At least 3 A-levels at grades A*-C (incl. equivalent qualifications)",23,588,611
"Number of school leavers","2013/14","Ards and North Down","At least 3 A-levels at grades A*-E (incl. equivalent qualifications)",36,872,908
"Number of school leavers","2013/14","Ards and North Down","At least 2 A-levels at grades A*-E (incl. equivalent qualifications)",42,962,1004
"Number of school leavers","2013/14","Ards and North Down","At least 5 GCSEs at grades A*-C (incl. equivalent qualifications)",87,1269,1356
"Number of school leavers","2013/14","Ards and North Down","At least 5 GCSEs at grades A*-C (incl. equivalent qualifications) including GCSE English and maths",54,1092,1146
"Number of school leavers","2013/14","Ards and North Down","Total leavers",183,1587,1770
"Number of school leavers","2013/14","Northern Ireland","At least 3 A-levels at grades A*-C (incl. equivalent qualifications)",672,7702,8374
"Number of school leavers","2013/14","Northern Ireland","At least 3 A-levels at grades A*-E (incl. equivalent qualifications)",1054,10438,11492
"Number of school leavers","2013/14","Northern Ireland","At least 2 A-levels at grades A*-E (incl. equivalent qualifications)",1258,11345,12603
"Number of school leavers","2013/14","Northern Ireland","At least 5 GCSEs at grades A*-C (incl. equivalent qualifications)",2294,15499,17793
"Number of school leavers","2013/14","Northern Ireland","At least 5 GCSEs at grades A*-C (incl. equivalent qualifications) including GCSE English and maths",1413,12960,14373
"Number of school leavers","2013/14","Northern Ireland","Total leavers",4054,18582,22636
"Number of school leavers","2014/15","Antrim and Newtownabbey","At least 3 A-levels at grades A*-C (incl. equivalent qualifications)",33,540,573
"Number of school leavers","2014/15","Antrim and Newtownabbey","At least 3 A-levels at grades A*-E (incl. equivalent qualifications)",51,748,799
"Number of school leavers","2014/15","Antrim and Newtownabbey","At least 2 A-levels at grades A*-E (incl. equivalent qualifications)",63,813,876
"Number of school leavers","2014/15","Antrim and Newtownabbey","At least 5 GCSEs at grades A*-C (incl. equivalent qualifications)",136,1149,1285
"Number of school leavers","2014/15","Antrim and Newtownabbey","At least 5 GCSEs at grades A*-C (incl. equivalent qualifications) including GCSE English and maths",83,978,1061
"Number of school leavers","2014/15","Antrim and Newtownabbey","Total leavers",234,1354,1588
"Number of school leavers","2014/15","Armagh City, Banbridge and Craigavon","At least 3 A-levels at grades A*-C (incl. equivalent qualifications)",84,767,851
"Number of school leavers","2014/15","Armagh City, Banbridge and Craigavon","At least 3 A-levels at grades A*-E (incl. equivalent qualifications)",124,1038,1162
"Number of school leavers","2014/15","Armagh City, Banbridge and Craigavon","At least 2 A-levels at grades A*-E (incl. equivalent qualifications)",140,1109,1249
"Number of school leavers","2014/15","Armagh City, Banbridge and Craigavon","At least 5 GCSEs at grades A*-C (incl. equivalent qualifications)",332,1608,1940
"Number of school leavers","2014/15","Armagh City, Banbridge and Craigavon","At least 5 GCSEs at grades A*-C (incl. equivalent qualifications) including GCSE English and maths",222,1408,1630
"Number of school leavers","2014/15","Armagh City, Banbridge and Craigavon","Total leavers",512,1881,2393
"Number of school leavers","2014/15","Belfast","At least 3 A-levels at grades A*-C (incl. equivalent qualifications)",236,1139,1375
"Number of school leavers","2014/15","Belfast","At least 3 A-levels at grades A*-E (incl. equivalent qualifications)",357,1495,1852
"Number of school leavers","2014/15","Belfast","At least 2 A-levels at grades A*-E (incl. equivalent qualifications)",447,1658,2105
"Number of school leavers","2014/15","Belfast","At least 5 GCSEs at grades A*-C (incl. equivalent qualifications)",754,2038,2792
"Number of school leavers","2014/15","Belfast","At least 5 GCSEs at grades A*-C (incl. equivalent qualifications) including GCSE English and maths",427,1694,2121
"Number of school leavers","2014/15","Belfast","Total leavers",1202,2324,3526
"Number of school leavers","2014/15","Causeway Coast and Glens","At least 3 A-levels at grades A*-C (incl. equivalent qualifications)",51,455,506
"Number of school leavers","2014/15","Causeway Coast and Glens","At least 3 A-levels at grades A*-E (incl. equivalent qualifications)",89,647,736
"Number of school leavers","2014/15","Causeway Coast and Glens","At least 2 A-levels at grades A*-E (incl. equivalent qualifications)",128,715,843
"Number of school leavers","2014/15","Causeway Coast and Glens","At least 5 GCSEs at grades A*-C (incl. equivalent qualifications)",296,1089,1385
"Number of school leavers","2014/15","Causeway Coast and Glens","At least 5 GCSEs at grades A*-C (incl. equivalent qualifications) including GCSE English and maths",169,862,1031
"Number of school leavers","2014/15","Causeway Coast and Glens","Total leavers",421,1262,1683
"Number of school leavers","2014/15","Derry City and Strabane","At least 3 A-levels at grades A*-C (incl. equivalent qualifications)",156,671,827
"Number of school leavers","2014/15","Derry City and Strabane","At least 3 A-levels at grades A*-E (incl. equivalent qualifications)",240,862,1102
"Number of school leavers","2014/15","Derry City and Strabane","At least 2 A-levels at grades A*-E (incl. equivalent qualifications)",307,962,1269
"Number of school leavers","2014/15","Derry City and Strabane","At least 5 GCSEs at grades A*-C (incl. equivalent qualifications)",564,1203,1767
"Number of school leavers","2014/15","Derry City and Strabane","At least 5 GCSEs at grades A*-C (incl. equivalent qualifications) including GCSE English and maths",347,1016,1363
"Number of school leavers","2014/15","Derry City and Strabane","Total leavers",800,1355,2155
"Number of school leavers","2014/15","Fermanagh and Omagh","At least 3 A-levels at grades A*-C (incl. equivalent qualifications)",84,507,591
"Number of school leavers","2014/15","Fermanagh and Omagh","At least 3 A-levels at grades A*-E (incl. equivalent qualifications)",116,704,820
"Number of school leavers","2014/15","Fermanagh and Omagh","At least 2 A-levels at grades A*-E (incl. equivalent qualifications)",144,756,900
"Number of school leavers","2014/15","Fermanagh and Omagh","At least 5 GCSEs at grades A*-C (incl. equivalent qualifications)",230,969,1199
"Number of school leavers","2014/15","Fermanagh and Omagh","At least 5 GCSEs at grades A*-C (incl. equivalent qualifications) including GCSE English and maths",163,846,1009
"Number of school leavers","2014/15","Fermanagh and Omagh","Total leavers",339,1116,1455
"Number of school leavers","2014/15","Lisburn and Castlereagh","At least 3 A-levels at grades A*-C (incl. equivalent qualifications)",28,700,728
"Number of school leavers","2014/15","Lisburn and Castlereagh","At least 3 A-levels at grades A*-E (incl. equivalent qualifications)",51,924,975
"Number of school leavers","2014/15","Lisburn and Castlereagh","At least 2 A-levels at grades A*-E (incl. equivalent qualifications)",59,990,1049
"Number of school leavers","2014/15","Lisburn and Castlereagh","At least 5 GCSEs at grades A*-C (incl. equivalent qualifications)",111,1272,1383
"Number of school leavers","2014/15","Lisburn and Castlereagh","At least 5 GCSEs at grades A*-C (incl. equivalent qualifications) including GCSE English and maths",75,1112,1187
"Number of school leavers","2014/15","Lisburn and Castlereagh","Total leavers",176,1436,1612
"Number of school leavers","2014/15","Mid and East Antrim","At least 3 A-levels at grades A*-C (incl. equivalent qualifications)",36,627,663
"Number of school leavers","2014/15","Mid and East Antrim","At least 3 A-levels at grades A*-E (incl. equivalent qualifications)",70,843,913
"Number of school leavers","2014/15","Mid and East Antrim","At least 2 A-levels at grades A*-E (incl. equivalent qualifications)",83,886,969
"Number of school leavers","2014/15","Mid and East Antrim","At least 5 GCSEs at grades A*-C (incl. equivalent qualifications)",160,1229,1389
"Number of school leavers","2014/15","Mid and East Antrim","At least 5 GCSEs at grades A*-C (incl. equivalent qualifications) including GCSE English and maths",103,1042,1145
"Number of school leavers","2014/15","Mid and East Antrim","Total leavers",252,1439,1691
"Number of school leavers","2014/15","Mid Ulster","At least 3 A-levels at grades A*-C (incl. equivalent qualifications)",117,636,753
"Number of school leavers","2014/15","Mid Ulster","At least 3 A-levels at grades A*-E (incl. equivalent qualifications)",157,837,994
"Number of school leavers","2014/15","Mid Ulster","At least 2 A-levels at grades A*-E (incl. equivalent qualifications)",183,896,1079
"Number of school leavers","2014/15","Mid Ulster","At least 5 GCSEs at grades A*-C (incl. equivalent qualifications)",321,1260,1581
"Number of school leavers","2014/15","Mid Ulster","At least 5 GCSEs at grades A*-C (incl. equivalent qualifications) including GCSE English and maths",216,1068,1284
"Number of school leavers","2014/15","Mid Ulster","Total leavers",470,1465,1935
"Number of school leavers","2014/15","Newry, Mourne and Down","At least 3 A-levels at grades A*-C (incl. equivalent qualifications)",127,848,975
"Number of school leavers","2014/15","Newry, Mourne and Down","At least 3 A-levels at grades A*-E (incl. equivalent qualifications)",220,1172,1392
"Number of school leavers","2014/15","Newry, Mourne and Down","At least 2 A-levels at grades A*-E (incl. equivalent qualifications)",252,1249,1501
"Number of school leavers","2014/15","Newry, Mourne and Down","At least 5 GCSEs at grades A*-C (incl. equivalent qualifications)",398,1576,1974
"Number of school leavers","2014/15","Newry, Mourne and Down","At least 5 GCSEs at grades A*-C (incl. equivalent qualifications) including GCSE English and maths",298,1404,1702
"Number of school leavers","2014/15","Newry, Mourne and Down","Total leavers",617,1843,2460
"Number of school leavers","2014/15","Ards and North Down","At least 3 A-levels at grades A*-C (incl. equivalent qualifications)",29,631,660
"Number of school leavers","2014/15","Ards and North Down","At least 3 A-levels at grades A*-E (incl. equivalent qualifications)",48,846,894
"Number of school leavers","2014/15","Ards and North Down","At least 2 A-levels at grades A*-E (incl. equivalent qualifications)",63,924,987
"Number of school leavers","2014/15","Ards and North Down","At least 5 GCSEs at grades A*-C (incl. equivalent qualifications)",115,1212,1327
"Number of school leavers","2014/15","Ards and North Down","At least 5 GCSEs at grades A*-C (incl. equivalent qualifications) including GCSE English and maths",83,1068,1151
"Number of school leavers","2014/15","Ards and North Down","Total leavers",264,1462,1726
"Number of school leavers","2014/15","Northern Ireland","At least 3 A-levels at grades A*-C (incl. equivalent qualifications)",984,7569,8553
"Number of school leavers","2014/15","Northern Ireland","At least 3 A-levels at grades A*-E (incl. equivalent qualifications)",1528,10183,11711
"Number of school leavers","2014/15","Northern Ireland","At least 2 A-levels at grades A*-E (incl. equivalent qualifications)",1875,11030,12905
"Number of school leavers","2014/15","Northern Ireland","At least 5 GCSEs at grades A*-C (incl. equivalent qualifications)",3432,14701,18133
"Number of school leavers","2014/15","Northern Ireland","At least 5 GCSEs at grades A*-C (incl. equivalent qualifications) including GCSE English and maths",2193,12560,14753
"Number of school leavers","2014/15","Northern Ireland","Total leavers",5310,17051,22361
"Number of school leavers","2015/16","Antrim and Newtownabbey","At least 3 A-levels at grades A*-C (incl. equivalent qualifications)",51,589,640
"Number of school leavers","2015/16","Antrim and Newtownabbey","At least 3 A-levels at grades A*-E (incl. equivalent qualifications)",73,783,856
"Number of school leavers","2015/16","Antrim and Newtownabbey","At least 2 A-levels at grades A*-E (incl. equivalent qualifications)",85,843,928
"Number of school leavers","2015/16","Antrim and Newtownabbey","At least 5 GCSEs at grades A*-C (incl. equivalent qualifications)",165,1178,1343
"Number of school leavers","2015/16","Antrim and Newtownabbey","At least 5 GCSEs at grades A*-C (incl. equivalent qualifications) including GCSE English and maths",104,1017,1121
"Number of school leavers","2015/16","Antrim and Newtownabbey","Total leavers",304,1388,1692
"Number of school leavers","2015/16","Armagh City, Banbridge and Craigavon","At least 3 A-levels at grades A*-C (incl. equivalent qualifications)",90,753,843
"Number of school leavers","2015/16","Armagh City, Banbridge and Craigavon","At least 3 A-levels at grades A*-E (incl. equivalent qualifications)",149,1029,1178
"Number of school leavers","2015/16","Armagh City, Banbridge and Craigavon","At least 2 A-levels at grades A*-E (incl. equivalent qualifications)",177,1104,1281
"Number of school leavers","2015/16","Armagh City, Banbridge and Craigavon","At least 5 GCSEs at grades A*-C (incl. equivalent qualifications)",371,1668,2039
"Number of school leavers","2015/16","Armagh City, Banbridge and Craigavon","At least 5 GCSEs at grades A*-C (incl. equivalent qualifications) including GCSE English and maths",272,1471,1743
"Number of school leavers","2015/16","Armagh City, Banbridge and Craigavon","Total leavers",624,1985,2609
"Number of school leavers","2015/16","Belfast","At least 3 A-levels at grades A*-C (incl. equivalent qualifications)",298,1127,1425
"Number of school leavers","2015/16","Belfast","At least 3 A-levels at grades A*-E (incl. equivalent qualifications)",463,1457,1920
"Number of school leavers","2015/16","Belfast","At least 2 A-levels at grades A*-E (incl. equivalent qualifications)",567,1593,2160
"Number of school leavers","2015/16","Belfast","At least 5 GCSEs at grades A*-C (incl. equivalent qualifications)",946,1972,2918
"Number of school leavers","2015/16","Belfast","At least 5 GCSEs at grades A*-C (incl. equivalent qualifications) including GCSE English and maths",582,1692,2274
"Number of school leavers","2015/16","Belfast","Total leavers",1402,2293,3695
"Number of school leavers","2015/16","Causeway Coast and Glens","At least 3 A-levels at grades A*-C (incl. equivalent qualifications)",84,605,689
"Number of school leavers","2015/16","Causeway Coast and Glens","At least 3 A-levels at grades A*-E (incl. equivalent qualifications)",121,819,940
"Number of school leavers","2015/16","Causeway Coast and Glens","At least 2 A-levels at grades A*-E (incl. equivalent qualifications)",141,873,1014
"Number of school leavers","2015/16","Causeway Coast and Glens","At least 5 GCSEs at grades A*-C (incl. equivalent qualifications)",324,1280,1604
"Number of school leavers","2015/16","Causeway Coast and Glens","At least 5 GCSEs at grades A*-C (incl. equivalent qualifications) including GCSE English and maths",206,1086,1292
"Number of school leavers","2015/16","Causeway Coast and Glens","Total leavers",465,1434,1899
"Number of school leavers","2015/16","Derry City and Strabane","At least 3 A-levels at grades A*-C (incl. equivalent qualifications)",170,661,831
"Number of school leavers","2015/16","Derry City and Strabane","At least 3 A-levels at grades A*-E (incl. equivalent qualifications)",293,905,1198
"Number of school leavers","2015/16","Derry City and Strabane","At least 2 A-levels at grades A*-E (incl. equivalent qualifications)",325,963,1288
"Number of school leavers","2015/16","Derry City and Strabane","At least 5 GCSEs at grades A*-C (incl. equivalent qualifications)",562,1189,1751
"Number of school leavers","2015/16","Derry City and Strabane","At least 5 GCSEs at grades A*-C (incl. equivalent qualifications) including GCSE English and maths",394,1070,1464
"Number of school leavers","2015/16","Derry City and Strabane","Total leavers",834,1314,2148
"Number of school leavers","2015/16","Fermanagh and Omagh","At least 3 A-levels at grades A*-C (incl. equivalent qualifications)",93,453,546
"Number of school leavers","2015/16","Fermanagh and Omagh","At least 3 A-levels at grades A*-E (incl. equivalent qualifications)",132,612,744
"Number of school leavers","2015/16","Fermanagh and Omagh","At least 2 A-levels at grades A*-E (incl. equivalent qualifications)",154,668,822
"Number of school leavers","2015/16","Fermanagh and Omagh","At least 5 GCSEs at grades A*-C (incl. equivalent qualifications)",236,850,1086
"Number of school leavers","2015/16","Fermanagh and Omagh","At least 5 GCSEs at grades A*-C (incl. equivalent qualifications) including GCSE English and maths",186,744,930
"Number of school leavers","2015/16","Fermanagh and Omagh","Total leavers",368,968,1336
"Number of school leavers","2015/16","Lisburn and Castlereagh","At least 3 A-levels at grades A*-C (incl. equivalent qualifications)",44,671,715
"Number of school leavers","2015/16","Lisburn and Castlereagh","At least 3 A-levels at grades A*-E (incl. equivalent qualifications)",68,919,987
"Number of school leavers","2015/16","Lisburn and Castlereagh","At least 2 A-levels at grades A*-E (incl. equivalent qualifications)",80,970,1050
"Number of school leavers","2015/16","Lisburn and Castlereagh","At least 5 GCSEs at grades A*-C (incl. equivalent qualifications)",168,1258,1426
"Number of school leavers","2015/16","Lisburn and Castlereagh","At least 5 GCSEs at grades A*-C (incl. equivalent qualifications) including GCSE English and maths",119,1155,1274
"Number of school leavers","2015/16","Lisburn and Castlereagh","Total leavers",230,1405,1635
"Number of school leavers","2015/16","Mid and East Antrim","At least 3 A-levels at grades A*-C (incl. equivalent qualifications)",48,545,593
"Number of school leavers","2015/16","Mid and East Antrim","At least 3 A-levels at grades A*-E (incl. equivalent qualifications)",71,727,798
"Number of school leavers","2015/16","Mid and East Antrim","At least 2 A-levels at grades A*-E (incl. equivalent qualifications)",87,782,869
"Number of school leavers","2015/16","Mid and East Antrim","At least 5 GCSEs at grades A*-C (incl. equivalent qualifications)",181,1087,1268
"Number of school leavers","2015/16","Mid and East Antrim","At least 5 GCSEs at grades A*-C (incl. equivalent qualifications) including GCSE English and maths",128,936,1064
"Number of school leavers","2015/16","Mid and East Antrim","Total leavers",289,1267,1556
"Number of school leavers","2015/16","Mid Ulster","At least 3 A-levels at grades A*-C (incl. equivalent qualifications)",125,637,762
"Number of school leavers","2015/16","Mid Ulster","At least 3 A-levels at grades A*-E (incl. equivalent qualifications)",189,824,1013
"Number of school leavers","2015/16","Mid Ulster","At least 2 A-levels at grades A*-E (incl. equivalent qualifications)",211,888,1099
"Number of school leavers","2015/16","Mid Ulster","At least 5 GCSEs at grades A*-C (incl. equivalent qualifications)",362,1246,1608
"Number of school leavers","2015/16","Mid Ulster","At least 5 GCSEs at grades A*-C (incl. equivalent qualifications) including GCSE English and maths",245,997,1242
"Number of school leavers","2015/16","Mid Ulster","Total leavers",501,1381,1882
"Number of school leavers","2015/16","Newry, Mourne and Down","At least 3 A-levels at grades A*-C (incl. equivalent qualifications)",136,834,970
"Number of school leavers","2015/16","Newry, Mourne and Down","At least 3 A-levels at grades A*-E (incl. equivalent qualifications)",215,1099,1314
"Number of school leavers","2015/16","Newry, Mourne and Down","At least 2 A-levels at grades A*-E (incl. equivalent qualifications)",262,1188,1450
"Number of school leavers","2015/16","Newry, Mourne and Down","At least 5 GCSEs at grades A*-C (incl. equivalent qualifications)",449,1568,2017
"Number of school leavers","2015/16","Newry, Mourne and Down","At least 5 GCSEs at grades A*-C (incl. equivalent qualifications) including GCSE English and maths",315,1375,1690
"Number of school leavers","2015/16","Newry, Mourne and Down","Total leavers",658,1782,2440
"Number of school leavers","2015/16","Ards and North Down","At least 3 A-levels at grades A*-C (incl. equivalent qualifications)",53,645,698
"Number of school leavers","2015/16","Ards and North Down","At least 3 A-levels at grades A*-E (incl. equivalent qualifications)",76,856,932
"Number of school leavers","2015/16","Ards and North Down","At least 2 A-levels at grades A*-E (incl. equivalent qualifications)",92,934,1026
"Number of school leavers","2015/16","Ards and North Down","At least 5 GCSEs at grades A*-C (incl. equivalent qualifications)",170,1273,1443
"Number of school leavers","2015/16","Ards and North Down","At least 5 GCSEs at grades A*-C (incl. equivalent qualifications) including GCSE English and maths",124,1125,1249
"Number of school leavers","2015/16","Ards and North Down","Total leavers",284,1465,1749
"Number of school leavers","2015/16","Northern Ireland","At least 3 A-levels at grades A*-C (incl. equivalent qualifications)",1193,7549,8742
"Number of school leavers","2015/16","Northern Ireland","At least 3 A-levels at grades A*-E (incl. equivalent qualifications)",1851,10073,11924
"Number of school leavers","2015/16","Northern Ireland","At least 2 A-levels at grades A*-E (incl. equivalent qualifications)",2184,10853,13037
"Number of school leavers","2015/16","Northern Ireland","At least 5 GCSEs at grades A*-C (incl. equivalent qualifications)",3940,14642,18582
"Number of school leavers","2015/16","Northern Ireland","At least 5 GCSEs at grades A*-C (incl. equivalent qualifications) including GCSE English and maths",2677,12716,15393
"Number of school leavers","2015/16","Northern Ireland","Total leavers",5973,16773,22746
"Number of school leavers","2016/17","Antrim and Newtownabbey","At least 3 A-levels at grades A*-C (incl. equivalent qualifications)",58,555,613
"Number of school leavers","2016/17","Antrim and Newtownabbey","At least 3 A-levels at grades A*-E (incl. equivalent qualifications)",77,736,813
"Number of school leavers","2016/17","Antrim and Newtownabbey","At least 2 A-levels at grades A*-E (incl. equivalent qualifications)",92,774,866
"Number of school leavers","2016/17","Antrim and Newtownabbey","At least 5 GCSEs at grades A*-C (incl. equivalent qualifications)",176,1055,1231
"Number of school leavers","2016/17","Antrim and Newtownabbey","At least 5 GCSEs at grades A*-C (incl. equivalent qualifications) including GCSE English and maths",123,919,1042
"Number of school leavers","2016/17","Antrim and Newtownabbey","Total leavers",285,1207,1492
"Number of school leavers","2016/17","Armagh City, Banbridge and Craigavon","At least 3 A-levels at grades A*-C (incl. equivalent qualifications)",96,836,932
"Number of school leavers","2016/17","Armagh City, Banbridge and Craigavon","At least 3 A-levels at grades A*-E (incl. equivalent qualifications)",144,1109,1253
"Number of school leavers","2016/17","Armagh City, Banbridge and Craigavon","At least 2 A-levels at grades A*-E (incl. equivalent qualifications)",161,1174,1335
"Number of school leavers","2016/17","Armagh City, Banbridge and Craigavon","At least 5 GCSEs at grades A*-C (incl. equivalent qualifications)",366,1712,2078
"Number of school leavers","2016/17","Armagh City, Banbridge and Craigavon","At least 5 GCSEs at grades A*-C (incl. equivalent qualifications) including GCSE English and maths",274,1516,1790
"Number of school leavers","2016/17","Armagh City, Banbridge and Craigavon","Total leavers",581,1973,2554
"Number of school leavers","2016/17","Belfast","At least 3 A-levels at grades A*-C (incl. equivalent qualifications)",303,1070,1373
"Number of school leavers","2016/17","Belfast","At least 3 A-levels at grades A*-E (incl. equivalent qualifications)",447,1392,1839
"Number of school leavers","2016/17","Belfast","At least 2 A-levels at grades A*-E (incl. equivalent qualifications)",534,1509,2043
"Number of school leavers","2016/17","Belfast","At least 5 GCSEs at grades A*-C (incl. equivalent qualifications)",922,1903,2825
"Number of school leavers","2016/17","Belfast","At least 5 GCSEs at grades A*-C (incl. equivalent qualifications) including GCSE English and maths",569,1597,2166
"Number of school leavers","2016/17","Belfast","Total leavers",1309,2112,3421
"Number of school leavers","2016/17","Causeway Coast and Glens","At least 3 A-levels at grades A*-C (incl. equivalent qualifications)",99,581,680
"Number of school leavers","2016/17","Causeway Coast and Glens","At least 3 A-levels at grades A*-E (incl. equivalent qualifications)",139,747,886
"Number of school leavers","2016/17","Causeway Coast and Glens","At least 2 A-levels at grades A*-E (incl. equivalent qualifications)",154,784,938
"Number of school leavers","2016/17","Causeway Coast and Glens","At least 5 GCSEs at grades A*-C (incl. equivalent qualifications)",321,1164,1485
"Number of school leavers","2016/17","Causeway Coast and Glens","At least 5 GCSEs at grades A*-C (incl. equivalent qualifications) including GCSE English and maths",190,976,1166
"Number of school leavers","2016/17","Causeway Coast and Glens","Total leavers",450,1284,1734
"Number of school leavers","2016/17","Derry City and Strabane","At least 3 A-levels at grades A*-C (incl. equivalent qualifications)",209,600,809
"Number of school leavers","2016/17","Derry City and Strabane","At least 3 A-levels at grades A*-E (incl. equivalent qualifications)",323,787,1110
"Number of school leavers","2016/17","Derry City and Strabane","At least 2 A-levels at grades A*-E (incl. equivalent qualifications)",359,836,1195
"Number of school leavers","2016/17","Derry City and Strabane","At least 5 GCSEs at grades A*-C (incl. equivalent qualifications)",562,1121,1683
"Number of school leavers","2016/17","Derry City and Strabane","At least 5 GCSEs at grades A*-C (incl. equivalent qualifications) including GCSE English and maths",424,993,1417
"Number of school leavers","2016/17","Derry City and Strabane","Total leavers",794,1251,2045
"Number of school leavers","2016/17","Fermanagh and Omagh","At least 3 A-levels at grades A*-C (incl. equivalent qualifications)",104,537,641
"Number of school leavers","2016/17","Fermanagh and Omagh","At least 3 A-levels at grades A*-E (incl. equivalent qualifications)",152,693,845
"Number of school leavers","2016/17","Fermanagh and Omagh","At least 2 A-levels at grades A*-E (incl. equivalent qualifications)",169,746,915
"Number of school leavers","2016/17","Fermanagh and Omagh","At least 5 GCSEs at grades A*-C (incl. equivalent qualifications)",290,956,1246
"Number of school leavers","2016/17","Fermanagh and Omagh","At least 5 GCSEs at grades A*-C (incl. equivalent qualifications) including GCSE English and maths",212,826,1038
"Number of school leavers","2016/17","Fermanagh and Omagh","Total leavers",394,1059,1453
"Number of school leavers","2016/17","Lisburn and Castlereagh","At least 3 A-levels at grades A*-C (incl. equivalent qualifications)",55,702,757
"Number of school leavers","2016/17","Lisburn and Castlereagh","At least 3 A-levels at grades A*-E (incl. equivalent qualifications)",73,906,979
"Number of school leavers","2016/17","Lisburn and Castlereagh","At least 2 A-levels at grades A*-E (incl. equivalent qualifications)",78,935,1013
"Number of school leavers","2016/17","Lisburn and Castlereagh","At least 5 GCSEs at grades A*-C (incl. equivalent qualifications)",153,1276,1429
"Number of school leavers","2016/17","Lisburn and Castlereagh","At least 5 GCSEs at grades A*-C (incl. equivalent qualifications) including GCSE English and maths",109,1134,1243
"Number of school leavers","2016/17","Lisburn and Castlereagh","Total leavers",214,1387,1601
"Number of school leavers","2016/17","Mid and East Antrim","At least 3 A-levels at grades A*-C (incl. equivalent qualifications)",61,601,662
"Number of school leavers","2016/17","Mid and East Antrim","At least 3 A-levels at grades A*-E (incl. equivalent qualifications)",97,796,893
"Number of school leavers","2016/17","Mid and East Antrim","At least 2 A-levels at grades A*-E (incl. equivalent qualifications)",112,847,959
"Number of school leavers","2016/17","Mid and East Antrim","At least 5 GCSEs at grades A*-C (incl. equivalent qualifications)",216,1176,1392
"Number of school leavers","2016/17","Mid and East Antrim","At least 5 GCSEs at grades A*-C (incl. equivalent qualifications) including GCSE English and maths",145,1031,1176
"Number of school leavers","2016/17","Mid and East Antrim","Total leavers",341,1320,1661
"Number of school leavers","2016/17","Mid Ulster","At least 3 A-levels at grades A*-C (incl. equivalent qualifications)",118,612,730
"Number of school leavers","2016/17","Mid Ulster","At least 3 A-levels at grades A*-E (incl. equivalent qualifications)",169,808,977
"Number of school leavers","2016/17","Mid Ulster","At least 2 A-levels at grades A*-E (incl. equivalent qualifications)",191,880,1071
"Number of school leavers","2016/17","Mid Ulster","At least 5 GCSEs at grades A*-C (incl. equivalent qualifications)",339,1235,1574
"Number of school leavers","2016/17","Mid Ulster","At least 5 GCSEs at grades A*-C (incl. equivalent qualifications) including GCSE English and maths",248,1058,1306
"Number of school leavers","2016/17","Mid Ulster","Total leavers",458,1375,1833
"Number of school leavers","2016/17","Newry, Mourne and Down","At least 3 A-levels at grades A*-C (incl. equivalent qualifications)",141,824,965
"Number of school leavers","2016/17","Newry, Mourne and Down","At least 3 A-levels at grades A*-E (incl. equivalent qualifications)",210,1066,1276
"Number of school leavers","2016/17","Newry, Mourne and Down","At least 2 A-levels at grades A*-E (incl. equivalent qualifications)",228,1147,1375
"Number of school leavers","2016/17","Newry, Mourne and Down","At least 5 GCSEs at grades A*-C (incl. equivalent qualifications)",404,1516,1920
"Number of school leavers","2016/17","Newry, Mourne and Down","At least 5 GCSEs at grades A*-C (incl. equivalent qualifications) including GCSE English and maths",286,1343,1629
"Number of school leavers","2016/17","Newry, Mourne and Down","Total leavers",619,1759,2378
"Number of school leavers","2016/17","Ards and North Down","At least 3 A-levels at grades A*-C (incl. equivalent qualifications)",56,693,749
"Number of school leavers","2016/17","Ards and North Down","At least 3 A-levels at grades A*-E (incl. equivalent qualifications)",87,923,1010
"Number of school leavers","2016/17","Ards and North Down","At least 2 A-levels at grades A*-E (incl. equivalent qualifications)",104,983,1087
"Number of school leavers","2016/17","Ards and North Down","At least 5 GCSEs at grades A*-C (incl. equivalent qualifications)",206,1266,1472
"Number of school leavers","2016/17","Ards and North Down","At least 5 GCSEs at grades A*-C (incl. equivalent qualifications) including GCSE English and maths",142,1115,1257
"Number of school leavers","2016/17","Ards and North Down","Total leavers",286,1407,1693
"Number of school leavers","2016/17","Northern Ireland","At least 3 A-levels at grades A*-C (incl. equivalent qualifications)",1308,7646,8954
"Number of school leavers","2016/17","Northern Ireland","At least 3 A-levels at grades A*-E (incl. equivalent qualifications)",1926,10009,11935
"Number of school leavers","2016/17","Northern Ireland","At least 2 A-levels at grades A*-E (incl. equivalent qualifications)",2190,10668,12858
"Number of school leavers","2016/17","Northern Ireland","At least 5 GCSEs at grades A*-C (incl. equivalent qualifications)",3967,14458,18425
"Number of school leavers","2016/17","Northern Ireland","At least 5 GCSEs at grades A*-C (incl. equivalent qualifications) including GCSE English and maths",2731,12568,15299
"Number of school leavers","2016/17","Northern Ireland","Total leavers",5752,16231,21983
"Number of school leavers","2017/18","Antrim and Newtownabbey","At least 3 A-levels at grades A*-C (incl. equivalent qualifications)",59,587,646
"Number of school leavers","2017/18","Antrim and Newtownabbey","At least 3 A-levels at grades A*-E (incl. equivalent qualifications)",85,757,842
"Number of school leavers","2017/18","Antrim and Newtownabbey","At least 2 A-levels at grades A*-E (incl. equivalent qualifications)",92,789,881
"Number of school leavers","2017/18","Antrim and Newtownabbey","At least 5 GCSEs at grades A*-C (incl. equivalent qualifications)",194,1105,1299
"Number of school leavers","2017/18","Antrim and Newtownabbey","At least 5 GCSEs at grades A*-C (incl. equivalent qualifications) including GCSE English and maths",128,963,1091
"Number of school leavers","2017/18","Antrim and Newtownabbey","Total leavers",294,1271,1565
"Number of school leavers","2017/18","Armagh City, Banbridge and Craigavon","At least 3 A-levels at grades A*-C (incl. equivalent qualifications)",98,775,873
"Number of school leavers","2017/18","Armagh City, Banbridge and Craigavon","At least 3 A-levels at grades A*-E (incl. equivalent qualifications)",160,997,1157
"Number of school leavers","2017/18","Armagh City, Banbridge and Craigavon","At least 2 A-levels at grades A*-E (incl. equivalent qualifications)",178,1063,1241
"Number of school leavers","2017/18","Armagh City, Banbridge and Craigavon","At least 5 GCSEs at grades A*-C (incl. equivalent qualifications)",419,1605,2024
"Number of school leavers","2017/18","Armagh City, Banbridge and Craigavon","At least 5 GCSEs at grades A*-C (incl. equivalent qualifications) including GCSE English and maths",288,1414,1702
"Number of school leavers","2017/18","Armagh City, Banbridge and Craigavon","Total leavers",654,1880,2534
"Number of school leavers","2017/18","Belfast","At least 3 A-levels at grades A*-C (incl. equivalent qualifications)",257,1065,1322
"Number of school leavers","2017/18","Belfast","At least 3 A-levels at grades A*-E (incl. equivalent qualifications)",384,1373,1757
"Number of school leavers","2017/18","Belfast","At least 2 A-levels at grades A*-E (incl. equivalent qualifications)",443,1459,1902
"Number of school leavers","2017/18","Belfast","At least 5 GCSEs at grades A*-C (incl. equivalent qualifications)",857,1895,2752
"Number of school leavers","2017/18","Belfast","At least 5 GCSEs at grades A*-C (incl. equivalent qualifications) including GCSE English and maths",523,1620,2143
"Number of school leavers","2017/18","Belfast","Total leavers",1184,2089,3273
"Number of school leavers","2017/18","Causeway Coast and Glens","At least 3 A-levels at grades A*-C (incl. equivalent qualifications)",86,554,640
"Number of school leavers","2017/18","Causeway Coast and Glens","At least 3 A-levels at grades A*-E (incl. equivalent qualifications)",114,712,826
"Number of school leavers","2017/18","Causeway Coast and Glens","At least 2 A-levels at grades A*-E (incl. equivalent qualifications)",126,736,862
"Number of school leavers","2017/18","Causeway Coast and Glens","At least 5 GCSEs at grades A*-C (incl. equivalent qualifications)",336,1212,1548
"Number of school leavers","2017/18","Causeway Coast and Glens","At least 5 GCSEs at grades A*-C (incl. equivalent qualifications) including GCSE English and maths",198,1040,1238
"Number of school leavers","2017/18","Causeway Coast and Glens","Total leavers",422,1332,1754
"Number of school leavers","2017/18","Derry City and Strabane","At least 3 A-levels at grades A*-C (incl. equivalent qualifications)",177,499,676
"Number of school leavers","2017/18","Derry City and Strabane","At least 3 A-levels at grades A*-E (incl. equivalent qualifications)",284,717,1001
"Number of school leavers","2017/18","Derry City and Strabane","At least 2 A-levels at grades A*-E (incl. equivalent qualifications)",318,755,1073
"Number of school leavers","2017/18","Derry City and Strabane","At least 5 GCSEs at grades A*-C (incl. equivalent qualifications)",560,1021,1581
"Number of school leavers","2017/18","Derry City and Strabane","At least 5 GCSEs at grades A*-C (incl. equivalent qualifications) including GCSE English and maths",416,901,1317
"Number of school leavers","2017/18","Derry City and Strabane","Total leavers",731,1150,1881
"Number of school leavers","2017/18","Fermanagh and Omagh","At least 3 A-levels at grades A*-C (incl. equivalent qualifications)",117,575,692
"Number of school leavers","2017/18","Fermanagh and Omagh","At least 3 A-levels at grades A*-E (incl. equivalent qualifications)",163,723,886
"Number of school leavers","2017/18","Fermanagh and Omagh","At least 2 A-levels at grades A*-E (incl. equivalent qualifications)",183,756,939
"Number of school leavers","2017/18","Fermanagh and Omagh","At least 5 GCSEs at grades A*-C (incl. equivalent qualifications)",311,1049,1360
"Number of school leavers","2017/18","Fermanagh and Omagh","At least 5 GCSEs at grades A*-C (incl. equivalent qualifications) including GCSE English and maths",232,918,1150
"Number of school leavers","2017/18","Fermanagh and Omagh","Total leavers",411,1147,1558
"Number of school leavers","2017/18","Lisburn and Castlereagh","At least 3 A-levels at grades A*-C (incl. equivalent qualifications)",50,702,752
"Number of school leavers","2017/18","Lisburn and Castlereagh","At least 3 A-levels at grades A*-E (incl. equivalent qualifications)",82,894,976
"Number of school leavers","2017/18","Lisburn and Castlereagh","At least 2 A-levels at grades A*-E (incl. equivalent qualifications)",91,919,1010
"Number of school leavers","2017/18","Lisburn and Castlereagh","At least 5 GCSEs at grades A*-C (incl. equivalent qualifications)",178,1209,1387
"Number of school leavers","2017/18","Lisburn and Castlereagh","At least 5 GCSEs at grades A*-C (incl. equivalent qualifications) including GCSE English and maths",119,1093,1212
"Number of school leavers","2017/18","Lisburn and Castlereagh","Total leavers",236,1318,1554
"Number of school leavers","2017/18","Mid and East Antrim","At least 3 A-levels at grades A*-C (incl. equivalent qualifications)",46,594,640
"Number of school leavers","2017/18","Mid and East Antrim","At least 3 A-levels at grades A*-E (incl. equivalent qualifications)",65,718,783
"Number of school leavers","2017/18","Mid and East Antrim","At least 2 A-levels at grades A*-E (incl. equivalent qualifications)",68,752,820
"Number of school leavers","2017/18","Mid and East Antrim","At least 5 GCSEs at grades A*-C (incl. equivalent qualifications)",150,1037,1187
"Number of school leavers","2017/18","Mid and East Antrim","At least 5 GCSEs at grades A*-C (incl. equivalent qualifications) including GCSE English and maths",105,908,1013
"Number of school leavers","2017/18","Mid and East Antrim","Total leavers",229,1143,1372
"Number of school leavers","2017/18","Mid Ulster","At least 3 A-levels at grades A*-C (incl. equivalent qualifications)",121,642,763
"Number of school leavers","2017/18","Mid Ulster","At least 3 A-levels at grades A*-E (incl. equivalent qualifications)",169,818,987
"Number of school leavers","2017/18","Mid Ulster","At least 2 A-levels at grades A*-E (incl. equivalent qualifications)",194,854,1048
"Number of school leavers","2017/18","Mid Ulster","At least 5 GCSEs at grades A*-C (incl. equivalent qualifications)",349,1298,1647
"Number of school leavers","2017/18","Mid Ulster","At least 5 GCSEs at grades A*-C (incl. equivalent qualifications) including GCSE English and maths",253,1108,1361
"Number of school leavers","2017/18","Mid Ulster","Total leavers",484,1433,1917
"Number of school leavers","2017/18","Newry, Mourne and Down","At least 3 A-levels at grades A*-C (incl. equivalent qualifications)",135,845,980
"Number of school leavers","2017/18","Newry, Mourne and Down","At least 3 A-levels at grades A*-E (incl. equivalent qualifications)",186,1062,1248
"Number of school leavers","2017/18","Newry, Mourne and Down","At least 2 A-levels at grades A*-E (incl. equivalent qualifications)",206,1113,1319
"Number of school leavers","2017/18","Newry, Mourne and Down","At least 5 GCSEs at grades A*-C (incl. equivalent qualifications)",378,1539,1917
"Number of school leavers","2017/18","Newry, Mourne and Down","At least 5 GCSEs at grades A*-C (incl. equivalent qualifications) including GCSE English and maths",259,1353,1612
"Number of school leavers","2017/18","Newry, Mourne and Down","Total leavers",553,1737,2290
"Number of school leavers","2017/18","Ards and North Down","At least 3 A-levels at grades A*-C (incl. equivalent qualifications)",60,666,726
"Number of school leavers","2017/18","Ards and North Down","At least 3 A-levels at grades A*-E (incl. equivalent qualifications)",82,873,955
"Number of school leavers","2017/18","Ards and North Down","At least 2 A-levels at grades A*-E (incl. equivalent qualifications)",96,937,1033
"Number of school leavers","2017/18","Ards and North Down","At least 5 GCSEs at grades A*-C (incl. equivalent qualifications)",207,1327,1534
"Number of school leavers","2017/18","Ards and North Down","At least 5 GCSEs at grades A*-C (incl. equivalent qualifications) including GCSE English and maths",137,1149,1286
"Number of school leavers","2017/18","Ards and North Down","Total leavers",272,1425,1697
"Number of school leavers","2017/18","Northern Ireland","At least 3 A-levels at grades A*-C (incl. equivalent qualifications)",1211,7564,8775
"Number of school leavers","2017/18","Northern Ireland","At least 3 A-levels at grades A*-E (incl. equivalent qualifications)",1781,9730,11511
"Number of school leavers","2017/18","Northern Ireland","At least 2 A-levels at grades A*-E (incl. equivalent qualifications)",2004,10226,12230
"Number of school leavers","2017/18","Northern Ireland","At least 5 GCSEs at grades A*-C (incl. equivalent qualifications)",3956,14418,18374
"Number of school leavers","2017/18","Northern Ireland","At least 5 GCSEs at grades A*-C (incl. equivalent qualifications) including GCSE English and maths",2670,12557,15227
"Number of school leavers","2017/18","Northern Ireland","Total leavers",5493,16069,21562
"Number of school leavers","2018/19","Antrim and Newtownabbey","At least 3 A-levels at grades A*-C (incl. equivalent qualifications)",74,637,711
"Number of school leavers","2018/19","Antrim and Newtownabbey","At least 3 A-levels at grades A*-E (incl. equivalent qualifications)",107,795,902
"Number of school leavers","2018/19","Antrim and Newtownabbey","At least 2 A-levels at grades A*-E (incl. equivalent qualifications)",113,816,929
"Number of school leavers","2018/19","Antrim and Newtownabbey","At least 5 GCSEs at grades A*-C (incl. equivalent qualifications)",240,1145,1385
"Number of school leavers","2018/19","Antrim and Newtownabbey","At least 5 GCSEs at grades A*-C (incl. equivalent qualifications) including GCSE English and maths",150,998,1148
"Number of school leavers","2018/19","Antrim and Newtownabbey","Total leavers",345,1281,1626
"Number of school leavers","2018/19","Armagh City, Banbridge and Craigavon","At least 3 A-levels at grades A*-C (incl. equivalent qualifications)",98,791,889
"Number of school leavers","2018/19","Armagh City, Banbridge and Craigavon","At least 3 A-levels at grades A*-E (incl. equivalent qualifications)",144,976,1120
"Number of school leavers","2018/19","Armagh City, Banbridge and Craigavon","At least 2 A-levels at grades A*-E (incl. equivalent qualifications)",163,1019,1182
"Number of school leavers","2018/19","Armagh City, Banbridge and Craigavon","At least 5 GCSEs at grades A*-C (incl. equivalent qualifications)",437,1641,2078
"Number of school leavers","2018/19","Armagh City, Banbridge and Craigavon","At least 5 GCSEs at grades A*-C (incl. equivalent qualifications) including GCSE English and maths",300,1421,1721
"Number of school leavers","2018/19","Armagh City, Banbridge and Craigavon","Total leavers",616,1904,2520
"Number of school leavers","2018/19","Belfast","At least 3 A-levels at grades A*-C (incl. equivalent qualifications)",326,1078,1404
"Number of school leavers","2018/19","Belfast","At least 3 A-levels at grades A*-E (incl. equivalent qualifications)",431,1337,1768
"Number of school leavers","2018/19","Belfast","At least 2 A-levels at grades A*-E (incl. equivalent qualifications)",487,1415,1902
"Number of school leavers","2018/19","Belfast","At least 5 GCSEs at grades A*-C (incl. equivalent qualifications)",970,1865,2835
"Number of school leavers","2018/19","Belfast","At least 5 GCSEs at grades A*-C (incl. equivalent qualifications) including GCSE English and maths",558,1604,2162
"Number of school leavers","2018/19","Belfast","Total leavers",1246,2010,3256
"Number of school leavers","2018/19","Causeway Coast and Glens","At least 3 A-levels at grades A*-C (incl. equivalent qualifications)",113,538,651
"Number of school leavers","2018/19","Causeway Coast and Glens","At least 3 A-levels at grades A*-E (incl. equivalent qualifications)",134,668,802
"Number of school leavers","2018/19","Causeway Coast and Glens","At least 2 A-levels at grades A*-E (incl. equivalent qualifications)",150,708,858
"Number of school leavers","2018/19","Causeway Coast and Glens","At least 5 GCSEs at grades A*-C (incl. equivalent qualifications)",359,1113,1472
"Number of school leavers","2018/19","Causeway Coast and Glens","At least 5 GCSEs at grades A*-C (incl. equivalent qualifications) including GCSE English and maths",208,960,1168
"Number of school leavers","2018/19","Causeway Coast and Glens","Total leavers",448,1221,1669
"Number of school leavers","2018/19","Derry City and Strabane","At least 3 A-levels at grades A*-C (incl. equivalent qualifications)",188,592,780
"Number of school leavers","2018/19","Derry City and Strabane","At least 3 A-levels at grades A*-E (incl. equivalent qualifications)",273,766,1039
"Number of school leavers","2018/19","Derry City and Strabane","At least 2 A-levels at grades A*-E (incl. equivalent qualifications)",306,806,1112
"Number of school leavers","2018/19","Derry City and Strabane","At least 5 GCSEs at grades A*-C (incl. equivalent qualifications)",594,1185,1779
"Number of school leavers","2018/19","Derry City and Strabane","At least 5 GCSEs at grades A*-C (incl. equivalent qualifications) including GCSE English and maths",427,1014,1441
"Number of school leavers","2018/19","Derry City and Strabane","Total leavers",754,1301,2055
"Number of school leavers","2018/19","Fermanagh and Omagh","At least 3 A-levels at grades A*-C (incl. equivalent qualifications)",101,529,630
"Number of school leavers","2018/19","Fermanagh and Omagh","At least 3 A-levels at grades A*-E (incl. equivalent qualifications)",151,650,801
"Number of school leavers","2018/19","Fermanagh and Omagh","At least 2 A-levels at grades A*-E (incl. equivalent qualifications)",169,681,850
"Number of school leavers","2018/19","Fermanagh and Omagh","At least 5 GCSEs at grades A*-C (incl. equivalent qualifications)",292,936,1228
"Number of school leavers","2018/19","Fermanagh and Omagh","At least 5 GCSEs at grades A*-C (incl. equivalent qualifications) including GCSE English and maths",217,829,1046
"Number of school leavers","2018/19","Fermanagh and Omagh","Total leavers",350,1011,1361
"Number of school leavers","2018/19","Lisburn and Castlereagh","At least 3 A-levels at grades A*-C (incl. equivalent qualifications)",47,712,759
"Number of school leavers","2018/19","Lisburn and Castlereagh","At least 3 A-levels at grades A*-E (incl. equivalent qualifications)",71,891,962
"Number of school leavers","2018/19","Lisburn and Castlereagh","At least 2 A-levels at grades A*-E (incl. equivalent qualifications)",80,925,1005
"Number of school leavers","2018/19","Lisburn and Castlereagh","At least 5 GCSEs at grades A*-C (incl. equivalent qualifications)",185,1246,1431
"Number of school leavers","2018/19","Lisburn and Castlereagh","At least 5 GCSEs at grades A*-C (incl. equivalent qualifications) including GCSE English and maths",122,1122,1244
"Number of school leavers","2018/19","Lisburn and Castlereagh","Total leavers",244,1337,1581
"Number of school leavers","2018/19","Mid and East Antrim","At least 3 A-levels at grades A*-C (incl. equivalent qualifications)",64,571,635
"Number of school leavers","2018/19","Mid and East Antrim","At least 3 A-levels at grades A*-E (incl. equivalent qualifications)",88,725,813
"Number of school leavers","2018/19","Mid and East Antrim","At least 2 A-levels at grades A*-E (incl. equivalent qualifications)",100,756,856
"Number of school leavers","2018/19","Mid and East Antrim","At least 5 GCSEs at grades A*-C (incl. equivalent qualifications)",217,1075,1292
"Number of school leavers","2018/19","Mid and East Antrim","At least 5 GCSEs at grades A*-C (incl. equivalent qualifications) including GCSE English and maths",144,946,1090
"Number of school leavers","2018/19","Mid and East Antrim","Total leavers",342,1243,1585
"Number of school leavers","2018/19","Mid Ulster","At least 3 A-levels at grades A*-C (incl. equivalent qualifications)",104,633,737
"Number of school leavers","2018/19","Mid Ulster","At least 3 A-levels at grades A*-E (incl. equivalent qualifications)",142,814,956
"Number of school leavers","2018/19","Mid Ulster","At least 2 A-levels at grades A*-E (incl. equivalent qualifications)",154,858,1012
"Number of school leavers","2018/19","Mid Ulster","At least 5 GCSEs at grades A*-C (incl. equivalent qualifications)",333,1269,1602
"Number of school leavers","2018/19","Mid Ulster","At least 5 GCSEs at grades A*-C (incl. equivalent qualifications) including GCSE English and maths",229,1098,1327
"Number of school leavers","2018/19","Mid Ulster","Total leavers",414,1404,1818
"Number of school leavers","2018/19","Newry, Mourne and Down","At least 3 A-levels at grades A*-C (incl. equivalent qualifications)",140,783,923
"Number of school leavers","2018/19","Newry, Mourne and Down","At least 3 A-levels at grades A*-E (incl. equivalent qualifications)",217,1017,1234
"Number of school leavers","2018/19","Newry, Mourne and Down","At least 2 A-levels at grades A*-E (incl. equivalent qualifications)",239,1065,1304
"Number of school leavers","2018/19","Newry, Mourne and Down","At least 5 GCSEs at grades A*-C (incl. equivalent qualifications)",478,1476,1954
"Number of school leavers","2018/19","Newry, Mourne and Down","At least 5 GCSEs at grades A*-C (incl. equivalent qualifications) including GCSE English and maths",348,1310,1658
"Number of school leavers","2018/19","Newry, Mourne and Down","Total leavers",649,1658,2307
"Number of school leavers","2018/19","Ards and North Down","At least 3 A-levels at grades A*-C (incl. equivalent qualifications)",55,614,669
"Number of school leavers","2018/19","Ards and North Down","At least 3 A-levels at grades A*-E (incl. equivalent qualifications)",83,771,854
"Number of school leavers","2018/19","Ards and North Down","At least 2 A-levels at grades A*-E (incl. equivalent qualifications)",88,829,917
"Number of school leavers","2018/19","Ards and North Down","At least 5 GCSEs at grades A*-C (incl. equivalent qualifications)",261,1215,1476
"Number of school leavers","2018/19","Ards and North Down","At least 5 GCSEs at grades A*-C (incl. equivalent qualifications) including GCSE English and maths",151,1036,1187
"Number of school leavers","2018/19","Ards and North Down","Total leavers",347,1323,1670
"Number of school leavers","2018/19","Northern Ireland","At least 3 A-levels at grades A*-C (incl. equivalent qualifications)",1311,7539,8850
"Number of school leavers","2018/19","Northern Ireland","At least 3 A-levels at grades A*-E (incl. equivalent qualifications)",1844,9489,11333
"Number of school leavers","2018/19","Northern Ireland","At least 2 A-levels at grades A*-E (incl. equivalent qualifications)",2055,9964,12019
"Number of school leavers","2018/19","Northern Ireland","At least 5 GCSEs at grades A*-C (incl. equivalent qualifications)",4378,14284,18662
"Number of school leavers","2018/19","Northern Ireland","At least 5 GCSEs at grades A*-C (incl. equivalent qualifications) including GCSE English and maths",2859,12427,15286
"Number of school leavers","2018/19","Northern Ireland","Total leavers",5776,15825,21601
"Number of school leavers","2019/20","Antrim and Newtownabbey","At least 3 A-levels at grades A*-C (incl. equivalent qualifications)",95,737,832
"Number of school leavers","2019/20","Antrim and Newtownabbey","At least 3 A-levels at grades A*-E (incl. equivalent qualifications)",107,796,903
"Number of school leavers","2019/20","Antrim and Newtownabbey","At least 2 A-levels at grades A*-E (incl. equivalent qualifications)",115,820,935
"Number of school leavers","2019/20","Antrim and Newtownabbey","At least 5 GCSEs at grades A*-C (incl. equivalent qualifications)",267,1173,1440
"Number of school leavers","2019/20","Antrim and Newtownabbey","At least 5 GCSEs at grades A*-C (incl. equivalent qualifications) including GCSE English and maths",170,1026,1196
"Number of school leavers","2019/20","Antrim and Newtownabbey","Total leavers",330,1233,1563
"Number of school leavers","2019/20","Armagh City, Banbridge and Craigavon","At least 3 A-levels at grades A*-C (incl. equivalent qualifications)",127,971,1098
"Number of school leavers","2019/20","Armagh City, Banbridge and Craigavon","At least 3 A-levels at grades A*-E (incl. equivalent qualifications)",152,1063,1215
"Number of school leavers","2019/20","Armagh City, Banbridge and Craigavon","At least 2 A-levels at grades A*-E (incl. equivalent qualifications)",166,1117,1283
"Number of school leavers","2019/20","Armagh City, Banbridge and Craigavon","At least 5 GCSEs at grades A*-C (incl. equivalent qualifications)",389,1770,2159
"Number of school leavers","2019/20","Armagh City, Banbridge and Craigavon","At least 5 GCSEs at grades A*-C (incl. equivalent qualifications) including GCSE English and maths",264,1547,1811
"Number of school leavers","2019/20","Armagh City, Banbridge and Craigavon","Total leavers",511,1917,2428
"Number of school leavers","2019/20","Belfast","At least 3 A-levels at grades A*-C (incl. equivalent qualifications)",503,1245,1748
"Number of school leavers","2019/20","Belfast","At least 3 A-levels at grades A*-E (incl. equivalent qualifications)",574,1344,1918
"Number of school leavers","2019/20","Belfast","At least 2 A-levels at grades A*-E (incl. equivalent qualifications)",632,1408,2040
"Number of school leavers","2019/20","Belfast","At least 5 GCSEs at grades A*-C (incl. equivalent qualifications)",1089,1795,2884
"Number of school leavers","2019/20","Belfast","At least 5 GCSEs at grades A*-C (incl. equivalent qualifications) including GCSE English and maths",683,1557,2240
"Number of school leavers","2019/20","Belfast","Total leavers",1304,1908,3212
"Number of school leavers","2019/20","Causeway Coast and Glens","At least 3 A-levels at grades A*-C (incl. equivalent qualifications)",91,589,680
"Number of school leavers","2019/20","Causeway Coast and Glens","At least 3 A-levels at grades A*-E (incl. equivalent qualifications)",101,640,741
"Number of school leavers","2019/20","Causeway Coast and Glens","At least 2 A-levels at grades A*-E (incl. equivalent qualifications)",112,661,773
"Number of school leavers","2019/20","Causeway Coast and Glens","At least 5 GCSEs at grades A*-C (incl. equivalent qualifications)",330,1072,1402
"Number of school leavers","2019/20","Causeway Coast and Glens","At least 5 GCSEs at grades A*-C (incl. equivalent qualifications) including GCSE English and maths",214,936,1150
"Number of school leavers","2019/20","Causeway Coast and Glens","Total leavers",392,1133,1525
"Number of school leavers","2019/20","Derry City and Strabane","At least 3 A-levels at grades A*-C (incl. equivalent qualifications)",229,690,919
"Number of school leavers","2019/20","Derry City and Strabane","At least 3 A-levels at grades A*-E (incl. equivalent qualifications)",274,762,1036
"Number of school leavers","2019/20","Derry City and Strabane","At least 2 A-levels at grades A*-E (incl. equivalent qualifications)",302,792,1094
"Number of school leavers","2019/20","Derry City and Strabane","At least 5 GCSEs at grades A*-C (incl. equivalent qualifications)",605,1092,1697
"Number of school leavers","2019/20","Derry City and Strabane","At least 5 GCSEs at grades A*-C (incl. equivalent qualifications) including GCSE English and maths",424,966,1390
"Number of school leavers","2019/20","Derry City and Strabane","Total leavers",695,1147,1842
"Number of school leavers","2019/20","Fermanagh and Omagh","At least 3 A-levels at grades A*-C (incl. equivalent qualifications)",122,662,784
"Number of school leavers","2019/20","Fermanagh and Omagh","At least 3 A-levels at grades A*-E (incl. equivalent qualifications)",144,710,854
"Number of school leavers","2019/20","Fermanagh and Omagh","At least 2 A-levels at grades A*-E (incl. equivalent qualifications)",152,736,888
"Number of school leavers","2019/20","Fermanagh and Omagh","At least 5 GCSEs at grades A*-C (incl. equivalent qualifications)",301,988,1289
"Number of school leavers","2019/20","Fermanagh and Omagh","At least 5 GCSEs at grades A*-C (incl. equivalent qualifications) including GCSE English and maths",226,916,1142
"Number of school leavers","2019/20","Fermanagh and Omagh","Total leavers",345,1026,1371
"Number of school leavers","2019/20","Lisburn and Castlereagh","At least 3 A-levels at grades A*-C (incl. equivalent qualifications)",75,814,889
"Number of school leavers","2019/20","Lisburn and Castlereagh","At least 3 A-levels at grades A*-E (incl. equivalent qualifications)",88,869,957
"Number of school leavers","2019/20","Lisburn and Castlereagh","At least 2 A-levels at grades A*-E (incl. equivalent qualifications)",93,890,983
"Number of school leavers","2019/20","Lisburn and Castlereagh","At least 5 GCSEs at grades A*-C (incl. equivalent qualifications)",206,1170,1376
"Number of school leavers","2019/20","Lisburn and Castlereagh","At least 5 GCSEs at grades A*-C (incl. equivalent qualifications) including GCSE English and maths",124,1046,1170
"Number of school leavers","2019/20","Lisburn and Castlereagh","Total leavers",240,1215,1455
"Number of school leavers","2019/20","Mid and East Antrim","At least 3 A-levels at grades A*-C (incl. equivalent qualifications)",77,706,783
"Number of school leavers","2019/20","Mid and East Antrim","At least 3 A-levels at grades A*-E (incl. equivalent qualifications)",90,765,855
"Number of school leavers","2019/20","Mid and East Antrim","At least 2 A-levels at grades A*-E (incl. equivalent qualifications)",99,783,882
"Number of school leavers","2019/20","Mid and East Antrim","At least 5 GCSEs at grades A*-C (incl. equivalent qualifications)",204,1074,1278
"Number of school leavers","2019/20","Mid and East Antrim","At least 5 GCSEs at grades A*-C (incl. equivalent qualifications) including GCSE English and maths",147,945,1092
"Number of school leavers","2019/20","Mid and East Antrim","Total leavers",282,1164,1446
"Number of school leavers","2019/20","Mid Ulster","At least 3 A-levels at grades A*-C (incl. equivalent qualifications)",149,833,982
"Number of school leavers","2019/20","Mid Ulster","At least 3 A-levels at grades A*-E (incl. equivalent qualifications)",164,887,1051
"Number of school leavers","2019/20","Mid Ulster","At least 2 A-levels at grades A*-E (incl. equivalent qualifications)",172,919,1091
"Number of school leavers","2019/20","Mid Ulster","At least 5 GCSEs at grades A*-C (incl. equivalent qualifications)",340,1368,1708
"Number of school leavers","2019/20","Mid Ulster","At least 5 GCSEs at grades A*-C (incl. equivalent qualifications) including GCSE English and maths",250,1198,1448
"Number of school leavers","2019/20","Mid Ulster","Total leavers",397,1430,1827
"Number of school leavers","2019/20","Newry, Mourne and Down","At least 3 A-levels at grades A*-C (incl. equivalent qualifications)",181,969,1150
"Number of school leavers","2019/20","Newry, Mourne and Down","At least 3 A-levels at grades A*-E (incl. equivalent qualifications)",194,1039,1233
"Number of school leavers","2019/20","Newry, Mourne and Down","At least 2 A-levels at grades A*-E (incl. equivalent qualifications)",212,1095,1307
"Number of school leavers","2019/20","Newry, Mourne and Down","At least 5 GCSEs at grades A*-C (incl. equivalent qualifications)",447,1564,2011
"Number of school leavers","2019/20","Newry, Mourne and Down","At least 5 GCSEs at grades A*-C (incl. equivalent qualifications) including GCSE English and maths",335,1408,1743
"Number of school leavers","2019/20","Newry, Mourne and Down","Total leavers",588,1678,2266
"Number of school leavers","2019/20","Ards and North Down","At least 3 A-levels at grades A*-C (incl. equivalent qualifications)",88,767,855
"Number of school leavers","2019/20","Ards and North Down","At least 3 A-levels at grades A*-E (incl. equivalent qualifications)",101,859,960
"Number of school leavers","2019/20","Ards and North Down","At least 2 A-levels at grades A*-E (incl. equivalent qualifications)",114,886,1000
"Number of school leavers","2019/20","Ards and North Down","At least 5 GCSEs at grades A*-C (incl. equivalent qualifications)",248,1244,1492
"Number of school leavers","2019/20","Ards and North Down","At least 5 GCSEs at grades A*-C (incl. equivalent qualifications) including GCSE English and maths",157,1101,1258
"Number of school leavers","2019/20","Ards and North Down","Total leavers",291,1303,1594
"Number of school leavers","2019/20","Northern Ireland","At least 3 A-levels at grades A*-C (incl. equivalent qualifications)",1748,9050,10798
"Number of school leavers","2019/20","Northern Ireland","At least 3 A-levels at grades A*-E (incl. equivalent qualifications)",2001,9804,11805
"Number of school leavers","2019/20","Northern Ireland","At least 2 A-levels at grades A*-E (incl. equivalent qualifications)",2181,10185,12366
"Number of school leavers","2019/20","Northern Ireland","At least 5 GCSEs at grades A*-C (incl. equivalent qualifications)",4452,14432,18884
"Number of school leavers","2019/20","Northern Ireland","At least 5 GCSEs at grades A*-C (incl. equivalent qualifications) including GCSE English and maths",3010,12746,15756
"Number of school leavers","2019/20","Northern Ireland","Total leavers",5408,15281,20689
"Number of school leavers","2020/21","Antrim and Newtownabbey","At least 3 A-levels at grades A*-C (incl. equivalent qualifications)",104,804,908
"Number of school leavers","2020/21","Antrim and Newtownabbey","At least 3 A-levels at grades A*-E (incl. equivalent qualifications)",124,874,998
"Number of school leavers","2020/21","Antrim and Newtownabbey","At least 2 A-levels at grades A*-E (incl. equivalent qualifications)",140,897,1037
"Number of school leavers","2020/21","Antrim and Newtownabbey","At least 5 GCSEs at grades A*-C (incl. equivalent qualifications)",310,1237,1547
"Number of school leavers","2020/21","Antrim and Newtownabbey","At least 5 GCSEs at grades A*-C (incl. equivalent qualifications) including GCSE English and maths",203,1098,1301
"Number of school leavers","2020/21","Antrim and Newtownabbey","Total leavers",357,1292,1649
"Number of school leavers","2020/21","Armagh City, Banbridge and Craigavon","At least 3 A-levels at grades A*-C (incl. equivalent qualifications)",132,1013,1145
"Number of school leavers","2020/21","Armagh City, Banbridge and Craigavon","At least 3 A-levels at grades A*-E (incl. equivalent qualifications)",153,1123,1276
"Number of school leavers","2020/21","Armagh City, Banbridge and Craigavon","At least 2 A-levels at grades A*-E (incl. equivalent qualifications)",169,1155,1324
"Number of school leavers","2020/21","Armagh City, Banbridge and Craigavon","At least 5 GCSEs at grades A*-C (incl. equivalent qualifications)",451,1910,2361
"Number of school leavers","2020/21","Armagh City, Banbridge and Craigavon","At least 5 GCSEs at grades A*-C (incl. equivalent qualifications) including GCSE English and maths",308,1633,1941
"Number of school leavers","2020/21","Armagh City, Banbridge and Craigavon","Total leavers",563,2046,2609
"Number of school leavers","2020/21","Belfast","At least 3 A-levels at grades A*-C (incl. equivalent qualifications)",466,1321,1787
"Number of school leavers","2020/21","Belfast","At least 3 A-levels at grades A*-E (incl. equivalent qualifications)",533,1456,1989
"Number of school leavers","2020/21","Belfast","At least 2 A-levels at grades A*-E (incl. equivalent qualifications)",589,1517,2106
"Number of school leavers","2020/21","Belfast","At least 5 GCSEs at grades A*-C (incl. equivalent qualifications)",1157,1939,3096
"Number of school leavers","2020/21","Belfast","At least 5 GCSEs at grades A*-C (incl. equivalent qualifications) including GCSE English and maths",737,1697,2434
"Number of school leavers","2020/21","Belfast","Total leavers",1342,2048,3390
"Number of school leavers","2020/21","Causeway Coast and Glens","At least 3 A-levels at grades A*-C (incl. equivalent qualifications)",112,651,763
"Number of school leavers","2020/21","Causeway Coast and Glens","At least 3 A-levels at grades A*-E (incl. equivalent qualifications)",128,710,838
"Number of school leavers","2020/21","Causeway Coast and Glens","At least 2 A-levels at grades A*-E (incl. equivalent qualifications)",135,735,870
"Number of school leavers","2020/21","Causeway Coast and Glens","At least 5 GCSEs at grades A*-C (incl. equivalent qualifications)",337,1084,1421
"Number of school leavers","2020/21","Causeway Coast and Glens","At least 5 GCSEs at grades A*-C (incl. equivalent qualifications) including GCSE English and maths",236,963,1199
"Number of school leavers","2020/21","Causeway Coast and Glens","Total leavers",402,1148,1550
"Number of school leavers","2020/21","Derry City and Strabane","At least 3 A-levels at grades A*-C (incl. equivalent qualifications)",211,783,994
"Number of school leavers","2020/21","Derry City and Strabane","At least 3 A-levels at grades A*-E (incl. equivalent qualifications)",254,866,1120
"Number of school leavers","2020/21","Derry City and Strabane","At least 2 A-levels at grades A*-E (incl. equivalent qualifications)",272,881,1153
"Number of school leavers","2020/21","Derry City and Strabane","At least 5 GCSEs at grades A*-C (incl. equivalent qualifications)",566,1201,1767
"Number of school leavers","2020/21","Derry City and Strabane","At least 5 GCSEs at grades A*-C (incl. equivalent qualifications) including GCSE English and maths",421,1096,1517
"Number of school leavers","2020/21","Derry City and Strabane","Total leavers",644,1255,1899
"Number of school leavers","2020/21","Fermanagh and Omagh","At least 3 A-levels at grades A*-C (incl. equivalent qualifications)",150,771,921
"Number of school leavers","2020/21","Fermanagh and Omagh","At least 3 A-levels at grades A*-E (incl. equivalent qualifications)",168,830,998
"Number of school leavers","2020/21","Fermanagh and Omagh","At least 2 A-levels at grades A*-E (incl. equivalent qualifications)",174,852,1026
"Number of school leavers","2020/21","Fermanagh and Omagh","At least 5 GCSEs at grades A*-C (incl. equivalent qualifications)",278,1154,1432
"Number of school leavers","2020/21","Fermanagh and Omagh","At least 5 GCSEs at grades A*-C (incl. equivalent qualifications) including GCSE English and maths",237,1047,1284
"Number of school leavers","2020/21","Fermanagh and Omagh","Total leavers",301,1194,1495
"Number of school leavers","2020/21","Lisburn and Castlereagh","At least 3 A-levels at grades A*-C (incl. equivalent qualifications)",86,836,922
"Number of school leavers","2020/21","Lisburn and Castlereagh","At least 3 A-levels at grades A*-E (incl. equivalent qualifications)",99,905,1004
"Number of school leavers","2020/21","Lisburn and Castlereagh","At least 2 A-levels at grades A*-E (incl. equivalent qualifications)",103,928,1031
"Number of school leavers","2020/21","Lisburn and Castlereagh","At least 5 GCSEs at grades A*-C (incl. equivalent qualifications)",226,1241,1467
"Number of school leavers","2020/21","Lisburn and Castlereagh","At least 5 GCSEs at grades A*-C (incl. equivalent qualifications) including GCSE English and maths",153,1128,1281
"Number of school leavers","2020/21","Lisburn and Castlereagh","Total leavers",263,1300,1563
"Number of school leavers","2020/21","Mid and East Antrim","At least 3 A-levels at grades A*-C (incl. equivalent qualifications)",100,705,805
"Number of school leavers","2020/21","Mid and East Antrim","At least 3 A-levels at grades A*-E (incl. equivalent qualifications)",118,763,881
"Number of school leavers","2020/21","Mid and East Antrim","At least 2 A-levels at grades A*-E (incl. equivalent qualifications)",130,788,918
"Number of school leavers","2020/21","Mid and East Antrim","At least 5 GCSEs at grades A*-C (incl. equivalent qualifications)",279,1109,1388
"Number of school leavers","2020/21","Mid and East Antrim","At least 5 GCSEs at grades A*-C (incl. equivalent qualifications) including GCSE English and maths",189,955,1144
"Number of school leavers","2020/21","Mid and East Antrim","Total leavers",350,1180,1530
"Number of school leavers","2020/21","Mid Ulster","At least 3 A-levels at grades A*-C (incl. equivalent qualifications)",142,824,966
"Number of school leavers","2020/21","Mid Ulster","At least 3 A-levels at grades A*-E (incl. equivalent qualifications)",159,882,1041
"Number of school leavers","2020/21","Mid Ulster","At least 2 A-levels at grades A*-E (incl. equivalent qualifications)",164,899,1063
"Number of school leavers","2020/21","Mid Ulster","At least 5 GCSEs at grades A*-C (incl. equivalent qualifications)",351,1329,1680
"Number of school leavers","2020/21","Mid Ulster","At least 5 GCSEs at grades A*-C (incl. equivalent qualifications) including GCSE English and maths",271,1163,1434
"Number of school leavers","2020/21","Mid Ulster","Total leavers",423,1403,1826
"Number of school leavers","2020/21","Newry, Mourne and Down","At least 3 A-levels at grades A*-C (incl. equivalent qualifications)",209,1018,1227
"Number of school leavers","2020/21","Newry, Mourne and Down","At least 3 A-levels at grades A*-E (incl. equivalent qualifications)",221,1078,1299
"Number of school leavers","2020/21","Newry, Mourne and Down","At least 2 A-levels at grades A*-E (incl. equivalent qualifications)",246,1148,1394
"Number of school leavers","2020/21","Newry, Mourne and Down","At least 5 GCSEs at grades A*-C (incl. equivalent qualifications)",453,1623,2076
"Number of school leavers","2020/21","Newry, Mourne and Down","At least 5 GCSEs at grades A*-C (incl. equivalent qualifications) including GCSE English and maths",354,1456,1810
"Number of school leavers","2020/21","Newry, Mourne and Down","Total leavers",539,1741,2280
"Number of school leavers","2020/21","Ards and North Down","At least 3 A-levels at grades A*-C (incl. equivalent qualifications)",110,817,927
"Number of school leavers","2020/21","Ards and North Down","At least 3 A-levels at grades A*-E (incl. equivalent qualifications)",125,899,1024
"Number of school leavers","2020/21","Ards and North Down","At least 2 A-levels at grades A*-E (incl. equivalent qualifications)",136,937,1073
"Number of school leavers","2020/21","Ards and North Down","At least 5 GCSEs at grades A*-C (incl. equivalent qualifications)",280,1277,1557
"Number of school leavers","2020/21","Ards and North Down","At least 5 GCSEs at grades A*-C (incl. equivalent qualifications) including GCSE English and maths",201,1146,1347
"Number of school leavers","2020/21","Ards and North Down","Total leavers",338,1349,1687
"Number of school leavers","2020/21","Northern Ireland","At least 3 A-levels at grades A*-C (incl. equivalent qualifications)",1827,9600,11427
"Number of school leavers","2020/21","Northern Ireland","At least 3 A-levels at grades A*-E (incl. equivalent qualifications)",2087,10448,12535
"Number of school leavers","2020/21","Northern Ireland","At least 2 A-levels at grades A*-E (incl. equivalent qualifications)",2264,10804,13068
"Number of school leavers","2020/21","Northern Ireland","At least 5 GCSEs at grades A*-C (incl. equivalent qualifications)",4701,15210,19911
"Number of school leavers","2020/21","Northern Ireland","At least 5 GCSEs at grades A*-C (incl. equivalent qualifications) including GCSE English and maths",3316,13465,16781
"Number of school leavers","2020/21","Northern Ireland","Total leavers",5541,16069,21610
"Number of school leavers","2021/22","Antrim and Newtownabbey","At least 3 A-levels at grades A*-C (incl. equivalent qualifications)",105,716,821
"Number of school leavers","2021/22","Antrim and Newtownabbey","At least 3 A-levels at grades A*-E (incl. equivalent qualifications)",139,859,998
"Number of school leavers","2021/22","Antrim and Newtownabbey","At least 2 A-levels at grades A*-E (incl. equivalent qualifications)",153,894,1047
"Number of school leavers","2021/22","Antrim and Newtownabbey","At least 5 GCSEs at grades A*-C (incl. equivalent qualifications)",338,1307,1645
"Number of school leavers","2021/22","Antrim and Newtownabbey","At least 5 GCSEs at grades A*-C (incl. equivalent qualifications) including GCSE English and maths",220,1153,1373
"Number of school leavers","2021/22","Antrim and Newtownabbey","Total leavers",380,1355,1735
"Number of school leavers","2021/22","Armagh City, Banbridge and Craigavon","At least 3 A-levels at grades A*-C (incl. equivalent qualifications)",109,952,1061
"Number of school leavers","2021/22","Armagh City, Banbridge and Craigavon","At least 3 A-levels at grades A*-E (incl. equivalent qualifications)",149,1149,1298
"Number of school leavers","2021/22","Armagh City, Banbridge and Craigavon","At least 2 A-levels at grades A*-E (incl. equivalent qualifications)",162,1189,1351
"Number of school leavers","2021/22","Armagh City, Banbridge and Craigavon","At least 5 GCSEs at grades A*-C (incl. equivalent qualifications)",499,1994,2493
"Number of school leavers","2021/22","Armagh City, Banbridge and Craigavon","At least 5 GCSEs at grades A*-C (incl. equivalent qualifications) including GCSE English and maths",359,1740,2099
"Number of school leavers","2021/22","Armagh City, Banbridge and Craigavon","Total leavers",615,2146,2761
"Number of school leavers","2021/22","Belfast","At least 3 A-levels at grades A*-C (incl. equivalent qualifications)",402,1270,1672
"Number of school leavers","2021/22","Belfast","At least 3 A-levels at grades A*-E (incl. equivalent qualifications)",537,1482,2019
"Number of school leavers","2021/22","Belfast","At least 2 A-levels at grades A*-E (incl. equivalent qualifications)",593,1554,2147
"Number of school leavers","2021/22","Belfast","At least 5 GCSEs at grades A*-C (incl. equivalent qualifications)",1185,2127,3312
"Number of school leavers","2021/22","Belfast","At least 5 GCSEs at grades A*-C (incl. equivalent qualifications) including GCSE English and maths",794,1828,2622
"Number of school leavers","2021/22","Belfast","Total leavers",1440,2251,3691
"Number of school leavers","2021/22","Causeway Coast and Glens","At least 3 A-levels at grades A*-C (incl. equivalent qualifications)",84,674,758
"Number of school leavers","2021/22","Causeway Coast and Glens","At least 3 A-levels at grades A*-E (incl. equivalent qualifications)",97,768,865
"Number of school leavers","2021/22","Causeway Coast and Glens","At least 2 A-levels at grades A*-E (incl. equivalent qualifications)",100,794,894
"Number of school leavers","2021/22","Causeway Coast and Glens","At least 5 GCSEs at grades A*-C (incl. equivalent qualifications)",293,1233,1526
"Number of school leavers","2021/22","Causeway Coast and Glens","At least 5 GCSEs at grades A*-C (incl. equivalent qualifications) including GCSE English and maths",205,1069,1274
"Number of school leavers","2021/22","Causeway Coast and Glens","Total leavers",354,1285,1639
"Number of school leavers","2021/22","Derry City and Strabane","At least 3 A-levels at grades A*-C (incl. equivalent qualifications)",158,617,775
"Number of school leavers","2021/22","Derry City and Strabane","At least 3 A-levels at grades A*-E (incl. equivalent qualifications)",211,784,995
"Number of school leavers","2021/22","Derry City and Strabane","At least 2 A-levels at grades A*-E (incl. equivalent qualifications)",243,823,1066
"Number of school leavers","2021/22","Derry City and Strabane","At least 5 GCSEs at grades A*-C (incl. equivalent qualifications)",567,1190,1757
"Number of school leavers","2021/22","Derry City and Strabane","At least 5 GCSEs at grades A*-C (incl. equivalent qualifications) including GCSE English and maths",379,1070,1449
"Number of school leavers","2021/22","Derry City and Strabane","Total leavers",664,1255,1919
"Number of school leavers","2021/22","Fermanagh and Omagh","At least 3 A-levels at grades A*-C (incl. equivalent qualifications)",77,550,627
"Number of school leavers","2021/22","Fermanagh and Omagh","At least 3 A-levels at grades A*-E (incl. equivalent qualifications)",95,647,742
"Number of school leavers","2021/22","Fermanagh and Omagh","At least 2 A-levels at grades A*-E (incl. equivalent qualifications)",112,720,832
"Number of school leavers","2021/22","Fermanagh and Omagh","At least 5 GCSEs at grades A*-C (incl. equivalent qualifications)",255,1027,1282
"Number of school leavers","2021/22","Fermanagh and Omagh","At least 5 GCSEs at grades A*-C (incl. equivalent qualifications) including GCSE English and maths",197,934,1131
"Number of school leavers","2021/22","Fermanagh and Omagh","Total leavers",292,1082,1374
"Number of school leavers","2021/22","Lisburn and Castlereagh","At least 3 A-levels at grades A*-C (incl. equivalent qualifications)",76,829,905
"Number of school leavers","2021/22","Lisburn and Castlereagh","At least 3 A-levels at grades A*-E (incl. equivalent qualifications)",99,957,1056
"Number of school leavers","2021/22","Lisburn and Castlereagh","At least 2 A-levels at grades A*-E (incl. equivalent qualifications)",104,996,1100
"Number of school leavers","2021/22","Lisburn and Castlereagh","At least 5 GCSEs at grades A*-C (incl. equivalent qualifications)",211,1355,1566
"Number of school leavers","2021/22","Lisburn and Castlereagh","At least 5 GCSEs at grades A*-C (incl. equivalent qualifications) including GCSE English and maths",157,1254,1411
"Number of school leavers","2021/22","Lisburn and Castlereagh","Total leavers",255,1416,1671
"Number of school leavers","2021/22","Mid and East Antrim","At least 3 A-levels at grades A*-C (incl. equivalent qualifications)",68,700,768
"Number of school leavers","2021/22","Mid and East Antrim","At least 3 A-levels at grades A*-E (incl. equivalent qualifications)",91,806,897
"Number of school leavers","2021/22","Mid and East Antrim","At least 2 A-levels at grades A*-E (incl. equivalent qualifications)",103,846,949
"Number of school leavers","2021/22","Mid and East Antrim","At least 5 GCSEs at grades A*-C (incl. equivalent qualifications)",268,1241,1509
"Number of school leavers","2021/22","Mid and East Antrim","At least 5 GCSEs at grades A*-C (incl. equivalent qualifications) including GCSE English and maths",177,1066,1243
"Number of school leavers","2021/22","Mid and East Antrim","Total leavers",337,1305,1642
"Number of school leavers","2021/22","Mid Ulster","At least 3 A-levels at grades A*-C (incl. equivalent qualifications)",140,740,880
"Number of school leavers","2021/22","Mid Ulster","At least 3 A-levels at grades A*-E (incl. equivalent qualifications)",179,891,1070
"Number of school leavers","2021/22","Mid Ulster","At least 2 A-levels at grades A*-E (incl. equivalent qualifications)",195,936,1131
"Number of school leavers","2021/22","Mid Ulster","At least 5 GCSEs at grades A*-C (incl. equivalent qualifications)",364,1428,1792
"Number of school leavers","2021/22","Mid Ulster","At least 5 GCSEs at grades A*-C (incl. equivalent qualifications) including GCSE English and maths",290,1289,1579
"Number of school leavers","2021/22","Mid Ulster","Total leavers",431,1517,1948
"Number of school leavers","2021/22","Newry, Mourne and Down","At least 3 A-levels at grades A*-C (incl. equivalent qualifications)",135,925,1060
"Number of school leavers","2021/22","Newry, Mourne and Down","At least 3 A-levels at grades A*-E (incl. equivalent qualifications)",176,1080,1256
"Number of school leavers","2021/22","Newry, Mourne and Down","At least 2 A-levels at grades A*-E (incl. equivalent qualifications)",205,1165,1370
"Number of school leavers","2021/22","Newry, Mourne and Down","At least 5 GCSEs at grades A*-C (incl. equivalent qualifications)",433,1699,2132
"Number of school leavers","2021/22","Newry, Mourne and Down","At least 5 GCSEs at grades A*-C (incl. equivalent qualifications) including GCSE English and maths",341,1565,1906
"Number of school leavers","2021/22","Newry, Mourne and Down","Total leavers",519,1825,2344
"Number of school leavers","2021/22","Ards and North Down","At least 3 A-levels at grades A*-C (incl. equivalent qualifications)",77,793,870
"Number of school leavers","2021/22","Ards and North Down","At least 3 A-levels at grades A*-E (incl. equivalent qualifications)",105,956,1061
"Number of school leavers","2021/22","Ards and North Down","At least 2 A-levels at grades A*-E (incl. equivalent qualifications)",120,1014,1134
"Number of school leavers","2021/22","Ards and North Down","At least 5 GCSEs at grades A*-C (incl. equivalent qualifications)",268,1426,1694
"Number of school leavers","2021/22","Ards and North Down","At least 5 GCSEs at grades A*-C (incl. equivalent qualifications) including GCSE English and maths",195,1297,1492
"Number of school leavers","2021/22","Ards and North Down","Total leavers",321,1499,1820
"Number of school leavers","2021/22","Northern Ireland","At least 3 A-levels at grades A*-C (incl. equivalent qualifications)",1433,8821,10254
"Number of school leavers","2021/22","Northern Ireland","At least 3 A-levels at grades A*-E (incl. equivalent qualifications)",1880,10448,12328
"Number of school leavers","2021/22","Northern Ireland","At least 2 A-levels at grades A*-E (incl. equivalent qualifications)",2092,11003,13095
"Number of school leavers","2021/22","Northern Ireland","At least 5 GCSEs at grades A*-C (incl. equivalent qualifications)",4688,16130,20818
"Number of school leavers","2021/22","Northern Ireland","At least 5 GCSEs at grades A*-C (incl. equivalent qualifications) including GCSE English and maths",3318,14351,17669
"Number of school leavers","2021/22","Northern Ireland","Total leavers",5618,17044,22662
"Number of school leavers","2022/23","Antrim and Newtownabbey","At least 3 A-levels at grades A*-C (incl. equivalent qualifications)",72,712,784
"Number of school leavers","2022/23","Antrim and Newtownabbey","At least 3 A-levels at grades A*-E (incl. equivalent qualifications)",113,863,976
"Number of school leavers","2022/23","Antrim and Newtownabbey","At least 2 A-levels at grades A*-E (incl. equivalent qualifications)",124,889,1013
"Number of school leavers","2022/23","Antrim and Newtownabbey","At least 5 GCSEs at grades A*-C (incl. equivalent qualifications)",299,1334,1633
"Number of school leavers","2022/23","Antrim and Newtownabbey","At least 5 GCSEs at grades A*-C (incl. equivalent qualifications) including GCSE English and maths",195,1180,1375
"Number of school leavers","2022/23","Antrim and Newtownabbey","Total leavers",362,1400,1762
"Number of school leavers","2022/23","Armagh City, Banbridge and Craigavon","At least 3 A-levels at grades A*-C (incl. equivalent qualifications)",89,988,1077
"Number of school leavers","2022/23","Armagh City, Banbridge and Craigavon","At least 3 A-levels at grades A*-E (incl. equivalent qualifications)",107,1237,1344
"Number of school leavers","2022/23","Armagh City, Banbridge and Craigavon","At least 2 A-levels at grades A*-E (incl. equivalent qualifications)",116,1283,1399
"Number of school leavers","2022/23","Armagh City, Banbridge and Craigavon","At least 5 GCSEs at grades A*-C (incl. equivalent qualifications)",423,2152,2575
"Number of school leavers","2022/23","Armagh City, Banbridge and Craigavon","At least 5 GCSEs at grades A*-C (incl. equivalent qualifications) including GCSE English and maths",292,1849,2141
"Number of school leavers","2022/23","Armagh City, Banbridge and Craigavon","Total leavers",590,2370,2960
"Number of school leavers","2022/23","Belfast","At least 3 A-levels at grades A*-C (incl. equivalent qualifications)",348,1150,1498
"Number of school leavers","2022/23","Belfast","At least 3 A-levels at grades A*-E (incl. equivalent qualifications)",486,1364,1850
"Number of school leavers","2022/23","Belfast","At least 2 A-levels at grades A*-E (incl. equivalent qualifications)",551,1449,2000
"Number of school leavers","2022/23","Belfast","At least 5 GCSEs at grades A*-C (incl. equivalent qualifications)",1134,1993,3127
"Number of school leavers","2022/23","Belfast","At least 5 GCSEs at grades A*-C (incl. equivalent qualifications) including GCSE English and maths",771,1745,2516
"Number of school leavers","2022/23","Belfast","Total leavers",1377,2131,3508
"Number of school leavers","2022/23","Causeway Coast and Glens","At least 3 A-levels at grades A*-C (incl. equivalent qualifications)",67,594,661
"Number of school leavers","2022/23","Causeway Coast and Glens","At least 3 A-levels at grades A*-E (incl. equivalent qualifications)",91,722,813
"Number of school leavers","2022/23","Causeway Coast and Glens","At least 2 A-levels at grades A*-E (incl. equivalent qualifications)",107,762,869
"Number of school leavers","2022/23","Causeway Coast and Glens","At least 5 GCSEs at grades A*-C (incl. equivalent qualifications)",299,1181,1480
"Number of school leavers","2022/23","Causeway Coast and Glens","At least 5 GCSEs at grades A*-C (incl. equivalent qualifications) including GCSE English and maths",187,1013,1200
"Number of school leavers","2022/23","Causeway Coast and Glens","Total leavers",384,1269,1653
"Number of school leavers","2022/23","Derry City and Strabane","At least 3 A-levels at grades A*-C (incl. equivalent qualifications)",130,605,735
"Number of school leavers","2022/23","Derry City and Strabane","At least 3 A-levels at grades A*-E (incl. equivalent qualifications)",221,797,1018
"Number of school leavers","2022/23","Derry City and Strabane","At least 2 A-levels at grades A*-E (incl. equivalent qualifications)",250,838,1088
"Number of school leavers","2022/23","Derry City and Strabane","At least 5 GCSEs at grades A*-C (incl. equivalent qualifications)",530,1194,1724
"Number of school leavers","2022/23","Derry City and Strabane","At least 5 GCSEs at grades A*-C (incl. equivalent qualifications) including GCSE English and maths",389,1068,1457
"Number of school leavers","2022/23","Derry City and Strabane","Total leavers",655,1294,1949
"Number of school leavers","2022/23","Fermanagh and Omagh","At least 3 A-levels at grades A*-C (incl. equivalent qualifications)",67,596,663
"Number of school leavers","2022/23","Fermanagh and Omagh","At least 3 A-levels at grades A*-E (incl. equivalent qualifications)",108,766,874
"Number of school leavers","2022/23","Fermanagh and Omagh","At least 2 A-levels at grades A*-E (incl. equivalent qualifications)",122,805,927
"Number of school leavers","2022/23","Fermanagh and Omagh","At least 5 GCSEs at grades A*-C (incl. equivalent qualifications)",269,1150,1419
"Number of school leavers","2022/23","Fermanagh and Omagh","At least 5 GCSEs at grades A*-C (incl. equivalent qualifications) including GCSE English and maths",211,1039,1250
"Number of school leavers","2022/23","Fermanagh and Omagh","Total leavers",334,1209,1543
"Number of school leavers","2022/23","Lisburn and Castlereagh","At least 3 A-levels at grades A*-C (incl. equivalent qualifications)",62,729,791
"Number of school leavers","2022/23","Lisburn and Castlereagh","At least 3 A-levels at grades A*-E (incl. equivalent qualifications)",83,873,956
"Number of school leavers","2022/23","Lisburn and Castlereagh","At least 2 A-levels at grades A*-E (incl. equivalent qualifications)",92,910,1002
"Number of school leavers","2022/23","Lisburn and Castlereagh","At least 5 GCSEs at grades A*-C (incl. equivalent qualifications)",196,1269,1465
"Number of school leavers","2022/23","Lisburn and Castlereagh","At least 5 GCSEs at grades A*-C (incl. equivalent qualifications) including GCSE English and maths",147,1173,1320
"Number of school leavers","2022/23","Lisburn and Castlereagh","Total leavers",249,1341,1590
"Number of school leavers","2022/23","Mid and East Antrim","At least 3 A-levels at grades A*-C (incl. equivalent qualifications)",68,652,720
"Number of school leavers","2022/23","Mid and East Antrim","At least 3 A-levels at grades A*-E (incl. equivalent qualifications)",95,833,928
"Number of school leavers","2022/23","Mid and East Antrim","At least 2 A-levels at grades A*-E (incl. equivalent qualifications)",109,870,979
"Number of school leavers","2022/23","Mid and East Antrim","At least 5 GCSEs at grades A*-C (incl. equivalent qualifications)",268,1273,1541
"Number of school leavers","2022/23","Mid and East Antrim","At least 5 GCSEs at grades A*-C (incl. equivalent qualifications) including GCSE English and maths",190,1115,1305
"Number of school leavers","2022/23","Mid and East Antrim","Total leavers",353,1391,1744
"Number of school leavers","2022/23","Mid Ulster","At least 3 A-levels at grades A*-C (incl. equivalent qualifications)",110,782,892
"Number of school leavers","2022/23","Mid Ulster","At least 3 A-levels at grades A*-E (incl. equivalent qualifications)",152,939,1091
"Number of school leavers","2022/23","Mid Ulster","At least 2 A-levels at grades A*-E (incl. equivalent qualifications)",170,979,1149
"Number of school leavers","2022/23","Mid Ulster","At least 5 GCSEs at grades A*-C (incl. equivalent qualifications)",353,1492,1845
"Number of school leavers","2022/23","Mid Ulster","At least 5 GCSEs at grades A*-C (incl. equivalent qualifications) including GCSE English and maths",263,1341,1604
"Number of school leavers","2022/23","Mid Ulster","Total leavers",412,1600,2012
"Number of school leavers","2022/23","Newry, Mourne and Down","At least 3 A-levels at grades A*-C (incl. equivalent qualifications)",135,916,1051
"Number of school leavers","2022/23","Newry, Mourne and Down","At least 3 A-levels at grades A*-E (incl. equivalent qualifications)",199,1129,1328
"Number of school leavers","2022/23","Newry, Mourne and Down","At least 2 A-levels at grades A*-E (incl. equivalent qualifications)",217,1195,1412
"Number of school leavers","2022/23","Newry, Mourne and Down","At least 5 GCSEs at grades A*-C (incl. equivalent qualifications)",455,1753,2208
"Number of school leavers","2022/23","Newry, Mourne and Down","At least 5 GCSEs at grades A*-C (incl. equivalent qualifications) including GCSE English and maths",345,1561,1906
"Number of school leavers","2022/23","Newry, Mourne and Down","Total leavers",552,1906,2458
"Number of school leavers","2022/23","Ards and North Down","At least 3 A-levels at grades A*-C (incl. equivalent qualifications)",60,727,787
"Number of school leavers","2022/23","Ards and North Down","At least 3 A-levels at grades A*-E (incl. equivalent qualifications)",95,900,995
"Number of school leavers","2022/23","Ards and North Down","At least 2 A-levels at grades A*-E (incl. equivalent qualifications)",108,947,1055
"Number of school leavers","2022/23","Ards and North Down","At least 5 GCSEs at grades A*-C (incl. equivalent qualifications)",252,1353,1605
"Number of school leavers","2022/23","Ards and North Down","At least 5 GCSEs at grades A*-C (incl. equivalent qualifications) including GCSE English and maths",178,1214,1392
"Number of school leavers","2022/23","Ards and North Down","Total leavers",328,1448,1776
"Number of school leavers","2022/23","Northern Ireland","At least 3 A-levels at grades A*-C (incl. equivalent qualifications)",1210,8501,9711
"Number of school leavers","2022/23","Northern Ireland","At least 3 A-levels at grades A*-E (incl. equivalent qualifications)",1754,10488,12242
"Number of school leavers","2022/23","Northern Ireland","At least 2 A-levels at grades A*-E (incl. equivalent qualifications)",1971,10994,12965
"Number of school leavers","2022/23","Northern Ireland","At least 5 GCSEs at grades A*-C (incl. equivalent qualifications)",4488,16238,20726
"Number of school leavers","2022/23","Northern Ireland","At least 5 GCSEs at grades A*-C (incl. equivalent qualifications) including GCSE English and maths",3173,14375,17548
"Number of school leavers","2022/23","Northern Ireland","Total leavers",5611,17462,23073
"Number of school leavers","2023/24","Antrim and Newtownabbey","At least 3 A-levels at grades A*-C (incl. equivalent qualifications)",54,685,739
"Number of school leavers","2023/24","Antrim and Newtownabbey","At least 3 A-levels at grades A*-E (incl. equivalent qualifications)",76,859,935
"Number of school leavers","2023/24","Antrim and Newtownabbey","At least 2 A-levels at grades A*-E (incl. equivalent qualifications)",89,901,990
"Number of school leavers","2023/24","Antrim and Newtownabbey","At least 5 GCSEs at grades A*-C (incl. equivalent qualifications)",255,1380,1635
"Number of school leavers","2023/24","Antrim and Newtownabbey","At least 5 GCSEs at grades A*-C (incl. equivalent qualifications) including GCSE English and maths",156,1159,1315
"Number of school leavers","2023/24","Antrim and Newtownabbey","Total leavers",327,1515,1842
"Number of school leavers","2023/24","Armagh City, Banbridge and Craigavon","At least 3 A-levels at grades A*-C (incl. equivalent qualifications)",80,931,1011
"Number of school leavers","2023/24","Armagh City, Banbridge and Craigavon","At least 3 A-levels at grades A*-E (incl. equivalent qualifications)",99,1230,1329
"Number of school leavers","2023/24","Armagh City, Banbridge and Craigavon","At least 2 A-levels at grades A*-E (incl. equivalent qualifications)",111,1268,1379
"Number of school leavers","2023/24","Armagh City, Banbridge and Craigavon","At least 5 GCSEs at grades A*-C (incl. equivalent qualifications)",307,2242,2549
"Number of school leavers","2023/24","Armagh City, Banbridge and Craigavon","At least 5 GCSEs at grades A*-C (incl. equivalent qualifications) including GCSE English and maths",189,1847,2036
"Number of school leavers","2023/24","Armagh City, Banbridge and Craigavon","Total leavers",437,2517,2954
"Number of school leavers","2023/24","Belfast","At least 3 A-levels at grades A*-C (incl. equivalent qualifications)",266,1165,1431
"Number of school leavers","2023/24","Belfast","At least 3 A-levels at grades A*-E (incl. equivalent qualifications)",411,1505,1916
"Number of school leavers","2023/24","Belfast","At least 2 A-levels at grades A*-E (incl. equivalent qualifications)",447,1603,2050
"Number of school leavers","2023/24","Belfast","At least 5 GCSEs at grades A*-C (incl. equivalent qualifications)",866,2343,3209
"Number of school leavers","2023/24","Belfast","At least 5 GCSEs at grades A*-C (incl. equivalent qualifications) including GCSE English and maths",579,1937,2516
"Number of school leavers","2023/24","Belfast","Total leavers",1048,2668,3716
"Number of school leavers","2023/24","Causeway Coast and Glens","At least 3 A-levels at grades A*-C (incl. equivalent qualifications)",71,536,607
"Number of school leavers","2023/24","Causeway Coast and Glens","At least 3 A-levels at grades A*-E (incl. equivalent qualifications)",109,723,832
"Number of school leavers","2023/24","Causeway Coast and Glens","At least 2 A-levels at grades A*-E (incl. equivalent qualifications)",114,767,881
"Number of school leavers","2023/24","Causeway Coast and Glens","At least 5 GCSEs at grades A*-C (incl. equivalent qualifications)",335,1270,1605
"Number of school leavers","2023/24","Causeway Coast and Glens","At least 5 GCSEs at grades A*-C (incl. equivalent qualifications) including GCSE English and maths",195,1084,1279
"Number of school leavers","2023/24","Causeway Coast and Glens","Total leavers",443,1395,1838
"Number of school leavers","2023/24","Derry City and Strabane","At least 3 A-levels at grades A*-C (incl. equivalent qualifications)",163,582,745
"Number of school leavers","2023/24","Derry City and Strabane","At least 3 A-levels at grades A*-E (incl. equivalent qualifications)",232,772,1004
"Number of school leavers","2023/24","Derry City and Strabane","At least 2 A-levels at grades A*-E (incl. equivalent qualifications)",258,811,1069
"Number of school leavers","2023/24","Derry City and Strabane","At least 5 GCSEs at grades A*-C (incl. equivalent qualifications)",541,1252,1793
"Number of school leavers","2023/24","Derry City and Strabane","At least 5 GCSEs at grades A*-C (incl. equivalent qualifications) including GCSE English and maths",362,1080,1442
"Number of school leavers","2023/24","Derry City and Strabane","Total leavers",687,1379,2066
"Number of school leavers","2023/24","Fermanagh and Omagh","At least 3 A-levels at grades A*-C (incl. equivalent qualifications)",74,548,622
"Number of school leavers","2023/24","Fermanagh and Omagh","At least 3 A-levels at grades A*-E (incl. equivalent qualifications)",116,710,826
"Number of school leavers","2023/24","Fermanagh and Omagh","At least 2 A-levels at grades A*-E (incl. equivalent qualifications)",134,758,892
"Number of school leavers","2023/24","Fermanagh and Omagh","At least 5 GCSEs at grades A*-C (incl. equivalent qualifications)",281,1139,1420
"Number of school leavers","2023/24","Fermanagh and Omagh","At least 5 GCSEs at grades A*-C (incl. equivalent qualifications) including GCSE English and maths",215,1001,1216
"Number of school leavers","2023/24","Fermanagh and Omagh","Total leavers",342,1237,1579
"Number of school leavers","2023/24","Lisburn and Castlereagh","At least 3 A-levels at grades A*-C (incl. equivalent qualifications)",48,793,841
"Number of school leavers","2023/24","Lisburn and Castlereagh","At least 3 A-levels at grades A*-E (incl. equivalent qualifications)",80,980,1060
"Number of school leavers","2023/24","Lisburn and Castlereagh","At least 2 A-levels at grades A*-E (incl. equivalent qualifications)",89,1013,1102
"Number of school leavers","2023/24","Lisburn and Castlereagh","At least 5 GCSEs at grades A*-C (incl. equivalent qualifications)",208,1427,1635
"Number of school leavers","2023/24","Lisburn and Castlereagh","At least 5 GCSEs at grades A*-C (incl. equivalent qualifications) including GCSE English and maths",147,1297,1444
"Number of school leavers","2023/24","Lisburn and Castlereagh","Total leavers",274,1543,1817
"Number of school leavers","2023/24","Mid and East Antrim","At least 3 A-levels at grades A*-C (incl. equivalent qualifications)",63,635,698
"Number of school leavers","2023/24","Mid and East Antrim","At least 3 A-levels at grades A*-E (incl. equivalent qualifications)",95,794,889
"Number of school leavers","2023/24","Mid and East Antrim","At least 2 A-levels at grades A*-E (incl. equivalent qualifications)",113,838,951
"Number of school leavers","2023/24","Mid and East Antrim","At least 5 GCSEs at grades A*-C (incl. equivalent qualifications)",257,1215,1472
"Number of school leavers","2023/24","Mid and East Antrim","At least 5 GCSEs at grades A*-C (incl. equivalent qualifications) including GCSE English and maths",166,1046,1212
"Number of school leavers","2023/24","Mid and East Antrim","Total leavers",356,1328,1684
"Number of school leavers","2023/24","Mid Ulster","At least 3 A-levels at grades A*-C (incl. equivalent qualifications)",84,687,771
"Number of school leavers","2023/24","Mid Ulster","At least 3 A-levels at grades A*-E (incl. equivalent qualifications)",129,884,1013
"Number of school leavers","2023/24","Mid Ulster","At least 2 A-levels at grades A*-E (incl. equivalent qualifications)",142,961,1103
"Number of school leavers","2023/24","Mid Ulster","At least 5 GCSEs at grades A*-C (incl. equivalent qualifications)",317,1440,1757
"Number of school leavers","2023/24","Mid Ulster","At least 5 GCSEs at grades A*-C (incl. equivalent qualifications) including GCSE English and maths",212,1231,1443
"Number of school leavers","2023/24","Mid Ulster","Total leavers",385,1593,1978
"Number of school leavers","2023/24","Newry, Mourne and Down","At least 3 A-levels at grades A*-C (incl. equivalent qualifications)",116,785,901
"Number of school leavers","2023/24","Newry, Mourne and Down","At least 3 A-levels at grades A*-E (incl. equivalent qualifications)",163,998,1161
"Number of school leavers","2023/24","Newry, Mourne and Down","At least 2 A-levels at grades A*-E (incl. equivalent qualifications)",175,1038,1213
"Number of school leavers","2023/24","Newry, Mourne and Down","At least 5 GCSEs at grades A*-C (incl. equivalent qualifications)",388,1546,1934
"Number of school leavers","2023/24","Newry, Mourne and Down","At least 5 GCSEs at grades A*-C (incl. equivalent qualifications) including GCSE English and maths",270,1358,1628
"Number of school leavers","2023/24","Newry, Mourne and Down","Total leavers",507,1743,2250
"Number of school leavers","2023/24","Ards and North Down","At least 3 A-levels at grades A*-C (incl. equivalent qualifications)",51,682,733
"Number of school leavers","2023/24","Ards and North Down","At least 3 A-levels at grades A*-E (incl. equivalent qualifications)",89,904,993
"Number of school leavers","2023/24","Ards and North Down","At least 2 A-levels at grades A*-E (incl. equivalent qualifications)",104,954,1058
"Number of school leavers","2023/24","Ards and North Down","At least 5 GCSEs at grades A*-C (incl. equivalent qualifications)",216,1434,1650
"Number of school leavers","2023/24","Ards and North Down","At least 5 GCSEs at grades A*-C (incl. equivalent qualifications) including GCSE English and maths",148,1254,1402
"Number of school leavers","2023/24","Ards and North Down","Total leavers",292,1617,1909
"Number of school leavers","2023/24","Northern Ireland","At least 3 A-levels at grades A*-C (incl. equivalent qualifications)",1074,8078,9152
"Number of school leavers","2023/24","Northern Ireland","At least 3 A-levels at grades A*-E (incl. equivalent qualifications)",1604,10429,12033
"Number of school leavers","2023/24","Northern Ireland","At least 2 A-levels at grades A*-E (incl. equivalent qualifications)",1781,10984,12765
"Number of school leavers","2023/24","Northern Ireland","At least 5 GCSEs at grades A*-C (incl. equivalent qualifications)",3981,16776,20757
"Number of school leavers","2023/24","Northern Ireland","At least 5 GCSEs at grades A*-C (incl. equivalent qualifications) including GCSE English and maths",2646,14355,17001
"Number of school leavers","2023/24","Northern Ireland","Total leavers",5110,18631,23741
"Number of school leavers","2024/25","Antrim and Newtownabbey","At least 3 A-levels at grades A*-C (incl. equivalent qualifications)",51,728,779
"Number of school leavers","2024/25","Antrim and Newtownabbey","At least 3 A-levels at grades A*-E (incl. equivalent qualifications)",75,951,1026
"Number of school leavers","2024/25","Antrim and Newtownabbey","At least 2 A-levels at grades A*-E (incl. equivalent qualifications)",85,988,1073
"Number of school leavers","2024/25","Antrim and Newtownabbey","At least 5 GCSEs at grades A*-C (incl. equivalent qualifications)",235,1520,1755
"Number of school leavers","2024/25","Antrim and Newtownabbey","At least 5 GCSEs at grades A*-C (incl. equivalent qualifications) including GCSE English and maths",135,1305,1440
"Number of school leavers","2024/25","Antrim and Newtownabbey","Total leavers",320,1646,1966
"Number of school leavers","2024/25","Armagh City, Banbridge and Craigavon","At least 3 A-levels at grades A*-C (incl. equivalent qualifications)",73,930,1003
"Number of school leavers","2024/25","Armagh City, Banbridge and Craigavon","At least 3 A-levels at grades A*-E (incl. equivalent qualifications)",99,1219,1318
"Number of school leavers","2024/25","Armagh City, Banbridge and Craigavon","At least 2 A-levels at grades A*-E (incl. equivalent qualifications)",109,1277,1386
"Number of school leavers","2024/25","Armagh City, Banbridge and Craigavon","At least 5 GCSEs at grades A*-C (incl. equivalent qualifications)",355,2198,2553
"Number of school leavers","2024/25","Armagh City, Banbridge and Craigavon","At least 5 GCSEs at grades A*-C (incl. equivalent qualifications) including GCSE English and maths",217,1814,2031
"Number of school leavers","2024/25","Armagh City, Banbridge and Craigavon","Total leavers",481,2463,2944
"Number of school leavers","2024/25","Belfast","At least 3 A-levels at grades A*-C (incl. equivalent qualifications)",281,1220,1501
"Number of school leavers","2024/25","Belfast","At least 3 A-levels at grades A*-E (incl. equivalent qualifications)",412,1516,1928
"Number of school leavers","2024/25","Belfast","At least 2 A-levels at grades A*-E (incl. equivalent qualifications)",464,1581,2045
"Number of school leavers","2024/25","Belfast","At least 5 GCSEs at grades A*-C (incl. equivalent qualifications)",1008,2163,3171
"Number of school leavers","2024/25","Belfast","At least 5 GCSEs at grades A*-C (incl. equivalent qualifications) including GCSE English and maths",618,1866,2484
"Number of school leavers","2024/25","Belfast","Total leavers",1323,2418,3741
"Number of school leavers","2024/25","Causeway Coast and Glens","At least 3 A-levels at grades A*-C (incl. equivalent qualifications)",68,576,644
"Number of school leavers","2024/25","Causeway Coast and Glens","At least 3 A-levels at grades A*-E (incl. equivalent qualifications)",102,754,856
"Number of school leavers","2024/25","Causeway Coast and Glens","At least 2 A-levels at grades A*-E (incl. equivalent qualifications)",108,787,895
"Number of school leavers","2024/25","Causeway Coast and Glens","At least 5 GCSEs at grades A*-C (incl. equivalent qualifications)",308,1281,1589
"Number of school leavers","2024/25","Causeway Coast and Glens","At least 5 GCSEs at grades A*-C (incl. equivalent qualifications) including GCSE English and maths",189,1074,1263
"Number of school leavers","2024/25","Causeway Coast and Glens","Total leavers",393,1392,1785
"Number of school leavers","2024/25","Derry City and Strabane","At least 3 A-levels at grades A*-C (incl. equivalent qualifications)",124,603,727
"Number of school leavers","2024/25","Derry City and Strabane","At least 3 A-levels at grades A*-E (incl. equivalent qualifications)",175,826,1001
"Number of school leavers","2024/25","Derry City and Strabane","At least 2 A-levels at grades A*-E (incl. equivalent qualifications)",202,878,1080
"Number of school leavers","2024/25","Derry City and Strabane","At least 5 GCSEs at grades A*-C (incl. equivalent qualifications)",490,1335,1825
"Number of school leavers","2024/25","Derry City and Strabane","At least 5 GCSEs at grades A*-C (incl. equivalent qualifications) including GCSE English and maths",317,1131,1448
"Number of school leavers","2024/25","Derry City and Strabane","Total leavers",606,1472,2078
"Number of school leavers","2024/25","Fermanagh and Omagh","At least 3 A-levels at grades A*-C (incl. equivalent qualifications)",47,553,600
"Number of school leavers","2024/25","Fermanagh and Omagh","At least 3 A-levels at grades A*-E (incl. equivalent qualifications)",78,743,821
"Number of school leavers","2024/25","Fermanagh and Omagh","At least 2 A-levels at grades A*-E (incl. equivalent qualifications)",90,794,884
"Number of school leavers","2024/25","Fermanagh and Omagh","At least 5 GCSEs at grades A*-C (incl. equivalent qualifications)",215,1187,1402
"Number of school leavers","2024/25","Fermanagh and Omagh","At least 5 GCSEs at grades A*-C (incl. equivalent qualifications) including GCSE English and maths",144,1067,1211
"Number of school leavers","2024/25","Fermanagh and Omagh","Total leavers",264,1289,1553
"Number of school leavers","2024/25","Lisburn and Castlereagh","At least 3 A-levels at grades A*-C (incl. equivalent qualifications)",52,782,834
"Number of school leavers","2024/25","Lisburn and Castlereagh","At least 3 A-levels at grades A*-E (incl. equivalent qualifications)",82,975,1057
"Number of school leavers","2024/25","Lisburn and Castlereagh","At least 2 A-levels at grades A*-E (incl. equivalent qualifications)",88,1002,1090
"Number of school leavers","2024/25","Lisburn and Castlereagh","At least 5 GCSEs at grades A*-C (incl. equivalent qualifications)",189,1437,1626
"Number of school leavers","2024/25","Lisburn and Castlereagh","At least 5 GCSEs at grades A*-C (incl. equivalent qualifications) including GCSE English and maths",140,1281,1421
"Number of school leavers","2024/25","Lisburn and Castlereagh","Total leavers",249,1547,1796
"Number of school leavers","2024/25","Mid and East Antrim","At least 3 A-levels at grades A*-C (incl. equivalent qualifications)",42,579,621
"Number of school leavers","2024/25","Mid and East Antrim","At least 3 A-levels at grades A*-E (incl. equivalent qualifications)",65,744,809
"Number of school leavers","2024/25","Mid and East Antrim","At least 2 A-levels at grades A*-E (incl. equivalent qualifications)",81,777,858
"Number of school leavers","2024/25","Mid and East Antrim","At least 5 GCSEs at grades A*-C (incl. equivalent qualifications)",214,1194,1408
"Number of school leavers","2024/25","Mid and East Antrim","At least 5 GCSEs at grades A*-C (incl. equivalent qualifications) including GCSE English and maths",138,1019,1157
"Number of school leavers","2024/25","Mid and East Antrim","Total leavers",303,1346,1649
"Number of school leavers","2024/25","Mid Ulster","At least 3 A-levels at grades A*-C (incl. equivalent qualifications)",64,824,888
"Number of school leavers","2024/25","Mid Ulster","At least 3 A-levels at grades A*-E (incl. equivalent qualifications)",94,1049,1143
"Number of school leavers","2024/25","Mid Ulster","At least 2 A-levels at grades A*-E (incl. equivalent qualifications)",102,1097,1199
"Number of school leavers","2024/25","Mid Ulster","At least 5 GCSEs at grades A*-C (incl. equivalent qualifications)",220,1650,1870
"Number of school leavers","2024/25","Mid Ulster","At least 5 GCSEs at grades A*-C (incl. equivalent qualifications) including GCSE English and maths",154,1413,1567
"Number of school leavers","2024/25","Mid Ulster","Total leavers",298,1800,2098
"Number of school leavers","2024/25","Newry, Mourne and Down","At least 3 A-levels at grades A*-C (incl. equivalent qualifications)",86,951,1037
"Number of school leavers","2024/25","Newry, Mourne and Down","At least 3 A-levels at grades A*-E (incl. equivalent qualifications)",121,1186,1307
"Number of school leavers","2024/25","Newry, Mourne and Down","At least 2 A-levels at grades A*-E (incl. equivalent qualifications)",130,1250,1380
"Number of school leavers","2024/25","Newry, Mourne and Down","At least 5 GCSEs at grades A*-C (incl. equivalent qualifications)",302,1881,2183
"Number of school leavers","2024/25","Newry, Mourne and Down","At least 5 GCSEs at grades A*-C (incl. equivalent qualifications) including GCSE English and maths",211,1620,1831
"Number of school leavers","2024/25","Newry, Mourne and Down","Total leavers",395,2103,2498
"Number of school leavers","2024/25","Ards and North Down","At least 3 A-levels at grades A*-C (incl. equivalent qualifications)",47,734,781
"Number of school leavers","2024/25","Ards and North Down","At least 3 A-levels at grades A*-E (incl. equivalent qualifications)",72,976,1048
"Number of school leavers","2024/25","Ards and North Down","At least 2 A-levels at grades A*-E (incl. equivalent qualifications)",88,1020,1108
"Number of school leavers","2024/25","Ards and North Down","At least 5 GCSEs at grades A*-C (incl. equivalent qualifications)",231,1464,1695
"Number of school leavers","2024/25","Ards and North Down","At least 5 GCSEs at grades A*-C (incl. equivalent qualifications) including GCSE English and maths",154,1284,1438
"Number of school leavers","2024/25","Ards and North Down","Total leavers",331,1598,1929
"Number of school leavers","2024/25","Northern Ireland","At least 3 A-levels at grades A*-C (incl. equivalent qualifications)",936,8518,9454
"Number of school leavers","2024/25","Northern Ireland","At least 3 A-levels at grades A*-E (incl. equivalent qualifications)",1377,10991,12368
"Number of school leavers","2024/25","Northern Ireland","At least 2 A-levels at grades A*-E (incl. equivalent qualifications)",1549,11510,13059
"Number of school leavers","2024/25","Northern Ireland","At least 5 GCSEs at grades A*-C (incl. equivalent qualifications)",3777,17401,21178
"Number of school leavers","2024/25","Northern Ireland","At least 5 GCSEs at grades A*-C (incl. equivalent qualifications) including GCSE English and maths",2423,14942,17365
"Number of school leavers","2024/25","Northern Ireland","Total leavers",4973,19172,24145
"Percentage of school leavers","2012/13","Antrim and Newtownabbey","At least 3 A-levels at grades A*-C (incl. equivalent qualifications)",10.3,38.6,34.8
"Percentage of school leavers","2012/13","Antrim and Newtownabbey","At least 3 A-levels at grades A*-E (incl. equivalent qualifications)",16.1,52.4,47.6
"Percentage of school leavers","2012/13","Antrim and Newtownabbey","At least 2 A-levels at grades A*-E (incl. equivalent qualifications)",21,56.1,51.4
"Percentage of school leavers","2012/13","Antrim and Newtownabbey","At least 5 GCSEs at grades A*-C (incl. equivalent qualifications)",57.1,85,81.3
"Percentage of school leavers","2012/13","Antrim and Newtownabbey","At least 5 GCSEs at grades A*-C (incl. equivalent qualifications) including GCSE English and maths",32.6,65.9,61.5
"Percentage of school leavers","2012/13","Antrim and Newtownabbey","Total leavers",NA,NA,NA
"Percentage of school leavers","2012/13","Armagh City, Banbridge and Craigavon","At least 3 A-levels at grades A*-C (incl. equivalent qualifications)",13.7,37.6,33.6
"Percentage of school leavers","2012/13","Armagh City, Banbridge and Craigavon","At least 3 A-levels at grades A*-E (incl. equivalent qualifications)",19.6,49.4,44.4
"Percentage of school leavers","2012/13","Armagh City, Banbridge and Craigavon","At least 2 A-levels at grades A*-E (incl. equivalent qualifications)",22.8,52.8,47.8
"Percentage of school leavers","2012/13","Armagh City, Banbridge and Craigavon","At least 5 GCSEs at grades A*-C (incl. equivalent qualifications)",53.9,83,78.1
"Percentage of school leavers","2012/13","Armagh City, Banbridge and Craigavon","At least 5 GCSEs at grades A*-C (incl. equivalent qualifications) including GCSE English and maths",33.6,67.3,61.6
"Percentage of school leavers","2012/13","Armagh City, Banbridge and Craigavon","Total leavers",NA,NA,NA
"Percentage of school leavers","2012/13","Belfast","At least 3 A-levels at grades A*-C (incl. equivalent qualifications)",15.1,40.1,33.2
"Percentage of school leavers","2012/13","Belfast","At least 3 A-levels at grades A*-E (incl. equivalent qualifications)",25.1,56.3,47.6
"Percentage of school leavers","2012/13","Belfast","At least 2 A-levels at grades A*-E (incl. equivalent qualifications)",32,63,54.4
"Percentage of school leavers","2012/13","Belfast","At least 5 GCSEs at grades A*-C (incl. equivalent qualifications)",57.1,80.8,74.2
"Percentage of school leavers","2012/13","Belfast","At least 5 GCSEs at grades A*-C (incl. equivalent qualifications) including GCSE English and maths",31,64,54.8
"Percentage of school leavers","2012/13","Belfast","Total leavers",NA,NA,NA
"Percentage of school leavers","2012/13","Causeway Coast and Glens","At least 3 A-levels at grades A*-C (incl. equivalent qualifications)",13.8,36.2,32.3
"Percentage of school leavers","2012/13","Causeway Coast and Glens","At least 3 A-levels at grades A*-E (incl. equivalent qualifications)",22,53.3,47.9
"Percentage of school leavers","2012/13","Causeway Coast and Glens","At least 2 A-levels at grades A*-E (incl. equivalent qualifications)",27.3,58.1,52.8
"Percentage of school leavers","2012/13","Causeway Coast and Glens","At least 5 GCSEs at grades A*-C (incl. equivalent qualifications)",62.5,83.9,80.2
"Percentage of school leavers","2012/13","Causeway Coast and Glens","At least 5 GCSEs at grades A*-C (incl. equivalent qualifications) including GCSE English and maths",32.2,68,61.9
"Percentage of school leavers","2012/13","Causeway Coast and Glens","Total leavers",NA,NA,NA
"Percentage of school leavers","2012/13","Derry City and Strabane","At least 3 A-levels at grades A*-C (incl. equivalent qualifications)",17.9,43.5,35.9
"Percentage of school leavers","2012/13","Derry City and Strabane","At least 3 A-levels at grades A*-E (incl. equivalent qualifications)",32,61.8,53
"Percentage of school leavers","2012/13","Derry City and Strabane","At least 2 A-levels at grades A*-E (incl. equivalent qualifications)",37.5,66.8,58.1
"Percentage of school leavers","2012/13","Derry City and Strabane","At least 5 GCSEs at grades A*-C (incl. equivalent qualifications)",67.5,86.4,80.8
"Percentage of school leavers","2012/13","Derry City and Strabane","At least 5 GCSEs at grades A*-C (incl. equivalent qualifications) including GCSE English and maths",39.3,70.6,61.3
"Percentage of school leavers","2012/13","Derry City and Strabane","Total leavers",NA,NA,NA
"Percentage of school leavers","2012/13","Fermanagh and Omagh","At least 3 A-levels at grades A*-C (incl. equivalent qualifications)",24.1,47.8,43.7
"Percentage of school leavers","2012/13","Fermanagh and Omagh","At least 3 A-levels at grades A*-E (incl. equivalent qualifications)",36.4,64.7,59.8
"Percentage of school leavers","2012/13","Fermanagh and Omagh","At least 2 A-levels at grades A*-E (incl. equivalent qualifications)",38.3,68.9,63.6
"Percentage of school leavers","2012/13","Fermanagh and Omagh","At least 5 GCSEs at grades A*-C (incl. equivalent qualifications)",69.2,89.2,85.7
"Percentage of school leavers","2012/13","Fermanagh and Omagh","At least 5 GCSEs at grades A*-C (incl. equivalent qualifications) including GCSE English and maths",43.1,76,70.3
"Percentage of school leavers","2012/13","Fermanagh and Omagh","Total leavers",NA,NA,NA
"Percentage of school leavers","2012/13","Lisburn and Castlereagh","At least 3 A-levels at grades A*-C (incl. equivalent qualifications)",15.1,45.3,42.2
"Percentage of school leavers","2012/13","Lisburn and Castlereagh","At least 3 A-levels at grades A*-E (incl. equivalent qualifications)",23.8,59.8,56.1
"Percentage of school leavers","2012/13","Lisburn and Castlereagh","At least 2 A-levels at grades A*-E (incl. equivalent qualifications)",27.3,64.8,60.9
"Percentage of school leavers","2012/13","Lisburn and Castlereagh","At least 5 GCSEs at grades A*-C (incl. equivalent qualifications)",55.8,84.8,81.8
"Percentage of school leavers","2012/13","Lisburn and Castlereagh","At least 5 GCSEs at grades A*-C (incl. equivalent qualifications) including GCSE English and maths",32.6,73.7,69.5
"Percentage of school leavers","2012/13","Lisburn and Castlereagh","Total leavers",NA,NA,NA
"Percentage of school leavers","2012/13","Mid and East Antrim","At least 3 A-levels at grades A*-C (incl. equivalent qualifications)",8.9,37.6,34
"Percentage of school leavers","2012/13","Mid and East Antrim","At least 3 A-levels at grades A*-E (incl. equivalent qualifications)",16.4,53.7,49
"Percentage of school leavers","2012/13","Mid and East Antrim","At least 2 A-levels at grades A*-E (incl. equivalent qualifications)",21.6,57.6,53
"Percentage of school leavers","2012/13","Mid and East Antrim","At least 5 GCSEs at grades A*-C (incl. equivalent qualifications)",46.9,79.1,75
"Percentage of school leavers","2012/13","Mid and East Antrim","At least 5 GCSEs at grades A*-C (incl. equivalent qualifications) including GCSE English and maths",28.6,65.6,60.9
"Percentage of school leavers","2012/13","Mid and East Antrim","Total leavers",NA,NA,NA
"Percentage of school leavers","2012/13","Mid Ulster","At least 3 A-levels at grades A*-C (incl. equivalent qualifications)",21.3,41.7,38.2
"Percentage of school leavers","2012/13","Mid Ulster","At least 3 A-levels at grades A*-E (incl. equivalent qualifications)",34,55.5,51.8
"Percentage of school leavers","2012/13","Mid Ulster","At least 2 A-levels at grades A*-E (incl. equivalent qualifications)",38.2,61.1,57.1
"Percentage of school leavers","2012/13","Mid Ulster","At least 5 GCSEs at grades A*-C (incl. equivalent qualifications)",59.8,82.9,78.8
"Percentage of school leavers","2012/13","Mid Ulster","At least 5 GCSEs at grades A*-C (incl. equivalent qualifications) including GCSE English and maths",42.3,68.6,64
"Percentage of school leavers","2012/13","Mid Ulster","Total leavers",NA,NA,NA
"Percentage of school leavers","2012/13","Newry, Mourne and Down","At least 3 A-levels at grades A*-C (incl. equivalent qualifications)",17,42.4,37.5
"Percentage of school leavers","2012/13","Newry, Mourne and Down","At least 3 A-levels at grades A*-E (incl. equivalent qualifications)",26.8,58,52
"Percentage of school leavers","2012/13","Newry, Mourne and Down","At least 2 A-levels at grades A*-E (incl. equivalent qualifications)",32,63.6,57.5
"Percentage of school leavers","2012/13","Newry, Mourne and Down","At least 5 GCSEs at grades A*-C (incl. equivalent qualifications)",60.3,84.1,79.5
"Percentage of school leavers","2012/13","Newry, Mourne and Down","At least 5 GCSEs at grades A*-C (incl. equivalent qualifications) including GCSE English and maths",40.3,71.3,65.3
"Percentage of school leavers","2012/13","Newry, Mourne and Down","Total leavers",NA,NA,NA
"Percentage of school leavers","2012/13","Ards and North Down","At least 3 A-levels at grades A*-C (incl. equivalent qualifications)",11.6,39.6,37
"Percentage of school leavers","2012/13","Ards and North Down","At least 3 A-levels at grades A*-E (incl. equivalent qualifications)",15.2,54.3,50.7
"Percentage of school leavers","2012/13","Ards and North Down","At least 2 A-levels at grades A*-E (incl. equivalent qualifications)",18.3,59.2,55.4
"Percentage of school leavers","2012/13","Ards and North Down","At least 5 GCSEs at grades A*-C (incl. equivalent qualifications)",40.2,79.7,76
"Percentage of school leavers","2012/13","Ards and North Down","At least 5 GCSEs at grades A*-C (incl. equivalent qualifications) including GCSE English and maths",26.2,67.9,64.1
"Percentage of school leavers","2012/13","Ards and North Down","Total leavers",NA,NA,NA
"Percentage of school leavers","2012/13","Northern Ireland","At least 3 A-levels at grades A*-C (incl. equivalent qualifications)",15.7,40.6,36
"Percentage of school leavers","2012/13","Northern Ireland","At least 3 A-levels at grades A*-E (incl. equivalent qualifications)",25.5,55.9,50.2
"Percentage of school leavers","2012/13","Northern Ireland","At least 2 A-levels at grades A*-E (incl. equivalent qualifications)",30.4,60.8,55.1
"Percentage of school leavers","2012/13","Northern Ireland","At least 5 GCSEs at grades A*-C (incl. equivalent qualifications)",58.5,83.1,78.5
"Percentage of school leavers","2012/13","Northern Ireland","At least 5 GCSEs at grades A*-C (incl. equivalent qualifications) including GCSE English and maths",34.9,68.4,62.2
"Percentage of school leavers","2012/13","Northern Ireland","Total leavers",NA,NA,NA
"Percentage of school leavers","2013/14","Antrim and Newtownabbey","At least 3 A-levels at grades A*-C (incl. equivalent qualifications)",7.8,36.8,33.2
"Percentage of school leavers","2013/14","Antrim and Newtownabbey","At least 3 A-levels at grades A*-E (incl. equivalent qualifications)",15.5,50.3,46
"Percentage of school leavers","2013/14","Antrim and Newtownabbey","At least 2 A-levels at grades A*-E (incl. equivalent qualifications)",18.4,54.5,50.1
"Percentage of school leavers","2013/14","Antrim and Newtownabbey","At least 5 GCSEs at grades A*-C (incl. equivalent qualifications)",52.4,81.6,78.1
"Percentage of school leavers","2013/14","Antrim and Newtownabbey","At least 5 GCSEs at grades A*-C (incl. equivalent qualifications) including GCSE English and maths",22.8,65.5,60.3
"Percentage of school leavers","2013/14","Antrim and Newtownabbey","Total leavers",NA,NA,NA
"Percentage of school leavers","2013/14","Armagh City, Banbridge and Craigavon","At least 3 A-levels at grades A*-C (incl. equivalent qualifications)",17.5,36.3,33.4
"Percentage of school leavers","2013/14","Armagh City, Banbridge and Craigavon","At least 3 A-levels at grades A*-E (incl. equivalent qualifications)",25.7,49.1,45.5
"Percentage of school leavers","2013/14","Armagh City, Banbridge and Craigavon","At least 2 A-levels at grades A*-E (incl. equivalent qualifications)",29.3,52.2,48.7
"Percentage of school leavers","2013/14","Armagh City, Banbridge and Craigavon","At least 5 GCSEs at grades A*-C (incl. equivalent qualifications)",56,79.9,76.3
"Percentage of school leavers","2013/14","Armagh City, Banbridge and Craigavon","At least 5 GCSEs at grades A*-C (incl. equivalent qualifications) including GCSE English and maths",39.3,67.8,63.4
"Percentage of school leavers","2013/14","Armagh City, Banbridge and Craigavon","Total leavers",NA,NA,NA
"Percentage of school leavers","2013/14","Belfast","At least 3 A-levels at grades A*-C (incl. equivalent qualifications)",15.6,45,37
"Percentage of school leavers","2013/14","Belfast","At least 3 A-levels at grades A*-E (incl. equivalent qualifications)",23.2,58,48.5
"Percentage of school leavers","2013/14","Belfast","At least 2 A-levels at grades A*-E (incl. equivalent qualifications)",29.8,64.9,55.3
"Percentage of school leavers","2013/14","Belfast","At least 5 GCSEs at grades A*-C (incl. equivalent qualifications)",54.3,84,75.9
"Percentage of school leavers","2013/14","Belfast","At least 5 GCSEs at grades A*-C (incl. equivalent qualifications) including GCSE English and maths",30.5,67.9,57.7
"Percentage of school leavers","2013/14","Belfast","Total leavers",NA,NA,NA
"Percentage of school leavers","2013/14","Causeway Coast and Glens","At least 3 A-levels at grades A*-C (incl. equivalent qualifications)",13.5,36.9,32.9
"Percentage of school leavers","2013/14","Causeway Coast and Glens","At least 3 A-levels at grades A*-E (incl. equivalent qualifications)",20.1,51.7,46.3
"Percentage of school leavers","2013/14","Causeway Coast and Glens","At least 2 A-levels at grades A*-E (incl. equivalent qualifications)",26.3,57.5,52.2
"Percentage of school leavers","2013/14","Causeway Coast and Glens","At least 5 GCSEs at grades A*-C (incl. equivalent qualifications)",59.5,87.5,82.7
"Percentage of school leavers","2013/14","Causeway Coast and Glens","At least 5 GCSEs at grades A*-C (incl. equivalent qualifications) including GCSE English and maths",35.9,70,64.2
"Percentage of school leavers","2013/14","Causeway Coast and Glens","Total leavers",NA,NA,NA
"Percentage of school leavers","2013/14","Derry City and Strabane","At least 3 A-levels at grades A*-C (incl. equivalent qualifications)",15.9,43.2,35
"Percentage of school leavers","2013/14","Derry City and Strabane","At least 3 A-levels at grades A*-E (incl. equivalent qualifications)",32.1,58.5,50.6
"Percentage of school leavers","2013/14","Derry City and Strabane","At least 2 A-levels at grades A*-E (incl. equivalent qualifications)",36.9,63.5,55.5
"Percentage of school leavers","2013/14","Derry City and Strabane","At least 5 GCSEs at grades A*-C (incl. equivalent qualifications)",60.7,83.1,76.4
"Percentage of school leavers","2013/14","Derry City and Strabane","At least 5 GCSEs at grades A*-C (incl. equivalent qualifications) including GCSE English and maths",36.9,68,58.7
"Percentage of school leavers","2013/14","Derry City and Strabane","Total leavers",NA,NA,NA
"Percentage of school leavers","2013/14","Fermanagh and Omagh","At least 3 A-levels at grades A*-C (incl. equivalent qualifications)",24.6,47.7,44
"Percentage of school leavers","2013/14","Fermanagh and Omagh","At least 3 A-levels at grades A*-E (incl. equivalent qualifications)",39.3,62.9,59.1
"Percentage of school leavers","2013/14","Fermanagh and Omagh","At least 2 A-levels at grades A*-E (incl. equivalent qualifications)",46.3,68.9,65.2
"Percentage of school leavers","2013/14","Fermanagh and Omagh","At least 5 GCSEs at grades A*-C (incl. equivalent qualifications)",68,86.7,83.7
"Percentage of school leavers","2013/14","Fermanagh and Omagh","At least 5 GCSEs at grades A*-C (incl. equivalent qualifications) including GCSE English and maths",45.9,75.5,70.8
"Percentage of school leavers","2013/14","Fermanagh and Omagh","Total leavers",NA,NA,NA
"Percentage of school leavers","2013/14","Lisburn and Castlereagh","At least 3 A-levels at grades A*-C (incl. equivalent qualifications)",11.8,45.7,42.8
"Percentage of school leavers","2013/14","Lisburn and Castlereagh","At least 3 A-levels at grades A*-E (incl. equivalent qualifications)",18.1,62.9,59
"Percentage of school leavers","2013/14","Lisburn and Castlereagh","At least 2 A-levels at grades A*-E (incl. equivalent qualifications)",25,67.9,64.2
"Percentage of school leavers","2013/14","Lisburn and Castlereagh","At least 5 GCSEs at grades A*-C (incl. equivalent qualifications)",52.1,87.3,84.2
"Percentage of school leavers","2013/14","Lisburn and Castlereagh","At least 5 GCSEs at grades A*-C (incl. equivalent qualifications) including GCSE English and maths",32.6,78.8,74.8
"Percentage of school leavers","2013/14","Lisburn and Castlereagh","Total leavers",NA,NA,NA
"Percentage of school leavers","2013/14","Mid and East Antrim","At least 3 A-levels at grades A*-C (incl. equivalent qualifications)",13.3,42.9,39.4
"Percentage of school leavers","2013/14","Mid and East Antrim","At least 3 A-levels at grades A*-E (incl. equivalent qualifications)",22.9,59.1,54.8
"Percentage of school leavers","2013/14","Mid and East Antrim","At least 2 A-levels at grades A*-E (incl. equivalent qualifications)",27.7,62.4,58.3
"Percentage of school leavers","2013/14","Mid and East Antrim","At least 5 GCSEs at grades A*-C (incl. equivalent qualifications)",58.5,85.1,82
"Percentage of school leavers","2013/14","Mid and East Antrim","At least 5 GCSEs at grades A*-C (incl. equivalent qualifications) including GCSE English and maths",32.4,71.5,66.9
"Percentage of school leavers","2013/14","Mid and East Antrim","Total leavers",NA,NA,NA
"Percentage of school leavers","2013/14","Mid Ulster","At least 3 A-levels at grades A*-C (incl. equivalent qualifications)",22.4,42.8,39.2
"Percentage of school leavers","2013/14","Mid Ulster","At least 3 A-levels at grades A*-E (incl. equivalent qualifications)",29,55.6,50.9
"Percentage of school leavers","2013/14","Mid Ulster","At least 2 A-levels at grades A*-E (incl. equivalent qualifications)",32.6,59.8,54.9
"Percentage of school leavers","2013/14","Mid Ulster","At least 5 GCSEs at grades A*-C (incl. equivalent qualifications)",58.3,81.7,77.6
"Percentage of school leavers","2013/14","Mid Ulster","At least 5 GCSEs at grades A*-C (incl. equivalent qualifications) including GCSE English and maths",35.3,66.8,61.2
"Percentage of school leavers","2013/14","Mid Ulster","Total leavers",NA,NA,NA
"Percentage of school leavers","2013/14","Newry, Mourne and Down","At least 3 A-levels at grades A*-C (incl. equivalent qualifications)",21.1,42.2,38.4
"Percentage of school leavers","2013/14","Newry, Mourne and Down","At least 3 A-levels at grades A*-E (incl. equivalent qualifications)",29.6,57.7,52.6
"Percentage of school leavers","2013/14","Newry, Mourne and Down","At least 2 A-levels at grades A*-E (incl. equivalent qualifications)",32.9,62,56.8
"Percentage of school leavers","2013/14","Newry, Mourne and Down","At least 5 GCSEs at grades A*-C (incl. equivalent qualifications)",52.3,82.7,77.2
"Percentage of school leavers","2013/14","Newry, Mourne and Down","At least 5 GCSEs at grades A*-C (incl. equivalent qualifications) including GCSE English and maths",39.9,70.7,65.1
"Percentage of school leavers","2013/14","Newry, Mourne and Down","Total leavers",NA,NA,NA
"Percentage of school leavers","2013/14","Ards and North Down","At least 3 A-levels at grades A*-C (incl. equivalent qualifications)",12.6,37.1,34.5
"Percentage of school leavers","2013/14","Ards and North Down","At least 3 A-levels at grades A*-E (incl. equivalent qualifications)",19.7,54.9,51.3
"Percentage of school leavers","2013/14","Ards and North Down","At least 2 A-levels at grades A*-E (incl. equivalent qualifications)",23,60.6,56.7
"Percentage of school leavers","2013/14","Ards and North Down","At least 5 GCSEs at grades A*-C (incl. equivalent qualifications)",47.5,80,76.6
"Percentage of school leavers","2013/14","Ards and North Down","At least 5 GCSEs at grades A*-C (incl. equivalent qualifications) including GCSE English and maths",29.5,68.8,64.7
"Percentage of school leavers","2013/14","Ards and North Down","Total leavers",NA,NA,NA
"Percentage of school leavers","2013/14","Northern Ireland","At least 3 A-levels at grades A*-C (incl. equivalent qualifications)",16.6,41.4,37
"Percentage of school leavers","2013/14","Northern Ireland","At least 3 A-levels at grades A*-E (incl. equivalent qualifications)",26,56.2,50.8
"Percentage of school leavers","2013/14","Northern Ireland","At least 2 A-levels at grades A*-E (incl. equivalent qualifications)",31,61.1,55.7
"Percentage of school leavers","2013/14","Northern Ireland","At least 5 GCSEs at grades A*-C (incl. equivalent qualifications)",56.6,83.4,78.6
"Percentage of school leavers","2013/14","Northern Ireland","At least 5 GCSEs at grades A*-C (incl. equivalent qualifications) including GCSE English and maths",34.9,69.7,63.5
"Percentage of school leavers","2013/14","Northern Ireland","Total leavers",NA,NA,NA
"Percentage of school leavers","2014/15","Antrim and Newtownabbey","At least 3 A-levels at grades A*-C (incl. equivalent qualifications)",14.1,39.9,36.1
"Percentage of school leavers","2014/15","Antrim and Newtownabbey","At least 3 A-levels at grades A*-E (incl. equivalent qualifications)",21.8,55.2,50.3
"Percentage of school leavers","2014/15","Antrim and Newtownabbey","At least 2 A-levels at grades A*-E (incl. equivalent qualifications)",26.9,60,55.2
"Percentage of school leavers","2014/15","Antrim and Newtownabbey","At least 5 GCSEs at grades A*-C (incl. equivalent qualifications)",58.1,84.9,80.9
"Percentage of school leavers","2014/15","Antrim and Newtownabbey","At least 5 GCSEs at grades A*-C (incl. equivalent qualifications) including GCSE English and maths",35.5,72.2,66.8
"Percentage of school leavers","2014/15","Antrim and Newtownabbey","Total leavers",NA,NA,NA
"Percentage of school leavers","2014/15","Armagh City, Banbridge and Craigavon","At least 3 A-levels at grades A*-C (incl. equivalent qualifications)",16.4,40.8,35.6
"Percentage of school leavers","2014/15","Armagh City, Banbridge and Craigavon","At least 3 A-levels at grades A*-E (incl. equivalent qualifications)",24.2,55.2,48.6
"Percentage of school leavers","2014/15","Armagh City, Banbridge and Craigavon","At least 2 A-levels at grades A*-E (incl. equivalent qualifications)",27.3,59,52.2
"Percentage of school leavers","2014/15","Armagh City, Banbridge and Craigavon","At least 5 GCSEs at grades A*-C (incl. equivalent qualifications)",64.8,85.5,81.1
"Percentage of school leavers","2014/15","Armagh City, Banbridge and Craigavon","At least 5 GCSEs at grades A*-C (incl. equivalent qualifications) including GCSE English and maths",43.4,74.9,68.1
"Percentage of school leavers","2014/15","Armagh City, Banbridge and Craigavon","Total leavers",NA,NA,NA
"Percentage of school leavers","2014/15","Belfast","At least 3 A-levels at grades A*-C (incl. equivalent qualifications)",19.6,49,39
"Percentage of school leavers","2014/15","Belfast","At least 3 A-levels at grades A*-E (incl. equivalent qualifications)",29.7,64.3,52.5
"Percentage of school leavers","2014/15","Belfast","At least 2 A-levels at grades A*-E (incl. equivalent qualifications)",37.2,71.3,59.7
"Percentage of school leavers","2014/15","Belfast","At least 5 GCSEs at grades A*-C (incl. equivalent qualifications)",62.7,87.7,79.2
"Percentage of school leavers","2014/15","Belfast","At least 5 GCSEs at grades A*-C (incl. equivalent qualifications) including GCSE English and maths",35.5,72.9,60.2
"Percentage of school leavers","2014/15","Belfast","Total leavers",NA,NA,NA
"Percentage of school leavers","2014/15","Causeway Coast and Glens","At least 3 A-levels at grades A*-C (incl. equivalent qualifications)",12.1,36.1,30.1
"Percentage of school leavers","2014/15","Causeway Coast and Glens","At least 3 A-levels at grades A*-E (incl. equivalent qualifications)",21.1,51.3,43.7
"Percentage of school leavers","2014/15","Causeway Coast and Glens","At least 2 A-levels at grades A*-E (incl. equivalent qualifications)",30.4,56.7,50.1
"Percentage of school leavers","2014/15","Causeway Coast and Glens","At least 5 GCSEs at grades A*-C (incl. equivalent qualifications)",70.3,86.3,82.3
"Percentage of school leavers","2014/15","Causeway Coast and Glens","At least 5 GCSEs at grades A*-C (incl. equivalent qualifications) including GCSE English and maths",40.1,68.3,61.3
"Percentage of school leavers","2014/15","Causeway Coast and Glens","Total leavers",NA,NA,NA
"Percentage of school leavers","2014/15","Derry City and Strabane","At least 3 A-levels at grades A*-C (incl. equivalent qualifications)",19.5,49.5,38.4
"Percentage of school leavers","2014/15","Derry City and Strabane","At least 3 A-levels at grades A*-E (incl. equivalent qualifications)",30,63.6,51.1
"Percentage of school leavers","2014/15","Derry City and Strabane","At least 2 A-levels at grades A*-E (incl. equivalent qualifications)",38.4,71,58.9
"Percentage of school leavers","2014/15","Derry City and Strabane","At least 5 GCSEs at grades A*-C (incl. equivalent qualifications)",70.5,88.8,82
"Percentage of school leavers","2014/15","Derry City and Strabane","At least 5 GCSEs at grades A*-C (incl. equivalent qualifications) including GCSE English and maths",43.4,75,63.2
"Percentage of school leavers","2014/15","Derry City and Strabane","Total leavers",NA,NA,NA
"Percentage of school leavers","2014/15","Fermanagh and Omagh","At least 3 A-levels at grades A*-C (incl. equivalent qualifications)",24.8,45.4,40.6
"Percentage of school leavers","2014/15","Fermanagh and Omagh","At least 3 A-levels at grades A*-E (incl. equivalent qualifications)",34.2,63.1,56.4
"Percentage of school leavers","2014/15","Fermanagh and Omagh","At least 2 A-levels at grades A*-E (incl. equivalent qualifications)",42.5,67.7,61.9
"Percentage of school leavers","2014/15","Fermanagh and Omagh","At least 5 GCSEs at grades A*-C (incl. equivalent qualifications)",67.8,86.8,82.4
"Percentage of school leavers","2014/15","Fermanagh and Omagh","At least 5 GCSEs at grades A*-C (incl. equivalent qualifications) including GCSE English and maths",48.1,75.8,69.3
"Percentage of school leavers","2014/15","Fermanagh and Omagh","Total leavers",NA,NA,NA
"Percentage of school leavers","2014/15","Lisburn and Castlereagh","At least 3 A-levels at grades A*-C (incl. equivalent qualifications)",15.9,48.7,45.2
"Percentage of school leavers","2014/15","Lisburn and Castlereagh","At least 3 A-levels at grades A*-E (incl. equivalent qualifications)",29,64.3,60.5
"Percentage of school leavers","2014/15","Lisburn and Castlereagh","At least 2 A-levels at grades A*-E (incl. equivalent qualifications)",33.5,68.9,65.1
"Percentage of school leavers","2014/15","Lisburn and Castlereagh","At least 5 GCSEs at grades A*-C (incl. equivalent qualifications)",63.1,88.6,85.8
"Percentage of school leavers","2014/15","Lisburn and Castlereagh","At least 5 GCSEs at grades A*-C (incl. equivalent qualifications) including GCSE English and maths",42.6,77.4,73.6
"Percentage of school leavers","2014/15","Lisburn and Castlereagh","Total leavers",NA,NA,NA
"Percentage of school leavers","2014/15","Mid and East Antrim","At least 3 A-levels at grades A*-C (incl. equivalent qualifications)",14.3,43.6,39.2
"Percentage of school leavers","2014/15","Mid and East Antrim","At least 3 A-levels at grades A*-E (incl. equivalent qualifications)",27.8,58.6,54
"Percentage of school leavers","2014/15","Mid and East Antrim","At least 2 A-levels at grades A*-E (incl. equivalent qualifications)",32.9,61.6,57.3
"Percentage of school leavers","2014/15","Mid and East Antrim","At least 5 GCSEs at grades A*-C (incl. equivalent qualifications)",63.5,85.4,82.1
"Percentage of school leavers","2014/15","Mid and East Antrim","At least 5 GCSEs at grades A*-C (incl. equivalent qualifications) including GCSE English and maths",40.9,72.4,67.7
"Percentage of school leavers","2014/15","Mid and East Antrim","Total leavers",NA,NA,NA
"Percentage of school leavers","2014/15","Mid Ulster","At least 3 A-levels at grades A*-C (incl. equivalent qualifications)",24.9,43.4,38.9
"Percentage of school leavers","2014/15","Mid Ulster","At least 3 A-levels at grades A*-E (incl. equivalent qualifications)",33.4,57.1,51.4
"Percentage of school leavers","2014/15","Mid Ulster","At least 2 A-levels at grades A*-E (incl. equivalent qualifications)",38.9,61.2,55.8
"Percentage of school leavers","2014/15","Mid Ulster","At least 5 GCSEs at grades A*-C (incl. equivalent qualifications)",68.3,86,81.7
"Percentage of school leavers","2014/15","Mid Ulster","At least 5 GCSEs at grades A*-C (incl. equivalent qualifications) including GCSE English and maths",46,72.9,66.4
"Percentage of school leavers","2014/15","Mid Ulster","Total leavers",NA,NA,NA
"Percentage of school leavers","2014/15","Newry, Mourne and Down","At least 3 A-levels at grades A*-C (incl. equivalent qualifications)",20.6,46,39.6
"Percentage of school leavers","2014/15","Newry, Mourne and Down","At least 3 A-levels at grades A*-E (incl. equivalent qualifications)",35.7,63.6,56.6
"Percentage of school leavers","2014/15","Newry, Mourne and Down","At least 2 A-levels at grades A*-E (incl. equivalent qualifications)",40.8,67.8,61
"Percentage of school leavers","2014/15","Newry, Mourne and Down","At least 5 GCSEs at grades A*-C (incl. equivalent qualifications)",64.5,85.5,80.2
"Percentage of school leavers","2014/15","Newry, Mourne and Down","At least 5 GCSEs at grades A*-C (incl. equivalent qualifications) including GCSE English and maths",48.3,76.2,69.2
"Percentage of school leavers","2014/15","Newry, Mourne and Down","Total leavers",NA,NA,NA
"Percentage of school leavers","2014/15","Ards and North Down","At least 3 A-levels at grades A*-C (incl. equivalent qualifications)",11,43.2,38.2
"Percentage of school leavers","2014/15","Ards and North Down","At least 3 A-levels at grades A*-E (incl. equivalent qualifications)",18.2,57.9,51.8
"Percentage of school leavers","2014/15","Ards and North Down","At least 2 A-levels at grades A*-E (incl. equivalent qualifications)",23.9,63.2,57.2
"Percentage of school leavers","2014/15","Ards and North Down","At least 5 GCSEs at grades A*-C (incl. equivalent qualifications)",43.6,82.9,76.9
"Percentage of school leavers","2014/15","Ards and North Down","At least 5 GCSEs at grades A*-C (incl. equivalent qualifications) including GCSE English and maths",31.4,73.1,66.7
"Percentage of school leavers","2014/15","Ards and North Down","Total leavers",NA,NA,NA
"Percentage of school leavers","2014/15","Northern Ireland","At least 3 A-levels at grades A*-C (incl. equivalent qualifications)",18.5,44.4,38.2
"Percentage of school leavers","2014/15","Northern Ireland","At least 3 A-levels at grades A*-E (incl. equivalent qualifications)",28.8,59.7,52.4
"Percentage of school leavers","2014/15","Northern Ireland","At least 2 A-levels at grades A*-E (incl. equivalent qualifications)",35.3,64.7,57.7
"Percentage of school leavers","2014/15","Northern Ireland","At least 5 GCSEs at grades A*-C (incl. equivalent qualifications)",64.6,86.2,81.1
"Percentage of school leavers","2014/15","Northern Ireland","At least 5 GCSEs at grades A*-C (incl. equivalent qualifications) including GCSE English and maths",41.3,73.7,66
"Percentage of school leavers","2014/15","Northern Ireland","Total leavers",NA,NA,NA
"Percentage of school leavers","2015/16","Antrim and Newtownabbey","At least 3 A-levels at grades A*-C (incl. equivalent qualifications)",16.8,42.4,37.8
"Percentage of school leavers","2015/16","Antrim and Newtownabbey","At least 3 A-levels at grades A*-E (incl. equivalent qualifications)",24,56.4,50.6
"Percentage of school leavers","2015/16","Antrim and Newtownabbey","At least 2 A-levels at grades A*-E (incl. equivalent qualifications)",28,60.7,54.8
"Percentage of school leavers","2015/16","Antrim and Newtownabbey","At least 5 GCSEs at grades A*-C (incl. equivalent qualifications)",54.3,84.9,79.4
"Percentage of school leavers","2015/16","Antrim and Newtownabbey","At least 5 GCSEs at grades A*-C (incl. equivalent qualifications) including GCSE English and maths",34.2,73.3,66.3
"Percentage of school leavers","2015/16","Antrim and Newtownabbey","Total leavers",NA,NA,NA
"Percentage of school leavers","2015/16","Armagh City, Banbridge and Craigavon","At least 3 A-levels at grades A*-C (incl. equivalent qualifications)",14.4,37.9,32.3
"Percentage of school leavers","2015/16","Armagh City, Banbridge and Craigavon","At least 3 A-levels at grades A*-E (incl. equivalent qualifications)",23.9,51.8,45.2
"Percentage of school leavers","2015/16","Armagh City, Banbridge and Craigavon","At least 2 A-levels at grades A*-E (incl. equivalent qualifications)",28.4,55.6,49.1
"Percentage of school leavers","2015/16","Armagh City, Banbridge and Craigavon","At least 5 GCSEs at grades A*-C (incl. equivalent qualifications)",59.5,84,78.2
"Percentage of school leavers","2015/16","Armagh City, Banbridge and Craigavon","At least 5 GCSEs at grades A*-C (incl. equivalent qualifications) including GCSE English and maths",43.6,74.1,66.8
"Percentage of school leavers","2015/16","Armagh City, Banbridge and Craigavon","Total leavers",NA,NA,NA
"Percentage of school leavers","2015/16","Belfast","At least 3 A-levels at grades A*-C (incl. equivalent qualifications)",21.3,49.1,38.6
"Percentage of school leavers","2015/16","Belfast","At least 3 A-levels at grades A*-E (incl. equivalent qualifications)",33,63.5,52
"Percentage of school leavers","2015/16","Belfast","At least 2 A-levels at grades A*-E (incl. equivalent qualifications)",40.4,69.5,58.5
"Percentage of school leavers","2015/16","Belfast","At least 5 GCSEs at grades A*-C (incl. equivalent qualifications)",67.5,86,79
"Percentage of school leavers","2015/16","Belfast","At least 5 GCSEs at grades A*-C (incl. equivalent qualifications) including GCSE English and maths",41.5,73.8,61.5
"Percentage of school leavers","2015/16","Belfast","Total leavers",NA,NA,NA
"Percentage of school leavers","2015/16","Causeway Coast and Glens","At least 3 A-levels at grades A*-C (incl. equivalent qualifications)",18.1,42.2,36.3
"Percentage of school leavers","2015/16","Causeway Coast and Glens","At least 3 A-levels at grades A*-E (incl. equivalent qualifications)",26,57.1,49.5
"Percentage of school leavers","2015/16","Causeway Coast and Glens","At least 2 A-levels at grades A*-E (incl. equivalent qualifications)",30.3,60.9,53.4
"Percentage of school leavers","2015/16","Causeway Coast and Glens","At least 5 GCSEs at grades A*-C (incl. equivalent qualifications)",69.7,89.3,84.5
"Percentage of school leavers","2015/16","Causeway Coast and Glens","At least 5 GCSEs at grades A*-C (incl. equivalent qualifications) including GCSE English and maths",44.3,75.7,68
"Percentage of school leavers","2015/16","Causeway Coast and Glens","Total leavers",NA,NA,NA
"Percentage of school leavers","2015/16","Derry City and Strabane","At least 3 A-levels at grades A*-C (incl. equivalent qualifications)",20.4,50.3,38.7
"Percentage of school leavers","2015/16","Derry City and Strabane","At least 3 A-levels at grades A*-E (incl. equivalent qualifications)",35.1,68.9,55.8
"Percentage of school leavers","2015/16","Derry City and Strabane","At least 2 A-levels at grades A*-E (incl. equivalent qualifications)",39,73.3,60
"Percentage of school leavers","2015/16","Derry City and Strabane","At least 5 GCSEs at grades A*-C (incl. equivalent qualifications)",67.4,90.5,81.5
"Percentage of school leavers","2015/16","Derry City and Strabane","At least 5 GCSEs at grades A*-C (incl. equivalent qualifications) including GCSE English and maths",47.2,81.4,68.2
"Percentage of school leavers","2015/16","Derry City and Strabane","Total leavers",NA,NA,NA
"Percentage of school leavers","2015/16","Fermanagh and Omagh","At least 3 A-levels at grades A*-C (incl. equivalent qualifications)",25.3,46.8,40.9
"Percentage of school leavers","2015/16","Fermanagh and Omagh","At least 3 A-levels at grades A*-E (incl. equivalent qualifications)",35.9,63.2,55.7
"Percentage of school leavers","2015/16","Fermanagh and Omagh","At least 2 A-levels at grades A*-E (incl. equivalent qualifications)",41.8,69,61.5
"Percentage of school leavers","2015/16","Fermanagh and Omagh","At least 5 GCSEs at grades A*-C (incl. equivalent qualifications)",64.1,87.8,81.3
"Percentage of school leavers","2015/16","Fermanagh and Omagh","At least 5 GCSEs at grades A*-C (incl. equivalent qualifications) including GCSE English and maths",50.5,76.9,69.6
"Percentage of school leavers","2015/16","Fermanagh and Omagh","Total leavers",NA,NA,NA
"Percentage of school leavers","2015/16","Lisburn and Castlereagh","At least 3 A-levels at grades A*-C (incl. equivalent qualifications)",19.1,47.8,43.7
"Percentage of school leavers","2015/16","Lisburn and Castlereagh","At least 3 A-levels at grades A*-E (incl. equivalent qualifications)",29.6,65.4,60.4
"Percentage of school leavers","2015/16","Lisburn and Castlereagh","At least 2 A-levels at grades A*-E (incl. equivalent qualifications)",34.8,69,64.2
"Percentage of school leavers","2015/16","Lisburn and Castlereagh","At least 5 GCSEs at grades A*-C (incl. equivalent qualifications)",73,89.5,87.2
"Percentage of school leavers","2015/16","Lisburn and Castlereagh","At least 5 GCSEs at grades A*-C (incl. equivalent qualifications) including GCSE English and maths",51.7,82.2,77.9
"Percentage of school leavers","2015/16","Lisburn and Castlereagh","Total leavers",NA,NA,NA
"Percentage of school leavers","2015/16","Mid and East Antrim","At least 3 A-levels at grades A*-C (incl. equivalent qualifications)",16.6,43,38.1
"Percentage of school leavers","2015/16","Mid and East Antrim","At least 3 A-levels at grades A*-E (incl. equivalent qualifications)",24.6,57.4,51.3
"Percentage of school leavers","2015/16","Mid and East Antrim","At least 2 A-levels at grades A*-E (incl. equivalent qualifications)",30.1,61.7,55.8
"Percentage of school leavers","2015/16","Mid and East Antrim","At least 5 GCSEs at grades A*-C (incl. equivalent qualifications)",62.6,85.8,81.5
"Percentage of school leavers","2015/16","Mid and East Antrim","At least 5 GCSEs at grades A*-C (incl. equivalent qualifications) including GCSE English and maths",44.3,73.9,68.4
"Percentage of school leavers","2015/16","Mid and East Antrim","Total leavers",NA,NA,NA
"Percentage of school leavers","2015/16","Mid Ulster","At least 3 A-levels at grades A*-C (incl. equivalent qualifications)",25,46.1,40.5
"Percentage of school leavers","2015/16","Mid Ulster","At least 3 A-levels at grades A*-E (incl. equivalent qualifications)",37.7,59.7,53.8
"Percentage of school leavers","2015/16","Mid Ulster","At least 2 A-levels at grades A*-E (incl. equivalent qualifications)",42.1,64.3,58.4
"Percentage of school leavers","2015/16","Mid Ulster","At least 5 GCSEs at grades A*-C (incl. equivalent qualifications)",72.3,90.2,85.4
"Percentage of school leavers","2015/16","Mid Ulster","At least 5 GCSEs at grades A*-C (incl. equivalent qualifications) including GCSE English and maths",48.9,72.2,66
"Percentage of school leavers","2015/16","Mid Ulster","Total leavers",NA,NA,NA
"Percentage of school leavers","2015/16","Newry, Mourne and Down","At least 3 A-levels at grades A*-C (incl. equivalent qualifications)",20.7,46.8,39.8
"Percentage of school leavers","2015/16","Newry, Mourne and Down","At least 3 A-levels at grades A*-E (incl. equivalent qualifications)",32.7,61.7,53.9
"Percentage of school leavers","2015/16","Newry, Mourne and Down","At least 2 A-levels at grades A*-E (incl. equivalent qualifications)",39.8,66.7,59.4
"Percentage of school leavers","2015/16","Newry, Mourne and Down","At least 5 GCSEs at grades A*-C (incl. equivalent qualifications)",68.2,88,82.7
"Percentage of school leavers","2015/16","Newry, Mourne and Down","At least 5 GCSEs at grades A*-C (incl. equivalent qualifications) including GCSE English and maths",47.9,77.2,69.3
"Percentage of school leavers","2015/16","Newry, Mourne and Down","Total leavers",NA,NA,NA
"Percentage of school leavers","2015/16","Ards and North Down","At least 3 A-levels at grades A*-C (incl. equivalent qualifications)",18.7,44,39.9
"Percentage of school leavers","2015/16","Ards and North Down","At least 3 A-levels at grades A*-E (incl. equivalent qualifications)",26.8,58.4,53.3
"Percentage of school leavers","2015/16","Ards and North Down","At least 2 A-levels at grades A*-E (incl. equivalent qualifications)",32.4,63.8,58.7
"Percentage of school leavers","2015/16","Ards and North Down","At least 5 GCSEs at grades A*-C (incl. equivalent qualifications)",59.9,86.9,82.5
"Percentage of school leavers","2015/16","Ards and North Down","At least 5 GCSEs at grades A*-C (incl. equivalent qualifications) including GCSE English and maths",43.7,76.8,71.4
"Percentage of school leavers","2015/16","Ards and North Down","Total leavers",NA,NA,NA
"Percentage of school leavers","2015/16","Northern Ireland","At least 3 A-levels at grades A*-C (incl. equivalent qualifications)",20,45,38.4
"Percentage of school leavers","2015/16","Northern Ireland","At least 3 A-levels at grades A*-E (incl. equivalent qualifications)",31,60.1,52.4
"Percentage of school leavers","2015/16","Northern Ireland","At least 2 A-levels at grades A*-E (incl. equivalent qualifications)",36.6,64.7,57.3
"Percentage of school leavers","2015/16","Northern Ireland","At least 5 GCSEs at grades A*-C (incl. equivalent qualifications)",66,87.3,81.7
"Percentage of school leavers","2015/16","Northern Ireland","At least 5 GCSEs at grades A*-C (incl. equivalent qualifications) including GCSE English and maths",44.8,75.8,67.7
"Percentage of school leavers","2015/16","Northern Ireland","Total leavers",NA,NA,NA
"Percentage of school leavers","2016/17","Antrim and Newtownabbey","At least 3 A-levels at grades A*-C (incl. equivalent qualifications)",20.4,46,41.1
"Percentage of school leavers","2016/17","Antrim and Newtownabbey","At least 3 A-levels at grades A*-E (incl. equivalent qualifications)",27,61,54.5
"Percentage of school leavers","2016/17","Antrim and Newtownabbey","At least 2 A-levels at grades A*-E (incl. equivalent qualifications)",32.3,64.1,58
"Percentage of school leavers","2016/17","Antrim and Newtownabbey","At least 5 GCSEs at grades A*-C (incl. equivalent qualifications)",61.8,87.4,82.5
"Percentage of school leavers","2016/17","Antrim and Newtownabbey","At least 5 GCSEs at grades A*-C (incl. equivalent qualifications) including GCSE English and maths",43.2,76.1,69.8
"Percentage of school leavers","2016/17","Antrim and Newtownabbey","Total leavers",NA,NA,NA
"Percentage of school leavers","2016/17","Armagh City, Banbridge and Craigavon","At least 3 A-levels at grades A*-C (incl. equivalent qualifications)",16.5,42.4,36.5
"Percentage of school leavers","2016/17","Armagh City, Banbridge and Craigavon","At least 3 A-levels at grades A*-E (incl. equivalent qualifications)",24.8,56.2,49.1
"Percentage of school leavers","2016/17","Armagh City, Banbridge and Craigavon","At least 2 A-levels at grades A*-E (incl. equivalent qualifications)",27.7,59.5,52.3
"Percentage of school leavers","2016/17","Armagh City, Banbridge and Craigavon","At least 5 GCSEs at grades A*-C (incl. equivalent qualifications)",63,86.8,81.4
"Percentage of school leavers","2016/17","Armagh City, Banbridge and Craigavon","At least 5 GCSEs at grades A*-C (incl. equivalent qualifications) including GCSE English and maths",47.2,76.8,70.1
"Percentage of school leavers","2016/17","Armagh City, Banbridge and Craigavon","Total leavers",NA,NA,NA
"Percentage of school leavers","2016/17","Belfast","At least 3 A-levels at grades A*-C (incl. equivalent qualifications)",23.1,50.7,40.1
"Percentage of school leavers","2016/17","Belfast","At least 3 A-levels at grades A*-E (incl. equivalent qualifications)",34.1,65.9,53.8
"Percentage of school leavers","2016/17","Belfast","At least 2 A-levels at grades A*-E (incl. equivalent qualifications)",40.8,71.4,59.7
"Percentage of school leavers","2016/17","Belfast","At least 5 GCSEs at grades A*-C (incl. equivalent qualifications)",70.4,90.1,82.6
"Percentage of school leavers","2016/17","Belfast","At least 5 GCSEs at grades A*-C (incl. equivalent qualifications) including GCSE English and maths",43.5,75.6,63.3
"Percentage of school leavers","2016/17","Belfast","Total leavers",NA,NA,NA
"Percentage of school leavers","2016/17","Causeway Coast and Glens","At least 3 A-levels at grades A*-C (incl. equivalent qualifications)",22,45.2,39.2
"Percentage of school leavers","2016/17","Causeway Coast and Glens","At least 3 A-levels at grades A*-E (incl. equivalent qualifications)",30.9,58.2,51.1
"Percentage of school leavers","2016/17","Causeway Coast and Glens","At least 2 A-levels at grades A*-E (incl. equivalent qualifications)",34.2,61.1,54.1
"Percentage of school leavers","2016/17","Causeway Coast and Glens","At least 5 GCSEs at grades A*-C (incl. equivalent qualifications)",71.3,90.7,85.6
"Percentage of school leavers","2016/17","Causeway Coast and Glens","At least 5 GCSEs at grades A*-C (incl. equivalent qualifications) including GCSE English and maths",42.2,76,67.2
"Percentage of school leavers","2016/17","Causeway Coast and Glens","Total leavers",NA,NA,NA
"Percentage of school leavers","2016/17","Derry City and Strabane","At least 3 A-levels at grades A*-C (incl. equivalent qualifications)",26.3,48,39.6
"Percentage of school leavers","2016/17","Derry City and Strabane","At least 3 A-levels at grades A*-E (incl. equivalent qualifications)",40.7,62.9,54.3
"Percentage of school leavers","2016/17","Derry City and Strabane","At least 2 A-levels at grades A*-E (incl. equivalent qualifications)",45.2,66.8,58.4
"Percentage of school leavers","2016/17","Derry City and Strabane","At least 5 GCSEs at grades A*-C (incl. equivalent qualifications)",70.8,89.6,82.3
"Percentage of school leavers","2016/17","Derry City and Strabane","At least 5 GCSEs at grades A*-C (incl. equivalent qualifications) including GCSE English and maths",53.4,79.4,69.3
"Percentage of school leavers","2016/17","Derry City and Strabane","Total leavers",NA,NA,NA
"Percentage of school leavers","2016/17","Fermanagh and Omagh","At least 3 A-levels at grades A*-C (incl. equivalent qualifications)",26.4,50.7,44.1
"Percentage of school leavers","2016/17","Fermanagh and Omagh","At least 3 A-levels at grades A*-E (incl. equivalent qualifications)",38.6,65.4,58.2
"Percentage of school leavers","2016/17","Fermanagh and Omagh","At least 2 A-levels at grades A*-E (incl. equivalent qualifications)",42.9,70.4,63
"Percentage of school leavers","2016/17","Fermanagh and Omagh","At least 5 GCSEs at grades A*-C (incl. equivalent qualifications)",73.6,90.3,85.8
"Percentage of school leavers","2016/17","Fermanagh and Omagh","At least 5 GCSEs at grades A*-C (incl. equivalent qualifications) including GCSE English and maths",53.8,78,71.4
"Percentage of school leavers","2016/17","Fermanagh and Omagh","Total leavers",NA,NA,NA
"Percentage of school leavers","2016/17","Lisburn and Castlereagh","At least 3 A-levels at grades A*-C (incl. equivalent qualifications)",25.7,50.6,47.3
"Percentage of school leavers","2016/17","Lisburn and Castlereagh","At least 3 A-levels at grades A*-E (incl. equivalent qualifications)",34.1,65.3,61.1
"Percentage of school leavers","2016/17","Lisburn and Castlereagh","At least 2 A-levels at grades A*-E (incl. equivalent qualifications)",36.4,67.4,63.3
"Percentage of school leavers","2016/17","Lisburn and Castlereagh","At least 5 GCSEs at grades A*-C (incl. equivalent qualifications)",71.5,92,89.3
"Percentage of school leavers","2016/17","Lisburn and Castlereagh","At least 5 GCSEs at grades A*-C (incl. equivalent qualifications) including GCSE English and maths",50.9,81.8,77.6
"Percentage of school leavers","2016/17","Lisburn and Castlereagh","Total leavers",NA,NA,NA
"Percentage of school leavers","2016/17","Mid and East Antrim","At least 3 A-levels at grades A*-C (incl. equivalent qualifications)",17.9,45.5,39.9
"Percentage of school leavers","2016/17","Mid and East Antrim","At least 3 A-levels at grades A*-E (incl. equivalent qualifications)",28.4,60.3,53.8
"Percentage of school leavers","2016/17","Mid and East Antrim","At least 2 A-levels at grades A*-E (incl. equivalent qualifications)",32.8,64.2,57.7
"Percentage of school leavers","2016/17","Mid and East Antrim","At least 5 GCSEs at grades A*-C (incl. equivalent qualifications)",63.3,89.1,83.8
"Percentage of school leavers","2016/17","Mid and East Antrim","At least 5 GCSEs at grades A*-C (incl. equivalent qualifications) including GCSE English and maths",42.5,78.1,70.8
"Percentage of school leavers","2016/17","Mid and East Antrim","Total leavers",NA,NA,NA
"Percentage of school leavers","2016/17","Mid Ulster","At least 3 A-levels at grades A*-C (incl. equivalent qualifications)",25.8,44.5,39.8
"Percentage of school leavers","2016/17","Mid Ulster","At least 3 A-levels at grades A*-E (incl. equivalent qualifications)",36.9,58.8,53.3
"Percentage of school leavers","2016/17","Mid Ulster","At least 2 A-levels at grades A*-E (incl. equivalent qualifications)",41.7,64,58.4
"Percentage of school leavers","2016/17","Mid Ulster","At least 5 GCSEs at grades A*-C (incl. equivalent qualifications)",74,89.8,85.9
"Percentage of school leavers","2016/17","Mid Ulster","At least 5 GCSEs at grades A*-C (incl. equivalent qualifications) including GCSE English and maths",54.1,76.9,71.2
"Percentage of school leavers","2016/17","Mid Ulster","Total leavers",NA,NA,NA
"Percentage of school leavers","2016/17","Newry, Mourne and Down","At least 3 A-levels at grades A*-C (incl. equivalent qualifications)",22.8,46.8,40.6
"Percentage of school leavers","2016/17","Newry, Mourne and Down","At least 3 A-levels at grades A*-E (incl. equivalent qualifications)",33.9,60.6,53.7
"Percentage of school leavers","2016/17","Newry, Mourne and Down","At least 2 A-levels at grades A*-E (incl. equivalent qualifications)",36.8,65.2,57.8
"Percentage of school leavers","2016/17","Newry, Mourne and Down","At least 5 GCSEs at grades A*-C (incl. equivalent qualifications)",65.3,86.2,80.7
"Percentage of school leavers","2016/17","Newry, Mourne and Down","At least 5 GCSEs at grades A*-C (incl. equivalent qualifications) including GCSE English and maths",46.2,76.4,68.5
"Percentage of school leavers","2016/17","Newry, Mourne and Down","Total leavers",NA,NA,NA
"Percentage of school leavers","2016/17","Ards and North Down","At least 3 A-levels at grades A*-C (incl. equivalent qualifications)",19.6,49.3,44.2
"Percentage of school leavers","2016/17","Ards and North Down","At least 3 A-levels at grades A*-E (incl. equivalent qualifications)",30.4,65.6,59.7
"Percentage of school leavers","2016/17","Ards and North Down","At least 2 A-levels at grades A*-E (incl. equivalent qualifications)",36.4,69.9,64.2
"Percentage of school leavers","2016/17","Ards and North Down","At least 5 GCSEs at grades A*-C (incl. equivalent qualifications)",72,90,86.9
"Percentage of school leavers","2016/17","Ards and North Down","At least 5 GCSEs at grades A*-C (incl. equivalent qualifications) including GCSE English and maths",49.7,79.2,74.2
"Percentage of school leavers","2016/17","Ards and North Down","Total leavers",NA,NA,NA
"Percentage of school leavers","2016/17","Northern Ireland","At least 3 A-levels at grades A*-C (incl. equivalent qualifications)",22.7,47.1,40.7
"Percentage of school leavers","2016/17","Northern Ireland","At least 3 A-levels at grades A*-E (incl. equivalent qualifications)",33.5,61.7,54.3
"Percentage of school leavers","2016/17","Northern Ireland","At least 2 A-levels at grades A*-E (incl. equivalent qualifications)",38.1,65.7,58.5
"Percentage of school leavers","2016/17","Northern Ireland","At least 5 GCSEs at grades A*-C (incl. equivalent qualifications)",69,89.1,83.8
"Percentage of school leavers","2016/17","Northern Ireland","At least 5 GCSEs at grades A*-C (incl. equivalent qualifications) including GCSE English and maths",47.5,77.4,69.6
"Percentage of school leavers","2016/17","Northern Ireland","Total leavers",NA,NA,NA
"Percentage of school leavers","2017/18","Antrim and Newtownabbey","At least 3 A-levels at grades A*-C (incl. equivalent qualifications)",20.1,46.2,41.3
"Percentage of school leavers","2017/18","Antrim and Newtownabbey","At least 3 A-levels at grades A*-E (incl. equivalent qualifications)",28.9,59.6,53.8
"Percentage of school leavers","2017/18","Antrim and Newtownabbey","At least 2 A-levels at grades A*-E (incl. equivalent qualifications)",31.3,62.1,56.3
"Percentage of school leavers","2017/18","Antrim and Newtownabbey","At least 5 GCSEs at grades A*-C (incl. equivalent qualifications)",66,86.9,83
"Percentage of school leavers","2017/18","Antrim and Newtownabbey","At least 5 GCSEs at grades A*-C (incl. equivalent qualifications) including GCSE English and maths",43.5,75.8,69.7
"Percentage of school leavers","2017/18","Antrim and Newtownabbey","Total leavers",NA,NA,NA
"Percentage of school leavers","2017/18","Armagh City, Banbridge and Craigavon","At least 3 A-levels at grades A*-C (incl. equivalent qualifications)",15,41.2,34.5
"Percentage of school leavers","2017/18","Armagh City, Banbridge and Craigavon","At least 3 A-levels at grades A*-E (incl. equivalent qualifications)",24.5,53,45.7
"Percentage of school leavers","2017/18","Armagh City, Banbridge and Craigavon","At least 2 A-levels at grades A*-E (incl. equivalent qualifications)",27.2,56.5,49
"Percentage of school leavers","2017/18","Armagh City, Banbridge and Craigavon","At least 5 GCSEs at grades A*-C (incl. equivalent qualifications)",64.1,85.4,79.9
"Percentage of school leavers","2017/18","Armagh City, Banbridge and Craigavon","At least 5 GCSEs at grades A*-C (incl. equivalent qualifications) including GCSE English and maths",44,75.2,67.2
"Percentage of school leavers","2017/18","Armagh City, Banbridge and Craigavon","Total leavers",NA,NA,NA
"Percentage of school leavers","2017/18","Belfast","At least 3 A-levels at grades A*-C (incl. equivalent qualifications)",21.7,51,40.4
"Percentage of school leavers","2017/18","Belfast","At least 3 A-levels at grades A*-E (incl. equivalent qualifications)",32.4,65.7,53.7
"Percentage of school leavers","2017/18","Belfast","At least 2 A-levels at grades A*-E (incl. equivalent qualifications)",37.4,69.8,58.1
"Percentage of school leavers","2017/18","Belfast","At least 5 GCSEs at grades A*-C (incl. equivalent qualifications)",72.4,90.7,84.1
"Percentage of school leavers","2017/18","Belfast","At least 5 GCSEs at grades A*-C (incl. equivalent qualifications) including GCSE English and maths",44.2,77.5,65.5
"Percentage of school leavers","2017/18","Belfast","Total leavers",NA,NA,NA
"Percentage of school leavers","2017/18","Causeway Coast and Glens","At least 3 A-levels at grades A*-C (incl. equivalent qualifications)",20.4,41.6,36.5
"Percentage of school leavers","2017/18","Causeway Coast and Glens","At least 3 A-levels at grades A*-E (incl. equivalent qualifications)",27,53.5,47.1
"Percentage of school leavers","2017/18","Causeway Coast and Glens","At least 2 A-levels at grades A*-E (incl. equivalent qualifications)",29.9,55.3,49.1
"Percentage of school leavers","2017/18","Causeway Coast and Glens","At least 5 GCSEs at grades A*-C (incl. equivalent qualifications)",79.6,91,88.3
"Percentage of school leavers","2017/18","Causeway Coast and Glens","At least 5 GCSEs at grades A*-C (incl. equivalent qualifications) including GCSE English and maths",46.9,78.1,70.6
"Percentage of school leavers","2017/18","Causeway Coast and Glens","Total leavers",NA,NA,NA
"Percentage of school leavers","2017/18","Derry City and Strabane","At least 3 A-levels at grades A*-C (incl. equivalent qualifications)",24.2,43.4,35.9
"Percentage of school leavers","2017/18","Derry City and Strabane","At least 3 A-levels at grades A*-E (incl. equivalent qualifications)",38.9,62.3,53.2
"Percentage of school leavers","2017/18","Derry City and Strabane","At least 2 A-levels at grades A*-E (incl. equivalent qualifications)",43.5,65.7,57
"Percentage of school leavers","2017/18","Derry City and Strabane","At least 5 GCSEs at grades A*-C (incl. equivalent qualifications)",76.6,88.8,84.1
"Percentage of school leavers","2017/18","Derry City and Strabane","At least 5 GCSEs at grades A*-C (incl. equivalent qualifications) including GCSE English and maths",56.9,78.3,70
"Percentage of school leavers","2017/18","Derry City and Strabane","Total leavers",NA,NA,NA
"Percentage of school leavers","2017/18","Fermanagh and Omagh","At least 3 A-levels at grades A*-C (incl. equivalent qualifications)",28.5,50.1,44.4
"Percentage of school leavers","2017/18","Fermanagh and Omagh","At least 3 A-levels at grades A*-E (incl. equivalent qualifications)",39.7,63,56.9
"Percentage of school leavers","2017/18","Fermanagh and Omagh","At least 2 A-levels at grades A*-E (incl. equivalent qualifications)",44.5,65.9,60.3
"Percentage of school leavers","2017/18","Fermanagh and Omagh","At least 5 GCSEs at grades A*-C (incl. equivalent qualifications)",75.7,91.5,87.3
"Percentage of school leavers","2017/18","Fermanagh and Omagh","At least 5 GCSEs at grades A*-C (incl. equivalent qualifications) including GCSE English and maths",56.4,80,73.8
"Percentage of school leavers","2017/18","Fermanagh and Omagh","Total leavers",NA,NA,NA
"Percentage of school leavers","2017/18","Lisburn and Castlereagh","At least 3 A-levels at grades A*-C (incl. equivalent qualifications)",21.2,53.3,48.4
"Percentage of school leavers","2017/18","Lisburn and Castlereagh","At least 3 A-levels at grades A*-E (incl. equivalent qualifications)",34.7,67.8,62.8
"Percentage of school leavers","2017/18","Lisburn and Castlereagh","At least 2 A-levels at grades A*-E (incl. equivalent qualifications)",38.6,69.7,65
"Percentage of school leavers","2017/18","Lisburn and Castlereagh","At least 5 GCSEs at grades A*-C (incl. equivalent qualifications)",75.4,91.7,89.3
"Percentage of school leavers","2017/18","Lisburn and Castlereagh","At least 5 GCSEs at grades A*-C (incl. equivalent qualifications) including GCSE English and maths",50.4,82.9,78
"Percentage of school leavers","2017/18","Lisburn and Castlereagh","Total leavers",NA,NA,NA
"Percentage of school leavers","2017/18","Mid and East Antrim","At least 3 A-levels at grades A*-C (incl. equivalent qualifications)",20.1,52,46.6
"Percentage of school leavers","2017/18","Mid and East Antrim","At least 3 A-levels at grades A*-E (incl. equivalent qualifications)",28.4,62.8,57.1
"Percentage of school leavers","2017/18","Mid and East Antrim","At least 2 A-levels at grades A*-E (incl. equivalent qualifications)",29.7,65.8,59.8
"Percentage of school leavers","2017/18","Mid and East Antrim","At least 5 GCSEs at grades A*-C (incl. equivalent qualifications)",65.5,90.7,86.5
"Percentage of school leavers","2017/18","Mid and East Antrim","At least 5 GCSEs at grades A*-C (incl. equivalent qualifications) including GCSE English and maths",45.9,79.4,73.8
"Percentage of school leavers","2017/18","Mid and East Antrim","Total leavers",NA,NA,NA
"Percentage of school leavers","2017/18","Mid Ulster","At least 3 A-levels at grades A*-C (incl. equivalent qualifications)",25,44.8,39.8
"Percentage of school leavers","2017/18","Mid Ulster","At least 3 A-levels at grades A*-E (incl. equivalent qualifications)",34.9,57.1,51.5
"Percentage of school leavers","2017/18","Mid Ulster","At least 2 A-levels at grades A*-E (incl. equivalent qualifications)",40.1,59.6,54.7
"Percentage of school leavers","2017/18","Mid Ulster","At least 5 GCSEs at grades A*-C (incl. equivalent qualifications)",72.1,90.6,85.9
"Percentage of school leavers","2017/18","Mid Ulster","At least 5 GCSEs at grades A*-C (incl. equivalent qualifications) including GCSE English and maths",52.3,77.3,71
"Percentage of school leavers","2017/18","Mid Ulster","Total leavers",NA,NA,NA
"Percentage of school leavers","2017/18","Newry, Mourne and Down","At least 3 A-levels at grades A*-C (incl. equivalent qualifications)",24.4,48.6,42.8
"Percentage of school leavers","2017/18","Newry, Mourne and Down","At least 3 A-levels at grades A*-E (incl. equivalent qualifications)",33.6,61.1,54.5
"Percentage of school leavers","2017/18","Newry, Mourne and Down","At least 2 A-levels at grades A*-E (incl. equivalent qualifications)",37.3,64.1,57.6
"Percentage of school leavers","2017/18","Newry, Mourne and Down","At least 5 GCSEs at grades A*-C (incl. equivalent qualifications)",68.4,88.6,83.7
"Percentage of school leavers","2017/18","Newry, Mourne and Down","At least 5 GCSEs at grades A*-C (incl. equivalent qualifications) including GCSE English and maths",46.8,77.9,70.4
"Percentage of school leavers","2017/18","Newry, Mourne and Down","Total leavers",NA,NA,NA
"Percentage of school leavers","2017/18","Ards and North Down","At least 3 A-levels at grades A*-C (incl. equivalent qualifications)",22.1,46.7,42.8
"Percentage of school leavers","2017/18","Ards and North Down","At least 3 A-levels at grades A*-E (incl. equivalent qualifications)",30.1,61.3,56.3
"Percentage of school leavers","2017/18","Ards and North Down","At least 2 A-levels at grades A*-E (incl. equivalent qualifications)",35.3,65.8,60.9
"Percentage of school leavers","2017/18","Ards and North Down","At least 5 GCSEs at grades A*-C (incl. equivalent qualifications)",76.1,93.1,90.4
"Percentage of school leavers","2017/18","Ards and North Down","At least 5 GCSEs at grades A*-C (incl. equivalent qualifications) including GCSE English and maths",50.4,80.6,75.8
"Percentage of school leavers","2017/18","Ards and North Down","Total leavers",NA,NA,NA
"Percentage of school leavers","2017/18","Northern Ireland","At least 3 A-levels at grades A*-C (incl. equivalent qualifications)",22,47.1,40.7
"Percentage of school leavers","2017/18","Northern Ireland","At least 3 A-levels at grades A*-E (incl. equivalent qualifications)",32.4,60.6,53.4
"Percentage of school leavers","2017/18","Northern Ireland","At least 2 A-levels at grades A*-E (incl. equivalent qualifications)",36.5,63.6,56.7
"Percentage of school leavers","2017/18","Northern Ireland","At least 5 GCSEs at grades A*-C (incl. equivalent qualifications)",72,89.7,85.2
"Percentage of school leavers","2017/18","Northern Ireland","At least 5 GCSEs at grades A*-C (incl. equivalent qualifications) including GCSE English and maths",48.6,78.1,70.6
"Percentage of school leavers","2017/18","Northern Ireland","Total leavers",NA,NA,NA
"Percentage of school leavers","2018/19","Antrim and Newtownabbey","At least 3 A-levels at grades A*-C (incl. equivalent qualifications)",21.4,49.7,43.7
"Percentage of school leavers","2018/19","Antrim and Newtownabbey","At least 3 A-levels at grades A*-E (incl. equivalent qualifications)",31,62.1,55.5
"Percentage of school leavers","2018/19","Antrim and Newtownabbey","At least 2 A-levels at grades A*-E (incl. equivalent qualifications)",32.8,63.7,57.1
"Percentage of school leavers","2018/19","Antrim and Newtownabbey","At least 5 GCSEs at grades A*-C (incl. equivalent qualifications)",69.6,89.4,85.2
"Percentage of school leavers","2018/19","Antrim and Newtownabbey","At least 5 GCSEs at grades A*-C (incl. equivalent qualifications) including GCSE English and maths",43.5,77.9,70.6
"Percentage of school leavers","2018/19","Antrim and Newtownabbey","Total leavers",NA,NA,NA
"Percentage of school leavers","2018/19","Armagh City, Banbridge and Craigavon","At least 3 A-levels at grades A*-C (incl. equivalent qualifications)",15.9,41.5,35.3
"Percentage of school leavers","2018/19","Armagh City, Banbridge and Craigavon","At least 3 A-levels at grades A*-E (incl. equivalent qualifications)",23.4,51.3,44.4
"Percentage of school leavers","2018/19","Armagh City, Banbridge and Craigavon","At least 2 A-levels at grades A*-E (incl. equivalent qualifications)",26.5,53.5,46.9
"Percentage of school leavers","2018/19","Armagh City, Banbridge and Craigavon","At least 5 GCSEs at grades A*-C (incl. equivalent qualifications)",70.9,86.2,82.5
"Percentage of school leavers","2018/19","Armagh City, Banbridge and Craigavon","At least 5 GCSEs at grades A*-C (incl. equivalent qualifications) including GCSE English and maths",48.7,74.6,68.3
"Percentage of school leavers","2018/19","Armagh City, Banbridge and Craigavon","Total leavers",NA,NA,NA
"Percentage of school leavers","2018/19","Belfast","At least 3 A-levels at grades A*-C (incl. equivalent qualifications)",26.2,53.6,43.1
"Percentage of school leavers","2018/19","Belfast","At least 3 A-levels at grades A*-E (incl. equivalent qualifications)",34.6,66.5,54.3
"Percentage of school leavers","2018/19","Belfast","At least 2 A-levels at grades A*-E (incl. equivalent qualifications)",39.1,70.4,58.4
"Percentage of school leavers","2018/19","Belfast","At least 5 GCSEs at grades A*-C (incl. equivalent qualifications)",77.8,92.8,87.1
"Percentage of school leavers","2018/19","Belfast","At least 5 GCSEs at grades A*-C (incl. equivalent qualifications) including GCSE English and maths",44.8,79.8,66.4
"Percentage of school leavers","2018/19","Belfast","Total leavers",NA,NA,NA
"Percentage of school leavers","2018/19","Causeway Coast and Glens","At least 3 A-levels at grades A*-C (incl. equivalent qualifications)",25.2,44.1,39
"Percentage of school leavers","2018/19","Causeway Coast and Glens","At least 3 A-levels at grades A*-E (incl. equivalent qualifications)",29.9,54.7,48.1
"Percentage of school leavers","2018/19","Causeway Coast and Glens","At least 2 A-levels at grades A*-E (incl. equivalent qualifications)",33.5,58,51.4
"Percentage of school leavers","2018/19","Causeway Coast and Glens","At least 5 GCSEs at grades A*-C (incl. equivalent qualifications)",80.1,91.2,88.2
"Percentage of school leavers","2018/19","Causeway Coast and Glens","At least 5 GCSEs at grades A*-C (incl. equivalent qualifications) including GCSE English and maths",46.4,78.6,70
"Percentage of school leavers","2018/19","Causeway Coast and Glens","Total leavers",NA,NA,NA
"Percentage of school leavers","2018/19","Derry City and Strabane","At least 3 A-levels at grades A*-C (incl. equivalent qualifications)",24.9,45.5,38
"Percentage of school leavers","2018/19","Derry City and Strabane","At least 3 A-levels at grades A*-E (incl. equivalent qualifications)",36.2,58.9,50.6
"Percentage of school leavers","2018/19","Derry City and Strabane","At least 2 A-levels at grades A*-E (incl. equivalent qualifications)",40.6,62,54.1
"Percentage of school leavers","2018/19","Derry City and Strabane","At least 5 GCSEs at grades A*-C (incl. equivalent qualifications)",78.8,91.1,86.6
"Percentage of school leavers","2018/19","Derry City and Strabane","At least 5 GCSEs at grades A*-C (incl. equivalent qualifications) including GCSE English and maths",56.6,77.9,70.1
"Percentage of school leavers","2018/19","Derry City and Strabane","Total leavers",NA,NA,NA
"Percentage of school leavers","2018/19","Fermanagh and Omagh","At least 3 A-levels at grades A*-C (incl. equivalent qualifications)",28.9,52.3,46.3
"Percentage of school leavers","2018/19","Fermanagh and Omagh","At least 3 A-levels at grades A*-E (incl. equivalent qualifications)",43.1,64.3,58.9
"Percentage of school leavers","2018/19","Fermanagh and Omagh","At least 2 A-levels at grades A*-E (incl. equivalent qualifications)",48.3,67.4,62.5
"Percentage of school leavers","2018/19","Fermanagh and Omagh","At least 5 GCSEs at grades A*-C (incl. equivalent qualifications)",83.4,92.6,90.2
"Percentage of school leavers","2018/19","Fermanagh and Omagh","At least 5 GCSEs at grades A*-C (incl. equivalent qualifications) including GCSE English and maths",62,82,76.9
"Percentage of school leavers","2018/19","Fermanagh and Omagh","Total leavers",NA,NA,NA
"Percentage of school leavers","2018/19","Lisburn and Castlereagh","At least 3 A-levels at grades A*-C (incl. equivalent qualifications)",19.3,53.3,48
"Percentage of school leavers","2018/19","Lisburn and Castlereagh","At least 3 A-levels at grades A*-E (incl. equivalent qualifications)",29.1,66.6,60.8
"Percentage of school leavers","2018/19","Lisburn and Castlereagh","At least 2 A-levels at grades A*-E (incl. equivalent qualifications)",32.8,69.2,63.6
"Percentage of school leavers","2018/19","Lisburn and Castlereagh","At least 5 GCSEs at grades A*-C (incl. equivalent qualifications)",75.8,93.2,90.5
"Percentage of school leavers","2018/19","Lisburn and Castlereagh","At least 5 GCSEs at grades A*-C (incl. equivalent qualifications) including GCSE English and maths",50,83.9,78.7
"Percentage of school leavers","2018/19","Lisburn and Castlereagh","Total leavers",NA,NA,NA
"Percentage of school leavers","2018/19","Mid and East Antrim","At least 3 A-levels at grades A*-C (incl. equivalent qualifications)",18.7,45.9,40.1
"Percentage of school leavers","2018/19","Mid and East Antrim","At least 3 A-levels at grades A*-E (incl. equivalent qualifications)",25.7,58.3,51.3
"Percentage of school leavers","2018/19","Mid and East Antrim","At least 2 A-levels at grades A*-E (incl. equivalent qualifications)",29.2,60.8,54
"Percentage of school leavers","2018/19","Mid and East Antrim","At least 5 GCSEs at grades A*-C (incl. equivalent qualifications)",63.5,86.5,81.5
"Percentage of school leavers","2018/19","Mid and East Antrim","At least 5 GCSEs at grades A*-C (incl. equivalent qualifications) including GCSE English and maths",42.1,76.1,68.8
"Percentage of school leavers","2018/19","Mid and East Antrim","Total leavers",NA,NA,NA
"Percentage of school leavers","2018/19","Mid Ulster","At least 3 A-levels at grades A*-C (incl. equivalent qualifications)",25.1,45.1,40.5
"Percentage of school leavers","2018/19","Mid Ulster","At least 3 A-levels at grades A*-E (incl. equivalent qualifications)",34.3,58,52.6
"Percentage of school leavers","2018/19","Mid Ulster","At least 2 A-levels at grades A*-E (incl. equivalent qualifications)",37.2,61.1,55.7
"Percentage of school leavers","2018/19","Mid Ulster","At least 5 GCSEs at grades A*-C (incl. equivalent qualifications)",80.4,90.4,88.1
"Percentage of school leavers","2018/19","Mid Ulster","At least 5 GCSEs at grades A*-C (incl. equivalent qualifications) including GCSE English and maths",55.3,78.2,73
"Percentage of school leavers","2018/19","Mid Ulster","Total leavers",NA,NA,NA
"Percentage of school leavers","2018/19","Newry, Mourne and Down","At least 3 A-levels at grades A*-C (incl. equivalent qualifications)",21.6,47.2,40
"Percentage of school leavers","2018/19","Newry, Mourne and Down","At least 3 A-levels at grades A*-E (incl. equivalent qualifications)",33.4,61.3,53.5
"Percentage of school leavers","2018/19","Newry, Mourne and Down","At least 2 A-levels at grades A*-E (incl. equivalent qualifications)",36.8,64.2,56.5
"Percentage of school leavers","2018/19","Newry, Mourne and Down","At least 5 GCSEs at grades A*-C (incl. equivalent qualifications)",73.7,89,84.7
"Percentage of school leavers","2018/19","Newry, Mourne and Down","At least 5 GCSEs at grades A*-C (incl. equivalent qualifications) including GCSE English and maths",53.6,79,71.9
"Percentage of school leavers","2018/19","Newry, Mourne and Down","Total leavers",NA,NA,NA
"Percentage of school leavers","2018/19","Ards and North Down","At least 3 A-levels at grades A*-C (incl. equivalent qualifications)",15.9,46.4,40.1
"Percentage of school leavers","2018/19","Ards and North Down","At least 3 A-levels at grades A*-E (incl. equivalent qualifications)",23.9,58.3,51.1
"Percentage of school leavers","2018/19","Ards and North Down","At least 2 A-levels at grades A*-E (incl. equivalent qualifications)",25.4,62.7,54.9
"Percentage of school leavers","2018/19","Ards and North Down","At least 5 GCSEs at grades A*-C (incl. equivalent qualifications)",75.2,91.8,88.4
"Percentage of school leavers","2018/19","Ards and North Down","At least 5 GCSEs at grades A*-C (incl. equivalent qualifications) including GCSE English and maths",43.5,78.3,71.1
"Percentage of school leavers","2018/19","Ards and North Down","Total leavers",NA,NA,NA
"Percentage of school leavers","2018/19","Northern Ireland","At least 3 A-levels at grades A*-C (incl. equivalent qualifications)",22.7,47.6,41
"Percentage of school leavers","2018/19","Northern Ireland","At least 3 A-levels at grades A*-E (incl. equivalent qualifications)",31.9,60,52.5
"Percentage of school leavers","2018/19","Northern Ireland","At least 2 A-levels at grades A*-E (incl. equivalent qualifications)",35.6,63,55.6
"Percentage of school leavers","2018/19","Northern Ireland","At least 5 GCSEs at grades A*-C (incl. equivalent qualifications)",75.8,90.3,86.4
"Percentage of school leavers","2018/19","Northern Ireland","At least 5 GCSEs at grades A*-C (incl. equivalent qualifications) including GCSE English and maths",49.5,78.5,70.8
"Percentage of school leavers","2018/19","Northern Ireland","Total leavers",NA,NA,NA
"Percentage of school leavers","2019/20","Antrim and Newtownabbey","At least 3 A-levels at grades A*-C (incl. equivalent qualifications)",28.8,59.8,53.2
"Percentage of school leavers","2019/20","Antrim and Newtownabbey","At least 3 A-levels at grades A*-E (incl. equivalent qualifications)",32.4,64.6,57.8
"Percentage of school leavers","2019/20","Antrim and Newtownabbey","At least 2 A-levels at grades A*-E (incl. equivalent qualifications)",34.8,66.5,59.8
"Percentage of school leavers","2019/20","Antrim and Newtownabbey","At least 5 GCSEs at grades A*-C (incl. equivalent qualifications)",80.9,95.1,92.1
"Percentage of school leavers","2019/20","Antrim and Newtownabbey","At least 5 GCSEs at grades A*-C (incl. equivalent qualifications) including GCSE English and maths",51.5,83.2,76.5
"Percentage of school leavers","2019/20","Antrim and Newtownabbey","Total leavers",NA,NA,NA
"Percentage of school leavers","2019/20","Armagh City, Banbridge and Craigavon","At least 3 A-levels at grades A*-C (incl. equivalent qualifications)",24.9,50.7,45.2
"Percentage of school leavers","2019/20","Armagh City, Banbridge and Craigavon","At least 3 A-levels at grades A*-E (incl. equivalent qualifications)",29.7,55.5,50
"Percentage of school leavers","2019/20","Armagh City, Banbridge and Craigavon","At least 2 A-levels at grades A*-E (incl. equivalent qualifications)",32.5,58.3,52.8
"Percentage of school leavers","2019/20","Armagh City, Banbridge and Craigavon","At least 5 GCSEs at grades A*-C (incl. equivalent qualifications)",76.1,92.3,88.9
"Percentage of school leavers","2019/20","Armagh City, Banbridge and Craigavon","At least 5 GCSEs at grades A*-C (incl. equivalent qualifications) including GCSE English and maths",51.7,80.7,74.6
"Percentage of school leavers","2019/20","Armagh City, Banbridge and Craigavon","Total leavers",NA,NA,NA
"Percentage of school leavers","2019/20","Belfast","At least 3 A-levels at grades A*-C (incl. equivalent qualifications)",38.6,65.3,54.4
"Percentage of school leavers","2019/20","Belfast","At least 3 A-levels at grades A*-E (incl. equivalent qualifications)",44,70.4,59.7
"Percentage of school leavers","2019/20","Belfast","At least 2 A-levels at grades A*-E (incl. equivalent qualifications)",48.5,73.8,63.5
"Percentage of school leavers","2019/20","Belfast","At least 5 GCSEs at grades A*-C (incl. equivalent qualifications)",83.5,94.1,89.8
"Percentage of school leavers","2019/20","Belfast","At least 5 GCSEs at grades A*-C (incl. equivalent qualifications) including GCSE English and maths",52.4,81.6,69.7
"Percentage of school leavers","2019/20","Belfast","Total leavers",NA,NA,NA
"Percentage of school leavers","2019/20","Causeway Coast and Glens","At least 3 A-levels at grades A*-C (incl. equivalent qualifications)",23.2,52,44.6
"Percentage of school leavers","2019/20","Causeway Coast and Glens","At least 3 A-levels at grades A*-E (incl. equivalent qualifications)",25.8,56.5,48.6
"Percentage of school leavers","2019/20","Causeway Coast and Glens","At least 2 A-levels at grades A*-E (incl. equivalent qualifications)",28.6,58.3,50.7
"Percentage of school leavers","2019/20","Causeway Coast and Glens","At least 5 GCSEs at grades A*-C (incl. equivalent qualifications)",84.2,94.6,91.9
"Percentage of school leavers","2019/20","Causeway Coast and Glens","At least 5 GCSEs at grades A*-C (incl. equivalent qualifications) including GCSE English and maths",54.6,82.6,75.4
"Percentage of school leavers","2019/20","Causeway Coast and Glens","Total leavers",NA,NA,NA
"Percentage of school leavers","2019/20","Derry City and Strabane","At least 3 A-levels at grades A*-C (incl. equivalent qualifications)",32.9,60.2,49.9
"Percentage of school leavers","2019/20","Derry City and Strabane","At least 3 A-levels at grades A*-E (incl. equivalent qualifications)",39.4,66.4,56.2
"Percentage of school leavers","2019/20","Derry City and Strabane","At least 2 A-levels at grades A*-E (incl. equivalent qualifications)",43.5,69,59.4
"Percentage of school leavers","2019/20","Derry City and Strabane","At least 5 GCSEs at grades A*-C (incl. equivalent qualifications)",87.1,95.2,92.1
"Percentage of school leavers","2019/20","Derry City and Strabane","At least 5 GCSEs at grades A*-C (incl. equivalent qualifications) including GCSE English and maths",61,84.2,75.5
"Percentage of school leavers","2019/20","Derry City and Strabane","Total leavers",NA,NA,NA
"Percentage of school leavers","2019/20","Fermanagh and Omagh","At least 3 A-levels at grades A*-C (incl. equivalent qualifications)",35.4,64.5,57.2
"Percentage of school leavers","2019/20","Fermanagh and Omagh","At least 3 A-levels at grades A*-E (incl. equivalent qualifications)",41.7,69.2,62.3
"Percentage of school leavers","2019/20","Fermanagh and Omagh","At least 2 A-levels at grades A*-E (incl. equivalent qualifications)",44.1,71.7,64.8
"Percentage of school leavers","2019/20","Fermanagh and Omagh","At least 5 GCSEs at grades A*-C (incl. equivalent qualifications)",87.2,96.3,94
"Percentage of school leavers","2019/20","Fermanagh and Omagh","At least 5 GCSEs at grades A*-C (incl. equivalent qualifications) including GCSE English and maths",65.5,89.3,83.3
"Percentage of school leavers","2019/20","Fermanagh and Omagh","Total leavers",NA,NA,NA
"Percentage of school leavers","2019/20","Lisburn and Castlereagh","At least 3 A-levels at grades A*-C (incl. equivalent qualifications)",31.3,67,61.1
"Percentage of school leavers","2019/20","Lisburn and Castlereagh","At least 3 A-levels at grades A*-E (incl. equivalent qualifications)",36.7,71.5,65.8
"Percentage of school leavers","2019/20","Lisburn and Castlereagh","At least 2 A-levels at grades A*-E (incl. equivalent qualifications)",38.8,73.3,67.6
"Percentage of school leavers","2019/20","Lisburn and Castlereagh","At least 5 GCSEs at grades A*-C (incl. equivalent qualifications)",85.8,96.3,94.6
"Percentage of school leavers","2019/20","Lisburn and Castlereagh","At least 5 GCSEs at grades A*-C (incl. equivalent qualifications) including GCSE English and maths",51.7,86.1,80.4
"Percentage of school leavers","2019/20","Lisburn and Castlereagh","Total leavers",NA,NA,NA
"Percentage of school leavers","2019/20","Mid and East Antrim","At least 3 A-levels at grades A*-C (incl. equivalent qualifications)",27.3,60.7,54.1
"Percentage of school leavers","2019/20","Mid and East Antrim","At least 3 A-levels at grades A*-E (incl. equivalent qualifications)",31.9,65.7,59.1
"Percentage of school leavers","2019/20","Mid and East Antrim","At least 2 A-levels at grades A*-E (incl. equivalent qualifications)",35.1,67.3,61
"Percentage of school leavers","2019/20","Mid and East Antrim","At least 5 GCSEs at grades A*-C (incl. equivalent qualifications)",72.3,92.3,88.4
"Percentage of school leavers","2019/20","Mid and East Antrim","At least 5 GCSEs at grades A*-C (incl. equivalent qualifications) including GCSE English and maths",52.1,81.2,75.5
"Percentage of school leavers","2019/20","Mid and East Antrim","Total leavers",NA,NA,NA
"Percentage of school leavers","2019/20","Mid Ulster","At least 3 A-levels at grades A*-C (incl. equivalent qualifications)",37.5,58.3,53.7
"Percentage of school leavers","2019/20","Mid Ulster","At least 3 A-levels at grades A*-E (incl. equivalent qualifications)",41.3,62,57.5
"Percentage of school leavers","2019/20","Mid Ulster","At least 2 A-levels at grades A*-E (incl. equivalent qualifications)",43.3,64.3,59.7
"Percentage of school leavers","2019/20","Mid Ulster","At least 5 GCSEs at grades A*-C (incl. equivalent qualifications)",85.6,95.7,93.5
"Percentage of school leavers","2019/20","Mid Ulster","At least 5 GCSEs at grades A*-C (incl. equivalent qualifications) including GCSE English and maths",63,83.8,79.3
"Percentage of school leavers","2019/20","Mid Ulster","Total leavers",NA,NA,NA
"Percentage of school leavers","2019/20","Newry, Mourne and Down","At least 3 A-levels at grades A*-C (incl. equivalent qualifications)",30.8,57.7,50.8
"Percentage of school leavers","2019/20","Newry, Mourne and Down","At least 3 A-levels at grades A*-E (incl. equivalent qualifications)",33,61.9,54.4
"Percentage of school leavers","2019/20","Newry, Mourne and Down","At least 2 A-levels at grades A*-E (incl. equivalent qualifications)",36.1,65.3,57.7
"Percentage of school leavers","2019/20","Newry, Mourne and Down","At least 5 GCSEs at grades A*-C (incl. equivalent qualifications)",76,93.2,88.7
"Percentage of school leavers","2019/20","Newry, Mourne and Down","At least 5 GCSEs at grades A*-C (incl. equivalent qualifications) including GCSE English and maths",57,83.9,76.9
"Percentage of school leavers","2019/20","Newry, Mourne and Down","Total leavers",NA,NA,NA
"Percentage of school leavers","2019/20","Ards and North Down","At least 3 A-levels at grades A*-C (incl. equivalent qualifications)",30.2,58.9,53.6
"Percentage of school leavers","2019/20","Ards and North Down","At least 3 A-levels at grades A*-E (incl. equivalent qualifications)",34.7,65.9,60.2
"Percentage of school leavers","2019/20","Ards and North Down","At least 2 A-levels at grades A*-E (incl. equivalent qualifications)",39.2,68,62.7
"Percentage of school leavers","2019/20","Ards and North Down","At least 5 GCSEs at grades A*-C (incl. equivalent qualifications)",85.2,95.5,93.6
"Percentage of school leavers","2019/20","Ards and North Down","At least 5 GCSEs at grades A*-C (incl. equivalent qualifications) including GCSE English and maths",54,84.5,78.9
"Percentage of school leavers","2019/20","Ards and North Down","Total leavers",NA,NA,NA
"Percentage of school leavers","2019/20","Northern Ireland","At least 3 A-levels at grades A*-C (incl. equivalent qualifications)",32.3,59.2,52.2
"Percentage of school leavers","2019/20","Northern Ireland","At least 3 A-levels at grades A*-E (incl. equivalent qualifications)",37,64.2,57.1
"Percentage of school leavers","2019/20","Northern Ireland","At least 2 A-levels at grades A*-E (incl. equivalent qualifications)",40.3,66.7,59.8
"Percentage of school leavers","2019/20","Northern Ireland","At least 5 GCSEs at grades A*-C (incl. equivalent qualifications)",82.3,94.4,91.3
"Percentage of school leavers","2019/20","Northern Ireland","At least 5 GCSEs at grades A*-C (incl. equivalent qualifications) including GCSE English and maths",55.7,83.4,76.2
"Percentage of school leavers","2019/20","Northern Ireland","Total leavers",NA,NA,NA
"Percentage of school leavers","2020/21","Antrim and Newtownabbey","At least 3 A-levels at grades A*-C (incl. equivalent qualifications)",29.1,62.2,55.1
"Percentage of school leavers","2020/21","Antrim and Newtownabbey","At least 3 A-levels at grades A*-E (incl. equivalent qualifications)",34.7,67.6,60.5
"Percentage of school leavers","2020/21","Antrim and Newtownabbey","At least 2 A-levels at grades A*-E (incl. equivalent qualifications)",39.2,69.4,62.9
"Percentage of school leavers","2020/21","Antrim and Newtownabbey","At least 5 GCSEs at grades A*-C (incl. equivalent qualifications)",86.8,95.7,93.8
"Percentage of school leavers","2020/21","Antrim and Newtownabbey","At least 5 GCSEs at grades A*-C (incl. equivalent qualifications) including GCSE English and maths",56.9,85,78.9
"Percentage of school leavers","2020/21","Antrim and Newtownabbey","Total leavers",NA,NA,NA
"Percentage of school leavers","2020/21","Armagh City, Banbridge and Craigavon","At least 3 A-levels at grades A*-C (incl. equivalent qualifications)",23.4,49.5,43.9
"Percentage of school leavers","2020/21","Armagh City, Banbridge and Craigavon","At least 3 A-levels at grades A*-E (incl. equivalent qualifications)",27.2,54.9,48.9
"Percentage of school leavers","2020/21","Armagh City, Banbridge and Craigavon","At least 2 A-levels at grades A*-E (incl. equivalent qualifications)",30,56.5,50.7
"Percentage of school leavers","2020/21","Armagh City, Banbridge and Craigavon","At least 5 GCSEs at grades A*-C (incl. equivalent qualifications)",80.1,93.4,90.5
"Percentage of school leavers","2020/21","Armagh City, Banbridge and Craigavon","At least 5 GCSEs at grades A*-C (incl. equivalent qualifications) including GCSE English and maths",54.7,79.8,74.4
"Percentage of school leavers","2020/21","Armagh City, Banbridge and Craigavon","Total leavers",NA,NA,NA
"Percentage of school leavers","2020/21","Belfast","At least 3 A-levels at grades A*-C (incl. equivalent qualifications)",34.7,64.5,52.7
"Percentage of school leavers","2020/21","Belfast","At least 3 A-levels at grades A*-E (incl. equivalent qualifications)",39.7,71.1,58.7
"Percentage of school leavers","2020/21","Belfast","At least 2 A-levels at grades A*-E (incl. equivalent qualifications)",43.9,74.1,62.1
"Percentage of school leavers","2020/21","Belfast","At least 5 GCSEs at grades A*-C (incl. equivalent qualifications)",86.2,94.7,91.3
"Percentage of school leavers","2020/21","Belfast","At least 5 GCSEs at grades A*-C (incl. equivalent qualifications) including GCSE English and maths",54.9,82.9,71.8
"Percentage of school leavers","2020/21","Belfast","Total leavers",NA,NA,NA
"Percentage of school leavers","2020/21","Causeway Coast and Glens","At least 3 A-levels at grades A*-C (incl. equivalent qualifications)",27.9,56.7,49.2
"Percentage of school leavers","2020/21","Causeway Coast and Glens","At least 3 A-levels at grades A*-E (incl. equivalent qualifications)",31.8,61.8,54.1
"Percentage of school leavers","2020/21","Causeway Coast and Glens","At least 2 A-levels at grades A*-E (incl. equivalent qualifications)",33.6,64,56.1
"Percentage of school leavers","2020/21","Causeway Coast and Glens","At least 5 GCSEs at grades A*-C (incl. equivalent qualifications)",83.8,94.4,91.7
"Percentage of school leavers","2020/21","Causeway Coast and Glens","At least 5 GCSEs at grades A*-C (incl. equivalent qualifications) including GCSE English and maths",58.7,83.9,77.4
"Percentage of school leavers","2020/21","Causeway Coast and Glens","Total leavers",NA,NA,NA
"Percentage of school leavers","2020/21","Derry City and Strabane","At least 3 A-levels at grades A*-C (incl. equivalent qualifications)",32.8,62.4,52.3
"Percentage of school leavers","2020/21","Derry City and Strabane","At least 3 A-levels at grades A*-E (incl. equivalent qualifications)",39.4,69,59
"Percentage of school leavers","2020/21","Derry City and Strabane","At least 2 A-levels at grades A*-E (incl. equivalent qualifications)",42.2,70.2,60.7
"Percentage of school leavers","2020/21","Derry City and Strabane","At least 5 GCSEs at grades A*-C (incl. equivalent qualifications)",87.9,95.7,93
"Percentage of school leavers","2020/21","Derry City and Strabane","At least 5 GCSEs at grades A*-C (incl. equivalent qualifications) including GCSE English and maths",65.4,87.3,79.9
"Percentage of school leavers","2020/21","Derry City and Strabane","Total leavers",NA,NA,NA
"Percentage of school leavers","2020/21","Fermanagh and Omagh","At least 3 A-levels at grades A*-C (incl. equivalent qualifications)",49.8,64.6,61.6
"Percentage of school leavers","2020/21","Fermanagh and Omagh","At least 3 A-levels at grades A*-E (incl. equivalent qualifications)",55.8,69.5,66.8
"Percentage of school leavers","2020/21","Fermanagh and Omagh","At least 2 A-levels at grades A*-E (incl. equivalent qualifications)",57.8,71.4,68.6
"Percentage of school leavers","2020/21","Fermanagh and Omagh","At least 5 GCSEs at grades A*-C (incl. equivalent qualifications)",92.4,96.6,95.8
"Percentage of school leavers","2020/21","Fermanagh and Omagh","At least 5 GCSEs at grades A*-C (incl. equivalent qualifications) including GCSE English and maths",78.7,87.7,85.9
"Percentage of school leavers","2020/21","Fermanagh and Omagh","Total leavers",NA,NA,NA
"Percentage of school leavers","2020/21","Lisburn and Castlereagh","At least 3 A-levels at grades A*-C (incl. equivalent qualifications)",32.7,64.3,59
"Percentage of school leavers","2020/21","Lisburn and Castlereagh","At least 3 A-levels at grades A*-E (incl. equivalent qualifications)",37.6,69.6,64.2
"Percentage of school leavers","2020/21","Lisburn and Castlereagh","At least 2 A-levels at grades A*-E (incl. equivalent qualifications)",39.2,71.4,66
"Percentage of school leavers","2020/21","Lisburn and Castlereagh","At least 5 GCSEs at grades A*-C (incl. equivalent qualifications)",85.9,95.5,93.9
"Percentage of school leavers","2020/21","Lisburn and Castlereagh","At least 5 GCSEs at grades A*-C (incl. equivalent qualifications) including GCSE English and maths",58.2,86.8,82
"Percentage of school leavers","2020/21","Lisburn and Castlereagh","Total leavers",NA,NA,NA
"Percentage of school leavers","2020/21","Mid and East Antrim","At least 3 A-levels at grades A*-C (incl. equivalent qualifications)",28.6,59.7,52.6
"Percentage of school leavers","2020/21","Mid and East Antrim","At least 3 A-levels at grades A*-E (incl. equivalent qualifications)",33.7,64.7,57.6
"Percentage of school leavers","2020/21","Mid and East Antrim","At least 2 A-levels at grades A*-E (incl. equivalent qualifications)",37.1,66.8,60
"Percentage of school leavers","2020/21","Mid and East Antrim","At least 5 GCSEs at grades A*-C (incl. equivalent qualifications)",79.7,94,90.7
"Percentage of school leavers","2020/21","Mid and East Antrim","At least 5 GCSEs at grades A*-C (incl. equivalent qualifications) including GCSE English and maths",54,80.9,74.8
"Percentage of school leavers","2020/21","Mid and East Antrim","Total leavers",NA,NA,NA
"Percentage of school leavers","2020/21","Mid Ulster","At least 3 A-levels at grades A*-C (incl. equivalent qualifications)",33.6,58.7,52.9
"Percentage of school leavers","2020/21","Mid Ulster","At least 3 A-levels at grades A*-E (incl. equivalent qualifications)",37.6,62.9,57
"Percentage of school leavers","2020/21","Mid Ulster","At least 2 A-levels at grades A*-E (incl. equivalent qualifications)",38.8,64.1,58.2
"Percentage of school leavers","2020/21","Mid Ulster","At least 5 GCSEs at grades A*-C (incl. equivalent qualifications)",83,94.7,92
"Percentage of school leavers","2020/21","Mid Ulster","At least 5 GCSEs at grades A*-C (incl. equivalent qualifications) including GCSE English and maths",64.1,82.9,78.5
"Percentage of school leavers","2020/21","Mid Ulster","Total leavers",NA,NA,NA
"Percentage of school leavers","2020/21","Newry, Mourne and Down","At least 3 A-levels at grades A*-C (incl. equivalent qualifications)",38.8,58.5,53.8
"Percentage of school leavers","2020/21","Newry, Mourne and Down","At least 3 A-levels at grades A*-E (incl. equivalent qualifications)",41,61.9,57
"Percentage of school leavers","2020/21","Newry, Mourne and Down","At least 2 A-levels at grades A*-E (incl. equivalent qualifications)",45.6,65.9,61.1
"Percentage of school leavers","2020/21","Newry, Mourne and Down","At least 5 GCSEs at grades A*-C (incl. equivalent qualifications)",84,93.2,91.1
"Percentage of school leavers","2020/21","Newry, Mourne and Down","At least 5 GCSEs at grades A*-C (incl. equivalent qualifications) including GCSE English and maths",65.7,83.6,79.4
"Percentage of school leavers","2020/21","Newry, Mourne and Down","Total leavers",NA,NA,NA
"Percentage of school leavers","2020/21","Ards and North Down","At least 3 A-levels at grades A*-C (incl. equivalent qualifications)",32.5,60.6,54.9
"Percentage of school leavers","2020/21","Ards and North Down","At least 3 A-levels at grades A*-E (incl. equivalent qualifications)",37,66.6,60.7
"Percentage of school leavers","2020/21","Ards and North Down","At least 2 A-levels at grades A*-E (incl. equivalent qualifications)",40.2,69.5,63.6
"Percentage of school leavers","2020/21","Ards and North Down","At least 5 GCSEs at grades A*-C (incl. equivalent qualifications)",82.8,94.7,92.3
"Percentage of school leavers","2020/21","Ards and North Down","At least 5 GCSEs at grades A*-C (incl. equivalent qualifications) including GCSE English and maths",59.5,85,79.8
"Percentage of school leavers","2020/21","Ards and North Down","Total leavers",NA,NA,NA
"Percentage of school leavers","2020/21","Northern Ireland","At least 3 A-levels at grades A*-C (incl. equivalent qualifications)",33,59.7,52.9
"Percentage of school leavers","2020/21","Northern Ireland","At least 3 A-levels at grades A*-E (incl. equivalent qualifications)",37.7,65,58
"Percentage of school leavers","2020/21","Northern Ireland","At least 2 A-levels at grades A*-E (incl. equivalent qualifications)",40.9,67.2,60.5
"Percentage of school leavers","2020/21","Northern Ireland","At least 5 GCSEs at grades A*-C (incl. equivalent qualifications)",84.8,94.7,92.1
"Percentage of school leavers","2020/21","Northern Ireland","At least 5 GCSEs at grades A*-C (incl. equivalent qualifications) including GCSE English and maths",59.8,83.8,77.7
"Percentage of school leavers","2020/21","Northern Ireland","Total leavers",NA,NA,NA
"Percentage of school leavers","2021/22","Antrim and Newtownabbey","At least 3 A-levels at grades A*-C (incl. equivalent qualifications)",27.6,52.8,47.3
"Percentage of school leavers","2021/22","Antrim and Newtownabbey","At least 3 A-levels at grades A*-E (incl. equivalent qualifications)",36.6,63.4,57.5
"Percentage of school leavers","2021/22","Antrim and Newtownabbey","At least 2 A-levels at grades A*-E (incl. equivalent qualifications)",40.3,66,60.3
"Percentage of school leavers","2021/22","Antrim and Newtownabbey","At least 5 GCSEs at grades A*-C (incl. equivalent qualifications)",88.9,96.5,94.8
"Percentage of school leavers","2021/22","Antrim and Newtownabbey","At least 5 GCSEs at grades A*-C (incl. equivalent qualifications) including GCSE English and maths",57.9,85.1,79.1
"Percentage of school leavers","2021/22","Antrim and Newtownabbey","Total leavers",NA,NA,NA
"Percentage of school leavers","2021/22","Armagh City, Banbridge and Craigavon","At least 3 A-levels at grades A*-C (incl. equivalent qualifications)",17.7,44.4,38.4
"Percentage of school leavers","2021/22","Armagh City, Banbridge and Craigavon","At least 3 A-levels at grades A*-E (incl. equivalent qualifications)",24.2,53.5,47
"Percentage of school leavers","2021/22","Armagh City, Banbridge and Craigavon","At least 2 A-levels at grades A*-E (incl. equivalent qualifications)",26.3,55.4,48.9
"Percentage of school leavers","2021/22","Armagh City, Banbridge and Craigavon","At least 5 GCSEs at grades A*-C (incl. equivalent qualifications)",81.1,92.9,90.3
"Percentage of school leavers","2021/22","Armagh City, Banbridge and Craigavon","At least 5 GCSEs at grades A*-C (incl. equivalent qualifications) including GCSE English and maths",58.4,81.1,76
"Percentage of school leavers","2021/22","Armagh City, Banbridge and Craigavon","Total leavers",NA,NA,NA
"Percentage of school leavers","2021/22","Belfast","At least 3 A-levels at grades A*-C (incl. equivalent qualifications)",27.9,56.4,45.3
"Percentage of school leavers","2021/22","Belfast","At least 3 A-levels at grades A*-E (incl. equivalent qualifications)",37.3,65.8,54.7
"Percentage of school leavers","2021/22","Belfast","At least 2 A-levels at grades A*-E (incl. equivalent qualifications)",41.2,69,58.2
"Percentage of school leavers","2021/22","Belfast","At least 5 GCSEs at grades A*-C (incl. equivalent qualifications)",82.3,94.5,89.7
"Percentage of school leavers","2021/22","Belfast","At least 5 GCSEs at grades A*-C (incl. equivalent qualifications) including GCSE English and maths",55.1,81.2,71
"Percentage of school leavers","2021/22","Belfast","Total leavers",NA,NA,NA
"Percentage of school leavers","2021/22","Causeway Coast and Glens","At least 3 A-levels at grades A*-C (incl. equivalent qualifications)",23.7,52.5,46.2
"Percentage of school leavers","2021/22","Causeway Coast and Glens","At least 3 A-levels at grades A*-E (incl. equivalent qualifications)",27.4,59.8,52.8
"Percentage of school leavers","2021/22","Causeway Coast and Glens","At least 2 A-levels at grades A*-E (incl. equivalent qualifications)",28.2,61.8,54.5
"Percentage of school leavers","2021/22","Causeway Coast and Glens","At least 5 GCSEs at grades A*-C (incl. equivalent qualifications)",82.8,96,93.1
"Percentage of school leavers","2021/22","Causeway Coast and Glens","At least 5 GCSEs at grades A*-C (incl. equivalent qualifications) including GCSE English and maths",57.9,83.2,77.7
"Percentage of school leavers","2021/22","Causeway Coast and Glens","Total leavers",NA,NA,NA
"Percentage of school leavers","2021/22","Derry City and Strabane","At least 3 A-levels at grades A*-C (incl. equivalent qualifications)",23.8,49.2,40.4
"Percentage of school leavers","2021/22","Derry City and Strabane","At least 3 A-levels at grades A*-E (incl. equivalent qualifications)",31.8,62.5,51.8
"Percentage of school leavers","2021/22","Derry City and Strabane","At least 2 A-levels at grades A*-E (incl. equivalent qualifications)",36.6,65.6,55.5
"Percentage of school leavers","2021/22","Derry City and Strabane","At least 5 GCSEs at grades A*-C (incl. equivalent qualifications)",85.4,94.8,91.6
"Percentage of school leavers","2021/22","Derry City and Strabane","At least 5 GCSEs at grades A*-C (incl. equivalent qualifications) including GCSE English and maths",57.1,85.3,75.5
"Percentage of school leavers","2021/22","Derry City and Strabane","Total leavers",NA,NA,NA
"Percentage of school leavers","2021/22","Fermanagh and Omagh","At least 3 A-levels at grades A*-C (incl. equivalent qualifications)",26.4,50.8,45.6
"Percentage of school leavers","2021/22","Fermanagh and Omagh","At least 3 A-levels at grades A*-E (incl. equivalent qualifications)",32.5,59.8,54
"Percentage of school leavers","2021/22","Fermanagh and Omagh","At least 2 A-levels at grades A*-E (incl. equivalent qualifications)",38.4,66.5,60.6
"Percentage of school leavers","2021/22","Fermanagh and Omagh","At least 5 GCSEs at grades A*-C (incl. equivalent qualifications)",87.3,94.9,93.3
"Percentage of school leavers","2021/22","Fermanagh and Omagh","At least 5 GCSEs at grades A*-C (incl. equivalent qualifications) including GCSE English and maths",67.5,86.3,82.3
"Percentage of school leavers","2021/22","Fermanagh and Omagh","Total leavers",NA,NA,NA
"Percentage of school leavers","2021/22","Lisburn and Castlereagh","At least 3 A-levels at grades A*-C (incl. equivalent qualifications)",29.8,58.5,54.2
"Percentage of school leavers","2021/22","Lisburn and Castlereagh","At least 3 A-levels at grades A*-E (incl. equivalent qualifications)",38.8,67.6,63.2
"Percentage of school leavers","2021/22","Lisburn and Castlereagh","At least 2 A-levels at grades A*-E (incl. equivalent qualifications)",40.8,70.3,65.8
"Percentage of school leavers","2021/22","Lisburn and Castlereagh","At least 5 GCSEs at grades A*-C (incl. equivalent qualifications)",82.7,95.7,93.7
"Percentage of school leavers","2021/22","Lisburn and Castlereagh","At least 5 GCSEs at grades A*-C (incl. equivalent qualifications) including GCSE English and maths",61.6,88.6,84.4
"Percentage of school leavers","2021/22","Lisburn and Castlereagh","Total leavers",NA,NA,NA
"Percentage of school leavers","2021/22","Mid and East Antrim","At least 3 A-levels at grades A*-C (incl. equivalent qualifications)",20.2,53.6,46.8
"Percentage of school leavers","2021/22","Mid and East Antrim","At least 3 A-levels at grades A*-E (incl. equivalent qualifications)",27,61.8,54.6
"Percentage of school leavers","2021/22","Mid and East Antrim","At least 2 A-levels at grades A*-E (incl. equivalent qualifications)",30.6,64.8,57.8
"Percentage of school leavers","2021/22","Mid and East Antrim","At least 5 GCSEs at grades A*-C (incl. equivalent qualifications)",79.5,95.1,91.9
"Percentage of school leavers","2021/22","Mid and East Antrim","At least 5 GCSEs at grades A*-C (incl. equivalent qualifications) including GCSE English and maths",52.5,81.7,75.7
"Percentage of school leavers","2021/22","Mid and East Antrim","Total leavers",NA,NA,NA
"Percentage of school leavers","2021/22","Mid Ulster","At least 3 A-levels at grades A*-C (incl. equivalent qualifications)",32.5,48.8,45.2
"Percentage of school leavers","2021/22","Mid Ulster","At least 3 A-levels at grades A*-E (incl. equivalent qualifications)",41.5,58.7,54.9
"Percentage of school leavers","2021/22","Mid Ulster","At least 2 A-levels at grades A*-E (incl. equivalent qualifications)",45.2,61.7,58.1
"Percentage of school leavers","2021/22","Mid Ulster","At least 5 GCSEs at grades A*-C (incl. equivalent qualifications)",84.5,94.1,92
"Percentage of school leavers","2021/22","Mid Ulster","At least 5 GCSEs at grades A*-C (incl. equivalent qualifications) including GCSE English and maths",67.3,85,81.1
"Percentage of school leavers","2021/22","Mid Ulster","Total leavers",NA,NA,NA
"Percentage of school leavers","2021/22","Newry, Mourne and Down","At least 3 A-levels at grades A*-C (incl. equivalent qualifications)",26,50.7,45.2
"Percentage of school leavers","2021/22","Newry, Mourne and Down","At least 3 A-levels at grades A*-E (incl. equivalent qualifications)",33.9,59.2,53.6
"Percentage of school leavers","2021/22","Newry, Mourne and Down","At least 2 A-levels at grades A*-E (incl. equivalent qualifications)",39.5,63.8,58.4
"Percentage of school leavers","2021/22","Newry, Mourne and Down","At least 5 GCSEs at grades A*-C (incl. equivalent qualifications)",83.4,93.1,91
"Percentage of school leavers","2021/22","Newry, Mourne and Down","At least 5 GCSEs at grades A*-C (incl. equivalent qualifications) including GCSE English and maths",65.7,85.8,81.3
"Percentage of school leavers","2021/22","Newry, Mourne and Down","Total leavers",NA,NA,NA
"Percentage of school leavers","2021/22","Ards and North Down","At least 3 A-levels at grades A*-C (incl. equivalent qualifications)",24,52.9,47.8
"Percentage of school leavers","2021/22","Ards and North Down","At least 3 A-levels at grades A*-E (incl. equivalent qualifications)",32.7,63.8,58.3
"Percentage of school leavers","2021/22","Ards and North Down","At least 2 A-levels at grades A*-E (incl. equivalent qualifications)",37.4,67.6,62.3
"Percentage of school leavers","2021/22","Ards and North Down","At least 5 GCSEs at grades A*-C (incl. equivalent qualifications)",83.5,95.1,93.1
"Percentage of school leavers","2021/22","Ards and North Down","At least 5 GCSEs at grades A*-C (incl. equivalent qualifications) including GCSE English and maths",60.7,86.5,82
"Percentage of school leavers","2021/22","Ards and North Down","Total leavers",NA,NA,NA
"Percentage of school leavers","2021/22","Northern Ireland","At least 3 A-levels at grades A*-C (incl. equivalent qualifications)",25.5,51.8,45.2
"Percentage of school leavers","2021/22","Northern Ireland","At least 3 A-levels at grades A*-E (incl. equivalent qualifications)",33.5,61.3,54.4
"Percentage of school leavers","2021/22","Northern Ireland","At least 2 A-levels at grades A*-E (incl. equivalent qualifications)",37.2,64.6,57.8
"Percentage of school leavers","2021/22","Northern Ireland","At least 5 GCSEs at grades A*-C (incl. equivalent qualifications)",83.4,94.6,91.9
"Percentage of school leavers","2021/22","Northern Ireland","At least 5 GCSEs at grades A*-C (incl. equivalent qualifications) including GCSE English and maths",59.1,84.2,78
"Percentage of school leavers","2021/22","Northern Ireland","Total leavers",NA,NA,NA
"Percentage of school leavers","2022/23","Antrim and Newtownabbey","At least 3 A-levels at grades A*-C (incl. equivalent qualifications)",19.9,50.9,44.5
"Percentage of school leavers","2022/23","Antrim and Newtownabbey","At least 3 A-levels at grades A*-E (incl. equivalent qualifications)",31.2,61.6,55.4
"Percentage of school leavers","2022/23","Antrim and Newtownabbey","At least 2 A-levels at grades A*-E (incl. equivalent qualifications)",34.3,63.5,57.5
"Percentage of school leavers","2022/23","Antrim and Newtownabbey","At least 5 GCSEs at grades A*-C (incl. equivalent qualifications)",82.6,95.3,92.7
"Percentage of school leavers","2022/23","Antrim and Newtownabbey","At least 5 GCSEs at grades A*-C (incl. equivalent qualifications) including GCSE English and maths",53.9,84.3,78
"Percentage of school leavers","2022/23","Antrim and Newtownabbey","Total leavers",NA,NA,NA
"Percentage of school leavers","2022/23","Armagh City, Banbridge and Craigavon","At least 3 A-levels at grades A*-C (incl. equivalent qualifications)",15.1,41.7,36.4
"Percentage of school leavers","2022/23","Armagh City, Banbridge and Craigavon","At least 3 A-levels at grades A*-E (incl. equivalent qualifications)",18.1,52.2,45.4
"Percentage of school leavers","2022/23","Armagh City, Banbridge and Craigavon","At least 2 A-levels at grades A*-E (incl. equivalent qualifications)",19.7,54.1,47.3
"Percentage of school leavers","2022/23","Armagh City, Banbridge and Craigavon","At least 5 GCSEs at grades A*-C (incl. equivalent qualifications)",71.7,90.8,87
"Percentage of school leavers","2022/23","Armagh City, Banbridge and Craigavon","At least 5 GCSEs at grades A*-C (incl. equivalent qualifications) including GCSE English and maths",49.5,78,72.3
"Percentage of school leavers","2022/23","Armagh City, Banbridge and Craigavon","Total leavers",NA,NA,NA
"Percentage of school leavers","2022/23","Belfast","At least 3 A-levels at grades A*-C (incl. equivalent qualifications)",25.3,54,42.7
"Percentage of school leavers","2022/23","Belfast","At least 3 A-levels at grades A*-E (incl. equivalent qualifications)",35.3,64,52.7
"Percentage of school leavers","2022/23","Belfast","At least 2 A-levels at grades A*-E (incl. equivalent qualifications)",40,68,57
"Percentage of school leavers","2022/23","Belfast","At least 5 GCSEs at grades A*-C (incl. equivalent qualifications)",82.4,93.5,89.1
"Percentage of school leavers","2022/23","Belfast","At least 5 GCSEs at grades A*-C (incl. equivalent qualifications) including GCSE English and maths",56,81.9,71.7
"Percentage of school leavers","2022/23","Belfast","Total leavers",NA,NA,NA
"Percentage of school leavers","2022/23","Causeway Coast and Glens","At least 3 A-levels at grades A*-C (incl. equivalent qualifications)",17.4,46.8,40
"Percentage of school leavers","2022/23","Causeway Coast and Glens","At least 3 A-levels at grades A*-E (incl. equivalent qualifications)",23.7,56.9,49.2
"Percentage of school leavers","2022/23","Causeway Coast and Glens","At least 2 A-levels at grades A*-E (incl. equivalent qualifications)",27.9,60,52.6
"Percentage of school leavers","2022/23","Causeway Coast and Glens","At least 5 GCSEs at grades A*-C (incl. equivalent qualifications)",77.9,93.1,89.5
"Percentage of school leavers","2022/23","Causeway Coast and Glens","At least 5 GCSEs at grades A*-C (incl. equivalent qualifications) including GCSE English and maths",48.7,79.8,72.6
"Percentage of school leavers","2022/23","Causeway Coast and Glens","Total leavers",NA,NA,NA
"Percentage of school leavers","2022/23","Derry City and Strabane","At least 3 A-levels at grades A*-C (incl. equivalent qualifications)",19.8,46.8,37.7
"Percentage of school leavers","2022/23","Derry City and Strabane","At least 3 A-levels at grades A*-E (incl. equivalent qualifications)",33.7,61.6,52.2
"Percentage of school leavers","2022/23","Derry City and Strabane","At least 2 A-levels at grades A*-E (incl. equivalent qualifications)",38.2,64.8,55.8
"Percentage of school leavers","2022/23","Derry City and Strabane","At least 5 GCSEs at grades A*-C (incl. equivalent qualifications)",80.9,92.3,88.5
"Percentage of school leavers","2022/23","Derry City and Strabane","At least 5 GCSEs at grades A*-C (incl. equivalent qualifications) including GCSE English and maths",59.4,82.5,74.8
"Percentage of school leavers","2022/23","Derry City and Strabane","Total leavers",NA,NA,NA
"Percentage of school leavers","2022/23","Fermanagh and Omagh","At least 3 A-levels at grades A*-C (incl. equivalent qualifications)",20.1,49.3,43
"Percentage of school leavers","2022/23","Fermanagh and Omagh","At least 3 A-levels at grades A*-E (incl. equivalent qualifications)",32.3,63.4,56.6
"Percentage of school leavers","2022/23","Fermanagh and Omagh","At least 2 A-levels at grades A*-E (incl. equivalent qualifications)",36.5,66.6,60.1
"Percentage of school leavers","2022/23","Fermanagh and Omagh","At least 5 GCSEs at grades A*-C (incl. equivalent qualifications)",80.5,95.1,92
"Percentage of school leavers","2022/23","Fermanagh and Omagh","At least 5 GCSEs at grades A*-C (incl. equivalent qualifications) including GCSE English and maths",63.2,85.9,81
"Percentage of school leavers","2022/23","Fermanagh and Omagh","Total leavers",NA,NA,NA
"Percentage of school leavers","2022/23","Lisburn and Castlereagh","At least 3 A-levels at grades A*-C (incl. equivalent qualifications)",24.9,54.4,49.7
"Percentage of school leavers","2022/23","Lisburn and Castlereagh","At least 3 A-levels at grades A*-E (incl. equivalent qualifications)",33.3,65.1,60.1
"Percentage of school leavers","2022/23","Lisburn and Castlereagh","At least 2 A-levels at grades A*-E (incl. equivalent qualifications)",36.9,67.9,63
"Percentage of school leavers","2022/23","Lisburn and Castlereagh","At least 5 GCSEs at grades A*-C (incl. equivalent qualifications)",78.7,94.6,92.1
"Percentage of school leavers","2022/23","Lisburn and Castlereagh","At least 5 GCSEs at grades A*-C (incl. equivalent qualifications) including GCSE English and maths",59,87.5,83
"Percentage of school leavers","2022/23","Lisburn and Castlereagh","Total leavers",NA,NA,NA
"Percentage of school leavers","2022/23","Mid and East Antrim","At least 3 A-levels at grades A*-C (incl. equivalent qualifications)",19.3,46.9,41.3
"Percentage of school leavers","2022/23","Mid and East Antrim","At least 3 A-levels at grades A*-E (incl. equivalent qualifications)",26.9,59.9,53.2
"Percentage of school leavers","2022/23","Mid and East Antrim","At least 2 A-levels at grades A*-E (incl. equivalent qualifications)",30.9,62.5,56.1
"Percentage of school leavers","2022/23","Mid and East Antrim","At least 5 GCSEs at grades A*-C (incl. equivalent qualifications)",75.9,91.5,88.4
"Percentage of school leavers","2022/23","Mid and East Antrim","At least 5 GCSEs at grades A*-C (incl. equivalent qualifications) including GCSE English and maths",53.8,80.2,74.8
"Percentage of school leavers","2022/23","Mid and East Antrim","Total leavers",NA,NA,NA
"Percentage of school leavers","2022/23","Mid Ulster","At least 3 A-levels at grades A*-C (incl. equivalent qualifications)",26.7,48.9,44.3
"Percentage of school leavers","2022/23","Mid Ulster","At least 3 A-levels at grades A*-E (incl. equivalent qualifications)",36.9,58.7,54.2
"Percentage of school leavers","2022/23","Mid Ulster","At least 2 A-levels at grades A*-E (incl. equivalent qualifications)",41.3,61.2,57.1
"Percentage of school leavers","2022/23","Mid Ulster","At least 5 GCSEs at grades A*-C (incl. equivalent qualifications)",85.7,93.3,91.7
"Percentage of school leavers","2022/23","Mid Ulster","At least 5 GCSEs at grades A*-C (incl. equivalent qualifications) including GCSE English and maths",63.8,83.8,79.7
"Percentage of school leavers","2022/23","Mid Ulster","Total leavers",NA,NA,NA
"Percentage of school leavers","2022/23","Newry, Mourne and Down","At least 3 A-levels at grades A*-C (incl. equivalent qualifications)",24.5,48.1,42.8
"Percentage of school leavers","2022/23","Newry, Mourne and Down","At least 3 A-levels at grades A*-E (incl. equivalent qualifications)",36.1,59.2,54
"Percentage of school leavers","2022/23","Newry, Mourne and Down","At least 2 A-levels at grades A*-E (incl. equivalent qualifications)",39.3,62.7,57.4
"Percentage of school leavers","2022/23","Newry, Mourne and Down","At least 5 GCSEs at grades A*-C (incl. equivalent qualifications)",82.4,92,89.8
"Percentage of school leavers","2022/23","Newry, Mourne and Down","At least 5 GCSEs at grades A*-C (incl. equivalent qualifications) including GCSE English and maths",62.5,81.9,77.5
"Percentage of school leavers","2022/23","Newry, Mourne and Down","Total leavers",NA,NA,NA
"Percentage of school leavers","2022/23","Ards and North Down","At least 3 A-levels at grades A*-C (incl. equivalent qualifications)",18.3,50.2,44.3
"Percentage of school leavers","2022/23","Ards and North Down","At least 3 A-levels at grades A*-E (incl. equivalent qualifications)",29,62.2,56
"Percentage of school leavers","2022/23","Ards and North Down","At least 2 A-levels at grades A*-E (incl. equivalent qualifications)",32.9,65.4,59.4
"Percentage of school leavers","2022/23","Ards and North Down","At least 5 GCSEs at grades A*-C (incl. equivalent qualifications)",76.8,93.4,90.4
"Percentage of school leavers","2022/23","Ards and North Down","At least 5 GCSEs at grades A*-C (incl. equivalent qualifications) including GCSE English and maths",54.3,83.8,78.4
"Percentage of school leavers","2022/23","Ards and North Down","Total leavers",NA,NA,NA
"Percentage of school leavers","2022/23","Northern Ireland","At least 3 A-levels at grades A*-C (incl. equivalent qualifications)",21.6,48.7,42.1
"Percentage of school leavers","2022/23","Northern Ireland","At least 3 A-levels at grades A*-E (incl. equivalent qualifications)",31.3,60.1,53.1
"Percentage of school leavers","2022/23","Northern Ireland","At least 2 A-levels at grades A*-E (incl. equivalent qualifications)",35.1,63,56.2
"Percentage of school leavers","2022/23","Northern Ireland","At least 5 GCSEs at grades A*-C (incl. equivalent qualifications)",80,93,89.8
"Percentage of school leavers","2022/23","Northern Ireland","At least 5 GCSEs at grades A*-C (incl. equivalent qualifications) including GCSE English and maths",56.5,82.3,76.1
"Percentage of school leavers","2022/23","Northern Ireland","Total leavers",NA,NA,NA
"Percentage of school leavers","2023/24","Antrim and Newtownabbey","At least 3 A-levels at grades A*-C (incl. equivalent qualifications)",16.5,45.2,40.1
"Percentage of school leavers","2023/24","Antrim and Newtownabbey","At least 3 A-levels at grades A*-E (incl. equivalent qualifications)",23.2,56.7,50.8
"Percentage of school leavers","2023/24","Antrim and Newtownabbey","At least 2 A-levels at grades A*-E (incl. equivalent qualifications)",27.2,59.5,53.7
"Percentage of school leavers","2023/24","Antrim and Newtownabbey","At least 5 GCSEs at grades A*-C (incl. equivalent qualifications)",78,91.1,88.8
"Percentage of school leavers","2023/24","Antrim and Newtownabbey","At least 5 GCSEs at grades A*-C (incl. equivalent qualifications) including GCSE English and maths",47.7,76.5,71.4
"Percentage of school leavers","2023/24","Antrim and Newtownabbey","Total leavers",NA,NA,NA
"Percentage of school leavers","2023/24","Armagh City, Banbridge and Craigavon","At least 3 A-levels at grades A*-C (incl. equivalent qualifications)",18.3,37,34.2
"Percentage of school leavers","2023/24","Armagh City, Banbridge and Craigavon","At least 3 A-levels at grades A*-E (incl. equivalent qualifications)",22.7,48.9,45
"Percentage of school leavers","2023/24","Armagh City, Banbridge and Craigavon","At least 2 A-levels at grades A*-E (incl. equivalent qualifications)",25.4,50.4,46.7
"Percentage of school leavers","2023/24","Armagh City, Banbridge and Craigavon","At least 5 GCSEs at grades A*-C (incl. equivalent qualifications)",70.3,89.1,86.3
"Percentage of school leavers","2023/24","Armagh City, Banbridge and Craigavon","At least 5 GCSEs at grades A*-C (incl. equivalent qualifications) including GCSE English and maths",43.2,73.4,68.9
"Percentage of school leavers","2023/24","Armagh City, Banbridge and Craigavon","Total leavers",NA,NA,NA
"Percentage of school leavers","2023/24","Belfast","At least 3 A-levels at grades A*-C (incl. equivalent qualifications)",25.4,43.7,38.5
"Percentage of school leavers","2023/24","Belfast","At least 3 A-levels at grades A*-E (incl. equivalent qualifications)",39.2,56.4,51.6
"Percentage of school leavers","2023/24","Belfast","At least 2 A-levels at grades A*-E (incl. equivalent qualifications)",42.7,60.1,55.2
"Percentage of school leavers","2023/24","Belfast","At least 5 GCSEs at grades A*-C (incl. equivalent qualifications)",82.6,87.8,86.4
"Percentage of school leavers","2023/24","Belfast","At least 5 GCSEs at grades A*-C (incl. equivalent qualifications) including GCSE English and maths",55.2,72.6,67.7
"Percentage of school leavers","2023/24","Belfast","Total leavers",NA,NA,NA
"Percentage of school leavers","2023/24","Causeway Coast and Glens","At least 3 A-levels at grades A*-C (incl. equivalent qualifications)",16,38.4,33
"Percentage of school leavers","2023/24","Causeway Coast and Glens","At least 3 A-levels at grades A*-E (incl. equivalent qualifications)",24.6,51.8,45.3
"Percentage of school leavers","2023/24","Causeway Coast and Glens","At least 2 A-levels at grades A*-E (incl. equivalent qualifications)",25.7,55,47.9
"Percentage of school leavers","2023/24","Causeway Coast and Glens","At least 5 GCSEs at grades A*-C (incl. equivalent qualifications)",75.6,91,87.3
"Percentage of school leavers","2023/24","Causeway Coast and Glens","At least 5 GCSEs at grades A*-C (incl. equivalent qualifications) including GCSE English and maths",44,77.7,69.6
"Percentage of school leavers","2023/24","Causeway Coast and Glens","Total leavers",NA,NA,NA
"Percentage of school leavers","2023/24","Derry City and Strabane","At least 3 A-levels at grades A*-C (incl. equivalent qualifications)",23.7,42.2,36.1
"Percentage of school leavers","2023/24","Derry City and Strabane","At least 3 A-levels at grades A*-E (incl. equivalent qualifications)",33.8,56,48.6
"Percentage of school leavers","2023/24","Derry City and Strabane","At least 2 A-levels at grades A*-E (incl. equivalent qualifications)",37.6,58.8,51.7
"Percentage of school leavers","2023/24","Derry City and Strabane","At least 5 GCSEs at grades A*-C (incl. equivalent qualifications)",78.7,90.8,86.8
"Percentage of school leavers","2023/24","Derry City and Strabane","At least 5 GCSEs at grades A*-C (incl. equivalent qualifications) including GCSE English and maths",52.7,78.3,69.8
"Percentage of school leavers","2023/24","Derry City and Strabane","Total leavers",NA,NA,NA
"Percentage of school leavers","2023/24","Fermanagh and Omagh","At least 3 A-levels at grades A*-C (incl. equivalent qualifications)",21.6,44.3,39.4
"Percentage of school leavers","2023/24","Fermanagh and Omagh","At least 3 A-levels at grades A*-E (incl. equivalent qualifications)",33.9,57.4,52.3
"Percentage of school leavers","2023/24","Fermanagh and Omagh","At least 2 A-levels at grades A*-E (incl. equivalent qualifications)",39.2,61.3,56.5
"Percentage of school leavers","2023/24","Fermanagh and Omagh","At least 5 GCSEs at grades A*-C (incl. equivalent qualifications)",82.2,92.1,89.9
"Percentage of school leavers","2023/24","Fermanagh and Omagh","At least 5 GCSEs at grades A*-C (incl. equivalent qualifications) including GCSE English and maths",62.9,80.9,77
"Percentage of school leavers","2023/24","Fermanagh and Omagh","Total leavers",NA,NA,NA
"Percentage of school leavers","2023/24","Lisburn and Castlereagh","At least 3 A-levels at grades A*-C (incl. equivalent qualifications)",17.5,51.4,46.3
"Percentage of school leavers","2023/24","Lisburn and Castlereagh","At least 3 A-levels at grades A*-E (incl. equivalent qualifications)",29.2,63.5,58.3
"Percentage of school leavers","2023/24","Lisburn and Castlereagh","At least 2 A-levels at grades A*-E (incl. equivalent qualifications)",32.5,65.7,60.6
"Percentage of school leavers","2023/24","Lisburn and Castlereagh","At least 5 GCSEs at grades A*-C (incl. equivalent qualifications)",75.9,92.5,90
"Percentage of school leavers","2023/24","Lisburn and Castlereagh","At least 5 GCSEs at grades A*-C (incl. equivalent qualifications) including GCSE English and maths",53.6,84.1,79.5
"Percentage of school leavers","2023/24","Lisburn and Castlereagh","Total leavers",NA,NA,NA
"Percentage of school leavers","2023/24","Mid and East Antrim","At least 3 A-levels at grades A*-C (incl. equivalent qualifications)",17.7,47.8,41.4
"Percentage of school leavers","2023/24","Mid and East Antrim","At least 3 A-levels at grades A*-E (incl. equivalent qualifications)",26.7,59.8,52.8
"Percentage of school leavers","2023/24","Mid and East Antrim","At least 2 A-levels at grades A*-E (incl. equivalent qualifications)",31.7,63.1,56.5
"Percentage of school leavers","2023/24","Mid and East Antrim","At least 5 GCSEs at grades A*-C (incl. equivalent qualifications)",72.2,91.5,87.4
"Percentage of school leavers","2023/24","Mid and East Antrim","At least 5 GCSEs at grades A*-C (incl. equivalent qualifications) including GCSE English and maths",46.6,78.8,72
"Percentage of school leavers","2023/24","Mid and East Antrim","Total leavers",NA,NA,NA
"Percentage of school leavers","2023/24","Mid Ulster","At least 3 A-levels at grades A*-C (incl. equivalent qualifications)",21.8,43.1,39
"Percentage of school leavers","2023/24","Mid Ulster","At least 3 A-levels at grades A*-E (incl. equivalent qualifications)",33.5,55.5,51.2
"Percentage of school leavers","2023/24","Mid Ulster","At least 2 A-levels at grades A*-E (incl. equivalent qualifications)",36.9,60.3,55.8
"Percentage of school leavers","2023/24","Mid Ulster","At least 5 GCSEs at grades A*-C (incl. equivalent qualifications)",82.3,90.4,88.8
"Percentage of school leavers","2023/24","Mid Ulster","At least 5 GCSEs at grades A*-C (incl. equivalent qualifications) including GCSE English and maths",55.1,77.3,73
"Percentage of school leavers","2023/24","Mid Ulster","Total leavers",NA,NA,NA
"Percentage of school leavers","2023/24","Newry, Mourne and Down","At least 3 A-levels at grades A*-C (incl. equivalent qualifications)",22.9,45,40
"Percentage of school leavers","2023/24","Newry, Mourne and Down","At least 3 A-levels at grades A*-E (incl. equivalent qualifications)",32.1,57.3,51.6
"Percentage of school leavers","2023/24","Newry, Mourne and Down","At least 2 A-levels at grades A*-E (incl. equivalent qualifications)",34.5,59.6,53.9
"Percentage of school leavers","2023/24","Newry, Mourne and Down","At least 5 GCSEs at grades A*-C (incl. equivalent qualifications)",76.5,88.7,86
"Percentage of school leavers","2023/24","Newry, Mourne and Down","At least 5 GCSEs at grades A*-C (incl. equivalent qualifications) including GCSE English and maths",53.3,77.9,72.4
"Percentage of school leavers","2023/24","Newry, Mourne and Down","Total leavers",NA,NA,NA
"Percentage of school leavers","2023/24","Ards and North Down","At least 3 A-levels at grades A*-C (incl. equivalent qualifications)",17.5,42.2,38.4
"Percentage of school leavers","2023/24","Ards and North Down","At least 3 A-levels at grades A*-E (incl. equivalent qualifications)",30.5,55.9,52
"Percentage of school leavers","2023/24","Ards and North Down","At least 2 A-levels at grades A*-E (incl. equivalent qualifications)",35.6,59,55.4
"Percentage of school leavers","2023/24","Ards and North Down","At least 5 GCSEs at grades A*-C (incl. equivalent qualifications)",74,88.7,86.4
"Percentage of school leavers","2023/24","Ards and North Down","At least 5 GCSEs at grades A*-C (incl. equivalent qualifications) including GCSE English and maths",50.7,77.6,73.4
"Percentage of school leavers","2023/24","Ards and North Down","Total leavers",NA,NA,NA
"Percentage of school leavers","2023/24","Northern Ireland","At least 3 A-levels at grades A*-C (incl. equivalent qualifications)",21,43.4,38.5
"Percentage of school leavers","2023/24","Northern Ireland","At least 3 A-levels at grades A*-E (incl. equivalent qualifications)",31.4,56,50.7
"Percentage of school leavers","2023/24","Northern Ireland","At least 2 A-levels at grades A*-E (incl. equivalent qualifications)",34.9,59,53.8
"Percentage of school leavers","2023/24","Northern Ireland","At least 5 GCSEs at grades A*-C (incl. equivalent qualifications)",77.9,90,87.4
"Percentage of school leavers","2023/24","Northern Ireland","At least 5 GCSEs at grades A*-C (incl. equivalent qualifications) including GCSE English and maths",51.8,77,71.6
"Percentage of school leavers","2023/24","Northern Ireland","Total leavers",NA,NA,NA
"Percentage of school leavers","2024/25","Antrim and Newtownabbey","At least 3 A-levels at grades A*-C (incl. equivalent qualifications)",15.9,44.2,39.6
"Percentage of school leavers","2024/25","Antrim and Newtownabbey","At least 3 A-levels at grades A*-E (incl. equivalent qualifications)",23.4,57.8,52.2
"Percentage of school leavers","2024/25","Antrim and Newtownabbey","At least 2 A-levels at grades A*-E (incl. equivalent qualifications)",26.6,60,54.6
"Percentage of school leavers","2024/25","Antrim and Newtownabbey","At least 5 GCSEs at grades A*-C (incl. equivalent qualifications)",73.4,92.3,89.3
"Percentage of school leavers","2024/25","Antrim and Newtownabbey","At least 5 GCSEs at grades A*-C (incl. equivalent qualifications) including GCSE English and maths",42.2,79.3,73.2
"Percentage of school leavers","2024/25","Antrim and Newtownabbey","Total leavers",NA,NA,NA
"Percentage of school leavers","2024/25","Armagh City, Banbridge and Craigavon","At least 3 A-levels at grades A*-C (incl. equivalent qualifications)",15.2,37.8,34.1
"Percentage of school leavers","2024/25","Armagh City, Banbridge and Craigavon","At least 3 A-levels at grades A*-E (incl. equivalent qualifications)",20.6,49.5,44.8
"Percentage of school leavers","2024/25","Armagh City, Banbridge and Craigavon","At least 2 A-levels at grades A*-E (incl. equivalent qualifications)",22.7,51.8,47.1
"Percentage of school leavers","2024/25","Armagh City, Banbridge and Craigavon","At least 5 GCSEs at grades A*-C (incl. equivalent qualifications)",73.8,89.2,86.7
"Percentage of school leavers","2024/25","Armagh City, Banbridge and Craigavon","At least 5 GCSEs at grades A*-C (incl. equivalent qualifications) including GCSE English and maths",45.1,73.7,69
"Percentage of school leavers","2024/25","Armagh City, Banbridge and Craigavon","Total leavers",NA,NA,NA
"Percentage of school leavers","2024/25","Belfast","At least 3 A-levels at grades A*-C (incl. equivalent qualifications)",21.2,50.5,40.1
"Percentage of school leavers","2024/25","Belfast","At least 3 A-levels at grades A*-E (incl. equivalent qualifications)",31.1,62.7,51.5
"Percentage of school leavers","2024/25","Belfast","At least 2 A-levels at grades A*-E (incl. equivalent qualifications)",35.1,65.4,54.7
"Percentage of school leavers","2024/25","Belfast","At least 5 GCSEs at grades A*-C (incl. equivalent qualifications)",76.2,89.5,84.8
"Percentage of school leavers","2024/25","Belfast","At least 5 GCSEs at grades A*-C (incl. equivalent qualifications) including GCSE English and maths",46.7,77.2,66.4
"Percentage of school leavers","2024/25","Belfast","Total leavers",NA,NA,NA
"Percentage of school leavers","2024/25","Causeway Coast and Glens","At least 3 A-levels at grades A*-C (incl. equivalent qualifications)",17.3,41.4,36.1
"Percentage of school leavers","2024/25","Causeway Coast and Glens","At least 3 A-levels at grades A*-E (incl. equivalent qualifications)",26,54.2,48
"Percentage of school leavers","2024/25","Causeway Coast and Glens","At least 2 A-levels at grades A*-E (incl. equivalent qualifications)",27.5,56.5,50.1
"Percentage of school leavers","2024/25","Causeway Coast and Glens","At least 5 GCSEs at grades A*-C (incl. equivalent qualifications)",78.4,92,89
"Percentage of school leavers","2024/25","Causeway Coast and Glens","At least 5 GCSEs at grades A*-C (incl. equivalent qualifications) including GCSE English and maths",48.1,77.2,70.8
"Percentage of school leavers","2024/25","Causeway Coast and Glens","Total leavers",NA,NA,NA
"Percentage of school leavers","2024/25","Derry City and Strabane","At least 3 A-levels at grades A*-C (incl. equivalent qualifications)",20.5,41,35
"Percentage of school leavers","2024/25","Derry City and Strabane","At least 3 A-levels at grades A*-E (incl. equivalent qualifications)",28.9,56.1,48.2
"Percentage of school leavers","2024/25","Derry City and Strabane","At least 2 A-levels at grades A*-E (incl. equivalent qualifications)",33.3,59.6,52
"Percentage of school leavers","2024/25","Derry City and Strabane","At least 5 GCSEs at grades A*-C (incl. equivalent qualifications)",80.9,90.7,87.8
"Percentage of school leavers","2024/25","Derry City and Strabane","At least 5 GCSEs at grades A*-C (incl. equivalent qualifications) including GCSE English and maths",52.3,76.8,69.7
"Percentage of school leavers","2024/25","Derry City and Strabane","Total leavers",NA,NA,NA
"Percentage of school leavers","2024/25","Fermanagh and Omagh","At least 3 A-levels at grades A*-C (incl. equivalent qualifications)",17.8,42.9,38.6
"Percentage of school leavers","2024/25","Fermanagh and Omagh","At least 3 A-levels at grades A*-E (incl. equivalent qualifications)",29.5,57.6,52.9
"Percentage of school leavers","2024/25","Fermanagh and Omagh","At least 2 A-levels at grades A*-E (incl. equivalent qualifications)",34.1,61.6,56.9
"Percentage of school leavers","2024/25","Fermanagh and Omagh","At least 5 GCSEs at grades A*-C (incl. equivalent qualifications)",81.4,92.1,90.3
"Percentage of school leavers","2024/25","Fermanagh and Omagh","At least 5 GCSEs at grades A*-C (incl. equivalent qualifications) including GCSE English and maths",54.5,82.8,78
"Percentage of school leavers","2024/25","Fermanagh and Omagh","Total leavers",NA,NA,NA
"Percentage of school leavers","2024/25","Lisburn and Castlereagh","At least 3 A-levels at grades A*-C (incl. equivalent qualifications)",20.9,50.5,46.4
"Percentage of school leavers","2024/25","Lisburn and Castlereagh","At least 3 A-levels at grades A*-E (incl. equivalent qualifications)",32.9,63,58.9
"Percentage of school leavers","2024/25","Lisburn and Castlereagh","At least 2 A-levels at grades A*-E (incl. equivalent qualifications)",35.3,64.8,60.7
"Percentage of school leavers","2024/25","Lisburn and Castlereagh","At least 5 GCSEs at grades A*-C (incl. equivalent qualifications)",75.9,92.9,90.5
"Percentage of school leavers","2024/25","Lisburn and Castlereagh","At least 5 GCSEs at grades A*-C (incl. equivalent qualifications) including GCSE English and maths",56.2,82.8,79.1
"Percentage of school leavers","2024/25","Lisburn and Castlereagh","Total leavers",NA,NA,NA
"Percentage of school leavers","2024/25","Mid and East Antrim","At least 3 A-levels at grades A*-C (incl. equivalent qualifications)",13.9,43,37.7
"Percentage of school leavers","2024/25","Mid and East Antrim","At least 3 A-levels at grades A*-E (incl. equivalent qualifications)",21.5,55.3,49.1
"Percentage of school leavers","2024/25","Mid and East Antrim","At least 2 A-levels at grades A*-E (incl. equivalent qualifications)",26.7,57.7,52
"Percentage of school leavers","2024/25","Mid and East Antrim","At least 5 GCSEs at grades A*-C (incl. equivalent qualifications)",70.6,88.7,85.4
"Percentage of school leavers","2024/25","Mid and East Antrim","At least 5 GCSEs at grades A*-C (incl. equivalent qualifications) including GCSE English and maths",45.5,75.7,70.2
"Percentage of school leavers","2024/25","Mid and East Antrim","Total leavers",NA,NA,NA
"Percentage of school leavers","2024/25","Mid Ulster","At least 3 A-levels at grades A*-C (incl. equivalent qualifications)",21.5,45.8,42.3
"Percentage of school leavers","2024/25","Mid Ulster","At least 3 A-levels at grades A*-E (incl. equivalent qualifications)",31.5,58.3,54.5
"Percentage of school leavers","2024/25","Mid Ulster","At least 2 A-levels at grades A*-E (incl. equivalent qualifications)",34.2,60.9,57.1
"Percentage of school leavers","2024/25","Mid Ulster","At least 5 GCSEs at grades A*-C (incl. equivalent qualifications)",73.8,91.7,89.1
"Percentage of school leavers","2024/25","Mid Ulster","At least 5 GCSEs at grades A*-C (incl. equivalent qualifications) including GCSE English and maths",51.7,78.5,74.7
"Percentage of school leavers","2024/25","Mid Ulster","Total leavers",NA,NA,NA
"Percentage of school leavers","2024/25","Newry, Mourne and Down","At least 3 A-levels at grades A*-C (incl. equivalent qualifications)",21.8,45.2,41.5
"Percentage of school leavers","2024/25","Newry, Mourne and Down","At least 3 A-levels at grades A*-E (incl. equivalent qualifications)",30.6,56.4,52.3
"Percentage of school leavers","2024/25","Newry, Mourne and Down","At least 2 A-levels at grades A*-E (incl. equivalent qualifications)",32.9,59.4,55.2
"Percentage of school leavers","2024/25","Newry, Mourne and Down","At least 5 GCSEs at grades A*-C (incl. equivalent qualifications)",76.5,89.4,87.4
"Percentage of school leavers","2024/25","Newry, Mourne and Down","At least 5 GCSEs at grades A*-C (incl. equivalent qualifications) including GCSE English and maths",53.4,77,73.3
"Percentage of school leavers","2024/25","Newry, Mourne and Down","Total leavers",NA,NA,NA
"Percentage of school leavers","2024/25","Ards and North Down","At least 3 A-levels at grades A*-C (incl. equivalent qualifications)",14.2,45.9,40.5
"Percentage of school leavers","2024/25","Ards and North Down","At least 3 A-levels at grades A*-E (incl. equivalent qualifications)",21.8,61.1,54.3
"Percentage of school leavers","2024/25","Ards and North Down","At least 2 A-levels at grades A*-E (incl. equivalent qualifications)",26.6,63.8,57.4
"Percentage of school leavers","2024/25","Ards and North Down","At least 5 GCSEs at grades A*-C (incl. equivalent qualifications)",69.8,91.6,87.9
"Percentage of school leavers","2024/25","Ards and North Down","At least 5 GCSEs at grades A*-C (incl. equivalent qualifications) including GCSE English and maths",46.5,80.4,74.5
"Percentage of school leavers","2024/25","Ards and North Down","Total leavers",NA,NA,NA
"Percentage of school leavers","2024/25","Northern Ireland","At least 3 A-levels at grades A*-C (incl. equivalent qualifications)",18.8,44.4,39.2
"Percentage of school leavers","2024/25","Northern Ireland","At least 3 A-levels at grades A*-E (incl. equivalent qualifications)",27.7,57.3,51.2
"Percentage of school leavers","2024/25","Northern Ireland","At least 2 A-levels at grades A*-E (incl. equivalent qualifications)",31.1,60,54.1
"Percentage of school leavers","2024/25","Northern Ireland","At least 5 GCSEs at grades A*-C (incl. equivalent qualifications)",76,90.8,87.7
"Percentage of school leavers","2024/25","Northern Ireland","At least 5 GCSEs at grades A*-C (incl. equivalent qualifications) including GCSE English and maths",48.7,77.9,71.9
"Percentage of school leavers","2024/25","Northern Ireland","Total leavers",NA,NA,NA
