"Statistic","Year","Local Government District","Industry electricity","Industry gas","Large industrial installations","Industry 'other'","Industry total","Commercial electricity","Commercial gas","Commercial 'other'","Commercial total","Public sector electricity","Public sector gas","Public sector 'other'","Public sector total","Domestic electricity","Domestic gas","Domestic 'other'","Domestic total","Road transport (A roads)","Road transport (motorways)","Road transport (minor roads)","Diesel railways","Transport 'other'","Transport total","Net emissions: forest land","Net emissions: cropland","Net emissions: grassland","Net emissions: wetlands","Net emissions: settlements","Net emissions: harvested wood products","Net emissions: indirect N2O","LULUCF net emissions","Agriculture electricity","Agriculture gas","Agriculture 'other'","Agriculture livestock","Agriculture soils","Agriculture total","Landfill","Waste management 'other'","Waste management total","Grand total"
"Carbon dioxide",2005,"Antrim and Newtownabbey",140.5,6.1,10,47.3,203.9,32.6,16.9,5.4,55,11.7,16.7,5.3,33.7,129.1,17,204.6,350.7,144.1,102.5,118,2.8,10.1,377.6,-11.1,26.6,-62.8,22.5,53.3,0,0.8,29.4,1.5,0.1,15.6,0,4.8,22,0,0.3,0.3,1072.6
"Carbon dioxide",2005,"Armagh City, Banbridge and Craigavon",186.8,0,44,92.8,323.7,51.6,0,11.7,63.3,16.7,0,7.8,24.5,178.3,0,350.4,528.7,257.2,68.8,261.5,3.3,3.9,594.7,-22.8,106.6,-162.9,129,74.7,0,2.5,127,5.2,0,40.6,0,14.4,60.2,0,0.6,0.6,1722.5
"Carbon dioxide",2005,"Belfast",286.5,55.7,29.3,47.1,418.6,213.6,118.9,12.4,344.9,105.1,112.1,33.3,250.4,317,131.8,278.6,727.3,240,56.6,101.7,4.2,19.6,422.2,-0.7,1.8,-7.8,0.3,82.9,0,0.1,76.6,0.2,1.3,1.4,0,0.4,3.2,0,1.1,1.1,2244.2
"Carbon dioxide",2005,"Causeway Coast and Glens",69.9,0,3.8,53.6,127.3,39.9,0,7.3,47.3,12.6,0,6.1,18.7,126.4,0,250.2,376.5,179.7,0,246.6,4.5,3.8,434.6,-107.2,118.9,-137.6,319.4,51.3,0,1,245.8,3.2,0,35.1,0,15,53.3,0,0.4,0.4,1304
"Carbon dioxide",2005,"Derry City and Strabane",144.7,0,133,54.9,332.5,52,0,5.4,57.3,23.9,0,8,31.8,125.8,0,238,363.7,141.3,0,167.4,0.8,4,313.5,-54.8,42.9,-81,299.2,55.1,0,0.9,262.3,2.5,0,22.6,0,3.3,28.3,0,0.3,0.3,1389.8
"Carbon dioxide",2005,"Fermanagh and Omagh",107.5,0,425.2,98.2,630.9,38.4,0,4.8,43.2,14.1,0,6.7,20.9,88.9,0,212.3,301.3,158.8,0,293.4,0,3.6,455.8,-184.7,34.8,-176.7,578.8,57.8,0,4.6,314.5,2.9,0,52,0,11.9,66.7,0,0.2,0.2,1833.6
"Carbon dioxide",2005,"Lisburn and Castlereagh",79.7,17.2,42,71.2,210,37.1,16.2,7.2,60.5,16.2,16.1,8.6,40.9,125.1,24.4,206.5,356,166,82.1,109,2.9,2.3,362.4,-7.7,44.1,-60.3,3.1,50,0,0.5,29.7,1.7,1.7,13.2,0,5.1,21.7,0,0.4,0.4,1081.6
"Carbon dioxide",2005,"Mid and East Antrim",128.8,24.4,27.4,181.4,362,37,27.1,5.9,70.1,9.9,32,5.8,47.7,130.9,12.6,216.5,360,159.8,18.3,160,3.2,5.3,346.5,-29.9,47,-81.9,104.1,48.6,0,0.5,88.4,2.5,0.9,22.7,0,8,34,0,0.3,0.3,1309
"Carbon dioxide",2005,"Mid Ulster",149.3,0,461.7,170.2,781.1,29.4,0,7.9,37.4,6.8,0,5.2,12,114.4,0,241.5,355.9,190.2,13,253.3,0,3.2,459.7,-65.6,70.9,-160.8,295.6,52.1,0,2.9,195.1,2.4,0,48.2,0,15.4,66,0,0.3,0.3,1907.6
"Carbon dioxide",2005,"Newry, Mourne and Down",101.4,0,0,83.2,184.6,36.4,0,7.7,44.1,11,0,7.1,18.1,150.8,0,296.1,446.9,271.8,0,222,0.9,4.7,499.4,-42.5,176.1,-149.3,69,57.1,0,-0.7,109.7,4,0,34.9,0,15.1,54,0,0.4,0.4,1357.1
"Carbon dioxide",2005,"Ards and North Down",55.6,14.5,0.1,25.2,95.4,39.4,28.5,3.9,71.7,10.8,11.1,5.5,27.3,149.3,32.2,224.6,406.1,147.6,0,90.8,2.3,2.1,242.8,-7.4,127,-31.2,13.5,48.4,0,-1.7,148.7,2.7,0.3,12.1,0,6.4,21.5,0,0.5,0.5,1014.1
"Carbon dioxide",2005,"Northern Ireland",1450.6,117.9,1176.4,924.9,3669.9,607.6,207.6,79.5,894.7,238.8,187.9,99.3,526,1635.9,217.9,2719.3,4573.2,2056.6,341.2,2023.8,24.9,62.6,4509.2,-534.3,796.6,-1112.5,1834.5,631.3,0,11.4,1627.1,28.6,4.4,298.2,0,99.8,431.1,0,4.9,4.9,16236
"Carbon dioxide",2006,"Antrim and Newtownabbey",160.7,5.7,10.9,42.3,219.5,37.3,15.6,5.3,58.2,13.4,15.4,4.6,33.4,138.6,19.5,208.1,366.2,142,101.3,119.9,2.8,10.4,376.5,-11.5,26.5,-62.2,23.5,52.9,0,0.6,29.8,1.7,0.1,15.4,0,4.2,21.4,0,0.3,0.3,1105.4
"Carbon dioxide",2006,"Armagh City, Banbridge and Craigavon",213.6,6.7,46.3,74.8,341.5,59,1.7,11.6,72.3,19.1,1.3,6.8,27.1,191.4,0.1,356.4,548,253.1,68,266.4,3.2,4,594.7,-23.4,105.6,-162.6,129.4,73.9,0,3.2,126.1,5.9,0.2,40.3,0,12.8,59.3,0,0.5,0.5,1769.5
"Carbon dioxide",2006,"Belfast",327.6,56.7,21.8,42.6,448.6,244.2,121.1,12.1,377.4,120.2,114.1,29.1,263.4,340.3,129.9,282.7,752.9,233.9,56,102.1,4.2,26.3,422.4,-0.8,1.8,-7.2,0.3,82.4,0,0,76.5,0.2,1.3,1.3,0,0.3,3.2,0,1.1,1.1,2345.5
"Carbon dioxide",2006,"Causeway Coast and Glens",79.9,0.6,3.5,42.6,126.6,45.7,1.9,7.4,54.9,14.4,0.7,5.4,20.5,135.7,0.2,254.4,390.2,177.4,0,251.5,4.5,3.9,437.2,-109.6,119.7,-137.1,318.7,51.5,0,1.8,245,3.6,0.1,34.8,0,13.3,51.8,0,0.4,0.4,1326.7
"Carbon dioxide",2006,"Derry City and Strabane",165.4,1.1,142.7,50.5,359.6,59.4,0.3,5.4,65.1,27.3,0.9,6.9,35.1,135,0.3,241.9,377.2,138.7,0,170.1,0.8,5.4,315.1,-55.5,42.9,-80.6,298.6,55.2,0,1.2,261.8,2.8,0.1,22.3,0,3,28.2,0,0.3,0.3,1442.3
"Carbon dioxide",2006,"Fermanagh and Omagh",123,0,485.3,78.6,686.9,43.9,0,5,48.9,16.2,0,6.1,22.2,95.5,0,216,311.5,156.5,0,299.4,0,3.7,459.6,-188,34,-177.3,578.3,57.6,0,2.4,307.1,3.3,0,51.6,0,10.3,65.2,0,0.2,0.2,1901.7
"Carbon dioxide",2006,"Lisburn and Castlereagh",91.1,12.4,45.9,59.4,208.8,42.4,11.7,7.2,61.3,18.5,11.6,7.5,37.6,134.3,27.3,209.9,371.5,163.1,81.2,110.9,2.9,2.4,360.5,-7.9,43.8,-59.5,3.1,49.8,0,0.8,30,1.9,1.3,13.1,0,4.5,20.8,0,0.4,0.4,1091
"Carbon dioxide",2006,"Mid and East Antrim",147.2,26.3,26.1,155.4,355.1,42.3,29.2,5.9,77.5,11.3,34.4,5,50.8,140.5,12.4,220.1,373,157.2,18.1,162.8,3.2,6.6,347.8,-30.6,47,-81.8,104.1,47.8,0,0.9,87.4,2.8,1,22.4,0,7,33.3,0,0.3,0.3,1325.1
"Carbon dioxide",2006,"Mid Ulster",170.7,0,430.8,134.8,736.3,33.7,0,8.2,41.9,7.8,0,4.6,12.4,122.9,0,245.7,368.5,187.8,12.8,258.7,0,3.3,462.7,-66.9,70.8,-160.6,296,51.4,0,2.2,192.8,2.8,0,47.7,0,13.5,64,0,0.3,0.3,1878.8
"Carbon dioxide",2006,"Newry, Mourne and Down",115.9,0,0,72.1,188.1,41.6,0.1,8.7,50.4,12.6,0,6.2,18.8,161.9,0,301.6,463.5,268.1,0,226.7,0.9,5.4,501.1,-44.2,177.3,-148.8,68.9,57.1,0,1.1,111.4,4.6,0,34.6,0,13.6,52.8,0,0.3,0.3,1386.5
"Carbon dioxide",2006,"Ards and North Down",63.5,13.5,0.2,21.7,99,45,26.5,3.8,75.4,12.3,10.3,4.8,27.4,160.3,34.7,227.9,423,145.1,0,92.2,2.3,2.2,241.8,-7.9,129.1,-30.4,13.5,47.8,0,-0.7,151.3,3,0.3,11.9,0,6,21.2,0,0.5,0.5,1039.5
"Carbon dioxide",2006,"Northern Ireland",1658.6,123,1213.7,774.7,3770,694.7,208.1,80.4,983.2,273.1,188.8,86.9,548.8,1756.5,224.5,2764.6,4745.6,2022.8,337.3,2060.9,24.7,73.7,4519.4,-546.3,798.5,-1108.2,1834.4,627.4,0,13.5,1619.3,32.7,4.4,295.4,0,88.6,421.1,0,4.7,4.7,16612.1
"Carbon dioxide",2007,"Antrim and Newtownabbey",175.3,6.2,8.8,44.1,234.3,40.7,17.1,4.8,62.6,14.6,16.9,4.4,35.9,138.8,16.1,186.4,341.3,142.4,101.2,122.6,3.2,11,380.5,-11.8,26.9,-61.9,24.5,53.8,-0.1,0.7,32,1.8,0.1,14.5,0,4.1,20.5,0,0.3,0.3,1107.5
"Carbon dioxide",2007,"Armagh City, Banbridge and Craigavon",233,17,36.8,73,359.8,64.4,4.3,10.6,79.3,20.8,3.2,6.5,30.6,191.7,0.2,319.3,511.1,253.1,68,272.8,3.7,4,601.7,-23.6,106.1,-162.5,129.8,75.2,-0.4,2.9,127.6,6.5,0.6,39.2,0,12.4,58.7,0,0.5,0.5,1769.2
"Carbon dioxide",2007,"Belfast",357.3,57.1,4.1,44.2,462.6,266.4,121.9,11,399.4,131.1,114.9,24.8,270.8,340.8,122.5,254.1,717.4,231.5,55.9,103.5,4.8,20.2,416,-1.4,1.8,-6.9,0.3,85.1,0,0,78.9,0.2,1.4,1.1,0,0.3,3,0,1.1,1.1,2349.1
"Carbon dioxide",2007,"Causeway Coast and Glens",87.2,1.6,0.9,39.5,129.2,49.8,4.8,6.7,61.3,15.7,1.7,5,22.5,135.9,0.2,227.5,363.6,178,0,258,5.1,4,445.1,-108.6,121.1,-136.6,317.9,52.5,-0.5,2.2,248.1,4,0.2,34.1,0,13.1,51.3,0,0.4,0.4,1321.4
"Carbon dioxide",2007,"Derry City and Strabane",180.4,2.7,142.9,52.3,378.3,64.8,0.8,4.9,70.5,29.7,2.3,6.4,38.5,135.3,0.4,217,352.6,138.4,0,174.1,0.9,4.9,318.4,-55,43.2,-80.6,298,56,-0.2,1.4,262.7,3.1,0.1,21.9,0,3.1,28.2,0,0.4,0.4,1449.5
"Carbon dioxide",2007,"Fermanagh and Omagh",134.1,0,559.9,72.8,766.8,47.9,0,4.5,52.4,17.6,0,5.9,23.6,95.6,0,192.9,288.6,156.8,0,307,0,3.7,467.5,-186.2,33.5,-177.7,577.8,59.3,-0.1,4.5,311.1,3.6,0,50.6,0,9.6,63.7,0,0.2,0.2,1973.9
"Carbon dioxide",2007,"Lisburn and Castlereagh",99.3,12,71.4,60,242.9,46.3,11.3,6.5,64.1,20.2,11.3,6.3,37.7,134.6,27,188.2,349.7,163,81.1,113.5,3.3,2.4,363.4,-8,44.2,-59.2,3.1,50.5,-0.2,0.7,31,2.1,1.2,13.4,0,4.5,21.2,0,0.4,0.4,1110.4
"Carbon dioxide",2007,"Mid and East Antrim",160.6,25.8,13.1,152.7,352.2,46.2,28.7,5.4,80.3,12.4,33.8,4.5,50.7,140.7,13,197.2,350.9,157.3,18.1,166.8,3.7,5.1,350.9,-30.7,47.3,-81.7,104,48.9,-0.2,1,88.6,3.1,1,21.3,0,6.7,32,0,0.3,0.3,1306
"Carbon dioxide",2007,"Mid Ulster",186.2,0,438.3,128.9,753.4,36.7,0,7.5,44.2,8.5,0,4.5,13,123,0,219.8,342.8,188.6,12.8,265.2,0,3.4,470,-66.7,70.7,-161,296.3,51.9,-0.2,3.3,194.2,3,0,44.7,0,12.8,60.5,0,0.3,0.3,1878.4
"Carbon dioxide",2007,"Newry, Mourne and Down",126.4,0.1,0,71.1,197.7,45.4,0.2,7.9,53.5,13.7,0.1,6,19.8,162.2,0.1,268.7,430.9,268.9,0,232.3,1,4.5,506.7,-44.5,179.8,-147.7,68.8,56.8,-0.7,0.7,113.2,5,0.1,34.5,0,13.8,53.4,0,0.4,0.4,1375.5
"Carbon dioxide",2007,"Ards and North Down",69.3,13.8,0,22.4,105.5,49.1,27.1,3.4,79.7,13.4,10.5,4.4,28.4,160.6,32.1,204.8,397.5,145,0,94.1,2.7,2.2,244,-8.2,131.4,-29.6,13.5,47.3,-0.5,-0.6,153.2,3.3,0.3,11.7,0,6.5,21.9,0,0.5,0.5,1030.7
"Carbon dioxide",2007,"Northern Ireland",1809.1,136.3,1276.2,761,3982.5,757.7,216.3,73.3,1047.4,297.9,194.8,78.8,571.5,1759.2,211.6,2475.6,4446.4,2023,337.2,2109.9,28.5,65.5,4564.2,-544.8,805.8,-1105.4,1833.9,637.2,-3,16.7,1640.5,35.6,5,286.9,0,86.9,414.4,0,4.7,4.7,16671.6
"Carbon dioxide",2008,"Antrim and Newtownabbey",170.7,7.3,0.7,36.6,215.3,39.7,20.3,4.6,64.5,14.2,20,3.7,37.9,139.2,24.2,192.5,355.9,138.3,98.7,120.1,3.3,11.6,372,-11.6,26.5,-62.1,25.5,54.7,0,0.2,33.2,1.8,0.2,16.7,0,3.9,22.5,0,0.4,0.4,1101.8
"Carbon dioxide",2008,"Armagh City, Banbridge and Craigavon",227,42.6,35.3,57.7,362.5,62.7,10.8,10.1,83.6,20.3,8.2,5.5,33.9,192.2,0.5,328.6,521.3,246,66.3,267.6,3.8,4.2,588,-23.2,105.4,-161.8,130.2,77.2,-0.2,0.1,127.8,6.3,1.5,45.3,0,11.6,64.7,0,0.4,0.4,1782.2
"Carbon dioxide",2008,"Belfast",348,58,4.4,33.5,443.9,259.5,124,10.7,394.1,127.7,116.8,24.8,269.4,341.8,157.1,261.4,760.3,225,54.6,100.5,4.9,18.2,403.3,-1.2,1.7,-6.9,0.3,86.3,0,-0.2,79.9,0.2,1.4,1.3,0,0.3,3.2,0,1,1,2355
"Carbon dioxide",2008,"Causeway Coast and Glens",84.9,3.9,0.9,32.3,122.1,48.5,12.1,6.5,67,15.3,4.3,4.6,24.2,136.3,0.5,234.7,371.5,173.5,0,253.3,5.2,4.2,436.2,-103.9,121.7,-135.6,316.8,53.1,-0.2,-0.7,251.2,3.8,0.4,39.8,0,12.1,56.2,0,0.4,0.4,1328.7
"Carbon dioxide",2008,"Derry City and Strabane",175.7,6.7,138.9,41.8,363.1,63.1,2,4.7,69.8,29,5.9,5.7,40.5,135.6,0.9,223.7,360.2,134.6,0,170.6,0.9,4.9,311,-52,43.1,-80.3,297.3,57.8,-0.1,0.1,265.9,3,0.4,25.5,0,2.7,31.5,0,0.4,0.4,1442.4
"Carbon dioxide",2008,"Fermanagh and Omagh",130.6,0,416.6,60.8,608,46.7,0,4.4,51,17.2,0,5,22.2,95.9,0,199.4,295.3,152.4,0,301.5,0,3.9,457.9,-179.3,32.8,-177.5,577.1,60.6,-0.1,2.7,316.2,3.5,0,58.3,0,9.4,71.3,0,0.2,0.2,1822.1
"Carbon dioxide",2008,"Lisburn and Castlereagh",96.8,13.4,18.1,46.6,174.8,45.1,12.6,6.2,63.9,19.7,12.5,6.4,38.6,134.9,35.9,194.8,365.6,158.9,78.9,111.2,3.4,2.5,354.9,-7.9,43.8,-59.3,3.1,51.6,-0.1,-0.3,30.9,2,1.4,15.8,0,4.1,23.3,0,0.4,0.4,1052.4
"Carbon dioxide",2008,"Mid and East Antrim",156.4,28.5,12.5,126.1,323.5,45,31.7,5.2,81.9,12.1,37.3,4.2,53.6,141.1,14.7,203.9,359.7,152.9,17.6,163.6,3.7,4.9,342.7,-29.7,47.1,-81.7,103.9,49.9,-0.1,-0.2,89.2,3,1.1,24.5,0,6.4,35,0,0.4,0.4,1285.9
"Carbon dioxide",2008,"Mid Ulster",181.3,0,400.2,103.2,684.8,35.8,0,7.1,42.9,8.3,0,3.7,12,123.4,0,227.1,350.5,183.6,12.5,260.6,0,3.5,460.3,-64.7,69.5,-160.8,296.6,53.2,-0.1,1.5,195.1,3,0,51.2,0,12.3,66.4,0,0.3,0.3,1812.2
"Carbon dioxide",2008,"Newry, Mourne and Down",123.1,0.3,0,61.5,184.9,44.2,0.6,7.6,52.4,13.4,0.2,5,18.6,162.6,0.2,279.4,442.2,261.9,0,228.2,1,4.6,495.6,-43.8,180.7,-146.8,68.7,57.8,-0.3,-1.6,114.7,4.8,0.2,40.7,0,12.3,58.1,0,0.4,0.4,1366.9
"Carbon dioxide",2008,"Ards and North Down",67.5,12,0.1,16.6,96.1,47.8,23.5,3.3,74.7,13.1,9.1,4,26.1,161,38.3,212.2,411.5,141.4,0,92.1,2.7,2.4,238.5,-8.1,132.8,-28.6,13.5,47.7,-0.2,-2.8,154.2,3.2,0.3,14.1,0,5.4,23.1,0,0.5,0.5,1024.7
"Carbon dioxide",2008,"Northern Ireland",1762,172.8,1027.8,616.5,3579.1,738,237.4,70.4,1045.8,290.1,214.3,72.4,576.9,1764.1,272.1,2557.8,4594,1968.5,328.7,2069.5,28.9,64.7,4460.2,-525.5,805.1,-1101.4,1832.8,650,-1.4,-1.2,1658.4,34.7,6.8,333.1,0,80.5,455,0,4.7,4.7,16374.1
"Carbon dioxide",2009,"Antrim and Newtownabbey",144.8,7.6,0.7,30.6,183.6,33.6,20.9,4.4,58.9,12.1,20.6,3,35.7,121.5,24.2,192.6,338.3,137.5,97.8,117.5,3.4,11,367.2,-11.9,26.5,-61.4,26.6,55.5,0,0.5,35.8,1.5,0.2,16,0,4.2,21.9,0,0.4,0.4,1041.8
"Carbon dioxide",2009,"Armagh City, Banbridge and Craigavon",192.5,49.7,22.3,50.1,314.6,53.2,12.6,9.6,75.3,17.2,9.5,4.4,31.1,166.9,1.1,329.4,497.5,244.6,65.6,261.6,3.9,4,579.8,-23.2,105.9,-159.3,130.7,78,-0.2,2.8,134.7,5.3,1.8,43.3,0,12.8,63.2,0,0.5,0.5,1696.6
"Carbon dioxide",2009,"Belfast",295.1,58.6,2.6,27.2,383.6,220.1,125.2,10.7,356,108.3,118,20.2,246.5,294.3,143.4,261.3,699,223.4,54.1,98.9,5,19.9,401.4,-2.1,1.7,-6.8,0.3,88,0,-0.1,81.1,0.2,1.4,1.3,0,0.3,3.1,0,1,1,2171.7
"Carbon dioxide",2009,"Causeway Coast and Glens",72,4.6,0.9,30.8,108.3,41.1,14.1,6.1,61.3,13,5,3.8,21.9,119.8,1.3,235,356,172.2,0,247.5,5.4,4,429,-99.5,123.3,-134.2,315.7,54.1,-0.2,1.9,261.2,3.3,0.5,38.7,0,13.6,56,0,0.3,0.3,1294
"Carbon dioxide",2009,"Derry City and Strabane",149,7.8,130.7,36,323.5,53.6,2.3,4.5,60.4,24.6,6.9,4.6,36,117.5,2.2,224,343.6,133.7,0,166.9,1,4.8,306.3,-50.1,43.5,-79.4,296.6,59.3,-0.1,1.3,271,2.5,0.4,24.7,0,3.2,30.8,0,0.4,0.4,1372.1
"Carbon dioxide",2009,"Fermanagh and Omagh",110.8,0,160.1,55.3,326.3,39.6,0,4.2,43.8,14.6,0,4.4,18.9,83.1,0,199.6,282.7,151.5,0,294.5,0,3.8,449.8,-173,32.4,-177.3,576.5,61.3,-0.1,3.2,323,3,0,56.1,0,9.9,68.9,0,0.2,0.2,1513.5
"Carbon dioxide",2009,"Lisburn and Castlereagh",82.1,13.3,18,39.8,153.1,38.2,12.5,5.9,56.7,16.7,12.5,5.1,34.3,113.6,33.3,194.6,341.6,157.6,78.3,108.8,3.5,2.4,350.6,-8.2,44.6,-58.1,3,52.4,-0.1,0.4,34.1,1.7,1.3,15.4,0,4.6,23.1,0,0.4,0.4,993.8
"Carbon dioxide",2009,"Mid and East Antrim",132.7,30.1,12.3,111,286,38.2,33.4,5,76.6,10.2,39.4,3.4,53,123.6,14.4,203.9,341.9,152,17.4,159.9,3.8,5,338.2,-28.9,47.5,-81.2,103.8,50.6,-0.1,0.8,92.6,2.6,1.1,23.5,0,7,34.1,0,0.4,0.4,1222.8
"Carbon dioxide",2009,"Mid Ulster",153.8,0,267.2,92,513,30.3,0,6.7,37,7,0,3,10.1,109.8,0,227.3,337.1,182.4,12.4,254.5,0,3.4,452.7,-63.3,69.4,-159.3,296.7,53.9,-0.1,2.6,199.9,2.5,0,48.6,0,13.2,64.3,0,0.3,0.3,1614.4
"Carbon dioxide",2009,"Newry, Mourne and Down",104.4,0.4,0,50,154.8,37.5,0.7,7.3,45.5,11.3,0.2,4.1,15.7,141,0.4,279.2,420.6,260.2,0,222.9,1,4.6,488.7,-43.4,183.2,-144.6,68.5,58.9,-0.3,1.1,123.4,4.1,0.3,39.9,0,14.3,58.6,0,0.3,0.3,1307.6
"Carbon dioxide",2009,"Ards and North Down",57.2,12,0,14.2,83.5,40.6,23.6,3.2,67.4,11.1,9.1,3.2,23.5,136.1,34,211.6,381.7,140.3,0,90.2,2.8,2.3,235.5,-8.6,135.8,-27.4,13.5,48.5,-0.3,-0.9,160.6,2.7,0.3,14.3,0,6.8,24.1,0,0.7,0.7,976.9
"Carbon dioxide",2009,"Northern Ireland",1494.5,184,614.8,537.1,2830.4,626,245.3,67.5,938.8,246.1,221.2,59.3,526.7,1527.1,254.3,2558.7,4340,1955.4,325.7,2023.2,29.7,65,4399.1,-512.2,813.9,-1089.1,1831.9,660.6,-1.5,13.6,1717.3,29.4,7.3,321.7,0,89.9,448.3,0,4.7,4.7,15205.2
"Carbon dioxide",2010,"Antrim and Newtownabbey",152.8,9.3,0.7,38.7,201.5,35.5,25.7,4.2,65.3,12.7,25.4,2.9,41.1,118.8,29.1,223.2,371.2,138.4,98,112.2,3.4,10.6,362.6,-11.7,25.7,-61.1,22.9,56.1,0,0.9,32.9,1.6,0.2,15.8,0,4.1,21.7,0,0.3,0.3,1096.6
"Carbon dioxide",2010,"Armagh City, Banbridge and Craigavon",200.5,58.8,21.8,60.7,341.8,55.4,14.9,9.2,79.5,17.9,11.3,4.3,33.5,163.2,2.1,382.2,547.5,245.5,65.8,250.1,3.9,4.1,569.3,-22.8,103.6,-158.6,127.9,79.1,-0.1,2.6,131.7,5.6,2.1,42.9,0,12.5,63,0,0.5,0.5,1767
"Carbon dioxide",2010,"Belfast",295.3,68.7,2.7,32.4,399.1,220.2,146.7,9.8,376.7,108.4,138.3,19.6,266.2,285.9,180.1,302.7,768.7,222.3,54.2,93.9,5,19.3,394.6,-1.9,1.7,-6.3,0.3,89.8,0,0,83.5,0.2,1.6,1.2,0,0.3,3.4,0,1.1,1.1,2293.2
"Carbon dioxide",2010,"Causeway Coast and Glens",77.3,5.7,0.9,32.9,116.8,44.2,17.4,5.8,67.4,14,6.2,3.9,24.1,115,1.7,272.3,388.9,173.1,0,236.7,5.3,4,419.2,-95.3,122,-133,316.6,54.7,-0.1,1.3,266.2,3.5,0.6,38.8,0,13.2,56.1,0,0.3,0.3,1339.2
"Carbon dioxide",2010,"Derry City and Strabane",152.6,10.3,151.4,43,357.4,54.8,3,4.2,62.1,25.2,9,4.5,38.6,112.9,3.2,259.6,375.7,133.9,0,159.4,1,4.7,299,-47.9,42.8,-78.8,295.9,60.5,0,0.5,273,2.6,0.5,24.7,0,3.1,30.9,0,0.4,0.4,1437.1
"Carbon dioxide",2010,"Fermanagh and Omagh",116.7,0,153.5,60.1,330.3,41.7,0,3.9,45.6,15.3,0,4.6,19.9,82.6,0,231.4,314,152.3,0,281.7,0,3.8,437.8,-167.4,31.1,-176.3,576.4,62.6,0,2.3,328.7,3.1,0,55.6,0,9.5,68.3,0,0.2,0.2,1544.8
"Carbon dioxide",2010,"Lisburn and Castlereagh",80.8,15.8,16.2,47.2,160,37.7,14.9,5.7,58.2,16.4,14.8,4.9,36.2,111.9,40.1,225.3,377.3,157.9,78.6,103.9,3.4,2.5,346.3,-8.1,43.9,-57.8,3,53.2,0,0.6,34.9,1.7,1.6,15.5,0,4.5,23.4,0,0.3,0.3,1036.7
"Carbon dioxide",2010,"Mid and East Antrim",144,33.4,12.1,132.5,322,41.4,37.1,4.7,83.2,11.1,43.7,3.3,58.1,118.1,16.7,236.1,370.9,152.6,17.5,152.8,3.8,4.9,331.6,-28.1,46.9,-80.5,105,51.4,0,0.6,95.2,2.8,1.2,23.3,0,6.8,34.1,0,0.4,0.4,1295.4
"Carbon dioxide",2010,"Mid Ulster",163.6,0,261,102.6,527.2,32.3,0,6.4,38.7,7.5,0,3,10.5,106.2,0,263.5,369.7,183.5,12.4,243.6,0,3.4,442.9,-61.8,67.2,-158.7,301.3,54.2,0,2.9,205.1,2.7,0,47.7,0,12.8,63.2,0,0.2,0.2,1657.4
"Carbon dioxide",2010,"Newry, Mourne and Down",107.8,1.1,0,61.1,170,38.7,2.1,6.8,47.6,11.7,0.6,4.1,16.5,137.5,0.5,323.3,461.4,261.4,0,213.3,1,4.7,480.4,-42.6,183.6,-143,68.4,59.5,-0.1,-0.7,125.2,4.2,0.9,40.5,0,14.1,59.7,0,0.3,0.3,1361.1
"Carbon dioxide",2010,"Ards and North Down",59.5,14.1,0,16.3,89.8,42.2,27.6,3,72.7,11.5,10.7,3.1,25.3,132.5,41.8,244.5,418.8,140.3,0,86,2.8,2.4,231.5,-8.4,137.3,-26.7,13.4,48.9,-0.1,-1.4,163,2.8,0.3,14.8,0,6.8,24.8,0,0.9,0.9,1026.8
"Carbon dioxide",2010,"Northern Ireland",1550.9,217.1,620.4,627.5,3015.9,644,289.5,63.7,997.1,251.7,260,58.3,570,1484.5,315.4,2964.2,4764.1,1961.2,326.5,1933.6,29.7,64.3,4315.3,-496,805.9,-1080.7,1831.3,669.9,-0.6,9.6,1739.4,30.8,9.1,321,0,87.6,448.5,0,4.9,4.9,15855.2
"Carbon dioxide",2011,"Antrim and Newtownabbey",138.9,8.9,0.7,40.2,188.7,32.3,24.6,3,59.9,11.6,24.3,2.9,38.8,107.7,28.9,183.9,320.5,137.2,97.1,105.1,3.3,10.6,353.3,-11.5,25.5,-62.3,22.7,54,0,0.9,29.2,1.5,0.2,13.5,0,4.2,19.3,0,0.2,0.2,1009.9
"Carbon dioxide",2011,"Armagh City, Banbridge and Craigavon",190.4,64,22,59.6,336,52.6,16.3,6.5,75.3,17,12.3,4.2,33.5,150,3.1,314.2,467.3,243.1,65.1,234.9,3.8,4,551,-22.4,103.6,-160.8,127.4,75.5,-0.1,2.5,125.7,5.3,2.3,37,0,13,57.5,0,0.3,0.3,1646.6
"Carbon dioxide",2011,"Belfast",275.9,61.1,3.2,35.5,375.7,205.7,130.6,7.1,343.4,101.2,123.1,19,243.3,267,172.7,249.6,689.3,218.5,53.6,87,5,20.6,384.7,-1.8,1.6,-6.5,0.3,87.1,0,0.1,80.8,0.2,1.5,1.1,0,0.3,3,0,1,1,2121.1
"Carbon dioxide",2011,"Causeway Coast and Glens",71.2,5.9,0.9,34.3,112.4,40.7,18.1,4.1,62.9,12.9,6.5,3.6,23,106.4,2.1,224.2,332.7,171.9,0,222.9,5.3,3.9,404,-92.2,123.3,-134.3,315.8,52.7,-0.1,2.3,267.6,3.2,0.6,33.6,0,13.9,51.4,0,0.3,0.3,1254.2
"Carbon dioxide",2011,"Derry City and Strabane",119.5,14.7,138.7,40.8,313.8,42.9,4.3,3,50.3,19.7,12.9,4.3,37,100.6,5.3,213.9,319.7,132.4,0,149.5,0.9,4.5,287.4,-46.2,43.3,-79.6,295.4,57.6,0,1.4,271.9,2,0.8,21.3,0,3.3,27.4,0,0.4,0.4,1307.9
"Carbon dioxide",2011,"Fermanagh and Omagh",106.2,0,146.4,63.3,315.8,37.9,0,2.8,40.7,14,0,4.2,18.1,76,0,190.4,266.5,151,0,265.1,0,3.7,419.7,-163.6,31,-177.2,574.8,60.1,0,5.4,330.5,2.9,0,47.7,0,9.8,60.3,0,0.2,0.2,1451.9
"Carbon dioxide",2011,"Lisburn and Castlereagh",71.6,15.5,16.2,46.1,149.4,33.4,14.6,4,52,14.6,14.6,4.8,33.9,102.2,38,186,326.2,156.3,77.9,97.5,3.4,2.4,337.5,-7.9,44.4,-58.6,3,51.1,0,0.4,32.4,1.5,1.6,13.5,0,4.8,21.3,0,0.4,0.4,953.1
"Carbon dioxide",2011,"Mid and East Antrim",125.5,35.6,12,164.3,337.5,36.1,39.6,3.3,79,9.7,46.7,3.2,59.5,106.6,17.7,194.7,319,151.3,17.3,143.5,3.8,4.7,320.6,-27.5,47.2,-81.4,104.7,49.6,0,1.2,93.8,2.4,1.3,19.9,0,7,30.7,0,0.3,0.3,1240.3
"Carbon dioxide",2011,"Mid Ulster",152.9,0,255.3,107.8,516,30.2,0,4.5,34.7,7,0,2.9,9.9,96.7,0,216.9,313.6,182.2,12.3,229.2,0,3.3,427,-60.7,67.4,-160.3,300.5,52,0,2.8,201.6,2.5,0,40.6,0,13.2,56.3,0,0.2,0.2,1559.4
"Carbon dioxide",2011,"Newry, Mourne and Down",96.9,1.7,0,60.2,158.7,34.8,3.2,4.8,42.8,10.5,0.9,3.9,15.4,127.9,0.9,266.5,395.3,259.7,0,200.5,1,4.7,465.9,-41.9,186.6,-144,68.3,56.7,-0.1,0.4,126,3.8,1.3,35.4,0,15.1,55.7,0,0.3,0.3,1260.1
"Carbon dioxide",2011,"Ards and North Down",54.8,12.2,0.2,17.2,84.3,38.8,24,2.2,65,10.6,9.3,3.1,23,118.4,49.2,202.4,370,139,0,80.4,2.7,2.4,224.5,-8.1,140.5,-26.2,13.4,47.7,-0.1,-1.4,165.8,2.6,0.3,13.3,0,7.6,23.8,0,0.7,0.7,957.1
"Carbon dioxide",2011,"Northern Ireland",1403.7,219.8,595.6,669.3,2888.4,585.4,275.3,45.3,906,228.7,250.6,56.1,535.4,1359.4,317.9,2442.7,4120,1942.8,323.3,1815.5,29.3,64.8,4175.7,-483.8,814.5,-1091.2,1826.3,644.1,-0.6,16.1,1725.3,27.9,9.8,276.8,0,92.2,406.7,0,4.2,4.2,14761.7
"Carbon dioxide",2012,"Antrim and Newtownabbey",138.8,10,0.7,33.7,183.1,32.2,27.5,2.8,62.6,11.6,27.2,2.8,41.5,122,33.2,184.8,340.1,136.3,95.9,102.8,3.3,10.9,349.1,-11.9,24.6,-62.2,23.3,54.9,0,4.2,32.9,1.5,0.2,15.8,0,3.8,21.2,0,0.2,0.2,1030.7
"Carbon dioxide",2012,"Armagh City, Banbridge and Craigavon",191.2,63.9,10.9,48.9,314.8,52.8,16.2,6,75.1,17.1,12.2,4.2,33.5,179.8,4,320.6,504.3,241,64.3,229.3,3.8,3.9,542.4,-23,101.4,-160.7,127.7,76.3,-0.2,9.4,130.8,5.3,2.3,43.5,0,11.8,62.8,0,0.3,0.3,1664
"Carbon dioxide",2012,"Belfast",278.3,62.6,1.7,30.7,373.2,207.5,133.8,6.9,348.2,102.1,126.1,17.9,246.1,303.1,193.9,242.7,739.6,215.1,53,86.2,5,21.4,380.6,-1.8,1.5,-6.4,0.3,86.2,0,0.9,80.7,0.2,1.5,1.3,0,0.3,3.2,0,1,1,2172.6
"Carbon dioxide",2012,"Causeway Coast and Glens",70,6.2,0.9,31.6,108.7,40,19.1,3.9,62.9,12.6,6.8,3.7,23.1,129.4,2.2,225.4,357.1,170.8,0,217.1,5.3,3.8,396.9,-96.7,122.8,-133.4,315.7,53.7,-0.2,23.3,285.1,3.2,0.7,40,0,12.7,56.5,0,0.3,0.3,1290.8
"Carbon dioxide",2012,"Derry City and Strabane",137.5,20.4,133.7,37.8,329.5,49.4,6,2.9,58.3,22.7,17.8,4.2,44.7,121.7,5.9,217.1,344.6,131,0,145.9,0.9,4.3,282.1,-48.5,42.5,-79.5,295,58.4,-0.1,13,280.8,2.3,1.1,25.2,0,3.1,31.7,0,0.3,0.3,1372.1
"Carbon dioxide",2012,"Fermanagh and Omagh",113.8,0,145,54.9,313.6,40.7,0,2.6,43.3,14.9,0,4.4,19.3,96,0,189.2,285.2,149.8,0,258.7,0,3.6,412.1,-170.6,29.4,-176.9,575,61.3,-0.1,44.7,362.8,3.1,0,56.1,0,8.7,67.8,0,0.2,0.2,1504.4
"Carbon dioxide",2012,"Lisburn and Castlereagh",73.4,12.6,17.8,39.9,143.7,34.2,11.9,3.8,49.9,14.9,11.9,4.4,31.2,119.1,38.5,184.2,341.9,154.7,77.1,95.6,3.4,2.4,333.1,-8.1,43.5,-58.7,3,51.6,-0.1,3.1,34.4,1.5,1.3,16.1,0,4.3,23.3,0,0.4,0.4,957.8
"Carbon dioxide",2012,"Mid and East Antrim",119,32.5,11.9,125.5,288.9,34.2,36.1,3.2,73.5,9.2,42.5,3.1,54.8,125,22.6,194.5,342.1,150.1,17.1,140.4,3.8,3.9,315.1,-28.5,46.4,-81.3,104.8,49.6,-0.1,7.7,98.6,2.3,1.2,23.4,0,6.3,33.3,0,0.3,0.3,1206.6
"Carbon dioxide",2012,"Mid Ulster",157.5,0,246.9,88.7,493,31.1,0,4.2,35.3,7.2,0,2.9,10.1,118.3,0,217.6,335.9,181,12.1,223.8,0,3.3,420.3,-63,65.7,-160.2,301.5,52.9,-0.1,18.3,215.1,2.6,0,47.3,0,11.8,61.7,0,0.2,0.2,1571.6
"Carbon dioxide",2012,"Newry, Mourne and Down",99.2,2.7,0,49.9,151.8,35.6,5.1,4.6,45.4,10.8,1.5,4,16.3,149.4,1,269.4,419.9,258,0,196.2,1,4.6,459.9,-43.4,186.6,-143.2,68.3,56.9,-0.4,11.7,136.4,3.9,2.2,42.6,0,14,62.7,0,0.3,0.3,1292.6
"Carbon dioxide",2012,"Ards and North Down",56.6,20.6,0,14,91.2,40.1,40.3,2.1,82.5,11,15.6,3,29.6,140.5,57.7,200.3,398.5,137.6,0,79.2,2.7,2.3,221.8,-8.4,141.6,-25.3,13.4,46,-0.3,1,168.1,2.7,0.5,16.4,0,7.2,26.8,0,0.4,0.4,1018.9
"Carbon dioxide",2012,"Northern Ireland",1435.2,231.5,569.4,555.6,2791.7,597.8,296.1,43,936.9,234,261.7,54.4,550.2,1604.4,359,2445.9,4409.3,1925.3,319.5,1775.1,29.2,64.3,4113.4,-503.9,806,-1087.9,1828,647.8,-1.6,137.3,1825.7,28.5,10.8,327.8,0,83.9,451.1,0,3.9,3.9,15082.1
"Carbon dioxide",2013,"Antrim and Newtownabbey",135.4,10.2,0.7,40,186.3,31.5,28.3,3,62.7,11.3,27.9,2.5,41.7,116,35.5,197.7,349.1,133.8,94.3,100.1,3.4,10.9,342.5,-12,24.2,-63.6,22,52.6,0,0.9,24.1,1.4,0.2,15.5,0,3.2,20.3,0,0.4,0.4,1027.2
"Carbon dioxide",2013,"Armagh City, Banbridge and Craigavon",195.2,68.1,10.6,63.8,337.6,53.9,17.3,6.5,77.7,17.4,13,3.7,34.2,171.3,5.5,348.1,524.9,236.6,63.3,223.3,3.9,4,531.1,-23.1,99.1,-163.8,126.5,73,-0.1,3.9,115.4,5.4,2.4,43.1,0,9.8,60.8,0,0.3,0.3,1682
"Carbon dioxide",2013,"Belfast",272.7,67,3.1,32.6,375.3,203.3,143.2,7,353.5,100.1,134.9,16.7,251.7,287,213.5,252.3,752.8,211.1,52.1,84,5,23.4,375.8,-1.8,1.4,-6.7,0.3,84.2,0,0,77.4,0.2,1.6,1.2,0,0.2,3.2,0,1.1,1.1,2190.8
"Carbon dioxide",2013,"Causeway Coast and Glens",69.7,7,0.9,39.9,117.6,39.8,21.5,4.1,65.4,12.6,7.7,3.3,23.6,124.2,2.8,241.5,368.4,167.6,0,211.4,5.4,3.9,388.3,-99.1,121.7,-135.1,314.7,51.9,-0.1,1.4,255.3,3.2,0.8,39.8,0,10.6,54.3,0,0.3,0.3,1273.3
"Carbon dioxide",2013,"Derry City and Strabane",138.5,22.2,135.9,43.1,339.7,49.8,6.5,3,59.3,22.8,19.4,3.8,46.1,115.8,7.5,234.4,357.8,128.6,0,142,1,4.6,276.2,-49.9,42.2,-80.3,294.7,56.4,0,0.8,263.9,2.4,1.2,25,0,2.5,31,0,0.4,0.4,1374.3
"Carbon dioxide",2013,"Fermanagh and Omagh",113.1,0,120.7,69.9,303.6,40.4,0,2.6,43,14.8,0,4,18.8,91,0,200.4,291.4,147.1,0,251.9,0,3.8,402.7,-174.6,28.2,-179.1,572.5,58.7,0,2.8,308.5,3,0,55.3,0,7.5,65.8,0,0.2,0.2,1434.1
"Carbon dioxide",2013,"Lisburn and Castlereagh",72.4,13.9,17.1,47.3,150.7,33.7,13,4,50.8,14.7,13,4.2,31.9,111.8,40.7,194.5,347.1,151.8,75.8,93.1,3.5,2.5,326.7,-8.1,43,-60.3,3,49.7,0,0.9,28.1,1.5,1.4,16.1,0,3.6,22.6,0,0.4,0.4,958.2
"Carbon dioxide",2013,"Mid and East Antrim",120,26,12,151.8,309.8,34.5,28.9,3.3,66.7,9.3,34,2.8,46.1,118.5,24.3,206.9,349.7,147.3,16.8,136.7,3.8,3.8,308.4,-29,46.2,-82.4,104.1,48,0,0.9,87.7,2.3,1,23.1,0,5.4,31.7,0,0.3,0.3,1200.5
"Carbon dioxide",2013,"Mid Ulster",162.7,0,248.3,110.3,521.3,32.1,0,4.3,36.4,7.4,0,2.6,10,113.9,0,232.8,346.7,177.7,11.9,218,0,3.4,411,-63.9,63.7,-162.9,298.5,51,-0.1,3.7,190,2.7,0,46.4,0,10,59.1,0,0.2,0.2,1574.7
"Carbon dioxide",2013,"Newry, Mourne and Down",98.9,2.8,0,61.9,163.6,35.5,5.3,4.3,45.1,10.7,1.6,3.5,15.9,142.7,1.5,289.1,433.4,253.2,0,191.1,1,4.8,450.1,-43.6,186.5,-144.9,68.2,54.9,-0.2,0.3,121.3,3.9,2.2,42.9,0,11.4,60.5,0,0.3,0.3,1290.2
"Carbon dioxide",2013,"Ards and North Down",54.8,19.1,0.1,15.8,89.9,38.9,37.5,2.2,78.6,10.6,14.5,2.7,27.8,132,60.1,211.4,403.4,135,0,77.2,2.8,2.4,217.3,-8.4,142.3,-25.2,13.4,45.5,-0.1,-1.3,166.2,2.6,0.4,16.9,0,5.7,25.6,0,0.4,0.4,1009.2
"Carbon dioxide",2013,"Northern Ireland",1433.4,236.3,549.3,676.4,2895.4,593.4,301.5,44.3,939.2,231.8,266.2,49.9,547.9,1524.1,391.4,2609.3,4524.8,1890,314.3,1728.6,29.8,67.4,4030,-513.7,798.3,-1104.2,1818,625.9,-0.7,14.4,1638,28.6,11.2,325.2,0,69.9,434.9,0,4.3,4.3,15014.6
"Carbon dioxide",2014,"Antrim and Newtownabbey",114.8,7.6,0.7,41.9,164.9,26.7,21.1,4,51.8,9.6,20.8,3.1,33.4,92.3,40.9,181.2,314.5,133.6,94.4,97.6,3.5,10.8,339.9,-11.9,24.2,-64.1,23.5,52.1,0,0.6,24.4,1.2,0.2,12.2,0,3.3,16.9,0,0.4,0.4,946.1
"Carbon dioxide",2014,"Armagh City, Banbridge and Craigavon",166.2,69,12.6,66.8,314.5,45.9,17.5,8.2,71.7,14.8,13.2,4.4,32.4,136.7,9.5,323.6,469.8,236.1,63.3,218.2,4,4,525.5,-23.3,98.1,-165,127.3,71.8,-0.1,4.5,113.2,4.6,2.4,34.7,0,10.5,52.2,0,0.3,0.3,1579.6
"Carbon dioxide",2014,"Belfast",226,72.8,2.1,36.2,337.1,168.5,155.4,9.3,333.2,82.9,146.5,19.7,249.1,223.4,230.4,227,680.8,209,52.1,81.1,5.2,26.5,374,-1.8,1.5,-7,0.3,82.2,0,0,75.2,0.1,1.7,0.9,0,0.2,3,0,1.1,1.1,2053.4
"Carbon dioxide",2014,"Causeway Coast and Glens",59.1,10.2,0.9,38.8,109,33.8,31.1,5.2,70.1,10.7,11.1,3.8,25.6,99,5.7,222.1,326.8,167.6,0,206.9,5.5,3.8,383.8,-99.4,123.7,-135.1,315,51.7,-0.1,0.8,256.6,2.7,1.1,31.8,0,11.5,47.1,0,0.3,0.3,1219.4
"Carbon dioxide",2014,"Derry City and Strabane",115.8,19.1,133.2,40.9,308.9,41.6,5.6,3.8,51,19.1,16.7,4.6,40.4,88.5,11.9,216,316.3,128.1,0,138.7,1,4.6,272.3,-50,42.4,-80.4,294.3,56.1,0,1.1,263.5,2,1,19.8,0,2.9,25.6,0,0.4,0.4,1278.4
"Carbon dioxide",2014,"Fermanagh and Omagh",93.3,0,121.6,66.5,281.4,33.3,0,3.6,37,12.3,0,4.4,16.7,72.6,0,183,255.6,146.8,0,246.5,0,3.7,397,-174.6,27.4,-179.8,573.6,57.6,0,2.7,306.8,2.5,0,44,0,7.4,53.9,0,0.2,0.2,1348.5
"Carbon dioxide",2014,"Lisburn and Castlereagh",60.2,20.6,16.7,47.7,145.2,28,19.3,5.1,52.5,12.2,19.3,5,36.5,89.1,41.2,177,307.3,151.3,75.9,90.9,3.6,2.4,324,-8.2,42.9,-60.7,3,48.8,0,0.6,26.5,1.3,2.1,12.8,0,3.9,20.1,0,0.4,0.4,912.5
"Carbon dioxide",2014,"Mid and East Antrim",103.8,26.4,11.9,171.1,313.2,29.8,29.3,4.2,63.4,8,34.6,3.4,45.9,93.8,28.7,189.1,311.7,147,16.8,133.5,4,3.8,305.1,-29.1,46.9,-82.7,104.6,47.4,0,0.6,87.6,2,1,18.4,0,5.7,27,0,0.3,0.3,1154.1
"Carbon dioxide",2014,"Mid Ulster",144.2,0,294.8,112.3,551.4,28.5,0,5.6,34,6.6,0,3.1,9.7,91.3,0,214.8,306.1,177.7,11.9,213.4,0,3.3,406.3,-64,63,-163.5,301,49.9,-0.1,3,189.5,2.4,0,36.9,0,10.3,49.5,0,0.2,0.2,1546.7
"Carbon dioxide",2014,"Newry, Mourne and Down",83.7,4.2,0,62.5,150.4,30,7.9,5.6,43.6,9.1,2.4,4.2,15.6,114.2,3,266.1,383.3,253.2,0,187,1.1,5.1,446.4,-44.1,189.2,-145,68.1,54.3,-0.2,-0.5,121.9,3.3,3.3,34.6,0,13.2,54.4,0,0.3,0.3,1216
"Carbon dioxide",2014,"Ards and North Down",45.7,17.7,0,17.5,80.9,32.4,34.7,2.8,69.9,8.9,13.5,3.2,25.5,105.6,68.1,192.1,365.7,134.6,0,75.1,2.9,2.4,215,-8.5,145.6,-24.6,13.4,45,-0.1,-1.7,169,2.2,0.4,13.8,0,7.2,23.6,0,0.3,0.3,950
"Carbon dioxide",2014,"Northern Ireland",1212.7,247.5,594.5,702.2,2756.9,498.6,322.1,57.5,878.1,194.1,278,58.7,530.9,1206.5,439.4,2392.1,4038,1885.1,314.4,1688.8,30.7,70.5,3989.4,-515,805,-1107.9,1824,616.9,-0.7,11.7,1634,24.2,13.2,259.8,0,76.1,373.4,0,4.1,4.1,14204.8
"Carbon dioxide",2015,"Antrim and Newtownabbey",100,9.3,0.7,36.2,146.1,23.2,25.8,3,52,8.3,25.5,1.8,35.6,76.6,47.1,181.3,305.1,132,92.9,93.8,3.5,11.5,333.7,-12.4,23.9,-64,22.7,52.8,0,0.6,23.6,1.1,0.2,15.5,0,3.4,20.2,0,0.4,0.4,916.8
"Carbon dioxide",2015,"Armagh City, Banbridge and Craigavon",148.7,80.1,11.4,56.8,297,41.1,20.4,4.8,66.2,13.3,15.3,2.7,31.3,112.4,11.8,327.9,452.2,233.2,62.3,209.9,4,4,513.4,-24.2,96.1,-164.7,126.5,72.4,0,2.7,108.8,4.1,2.8,43.9,0,10.9,61.8,0,0.3,0.3,1531
"Carbon dioxide",2015,"Belfast",183,46.9,2,33.3,265.2,136.4,100.2,8.7,245.3,67.2,94.4,12.1,173.7,179.5,252.2,217.3,649.1,206.2,51.3,78,5.2,25.1,365.7,-1.9,1.5,-6.8,0.3,83,0,0,76.1,0.1,1.1,1.2,0,0.3,2.7,0,0.8,0.8,1778.6
"Carbon dioxide",2015,"Causeway Coast and Glens",53.9,7.7,0.9,31.1,93.7,30.8,23.7,3.9,58.4,9.7,8.5,2.9,21.2,80.9,7.1,221.8,309.8,165.6,0,199,5.5,3.8,373.9,-105,125.2,-133.7,315.2,51.8,0,0.4,253.9,2.4,0.9,41.2,0,12.2,56.8,0,0.3,0.3,1168
"Carbon dioxide",2015,"Derry City and Strabane",101.9,22.5,133.2,38.3,295.9,36.6,6.6,3.1,46.3,16.8,19.7,2.8,39.2,74.4,14.8,219,308.2,126.5,0,133.4,1,4.3,265.1,-52.8,42.5,-79.7,294.1,55.7,0,0.4,260.3,1.7,1.2,25.6,0,3.1,31.6,0,0.4,0.4,1247
"Carbon dioxide",2015,"Fermanagh and Omagh",86.5,0,126.2,54.3,266.9,30.9,0,2.7,33.6,11.4,0,3.7,15.1,59.4,0,179.9,239.3,145,0,237,0,3.7,385.8,-183.6,26.2,-179.5,572,58.1,0,1.8,295,2.3,0,56,0,7.5,65.9,0,0.2,0.2,1301.7
"Carbon dioxide",2015,"Lisburn and Castlereagh",61.5,32.9,16.7,43.4,154.5,28.6,30.9,3.5,63.1,12.5,30.8,2.9,46.3,78.1,49.3,173.8,301.2,149.3,74.8,87.4,3.5,2.4,317.4,-8.4,42.6,-60.2,3,49.2,0,0.6,26.8,1.3,3.3,16.8,0,4.1,25.5,0,0.4,0.4,935.3
"Carbon dioxide",2015,"Mid and East Antrim",93,26.4,11.9,158.7,290.1,26.8,29.4,2.9,59,7.2,34.6,2,43.8,77.5,32.7,187.8,298,145.2,16.6,128.4,3.9,3.9,298,-30.6,46.6,-82.7,108.1,47.2,0,0.5,89,1.8,1,23.3,0,5.9,32,0,0.3,0.3,1110.3
"Carbon dioxide",2015,"Mid Ulster",134.5,0.1,391.4,95.7,621.6,26.5,0,3.7,30.2,6.2,0,2.1,8.2,73.4,0,212.9,286.3,175.6,11.8,205.2,0,3.3,395.8,-66.7,61.6,-163.2,300.7,50.3,0,2.1,184.9,2.2,0,46.1,0,10.6,58.9,0,0.2,0.2,1586.2
"Carbon dioxide",2015,"Newry, Mourne and Down",76.2,5.6,0,51.3,133.1,27.4,10.6,4.1,42,8.3,3.2,2.9,14.4,96.6,3.7,267.7,368,250.3,0,179.7,1.1,4.9,436,-45.9,191.1,-143.4,68.1,53.7,0,-0.6,122.9,3,4.4,45.4,0,14.1,67,0,0.3,0.3,1183.8
"Carbon dioxide",2015,"Ards and North Down",43.4,15.7,0,16.1,75.3,30.8,30.8,2.8,64.3,8.4,11.9,1.9,22.3,94.6,78.3,188.9,361.7,132.9,0,72.2,2.8,2.5,210.5,-8.8,147.8,-23.9,13.4,44.2,0,-1.1,171.5,2.1,0.4,18.6,0,8,29,0,0.3,0.3,934.9
"Carbon dioxide",2015,"Northern Ireland",1082.6,247.2,694.5,615.2,2639.6,439.1,278.3,43.2,760.6,169.2,243.9,37.9,451,1003.4,497.1,2378.4,3878.9,1861.8,309.6,1624,30.5,69.5,3895.4,-540.2,805,-1101.9,1824.1,618.4,-0.1,7.5,1612.8,22.1,15.3,333.8,0,80.2,451.4,0,3.8,3.8,13693.5
"Carbon dioxide",2016,"Antrim and Newtownabbey",83.9,7.9,0.7,35.8,128.1,19.5,21.7,2.3,43.5,7,21.5,1.5,29.9,62.8,42.8,185,290.6,133.7,94.2,95.1,3.5,12.6,339.1,-12.3,23.2,-64,23.4,53.3,0,1,24.4,0.9,0.2,14.6,0,3.5,19.2,0,0.4,0.4,875.2
"Carbon dioxide",2016,"Armagh City, Banbridge and Craigavon",123.8,62.2,9,55.2,250.2,34.2,15.8,3.7,53.6,11.1,11.9,2.3,25.2,92.9,14.2,338.9,446,236,63.3,213,4,3.9,520.2,-24.2,94.4,-164.7,126.8,73.5,-0.1,3.4,109.1,3.4,2.2,40.9,0,11.1,57.6,0,0.3,0.3,1462.3
"Carbon dioxide",2016,"Belfast",149.9,39.8,1.9,32.1,223.6,111.7,85,6.6,203.4,55,80.1,10,145.1,145.9,216.5,218.4,580.8,207.6,52,78.7,5.2,23,366.5,-1.8,1.5,-6.8,0.3,83.7,0,0,76.9,0.1,0.9,1.1,0,0.3,2.4,0,0.8,0.8,1599.3
"Carbon dioxide",2016,"Causeway Coast and Glens",45.2,7.1,0.9,28.4,81.6,25.8,21.7,2.9,50.5,8.2,7.8,2.5,18.4,66.7,8.1,227.5,302.3,167.7,0,202.1,5.5,3.8,379.1,-105.1,124.9,-133.4,316.1,52.3,-0.2,2.1,256.7,2,0.8,40.2,0,12.5,55.6,0,0.3,0.3,1144.5
"Carbon dioxide",2016,"Derry City and Strabane",85,22.8,123.6,38.6,270.1,30.6,6.7,2.3,39.6,14,20,2.3,36.3,61.9,16.7,223.4,302.1,127.8,0,135.2,1,4.1,268.1,-52.7,42.1,-79.6,293.7,56.8,-0.1,1.6,261.8,1.4,1.2,23.8,0,3.1,29.6,0,0.4,0.4,1207.8
"Carbon dioxide",2016,"Fermanagh and Omagh",74.1,0,127.9,50,252,26.5,0,2,28.5,9.7,0,3.2,12.9,49.1,0,184.1,233.3,146.9,0,240.7,0,3.7,391.2,-184.4,24.6,-179.4,570.4,59.1,0,3.3,293.6,2,0,50.5,0,7.7,60.2,0,0.2,0.2,1271.9
"Carbon dioxide",2016,"Lisburn and Castlereagh",50.8,25.6,23.6,41.2,141.1,23.7,24.1,2.7,50.4,10.3,24,2.4,36.7,64,46.6,176.8,287.3,150.9,75.9,88.6,3.5,2.4,321.3,-8.5,41.8,-60,3,50,-0.1,0.8,27.2,1.1,2.6,15.9,0,4.2,23.7,0,0.4,0.4,888.1
"Carbon dioxide",2016,"Mid and East Antrim",71.1,17,12.2,154.9,255.2,20.4,18.9,2.2,41.6,5.5,22.3,1.7,29.5,63.5,30,191.4,284.9,147,16.8,130.3,3.9,3.6,301.6,-30.7,46.3,-82.8,108.6,47.1,-0.1,0.8,89.4,1.4,0.6,23.1,0,6,31.1,0,0.3,0.3,1033.5
"Carbon dioxide",2016,"Mid Ulster",114.7,0.1,371,88.8,574.5,22.6,0,2.8,25.4,5.2,0,1.8,7,61.4,0,220.2,281.6,177.9,11.9,208.3,0,3.2,401.4,-67,60.1,-162.8,302,50.6,-0.1,2.9,185.7,1.9,0,43.7,0,10.8,56.4,0,0.2,0.2,1532.2
"Carbon dioxide",2016,"Newry, Mourne and Down",63.7,5.1,0,51.8,120.6,22.9,9.7,3.1,35.7,6.9,2.9,2.5,12.3,79.7,4.3,275.5,359.6,253.6,0,182.4,1.1,4.6,441.7,-46.2,191.9,-142.5,68,53.6,-0.3,0.9,125.4,2.5,4.1,46.7,0,14.5,67.8,0,0.3,0.3,1163.4
"Carbon dioxide",2016,"Ards and North Down",35,12.1,0.1,15.4,62.5,24.8,23.7,2.1,50.6,6.8,9.2,1.6,17.5,76.5,71.9,191.5,339.9,134.3,0,73.1,2.8,2.6,212.9,-8.9,149.5,-22.8,13.4,44,-0.2,-1.3,173.7,1.7,0.3,20.7,0,8.2,30.9,0,0.3,0.3,888.3
"Carbon dioxide",2016,"Northern Ireland",897.1,199.6,670.9,591.9,2359.5,362.7,227.3,32.7,622.7,139.7,199.6,31.7,370.9,824.5,451.3,2432.7,3708.5,1883.4,314.1,1647.7,30.5,67.5,3943.1,-541.7,800.4,-1098.8,1825.6,623.9,-1.1,15.5,1623.9,18.4,12.9,321.2,0,81.8,434.3,0,3.8,3.8,13066.6
"Carbon dioxide",2017,"Antrim and Newtownabbey",74.4,7.2,0.7,33.6,115.8,17.3,19.8,1.5,38.6,6.2,19.6,1.4,27.2,55.6,43.5,177.9,277,133.6,94,93.4,3.4,13.7,338.2,-12.2,22.2,-65.2,23.5,52.8,0,0.8,21.7,0.8,0.2,14,0,3.2,18.1,0,0.3,0.3,837
"Carbon dioxide",2017,"Armagh City, Banbridge and Craigavon",107.9,58,9.3,64.8,240,29.8,14.7,2.5,47,9.6,11.1,2.1,22.8,82.8,15.5,329.7,428,258.4,63.3,209.5,4,4.1,539.3,-24,91.6,-166.2,126.6,72.5,-0.1,2.2,102.6,3,2,38.5,0,10.1,53.6,0,0.3,0.3,1433.6
"Carbon dioxide",2017,"Belfast",130.3,38.3,1.2,35.9,205.7,97.1,81.8,4.3,183.2,47.8,77.1,8.8,133.7,127.6,217.6,203.4,548.7,205.2,51.9,76.5,5.1,21,359.8,-1.8,1.5,-6.8,0.3,84.5,0,0,77.6,0.1,0.9,1,0,0.2,2.2,0,0.7,0.7,1511.5
"Carbon dioxide",2017,"Causeway Coast and Glens",40.3,6.2,0.9,31.1,78.5,23,18.9,2,43.9,7.3,6.8,1.8,15.8,59.4,8.8,218.8,287,167.7,0,199.1,5.5,3.9,376.1,-105,123.4,-134.6,315.8,52.4,-0.2,0.5,252.3,1.8,0.7,40,0,11.4,54,0,0.3,0.3,1108
"Carbon dioxide",2017,"Derry City and Strabane",75.2,25.1,107.9,41.9,250.1,27,7.4,1.5,35.9,12.4,22,2.1,36.5,55.2,18.1,216.8,290.1,127.2,0,132.9,1,3.9,265,-52.3,41.4,-80.1,293.5,57.3,-0.1,0.6,260.3,1.3,1.3,22.5,0,2.9,28,0,0.3,0.3,1166.2
"Carbon dioxide",2017,"Fermanagh and Omagh",65.9,0,128.2,56.8,250.9,23.5,0,1.3,24.8,8.7,0,2.1,10.8,44.3,0,175.2,219.5,146.7,0,237,0,3.7,387.5,-184.6,23.4,-180,574.2,58.6,0,2.5,294,1.8,0,45.9,0,6.9,54.6,0,0.2,0.2,1242.2
"Carbon dioxide",2017,"Lisburn and Castlereagh",44.4,25.6,25,48.5,143.6,20.7,24.1,1.8,46.6,9,24,2.1,35.2,56.7,49.3,167.9,273.9,150.4,75.9,87.1,3.5,2.4,319.2,-8.5,41.5,-60.2,3,50,-0.1,0.1,25.9,0.9,2.6,15.3,0,3.8,22.7,0,0.3,0.3,867.4
"Carbon dioxide",2017,"Mid and East Antrim",59.6,15.5,11.8,60.1,147.1,17.1,17.2,1.4,35.8,4.6,20.3,1.6,26.4,55.9,31.1,183.2,270.3,146.7,16.8,128.1,3.9,3.4,299,-30.6,46,-83.1,108.7,47.3,-0.1,0.4,88.6,1.2,0.6,23.2,0,5.5,30.4,0,0.3,0.3,897.7
"Carbon dioxide",2017,"Mid Ulster",102.7,1.5,362,95.2,561.3,20.3,0,1.9,22.1,4.7,0,1.6,6.3,55.2,0.1,211.4,266.7,178.1,11.9,205.2,0,3.3,398.5,-67.1,57.6,-164.2,299.8,50.2,-0.1,2.6,178.9,1.7,0,42,0,9.7,53.4,0,0.2,0.2,1487.3
"Carbon dioxide",2017,"Newry, Mourne and Down",55.9,4.6,0,56.4,116.9,20.1,8.7,2,30.8,6.1,2.6,2,10.7,71.2,4.9,266.2,342.4,282.2,0,179.6,1,4.7,467.6,-46.2,191,-142.7,68,53.3,-0.3,-1.5,121.6,2.2,3.7,48.8,0,13.4,68.1,0,0.3,0.3,1158.4
"Carbon dioxide",2017,"Ards and North Down",30.4,10.8,0.1,15.5,56.7,21.5,21.2,1.4,44,5.9,8.2,1.5,15.5,67.4,73.6,182.2,323.2,133.9,0,71.7,2.8,2.5,210.8,-8.9,150.2,-22.4,13.4,44.1,-0.2,-2.8,173.4,1.5,0.2,23.2,0,7.7,32.6,0,0.3,0.3,856.7
"Carbon dioxide",2017,"Northern Ireland",786.9,192.7,647.2,539.7,2166.5,317.5,213.8,21.5,552.8,122.2,191.6,27,340.9,731.3,462.6,2332.7,3526.6,1930.2,313.8,1620.2,30.2,66.6,3961,-541.1,789.9,-1105.6,1826.8,622.9,-1.2,5.3,1596.9,16.1,12.2,314.4,0,74.9,417.6,0,3.7,3.7,12566.1
"Carbon dioxide",2018,"Antrim and Newtownabbey",63.1,8.4,0.7,34.1,106.3,18.1,26.5,4.1,48.6,5.4,19,2.6,27,50.2,51.6,182.3,284,131.6,93,93,3.3,14.7,335.5,-12.1,21.4,-65,24,51.1,0,1.1,20.5,0.7,0.2,10.9,0,3.3,15,0,0.3,0.3,837.4
"Carbon dioxide",2018,"Armagh City, Banbridge and Craigavon",93.4,70.1,10.1,58.6,232.3,33,19.3,6.5,58.7,9.5,12.7,3.7,25.8,75,20,342.2,437.1,254,62.6,208.7,3.8,4.2,533.3,-24,88.5,-167,126.8,69.8,-0.1,4,98,2.8,2,29.8,0,10.5,45.1,0,0.3,0.3,1430.8
"Carbon dioxide",2018,"Belfast",96.2,47.4,2.8,32.7,179.1,105.4,98.6,11.1,215.1,44.9,82.9,16,143.9,114.2,252.8,201.1,568,200.5,51.3,75.7,4.9,21.6,353.9,-1.6,1.4,-6.6,0.3,81.7,0,0.1,75.2,0,0.4,0.7,0,0.3,1.4,0,0.7,0.7,1537.4
"Carbon dioxide",2018,"Causeway Coast and Glens",34,7.1,0.9,27.5,69.5,23.9,23.3,5.2,52.4,7,8.9,3.1,19,53.6,10.7,224.4,288.7,164,0,198.5,5.2,4,371.7,-105.5,123.1,-134.2,315.9,50.2,-0.1,2.3,251.6,1.9,1,28.7,0,11.9,43.5,0,0.3,0.3,1096.7
"Carbon dioxide",2018,"Derry City and Strabane",66.1,31.5,104.6,39.6,241.8,29.3,9.8,4.1,43.2,11.6,21.9,3.7,37.3,49.8,22.7,224.3,296.7,124.6,0,132.3,0.9,4.2,262,-52.2,40.9,-80.4,293.3,54.9,0,1.7,258.2,1.5,1.4,17,0,2.9,22.8,0,0.3,0.3,1162.3
"Carbon dioxide",2018,"Fermanagh and Omagh",59.1,0,132,51.6,242.7,24.7,0,3.4,28.1,8.1,0,3.6,11.7,40.2,0,177.6,217.9,144.1,0,236.4,0,3.8,384.3,-185.1,21.8,-180.8,574.5,56.5,0,5.4,292.3,2.1,0,35.7,0,7.5,45.3,0,0.2,0.2,1222.4
"Carbon dioxide",2018,"Lisburn and Castlereagh",36.5,27.7,21.7,49,134.9,22.1,34.6,4.4,61.2,9.4,22.8,4.1,36.3,51,59.2,169.7,279.9,147.3,75.1,86.7,3.3,2.4,314.8,-8.5,40.7,-60.3,3,47.9,0,0.8,23.5,1,2.8,11.5,0,4,19.3,0,0.3,0.3,870.2
"Carbon dioxide",2018,"Mid and East Antrim",48.1,10.5,11.8,28,98.6,17.3,19.9,3.8,40.9,4.5,26.9,2.8,34.2,50.3,36.8,186.6,273.8,144.5,16.6,127.6,3.7,3.7,296.2,-30.7,45.6,-83,109,45.7,-0.1,1.1,87.8,1.3,0.8,18.1,0,5.8,26,0,0.3,0.3,857.6
"Carbon dioxide",2018,"Mid Ulster",92.2,0,381,86.3,559.5,22.4,0,5,27.4,4.6,0,2.7,7.2,50.2,0.1,216.2,266.4,175.4,11.8,204.7,0,3.3,395.1,-67.3,55.4,-164.9,300.6,48.3,-0.1,3.8,175.7,1.9,0,31.8,0,10.4,44.1,0,0.2,0.2,1475.7
"Carbon dioxide",2018,"Newry, Mourne and Down",49.1,12.3,0,59.4,120.8,21.1,7.3,5.2,33.6,5.7,2.6,3.7,12,64.3,6.3,274.2,344.9,278.3,0,179.1,1,4.9,463.2,-46.5,191.8,-142.6,68,51.1,-0.2,1,122.5,1.9,1.3,37.1,0,13.6,53.9,0,0.3,0.3,1151.2
"Carbon dioxide",2018,"Ards and North Down",24.7,11.8,0.1,12.8,49.3,21.4,25.3,3.5,50.2,5.5,8.3,2.5,16.3,60.6,86.7,184,331.3,131.6,0,71.3,2.7,2.5,208,-8.9,152.3,-21.7,13.4,41.9,-0.2,-1.6,175.1,1.7,0.2,17.6,0,7.6,27.1,0,0.3,0.3,857.8
"Carbon dioxide",2018,"Northern Ireland",662.5,227,665.6,479.8,2034.9,338.8,264.5,56.2,659.5,116.2,206,48.5,370.8,659.4,546.9,2382.5,3588.7,1895.8,310.3,1614,28.7,69.3,3918.2,-542.3,783.1,-1106.7,1828.7,599.1,-0.8,19.5,1580.5,16.7,10,238.9,0,77.8,343.3,0,3.7,3.7,12499.6
"Carbon dioxide",2019,"Antrim and Newtownabbey",54.8,6.5,0.7,30.9,92.9,17.1,17.5,2.8,37.3,4.7,28.4,2,35.1,45,58.1,181.2,284.2,127.2,89.5,88.9,3.3,15.8,324.6,-10.9,20.8,-65.5,25,49.7,0,0.6,19.6,0.5,0.4,11.8,0,3.8,16.5,0,0.3,0.3,810.6
"Carbon dioxide",2019,"Armagh City, Banbridge and Craigavon",82.1,66.5,9.8,49,207.4,31.6,19.1,4.4,55.1,8.7,20.1,3.1,32,67.7,25.3,344.3,437.3,246.4,60.2,199.8,3.8,4.7,515,-22.9,86.2,-168,127.4,68,0,2.9,93.5,2.1,1.1,32.3,0,11.8,47.2,0,0.3,0.3,1387.8
"Carbon dioxide",2019,"Belfast",73.9,46.7,3.1,36.9,160.5,98.4,114.6,8,221.1,42.8,83.8,13.9,140.5,101.4,275.6,192.7,569.7,193.1,49.5,71.9,4.9,21.6,341,-1.2,1.4,-6.7,0.3,79.9,0,0,73.5,0,0.6,0.8,0,0.3,1.7,0,0.7,0.7,1508.7
"Carbon dioxide",2019,"Causeway Coast and Glens",30.6,6.7,0.9,23.9,62.1,21.1,18.4,3.5,43,6,12.8,2.5,21.3,48.2,13.9,223.3,285.4,160,0,190.3,5.3,4.4,359.9,-108.4,123.2,-134.4,317.5,48.7,0,0.7,247.3,1.3,0.9,32.5,0,13.3,48,0,0.3,0.3,1067.2
"Carbon dioxide",2019,"Derry City and Strabane",58.2,31.6,104.9,36.3,231,27.7,12.8,2.9,43.4,10.4,23.2,3,36.6,44.7,28.9,224.6,298.1,120.8,0,126.6,0.9,4.6,252.9,-56,40.3,-80.8,293.4,53.6,0,1.2,251.7,0.8,0.1,18.7,0,3.2,22.8,0,0.3,0.3,1136.8
"Carbon dioxide",2019,"Fermanagh and Omagh",49.4,0,73.6,40.7,163.8,20.8,0,2.4,23.2,7.1,0,3,10.1,35.9,0.1,175,210.9,139.8,0,226.5,0,4.1,370.4,-185.6,20,-181.8,576.2,54.6,0,4.3,287.6,1.6,0,36.9,0,8.5,47,0,0.2,0.2,1113.3
"Carbon dioxide",2019,"Lisburn and Castlereagh",33.6,24.5,22.2,45.7,126.1,18.3,38.4,3.2,59.9,7.6,27.9,3.3,38.8,46.1,65.5,166.3,277.9,142.9,72.1,82.9,3.4,2.7,304.1,-7.9,40.2,-60.8,3,46.8,0,0.2,21.5,0.6,2.8,12.7,0,4.4,20.5,0,0.3,0.3,849.1
"Carbon dioxide",2019,"Mid and East Antrim",40.4,9.5,11.9,21.5,83.2,15.2,32.8,2.7,50.6,3.9,18.2,2.1,24.2,45.2,42.2,184.5,271.9,139.6,16,122.2,3.8,3.7,285.3,-29.9,45.5,-83.4,110,44.6,0,0.5,87.3,0.8,0.6,19.2,0,6.6,27.2,0,0.3,0.3,830
"Carbon dioxide",2019,"Mid Ulster",83.1,23.3,357.3,65.6,529.2,21.6,2.3,3.4,27.3,4.2,0.3,2.2,6.7,45.3,0.2,214.7,260.1,170.3,11.3,196.2,0,3.6,381.4,-65.3,53.3,-165.9,300,45.9,0,3,171.1,1.1,0,34.4,0,11.7,47.2,0,0.2,0.2,1423.3
"Carbon dioxide",2019,"Newry, Mourne and Down",43.5,10,0,29.3,82.8,19.7,8.1,3.6,31.4,5.3,5.1,3,13.3,58.2,8.5,274.1,340.8,269.8,0,171.6,1,5.1,447.5,-42.6,193,-142.9,68,49.6,0,-2,122.9,1.4,1.3,39.7,0,15.2,57.5,0,0.3,0.3,1096.6
"Carbon dioxide",2019,"Ards and North Down",20.6,9.1,0,10.9,40.6,20.5,27.5,2.3,50.3,5.3,9.3,2,16.5,54.5,96.3,180.1,330.9,127.3,0,68.1,2.7,2.7,200.8,-7.8,154.6,-20.9,13.4,41.9,0,-3.3,177.8,1.2,0.3,19.4,0,8.4,29.3,0,0.3,0.3,846.6
"Carbon dioxide",2019,"Northern Ireland",570.2,234.2,584.4,390.8,1779.7,312.1,291.3,39.2,642.6,105.9,229.1,40,375.1,592,614.4,2360.7,3567.2,1837.3,298.6,1545,29.1,73,3783,-538.6,778.5,-1111.2,1834,583.2,-0.1,8.1,1553.9,11.3,8.2,258.4,0,87.2,365,0,3.5,3.5,12069.9
"Carbon dioxide",2020,"Antrim and Newtownabbey",50.6,7.1,0.7,32.1,90.5,10.7,17.3,3.8,31.7,3,20.2,2.4,25.6,43.4,53.5,183.4,280.3,104.8,93.8,90.2,2.5,7.2,298.5,-11.6,20.1,-66.6,21.9,51.3,0,1.1,16.2,0.7,0.7,10.5,0,3.6,15.6,0,0.3,0.3,758.7
"Carbon dioxide",2020,"Armagh City, Banbridge and Craigavon",72.8,72.2,9.8,51,205.8,22.1,13.2,6,41.4,6.2,8.2,3.8,18.2,65.5,24.5,352.9,442.9,201,40.7,202.7,2.9,4.8,452.1,-24,84.3,-169.5,129.4,69.5,0,4.5,94.1,3.7,1.2,28.1,0,11.2,44.2,0,0.3,0.3,1298.9
"Carbon dioxide",2020,"Belfast",67.3,42.5,2.9,34.8,147.5,68.6,83.5,10.5,162.6,29.3,79.2,16.1,124.5,96.5,250.9,186.7,534.1,147,41,73.2,3.7,12,276.9,-1.5,1.3,-6.6,0.3,82,0,0.1,75.7,0.1,0.2,0.7,0,0.3,1.3,0,0.7,0.7,1323.2
"Carbon dioxide",2020,"Causeway Coast and Glens",26,8.4,0.9,28.1,63.4,14.3,18.3,4.8,37.4,4,7.2,3,14.2,46.1,13.3,225.7,285.1,135,0,192.9,3.9,4.2,336.1,-113,124.6,-135.1,321.5,50,0,2.2,250.1,2.5,0.4,30.5,0,12.5,45.8,0,0.3,0.3,1032.3
"Carbon dioxide",2020,"Derry City and Strabane",51.7,30.1,99.7,36,217.5,18.7,9,3.9,31.6,7,22.9,3.6,33.4,43,28,230,301,94,0,128.5,0.7,3.3,226.4,-57.9,40.3,-81.4,293.1,55.6,0,1.7,251.3,1.6,0.1,16.5,0,2.9,21.1,0,0.3,0.3,1082.7
"Carbon dioxide",2020,"Fermanagh and Omagh",42,1.2,14.9,45,103.1,14.7,0.1,3.3,18.1,4.9,0,3.6,8.5,34.8,0.9,174.3,210,118.4,0,229.7,0,4.3,352.4,-193.4,19,-182.1,578.8,56.7,0,4.8,283.8,3.5,0,31,0,8.6,43.1,0,0.2,0.2,1019.2
"Carbon dioxide",2020,"Lisburn and Castlereagh",28.6,33.5,22.6,45.8,130.5,12.6,23.6,4.2,40.4,5.3,20.6,4.1,30.1,44.9,61.6,165.2,271.8,118.1,52.3,84.2,2.5,2.7,259.8,-8.3,40.3,-61.5,3,47.9,0,0.8,22.2,0.8,0.9,11.9,0,4.1,17.8,0,0.3,0.3,772.8
"Carbon dioxide",2020,"Mid and East Antrim",34.8,7.2,12.1,25,79.1,11,24.9,3.7,39.5,2.8,19.6,2.6,25,43.4,40.3,185.4,269.1,113,12,124,2.8,3.4,255.2,-25.6,45.6,-83.8,113.6,45.9,0,1.2,97,1.5,0.8,19.4,0,6.3,27.9,0,0.2,0.2,793.1
"Carbon dioxide",2020,"Mid Ulster",73.9,0.6,306.3,77.9,458.7,15.5,0,4.6,20.2,3.1,0,2.6,5.7,43.9,0.8,215.8,260.5,143.1,7.5,198.9,0,3.8,353.2,-68.2,51.6,-167.3,304.9,47.1,0,4.3,172.4,3,0,29.3,0,11.5,43.9,0,0.2,0.2,1314.7
"Carbon dioxide",2020,"Newry, Mourne and Down",36.8,6.8,0,34.7,78.3,13.8,7.3,4.8,26,3.7,5.2,3.6,12.4,56.5,9.6,278,344.1,221.9,0,174,0.8,4.9,401.5,-44.7,196,-142.8,67.9,51,0,0,127.3,2.4,2.8,40.5,0,13.6,59.3,0,0.3,0.3,1049.2
"Carbon dioxide",2020,"Ards and North Down",18,11.9,0.2,11.7,41.8,13.6,20.5,3.2,37.3,3.5,7.3,2.4,13.2,52.6,87.6,178.9,319.2,104.2,0,69.1,2,1.8,177.1,-8.3,158,-19.9,13.4,42.6,0,-2.2,183.5,1.6,0.2,20.6,0,7,29.4,0,0.3,0.3,801.8
"Carbon dioxide",2020,"Northern Ireland",502.6,221.5,470,422,1616.2,215.7,217.8,52.7,486.1,72.8,190.4,47.7,310.9,570.7,571.1,2376.4,3518.1,1500.3,247.5,1567.3,21.8,52.2,3389.2,-556.5,781,-1116.6,1847.8,599.6,-0.1,18.4,1573.7,21.2,7.3,239.2,0,81.5,349.1,0,3.3,3.3,11246.7
"Carbon dioxide",2021,"Antrim and Newtownabbey",61.6,6,0.7,35.1,103.3,9.4,15.1,3.7,28.2,2.7,23.1,2.7,28.5,45.4,58.8,175.3,279.5,116.4,103.9,99.5,2.7,7.1,329.6,-11.6,20.2,-66.7,20.5,51.5,0,1.3,15.1,0.6,0.9,11.4,0,3.9,16.9,0,0.3,0.3,801.4
"Carbon dioxide",2021,"Armagh City, Banbridge and Craigavon",89,59.5,9.9,47.6,206,23.6,17.6,5.9,47.1,6.7,19.7,4.4,30.8,68.3,30.2,340.9,439.4,220.5,43.4,221.1,3.1,5.4,493.6,-24,84.8,-169.7,127.7,69.7,-0.1,5,93.4,3.6,0.7,31.3,0,12.1,47.8,0,0.3,0.3,1358.5
"Carbon dioxide",2021,"Belfast",78.4,35.5,2.4,39.2,155.6,84.2,84.5,9.8,178.6,35.2,77.3,17.8,130.3,100,261,171.6,532.5,161.9,42.5,84.9,4.1,12.9,306.3,-1.5,1.4,-6.6,0.3,82.2,0,0.2,75.9,0.1,0.2,0.8,0,0.3,1.4,0,0.7,0.7,1381.3
"Carbon dioxide",2021,"Causeway Coast and Glens",33.1,4.4,0.9,25,63.4,15.8,28.4,4.7,49,4.3,8.6,3.4,16.3,48.6,16,216.1,280.6,146.1,0,209,4.3,4.6,364,-110.9,125.3,-135.2,321.6,50.1,-0.1,4,254.7,2.7,0.6,29.2,0,13.6,46,0,0.3,0.3,1074.4
"Carbon dioxide",2021,"Derry City and Strabane",64.9,33.8,102.6,35,236.2,21.5,16,3.8,41.3,7.9,22.3,4,34.3,44.9,33.8,221.5,300.2,104.8,0,141,0.8,3.6,250.2,-56.6,40.6,-81.5,292.8,55.7,0,2.6,253.6,1.7,0.1,17.7,0,3.1,22.6,0,0.3,0.3,1138.7
"Carbon dioxide",2021,"Fermanagh and Omagh",50.4,0.8,15.9,46,113.1,17.3,0,3.3,20.7,5.6,0,4,9.7,36.3,1.3,164.4,202,128.6,0,248.9,0,4.8,382.2,-170.6,19.1,-182.3,575.6,56.9,0,8.2,306.9,3.6,0,32.8,0,9.2,45.7,0,0.2,0.2,1080.3
"Carbon dioxide",2021,"Lisburn and Castlereagh",36.9,27.4,19.4,47.7,131.4,13.2,20.3,3.9,37.4,5.8,32.9,4.9,43.5,47,66.1,156,269,128.3,55.6,92.4,2.8,3,282,-8.4,40.6,-61.5,3,48,0,1,22.6,0.8,1.1,12.2,0,4.5,18.5,0,0.3,0.3,804.9
"Carbon dioxide",2021,"Mid and East Antrim",39.9,7.4,12.2,22.9,82.4,13.3,26.5,3.6,43.4,3.5,18.8,3,25.3,45.7,44.6,176.3,266.5,121,12.8,135.4,3.1,3.8,276.2,-30.9,46,-83.9,110.6,46,0,1.7,89.3,1.8,0.7,17.1,0,6.8,26.4,0,0.3,0.3,809.8
"Carbon dioxide",2021,"Mid Ulster",87.4,0.7,314.8,77.5,480.4,15.9,0,4.6,20.5,3.2,0,3,6.1,46,1.5,205.9,253.4,152.4,7.9,215.1,0,4.2,379.7,-67.7,51.9,-167.5,300.6,47.3,0,5.6,170.2,2.8,0,32.2,0,12.4,47.5,0,0.2,0.2,1358
"Carbon dioxide",2021,"Newry, Mourne and Down",40.9,5.1,0,31.5,77.5,18.1,8.4,4.7,31.2,4.8,5.6,4.1,14.4,59,12.6,266.8,338.4,239.7,0,188.7,0.8,5.6,434.7,-44.7,196.9,-142.9,67.9,51.1,-0.2,0.8,128.8,2.8,3.5,31.6,0,14.9,52.9,0,0.3,0.3,1078.3
"Carbon dioxide",2021,"Ards and North Down",25.3,9.3,2.4,11.7,48.7,14,20,3.1,37.1,3.6,9.4,2.7,15.7,55.1,94.7,168.7,318.4,112.9,0,76.8,2.2,1.9,193.8,-8.4,158.8,-19.9,13.4,42.4,-0.1,-2.1,184.2,1.5,0.1,11.9,0,7.8,21.4,0,0.3,0.3,819.6
"Carbon dioxide",2021,"Northern Ireland",607.7,190,481.2,419.2,1698.1,246.4,236.8,51.2,534.4,83.1,217.6,54,354.7,596.1,620.6,2263.4,3480.1,1632.7,266.3,1712.7,23.9,56.8,3692.4,-535.4,785.6,-1117.7,1833.9,600.8,-0.6,28.2,1594.8,21.9,8,228.3,0,88.8,347.1,0,3.7,3.7,11705.3
"Carbon dioxide",2022,"Antrim and Newtownabbey",60,3.5,0.6,30.4,94.5,9,16.7,3.4,29.2,2.6,21.4,1.8,25.9,41.8,57.7,138.9,238.4,114.4,103.6,92.5,2.6,12.7,325.7,-12.1,20.4,-67.2,17.8,51.2,0,1.1,11.3,0.3,0.6,7.7,0,4,12.5,0,0.3,0.3,737.8
"Carbon dioxide",2022,"Armagh City, Banbridge and Craigavon",87.7,60.2,10.3,57,215.1,22.4,21.6,5.7,49.7,6.8,18.1,3,27.9,63.4,29.9,269.4,362.7,222.1,49.7,205.7,3.1,5.7,486.3,-24.7,85.3,-170.9,124.6,69.3,0,4.6,88.1,1.6,0.4,21.4,0,12.2,35.7,0,0.4,0.4,1265.8
"Carbon dioxide",2022,"Belfast",77.6,35.1,2.4,30.3,145.5,80.1,82.7,8.9,171.7,34.6,74.4,12,121,91.8,245.4,135.6,472.9,160.3,46.7,78.7,4,15.2,304.8,-1.6,1.4,-6.7,0.3,81.6,0,0.1,75.1,0,0.2,0.7,0,0.3,1.3,0,0.7,0.7,1292.8
"Carbon dioxide",2022,"Causeway Coast and Glens",33.9,2.7,0.9,26.9,64.4,15.2,23.2,4.2,42.5,4.4,7.9,2.5,14.8,44.6,15.9,170.4,230.9,143.4,0,194.4,4.2,5,347.1,-112.4,125.7,-135.6,314.6,49.8,-0.1,2.8,244.9,1.1,0.8,20.1,0,13.7,35.6,0,0.3,0.3,980.4
"Carbon dioxide",2022,"Derry City and Strabane",63.8,33.6,101.1,34.1,232.6,20.9,14.9,3.6,39.4,8.1,22.2,2.8,33.1,41.4,33.5,176.5,251.4,105.9,0,131.1,0.8,4.4,242.2,-56.9,40.8,-81.6,292.4,55.4,0,2,252.2,0.7,0.1,12,0,3.1,15.9,0,0.3,0.3,1067.1
"Carbon dioxide",2022,"Fermanagh and Omagh",50.6,0.1,17,67.8,135.6,17.1,0,3.1,20.2,5.8,0,2.8,8.7,33.7,1.8,128.9,164.3,127.3,0,231.6,0,5,363.9,-194.2,19.2,-181.9,567.8,56.5,0,6.1,273.6,1.5,0,24,0,9.3,34.9,0,0.2,0.2,1001.3
"Carbon dioxide",2022,"Lisburn and Castlereagh",37,18.4,20.9,41,117.2,13.4,24.7,3.4,41.5,5.9,28.8,3.4,38,43.3,64.6,123.1,231.1,129,61.1,85.9,2.7,3.2,281.9,-8.7,40.9,-62,3,47.7,0,0.8,21.8,0.6,0.8,8.7,0,4.6,14.6,0,0.4,0.4,746.5
"Carbon dioxide",2022,"Mid and East Antrim",39.1,8,12,23.9,83.1,12.9,22.6,3.2,38.6,3.8,19.2,2.1,25.1,41.8,43.6,139.3,224.8,122.1,14.7,126,3,4.1,269.9,2,46.2,-84,107.3,45.7,0,1.3,118.5,0.8,0.7,11.6,0,6.9,20,0,0.3,0.3,780.3
"Carbon dioxide",2022,"Mid Ulster",84.5,0.1,277.2,102.2,464,14.9,0,4.3,19.2,3.1,0,2.4,5.5,42.8,2.2,161.2,206.2,154.3,9.1,200.2,0,4.4,368,-69.3,52.1,-167.9,292.9,47,0,4.8,159.5,0.9,0,22.8,0,12.5,36.2,0,0.3,0.3,1258.9
"Carbon dioxide",2022,"Newry, Mourne and Down",41.9,1.9,0,32.3,76.1,16.6,8.5,4.8,30,4.4,5.2,2.8,12.4,54.4,13.5,209.2,277.1,244.9,0,175.6,0.8,5.6,426.9,-46.4,197.5,-143.4,67.8,50.8,-0.1,0.1,126.3,1.5,5.2,22,0,15,43.6,0,0.3,0.3,992.7
"Carbon dioxide",2022,"Ards and North Down",25.7,6.3,4,10.1,46.1,13.4,19,3,35.3,3.5,7.2,1.9,12.6,50.5,92,133.8,276.2,111.8,0,71.4,2.2,2.5,187.8,-8.7,159.2,-20.1,13.4,42.3,-0.1,-2.3,183.6,0.9,2.4,8.9,0,7.8,20,0,0.3,0.3,762.1
"Carbon dioxide",2022,"Northern Ireland",601.8,169.9,446.4,456,1674.2,235.8,233.8,47.6,517.1,83,204.4,37.5,324.9,549.6,600,1786.4,2936,1635.5,284.8,1593.2,23.3,67.8,3604.6,-532.9,788.8,-1121.3,1801.9,597.3,-0.5,21.4,1554.8,10,11.2,159.8,0,89.4,270.4,0,3.8,3.8,10885.7
"Carbon dioxide",2023,"Antrim and Newtownabbey",50.7,2.7,0.6,29.3,83.4,8.6,13.5,3.3,25.4,2.4,24.5,1.7,28.6,35.9,55.1,144.9,235.9,114.8,104.2,89.6,2.8,14.5,325.9,-11.6,20.9,-67.3,17.9,53.2,0,0.9,13.9,0.3,0.6,10.1,0,4.5,15.5,0,0.3,0.3,728.9
"Carbon dioxide",2023,"Armagh City, Banbridge and Craigavon",70.5,62.2,9.6,51.2,193.5,20.2,24,5.3,49.4,5.9,19.4,2.6,28,53.8,29.1,281.8,364.6,218.2,50,199,3.2,6.8,477.2,-24.2,87.1,-172.2,124.6,72.2,0,4,91.4,1.5,0.6,28.1,0,14.2,44.3,0,0.4,0.4,1249
"Carbon dioxide",2023,"Belfast",61,41.4,2.6,28.5,133.5,68.8,76.9,8.5,154.2,29.6,79.3,12.5,121.4,77.9,236.5,143.5,457.9,168.7,50.9,76.7,4.1,18,318.4,-1.5,1.5,-6.6,0.3,84.2,0,0.1,77.9,0.1,0.2,0.9,0,0.3,1.4,0,0.7,0.7,1265.5
"Carbon dioxide",2023,"Causeway Coast and Glens",27.4,23.5,0.9,26,77.8,13.4,11.4,3.6,28.4,3.8,7.7,2.7,14.2,37.8,15.3,179.5,232.6,133.6,0,188,4.4,5.6,331.6,-112.8,128.2,-136.2,314.4,51.6,0,1.1,246.4,0.8,0.5,27.4,0,16.4,45.1,0,0.3,0.3,976.4
"Carbon dioxide",2023,"Derry City and Strabane",50.7,36,99,34.1,219.9,17.9,13.2,3.3,34.4,6.9,20.5,2.7,30.1,35.2,32.2,181.1,248.5,105.7,0,127,0.8,4.9,238.3,-57.9,41.8,-81.9,292.3,57.4,0,1.2,252.8,0.6,0,14,0,4,18.6,0,0.3,0.3,1043
"Carbon dioxide",2023,"Fermanagh and Omagh",39.5,0,15.8,58.6,113.8,14.8,0,2.7,17.5,5,0,2.7,7.7,28.5,2.2,137.7,168.4,124.5,0,223.9,0,5.8,354.1,-193.2,19.6,-182.1,567.6,59,0,3.5,274.3,1.5,0,26.2,0,10.1,37.8,0,0.2,0.2,973.9
"Carbon dioxide",2023,"Lisburn and Castlereagh",31.4,17.9,17.3,39,105.6,12.2,23.8,3.2,39.3,5.4,38.3,3.5,47.1,37.2,60.8,130,228,127.7,61.2,83.2,2.8,3.9,278.8,-8.4,42,-62.3,3,49.4,0,0.6,24.2,0.5,0.8,11.6,0,5.4,18.3,0,0.3,0.3,741.7
"Carbon dioxide",2023,"Mid and East Antrim",33.4,11,11.9,21.5,77.8,11.8,18.5,2.9,33.2,3.4,17.8,2.2,23.4,35.7,41.3,146,222.9,120.6,14.8,121.9,3.1,4.9,265.4,-31.2,47.2,-84.2,107.1,47.3,0,0.8,86.9,0.8,3.3,16,0,8,28,0,0.3,0.3,737.9
"Carbon dioxide",2023,"Mid Ulster",70.4,1.6,268.1,89.6,429.7,13.3,0,3.7,17.1,2.8,0.1,2.1,5,36.5,2.5,172.6,211.6,153.4,9.1,193.5,0,5.2,361.3,-68.2,53.3,-168.7,292.8,49.1,0,3.7,162,0.9,0,27.1,0,14,42.1,0,0.2,0.2,1229
"Carbon dioxide",2023,"Newry, Mourne and Down",34.7,2.1,0,29.4,66.1,14.9,8.6,4.3,27.8,3.9,5.5,2.4,11.9,46.3,12.8,222.1,281.2,240.2,0,169.8,0.8,6.6,417.4,-44.7,201.2,-144.1,67.8,52.5,0,-1,131.6,1.4,7.2,29.5,0,18.9,56.9,0,0.3,0.3,993.3
"Carbon dioxide",2023,"Ards and North Down",20.5,10,0.1,10.1,40.6,11.9,18.1,2.9,32.9,3.1,7.8,1.9,12.8,42.8,85.2,139.8,267.8,109.1,0,69.2,2.3,2.9,183.4,-8.3,162.1,-20.3,13.4,42.8,0,-2.8,186.8,0.9,1.8,12.1,0,10.7,25.6,0,0.3,0.3,750.2
"Carbon dioxide",2023,"Northern Ireland",490.2,208.5,426,417.3,1542,207.9,208.1,43.6,459.6,72.1,220.8,37,330,467.6,572.8,1879.2,2919.6,1616.5,290.2,1541.8,24.3,79,3551.8,-562,804.7,-1125.9,1801,618.6,-0.1,12,1548.3,9.3,14.9,202.9,0,106.5,333.6,0,3.7,3.7,10688.6
"Carbon dioxide",2024,"Antrim and Newtownabbey",41.6,2.4,0.6,37.4,82.1,8.1,11.4,4.5,23.9,2.1,22.4,2.9,27.4,30.7,53.6,159.9,244.2,113.6,106.8,89.1,2.9,16.5,328.9,-11.7,20.9,-67.8,18,53.4,0,1.2,14,0.3,2,11.9,0,3.9,18.1,0,0.3,0.3,739
"Carbon dioxide",2024,"Armagh City, Banbridge and Craigavon",59.2,59.3,9.3,53.5,181.3,17,24.8,7.8,49.7,4.6,16.4,5.6,26.6,45.4,28.5,312.4,386.3,212.9,51.9,198.2,3.4,7.7,474.1,-24.3,87.2,-173,124.6,72.3,0,4.7,91.5,2.2,0.4,34.3,0,12.4,49.2,0,0.3,0.3,1259.1
"Carbon dioxide",2024,"Belfast",58,42.6,2.7,54.3,157.5,52.4,70,8.5,131,20.8,78.5,10.4,109.7,65.2,224.2,154.2,443.5,167.9,51.1,76,4.4,18.4,317.8,-1.5,1.5,-6.8,0.3,84.7,0,0.2,78.3,0,1.9,0.9,0,0.3,3.1,0,0.7,0.7,1241.7
"Carbon dioxide",2024,"Causeway Coast and Glens",21.3,3.2,0.9,25.7,51.2,12.4,21.4,7.1,41,3.4,8,4.8,16.2,32,15,197.1,244,129.3,0,187.2,4.6,6.2,327.4,-111.9,128.4,-136.7,314,52,0,3.4,249.2,0.8,0.3,32.7,0,14.4,48.2,0,0.3,0.3,977.4
"Carbon dioxide",2024,"Derry City and Strabane",42.6,38,102.5,33.9,217.1,16.1,12.1,4.8,33.1,5.8,20.7,4.8,31.3,29.7,31.8,202,263.5,103.9,0,126.3,0.8,5.7,236.7,-57.3,41.9,-82.1,292.1,57.8,0,2.4,254.8,0.8,2.3,19.7,0,3.5,26.3,0,0.3,0.3,1063.1
"Carbon dioxide",2024,"Fermanagh and Omagh",31.7,0,18.6,64.1,114.4,14.6,0,6.1,20.6,4.4,0,7.5,11.9,24,2.5,149.7,176.3,119.4,0,223,0,6.4,348.9,-192.5,19.6,-182.3,567.1,59,0,7.7,278.5,1.3,0,38.3,0,8.7,48.4,0,0.2,0.2,999.1
"Carbon dioxide",2024,"Lisburn and Castlereagh",25.5,20.6,16.4,33.1,95.7,11.7,17.8,4.5,34,4.9,37.6,2.7,45.1,31.6,59.7,141.1,232.4,126,63.8,82.7,3,4.5,279.9,-8.5,42.2,-62.8,3,49.7,0,0.8,24.5,0.5,0.5,13.8,0,4.8,19.6,0,0.3,0.3,731.6
"Carbon dioxide",2024,"Mid and East Antrim",26.3,12.4,11.7,23,73.4,11.3,19.3,4.3,34.8,2.9,16.9,2.6,22.3,30,40.3,160.1,230.4,116.2,15.4,121.4,3.3,5.4,261.6,-31.2,47.3,-84.5,106.9,47.6,0,1.5,87.7,0.7,1.3,18.2,0,7,27.2,0,0.3,0.3,737.7
"Carbon dioxide",2024,"Mid Ulster",56.3,2.5,265.1,88.2,412.2,12.8,0.1,8.2,21.1,2.5,0.2,5.8,8.5,30.9,2.9,187.8,221.7,146.7,9.5,192.8,0,5.8,354.8,-68.2,53.3,-169.1,292.7,49.1,0,5.3,163.1,1.2,0,35.7,0,12.2,49.1,0,0.2,0.2,1230.5
"Carbon dioxide",2024,"Newry, Mourne and Down",27.9,5.2,0,33.4,66.5,13.7,8.8,7.1,29.6,3.4,5.8,5.9,15.1,39.1,12.5,243.8,295.5,232,0,169.1,0.9,7.3,409.3,-45,201.2,-144.6,67.8,52.9,0,0.1,132.5,1.6,4.5,34.8,0,16.7,57.6,0,0.3,0.3,1006.4
"Carbon dioxide",2024,"Ards and North Down",15.4,11.8,0.2,11.3,38.6,11.4,16.2,4.8,32.4,2.8,7.5,2.4,12.7,36,79.7,151.6,267.3,105.7,0,68.8,2.4,3.2,180.1,-8.4,162.3,-20.4,13.4,43.6,0,-2.5,188,0.6,2.1,13.7,0,9.6,26.1,0,0.3,0.3,745.5
"Carbon dioxide",2024,"Northern Ireland",405.9,198.2,428,457.8,1489.9,181.6,202,67.6,451.2,57.5,213.9,55.4,326.7,394.5,550.7,2059.8,3005,1573.6,298.5,1534.6,25.7,87.1,3519.5,-560.7,805.7,-1130,1799.8,622.3,0.1,24.9,1562.1,10,15.4,253.9,0,93.5,372.9,0,3.7,3.7,10731
"Methane",2005,"Antrim and Newtownabbey",4.4,0.2,0.1,0.3,5.1,1,0.6,0.1,1.7,0.4,0.6,0.1,1.1,4.1,0.6,4,8.8,1,0.6,0.8,0,0.1,2.4,0,0,0,2.6,0,0,0,2.6,0,0,0.1,202.2,0,202.4,141.2,12.7,153.9,378
"Methane",2005,"Armagh City, Banbridge and Craigavon",5.9,0,0.2,0.6,6.7,1.6,0,0.1,1.7,0.5,0,0.1,0.7,5.6,0,6.5,12.1,1.7,0.4,1.8,0,0,3.9,0.1,0,0,21.9,0,0,0.1,22,0.2,0,0.5,522.4,0,523,183.2,22.3,205.5,775.8
"Methane",2005,"Belfast",9.1,2.1,0.2,0.3,11.5,6.8,4.4,0.2,11.3,3.3,4.2,0.6,8.1,10,4.9,6.1,21,1.8,0.3,0.8,0,0.1,3,0,0,0,0.3,0,0,0,0.3,0,0,0,11.8,0,11.9,445.6,35.8,481.4,548.4
"Methane",2005,"Causeway Coast and Glens",2.2,0,0,0.4,2.6,1.3,0,0.1,1.3,0.4,0,0.1,0.5,4,0,5.2,9.2,1.2,0,1.6,0,0,2.9,0.2,0,0,104.9,0,0,0.2,105.3,0.1,0,0.3,502.3,0,502.8,156.9,5.5,162.4,787
"Methane",2005,"Derry City and Strabane",4.6,0,4,0.4,9,1.6,0,0.1,1.7,0.8,0,0.1,0.9,4,0,4.7,8.6,1,0,1.1,0,0,2.2,0.1,0,0,76.4,0,0,0.1,76.6,0.1,0,0.2,295.6,0,295.8,141.5,4.9,146.4,541.2
"Methane",2005,"Fermanagh and Omagh",3.4,0,3.4,0.6,7.5,1.2,0,0,1.3,0.4,0,0.1,0.5,2.8,0,4.2,7,1.1,0,2,0,0,3,0.3,0,0,142.4,0,0,0.4,143.1,0.1,0,0.5,662.6,0,663.2,134.6,5.7,140.3,966
"Methane",2005,"Lisburn and Castlereagh",2.5,0.6,0.2,0.4,3.8,1.2,0.6,0.1,1.8,0.5,0.6,0.1,1.2,4,0.9,4.3,9.1,1.1,0.5,0.7,0,0,2.4,0,0,0,0.6,0,0,0,0.7,0.1,0.1,0.1,167,0,167.2,125.4,36.1,161.5,347.8
"Methane",2005,"Mid and East Antrim",4.1,0.9,0.1,1.2,6.3,1.2,1,0.1,2.2,0.3,1.2,0.1,1.6,4.1,0.5,4.5,9.1,1.1,0.1,1.1,0,0,2.3,0,0,0,33.3,0,0,0.1,33.4,0.1,0,0.2,328.3,0,328.6,159.8,6.6,166.4,550
"Methane",2005,"Mid Ulster",4.7,0,3.4,1,9.1,0.9,0,0.1,1,0.2,0,0.1,0.3,3.6,0,4.6,8.2,1.2,0.1,1.7,0,0,3,0.1,0,0,67.1,0,0,0.2,67.3,0.1,0,0.5,639.5,0,640,131.8,8.7,140.5,869.5
"Methane",2005,"Newry, Mourne and Down",3.2,0,0,0.5,3.7,1.2,0,0.1,1.2,0.3,0,0.1,0.5,4.8,0,5.7,10.5,1.8,0,1.5,0,0,3.3,0.1,0,0,17,0,0,0.1,17.2,0.1,0,0.4,490,0,490.5,159.4,7.6,167,694
"Methane",2005,"Ards and North Down",1.8,0.5,0,0.1,2.4,1.2,1.1,0,2.3,0.3,0.4,0.1,0.8,4.7,1.2,5.2,11.1,1,0,0.6,0,0,1.7,0,0,0,2.4,0,0,0,2.4,0.1,0,0.1,153.3,0,153.5,176.8,5.3,182.1,356.4
"Methane",2005,"Northern Ireland",45.9,4.4,11.7,5.9,67.8,19.2,7.7,0.8,27.8,7.6,7,1.6,16.1,51.8,8.1,54.9,114.8,13.9,2,13.7,0.1,0.4,30.2,0.9,0,0,468.8,0,0,1.2,470.9,0.9,0.2,3,3974.9,0,3979,1956.2,151.2,2107.4,6814
"Methane",2006,"Antrim and Newtownabbey",4.5,0.2,0.1,0.3,5.1,1,0.6,0.1,1.7,0.4,0.6,0.1,1,3.9,0.7,3.9,8.5,0.9,0.6,0.8,0,0.1,2.3,0,0,0,2.6,0,0,0,2.6,0,0,0.1,197.3,0,197.5,145,14.1,159.1,377.7
"Methane",2006,"Armagh City, Banbridge and Craigavon",6,0.2,0.2,0.6,7,1.6,0.1,0.1,1.8,0.5,0,0.1,0.7,5.3,0,6.3,11.6,1.6,0.4,1.7,0,0,3.7,0.1,0,0,21.9,0,0,0,22,0.2,0,0.4,534.1,0,534.7,169.1,24.7,193.8,775.3
"Methane",2006,"Belfast",9.2,2.1,0.1,0.3,11.6,6.8,4.5,0.2,11.5,3.4,4.2,0.5,8,9.5,4.8,5.9,20.2,1.6,0.3,0.7,0,0.1,2.8,0,0,0,0.3,0,0,0,0.3,0,0,0,11.8,0,11.9,412.2,39.6,451.8,517.9
"Methane",2006,"Causeway Coast and Glens",2.2,0,0,0.4,2.6,1.3,0.1,0.1,1.4,0.4,0,0.1,0.5,3.8,0,5,8.8,1.1,0,1.5,0,0,2.7,0.2,0,0,104.8,0,0,0,105,0.1,0,0.3,481.4,0,481.9,168.5,6,174.6,777.5
"Methane",2006,"Derry City and Strabane",4.6,0,3.7,0.4,8.8,1.7,0,0.1,1.7,0.8,0,0.1,0.9,3.8,0,4.5,8.3,0.9,0,1.1,0,0,2,0.1,0,0,76.3,0,0,0,76.4,0.1,0,0.2,287.8,0,288.1,165.6,5.6,171.2,557.4
"Methane",2006,"Fermanagh and Omagh",3.4,0,2.7,0.6,6.8,1.2,0,0.1,1.3,0.5,0,0.1,0.5,2.7,0,4,6.7,1,0,1.8,0,0,2.8,0.3,0,0,142.4,0,0,0,142.7,0.1,0,0.5,646.8,0,647.4,125.5,6.5,132,940.3
"Methane",2006,"Lisburn and Castlereagh",2.5,0.5,0.3,0.4,3.7,1.2,0.4,0.1,1.7,0.5,0.4,0.1,1.1,3.8,1,4.1,8.9,1,0.4,0.7,0,0,2.2,0,0,0,0.6,0,0,0,0.6,0.1,0,0.1,169.5,0,169.7,118.6,39.2,157.7,345.6
"Methane",2006,"Mid and East Antrim",4.1,1,0.1,1.2,6.4,1.2,1.1,0.1,2.3,0.3,1.3,0.1,1.7,3.9,0.5,4.3,8.7,1,0.1,1,0,0,2.2,0.1,0,0,33.3,0,0,0,33.3,0.1,0,0.2,318.2,0,318.6,153.4,7.9,161.3,534.5
"Methane",2006,"Mid Ulster",4.8,0,2.5,1,8.3,0.9,0,0.1,1,0.2,0,0.1,0.3,3.4,0,4.4,7.9,1.1,0.1,1.6,0,0,2.8,0.1,0,0,67.1,0,0,0,67.2,0.1,0,0.5,631,0,631.6,133.5,10.5,144,863.1
"Methane",2006,"Newry, Mourne and Down",3.2,0,0,0.5,3.7,1.2,0,0.1,1.2,0.4,0,0.1,0.4,4.5,0,5.5,10,1.6,0,1.4,0,0,3.1,0.1,0,0,17,0,0,0,17.1,0.1,0,0.4,486.8,0,487.3,161.6,10.1,171.7,694.6
"Methane",2006,"Ards and North Down",1.8,0.5,0,0.1,2.4,1.3,1,0,2.3,0.3,0.4,0.1,0.8,4.5,1.3,5,10.8,0.9,0,0.6,0,0,1.6,0,0,0,2.4,0,0,0,2.4,0.1,0,0.1,155.7,0,155.9,167.9,6,173.9,350.1
"Methane",2006,"Northern Ireland",46.3,4.5,9.8,5.8,66.5,19.4,7.7,0.8,27.9,7.6,7,1.3,15.9,49.1,8.3,52.9,110.3,12.8,1.9,12.9,0.1,0.4,28.1,0.9,0,0,468.6,0,0,0.2,469.7,0.9,0.2,2.9,3920.6,0,3924.6,1920.9,170.2,2091.1,6734.1
"Methane",2007,"Antrim and Newtownabbey",4.7,0.2,0.1,0.3,5.3,1.1,0.6,0,1.8,0.4,0.6,0.1,1.1,3.7,0.6,3.7,8,0.9,0.6,0.8,0,0.1,2.3,0,0,0,2.6,0,0,0,2.7,0,0,0.1,197.8,0,198,147.1,15.7,162.8,381.9
"Methane",2007,"Armagh City, Banbridge and Craigavon",6.2,0.6,0.2,0.5,7.5,1.7,0.2,0.1,2,0.6,0.1,0.1,0.8,5.1,0,5.9,11.1,1.6,0.4,1.7,0,0,3.7,0.1,0,0,21.9,0,0,0.1,22,0.2,0,0.4,531.6,0,532.2,172.5,26.1,198.6,777.8
"Methane",2007,"Belfast",9.5,2.1,0,0.3,12,7.1,4.6,0.1,11.8,3.5,4.3,0.4,8.2,9.1,4.6,5.5,19.2,1.6,0.3,0.7,0,0.1,2.7,0,0,0,0.3,0,0,0,0.3,0,0.1,0,11.8,0,11.9,394.2,42.8,437,503.1
"Methane",2007,"Causeway Coast and Glens",2.3,0.1,0.3,0.3,2.9,1.3,0.2,0.1,1.6,0.4,0.1,0.1,0.6,3.6,0,4.6,8.2,1.1,0,1.6,0,0,2.7,0.2,0,0,104.7,0,0,0.2,105.1,0.1,0,0.3,480.3,0,480.7,161.2,6.3,167.5,769.3
"Methane",2007,"Derry City and Strabane",4.8,0.1,3.3,0.4,8.6,1.7,0,0,1.8,0.8,0.1,0.1,1,3.6,0,4.3,7.9,0.9,0,1.1,0,0,2,0.1,0,0,76.3,0,0,0.1,76.4,0.1,0,0.2,291.4,0,291.7,164.5,6.1,170.6,560
"Methane",2007,"Fermanagh and Omagh",3.6,0,3.5,0.4,7.5,1.3,0,0,1.3,0.5,0,0.1,0.6,2.5,0,3.7,6.3,1,0,1.9,0,0,2.8,0.3,0,0,142.4,0,0,0.3,143.1,0.1,0,0.5,640.6,0,641.2,122.4,6.7,129.2,931.9
"Methane",2007,"Lisburn and Castlereagh",2.6,0.5,0.3,0.4,3.8,1.2,0.4,0.1,1.7,0.5,0.4,0.1,1,3.6,1,3.9,8.5,1,0.4,0.7,0,0,2.2,0,0,0,0.6,0,0,0,0.7,0.1,0,0.1,167.6,0,167.9,112.3,43.1,155.4,341.3
"Methane",2007,"Mid and East Antrim",4.3,1,0.1,1.1,6.4,1.2,1.1,0.1,2.4,0.3,1.3,0.1,1.7,3.8,0.5,4,8.3,1,0.1,1,0,0,2.1,0.1,0,0,33.2,0,0,0.1,33.4,0.1,0,0.2,323,0,323.3,145.9,8.6,154.5,531.9
"Methane",2007,"Mid Ulster",5,0,2.7,0.8,8.5,1,0,0.1,1,0.2,0,0.1,0.3,3.3,0,4.2,7.5,1.1,0.1,1.6,0,0,2.8,0.1,0,0,67.1,0,0,0.1,67.3,0.1,0,0.5,626,0,626.6,128.9,11.2,140.1,854.1
"Methane",2007,"Newry, Mourne and Down",3.4,0,0,0.6,4,1.2,0,0.1,1.3,0.4,0,0.1,0.5,4.3,0,5.1,9.4,1.6,0,1.4,0,0,3.1,0.1,0,0,17,0,0,0.1,17.1,0.1,0,0.3,483.1,0,483.6,167.4,10.9,178.3,697.2
"Methane",2007,"Ards and North Down",1.8,0.5,0,0.1,2.5,1.3,1,0,2.4,0.4,0.4,0.1,0.8,4.3,1.2,4.7,10.2,0.9,0,0.6,0,0,1.5,0,0,0,2.4,0,0,0,2.4,0.1,0,0.1,153.9,0,154.1,165,6.3,171.3,345.2
"Methane",2007,"Northern Ireland",48.2,5.1,10.4,5,68.8,20.2,8.1,0.7,29,7.9,7.3,1.2,16.5,46.9,8,49.8,104.6,12.5,1.8,13,0.1,0.4,27.9,0.9,0,0,468.4,0,0,1.1,470.5,1,0.2,2.9,3907,0,3911,1881.6,183.8,2065.4,6693.7
"Methane",2008,"Antrim and Newtownabbey",4.6,0.3,0,0.4,5.2,1.1,0.7,0,1.8,0.4,0.7,0.1,1.1,3.7,0.8,3.7,8.3,0.8,0.5,0.7,0,0.1,2,0,0,0,2.6,0,0,0,2.7,0,0,0.1,192.2,0,192.4,134,15.1,149.1,362.7
"Methane",2008,"Armagh City, Banbridge and Craigavon",6.1,1.5,0.2,0.5,8.3,1.7,0.4,0.1,2.1,0.5,0.3,0.1,0.9,5.2,0,6,11.2,1.4,0.3,1.5,0,0,3.2,0.1,0,0,21.9,0,0,0,22,0.2,0.1,0.5,528.8,0,529.5,173,24.1,197.1,774.3
"Methane",2008,"Belfast",9.4,2,0,0.2,11.6,7,4.3,0.1,11.4,3.4,4,0.5,7.9,9.2,5.4,5.5,20.1,1.4,0.3,0.6,0,0.1,2.4,0,0,0,0.3,0,0,0,0.3,0,0,0,11.4,0,11.5,389.5,40.1,429.6,494.8
"Methane",2008,"Causeway Coast and Glens",2.3,0.1,0.2,0.3,3,1.3,0.4,0.1,1.8,0.4,0.1,0.1,0.6,3.7,0,4.6,8.3,0.9,0,1.4,0,0,2.4,0.2,0,0,104.6,0,0,0.1,104.9,0.1,0,0.3,463.3,0,463.8,145,6.2,151.2,735.9
"Methane",2008,"Derry City and Strabane",4.7,0.2,3.6,0.4,8.9,1.7,0.1,0,1.8,0.8,0.2,0.1,1.1,3.7,0,4.3,8,0.8,0,1,0,0,1.8,0.1,0,0,76.2,0,0,0.1,76.4,0.1,0,0.2,282.6,0,282.9,163.7,5.8,169.5,550.4
"Methane",2008,"Fermanagh and Omagh",3.5,0,2.5,0.5,6.6,1.3,0,0,1.3,0.5,0,0.1,0.5,2.6,0,3.8,6.3,0.8,0,1.6,0,0,2.5,0.3,0,0,142.4,0,0,0.2,143,0.1,0,0.5,623.7,0,624.4,119.5,6.4,126,910.5
"Methane",2008,"Lisburn and Castlereagh",2.6,0.5,0.3,0.4,3.7,1.2,0.4,0.1,1.7,0.5,0.4,0.1,1.1,3.6,1.2,3.9,8.8,0.9,0.4,0.6,0,0,1.9,0,0,0,0.6,0,0,0,0.6,0.1,0,0.1,168.2,0,168.4,110.4,40.7,151,337.3
"Methane",2008,"Mid and East Antrim",4.2,1,0.1,1.2,6.5,1.2,1.1,0,2.4,0.3,1.3,0.1,1.7,3.8,0.5,4.1,8.4,0.9,0.1,0.9,0,0,1.9,0.1,0,0,33.2,0,0,0,33.3,0.1,0,0.2,312.6,0,313,138.4,8.1,146.5,513.5
"Methane",2008,"Mid Ulster",4.9,0,2.6,0.9,8.3,1,0,0.1,1,0.2,0,0.1,0.3,3.3,0,4.2,7.5,1,0.1,1.4,0,0,2.5,0.1,0,0,67.1,0,0,0.1,67.3,0.1,0,0.5,593.9,0,594.5,124.9,10.4,135.4,816.8
"Methane",2008,"Newry, Mourne and Down",3.3,0,0,0.7,4.1,1.2,0,0.1,1.3,0.4,0,0.1,0.4,4.4,0,5.1,9.5,1.4,0,1.2,0,0,2.7,0.1,0,0,16.9,0,0,0.1,17.1,0.1,0,0.4,475.2,0,475.7,184.1,9.8,193.9,704.7
"Methane",2008,"Ards and North Down",1.8,0.4,0,0.1,2.3,1.3,0.8,0,2.1,0.4,0.3,0.1,0.7,4.3,1.3,4.7,10.4,0.8,0,0.5,0,0,1.4,0,0,0,2.4,0,0,0,2.4,0.1,0,0.1,153.7,0,154,148.9,6,155,328.3
"Methane",2008,"Northern Ireland",47.5,6,9.4,5.6,68.5,19.9,8.2,0.7,28.7,7.8,7.4,1.2,16.5,47.5,9.4,50,106.9,11.1,1.6,11.5,0.1,0.4,24.7,1,0,0,468.3,0,0,0.6,469.9,0.9,0.2,3,3805.8,0,3810,1831.5,172.7,2004.1,6529.3
"Methane",2009,"Antrim and Newtownabbey",4.4,0.3,0,0.4,5,1,0.8,0,1.8,0.4,0.7,0.1,1.2,3.7,0.9,3.9,8.4,0.8,0.5,0.7,0,0.1,2.1,0,0,0,2.7,0,0,0,2.7,0,0,0.2,185.9,0,186.1,112.6,16.5,129.1,336.5
"Methane",2009,"Armagh City, Banbridge and Craigavon",5.8,1.8,0.1,0.5,8.3,1.6,0.5,0.1,2.2,0.5,0.3,0.1,1,5,0,6.2,11.3,1.5,0.4,1.5,0,0,3.4,0.1,0,0,21.9,0,0,0,22,0.2,0.1,0.5,512.8,0,513.5,147.4,27.1,174.6,736.1
"Methane",2009,"Belfast",8.9,2.1,0,0.2,11.2,6.6,4.5,0.1,11.3,3.3,4.3,0.5,8,8.9,5.2,5.7,19.8,1.5,0.3,0.6,0,0.1,2.5,0,0,0,0.3,0,0,0,0.3,0,0.1,0,10.6,0,10.6,356.6,44.8,401.4,465.1
"Methane",2009,"Causeway Coast and Glens",2.2,0.2,0,0.4,2.8,1.2,0.5,0.1,1.8,0.4,0.2,0.1,0.6,3.6,0,4.8,8.4,1,0,1.4,0,0,2.5,0.2,0,0,104.6,0,0,0.1,104.8,0.1,0,0.4,458.8,0,459.3,136.5,6,142.5,722.8
"Methane",2009,"Derry City and Strabane",4.5,0.3,3.7,0.4,8.8,1.6,0.1,0,1.7,0.7,0.2,0.1,1.1,3.5,0.1,4.5,8.1,0.8,0,1,0,0,1.8,0.1,0,0,76.2,0,0,0,76.3,0.1,0,0.2,280.6,0,280.9,150.2,5.8,156,534.9
"Methane",2009,"Fermanagh and Omagh",3.3,0,2.8,0.7,6.8,1.2,0,0,1.2,0.4,0,0.1,0.5,2.5,0,3.9,6.4,0.9,0,1.7,0,0,2.6,0.3,0,0,142.5,0,0,0.1,142.9,0.1,0,0.6,623.6,0,624.2,100,6.4,106.3,891
"Methane",2009,"Lisburn and Castlereagh",2.5,0.5,0.2,0.4,3.5,1.2,0.5,0.1,1.7,0.5,0.5,0.1,1.1,3.4,1.2,4.1,8.7,0.9,0.4,0.6,0,0,2.1,0,0,0,0.6,0,0,0,0.6,0.1,0,0.1,158.3,0,158.5,93.6,46.8,140.3,316.5
"Methane",2009,"Mid and East Antrim",4,1.1,0.1,1.2,6.3,1.1,1.2,0.1,2.4,0.3,1.4,0.1,1.8,3.7,0.5,4.2,8.5,0.9,0.1,0.9,0,0,2,0.1,0,0,33.2,0,0,0,33.3,0.1,0,0.2,308.3,0,308.7,123,8.1,131.2,494.1
"Methane",2009,"Mid Ulster",4.6,0,1.9,1,7.5,0.9,0,0.1,1,0.2,0,0.1,0.3,3.3,0,4.4,7.7,1,0.1,1.4,0,0,2.6,0.1,0,0,67.1,0,0,0,67.3,0.1,0,0.5,595.2,0,595.8,107.4,10.3,117.7,799.8
"Methane",2009,"Newry, Mourne and Down",3.1,0,0,0.7,3.9,1.1,0,0.1,1.2,0.3,0,0.1,0.4,4.2,0,5.3,9.6,1.5,0,1.3,0,0,2.8,0.1,0,0,16.9,0,0,0,17,0.1,0,0.4,470.6,0,471.1,154.3,9.4,163.7,669.8
"Methane",2009,"Ards and North Down",1.7,0.4,0,0.1,2.3,1.2,0.9,0,2.1,0.3,0.3,0.1,0.7,4.1,1.2,4.9,10.2,0.8,0,0.5,0,0,1.4,0,0,0,2.4,0,0,0,2.4,0.1,0,0.1,146.7,0,147,121.3,7.5,128.7,294.8
"Methane",2009,"Northern Ireland",45,6.7,8.7,6,66.4,18.8,8.9,0.7,28.5,7.4,8,1.3,16.7,45.9,9.2,52,107.1,11.7,1.8,11.8,0.2,0.4,25.8,1,0,0,468.3,0,0,0.4,469.6,0.9,0.3,3.3,3751.4,0,3755.8,1602.9,188.6,1791.6,6261.6
"Methane",2010,"Antrim and Newtownabbey",4.2,0.3,0,0.5,5,1,0.9,0,1.9,0.4,0.9,0.1,1.3,3.3,1,4.2,8.5,0.7,0.5,0.6,0,0.1,1.9,0,0,0,2.7,0,0,0,2.7,0,0,0.2,196.9,0,197.1,87.1,18.3,105.4,323.8
"Methane",2010,"Armagh City, Banbridge and Craigavon",5.5,2,0.1,0.6,8.3,1.5,0.5,0.1,2.1,0.5,0.4,0.1,1,4.5,0.1,6.8,11.4,1.3,0.3,1.3,0,0,3,0.1,0,0,22,0,0,0,22,0.2,0.1,0.5,516.6,0,517.4,104.3,30.8,135.1,700.3
"Methane",2010,"Belfast",8.2,2.4,0,0.2,10.8,6.1,5,0.1,11.2,3,4.7,0.5,8.2,7.9,6.2,6.2,20.3,1.3,0.3,0.6,0,0.1,2.2,0,0,0,0.3,0,0,0,0.3,0,0.1,0,10.4,0,10.4,278.1,50.6,328.6,392.1
"Methane",2010,"Causeway Coast and Glens",2.1,0.2,0,0.4,2.7,1.2,0.6,0.1,1.9,0.4,0.2,0.1,0.7,3.2,0.1,5.1,8.4,0.9,0,1.2,0,0,2.2,0.2,0,0,104.5,0,0,0,104.7,0.1,0,0.4,474.8,0,475.3,106.2,5.9,112.1,707.9
"Methane",2010,"Derry City and Strabane",4.2,0.4,3.8,0.4,8.8,1.5,0.1,0,1.7,0.7,0.3,0.1,1.1,3.1,0.1,4.9,8.1,0.7,0,0.8,0,0,1.6,0.1,0,0,76.1,0,0,0,76.2,0.1,0,0.2,286.3,0,286.7,126.3,6.2,132.4,516.7
"Methane",2010,"Fermanagh and Omagh",3.2,0,2.8,0.7,6.7,1.2,0,0,1.2,0.4,0,0.1,0.5,2.3,0,4.2,6.5,0.8,0,1.4,0,0,2.3,0.3,0,0,142.5,0,0,0,142.9,0.1,0,0.6,608.3,0,609,82,6.6,88.5,857.6
"Methane",2010,"Lisburn and Castlereagh",2.2,0.5,0.1,0.4,3.3,1,0.5,0.1,1.6,0.5,0.5,0.1,1.1,3.1,1.4,4.4,8.9,0.8,0.4,0.5,0,0,1.8,0,0,0,0.6,0,0,0,0.6,0,0.1,0.2,162.6,0,162.8,73.2,54,127.3,307.4
"Methane",2010,"Mid and East Antrim",4,1.1,0.1,1.3,6.4,1.1,1.3,0,2.5,0.3,1.5,0.1,1.9,3.3,0.6,4.6,8.4,0.8,0.1,0.8,0,0,1.7,0.1,0,0,33.2,0,0,0,33.2,0.1,0,0.3,311.3,0,311.7,96.3,8.4,104.7,470.6
"Methane",2010,"Mid Ulster",4.5,0,1.7,1,7.2,0.9,0,0.1,1,0.2,0,0.1,0.3,2.9,0,4.8,7.7,0.9,0.1,1.2,0,0,2.3,0.1,0,0,67.1,0,0,0,67.3,0.1,0,0.6,606.6,0,607.3,80.5,10.6,91.1,784
"Methane",2010,"Newry, Mourne and Down",3,0,0,0.8,3.9,1.1,0.1,0.1,1.2,0.3,0,0.1,0.4,3.8,0,5.8,9.6,1.3,0,1.1,0,0,2.5,0.1,0,0,16.9,0,0,0,17,0.1,0,0.4,471.8,0,472.4,123.7,9.7,133.4,640.3
"Methane",2010,"Ards and North Down",1.6,0.5,0,0.1,2.2,1.2,0.9,0,2.1,0.3,0.4,0.1,0.8,3.7,1.4,5.3,10.4,0.8,0,0.5,0,0,1.3,0,0,0,2.4,0,0,0,2.4,0.1,0,0.2,152.8,0,153.1,97.3,9,106.3,278.5
"Methane",2010,"Northern Ireland",42.9,7.4,8.6,6.5,65.5,17.8,9.9,0.6,28.4,7,8.9,1.3,17.1,41.1,10.8,56.3,108.2,10.5,1.6,10.1,0.1,0.4,22.7,1,0,0,468.3,0,0,0.1,469.4,0.9,0.3,3.6,3798.3,0,3803.1,1254.9,210,1464.9,5979.2
"Methane",2011,"Antrim and Newtownabbey",3.9,0.3,0,0.5,4.7,0.9,0.9,0,1.9,0.3,0.9,0.1,1.3,3,1.1,3.9,8,0.8,0.5,0.6,0,0.1,2.1,0,0,0,2.7,0,0,0.1,2.8,0,0,0.1,194,0,194.2,83.1,19.8,102.9,318
"Methane",2011,"Armagh City, Banbridge and Craigavon",5.3,2.4,0.1,0.7,8.6,1.5,0.6,0.1,2.2,0.5,0.5,0.1,1,4.2,0.1,6.3,10.6,1.4,0.4,1.4,0,0,3.2,0.1,0,0,22,0,0,0.1,22.2,0.1,0.1,0.5,516.9,0,517.6,79.9,33.6,113.6,679
"Methane",2011,"Belfast",7.7,2.3,0,0.3,10.4,5.8,4.9,0.1,10.8,2.8,4.7,0.4,7.9,7.5,6.5,5.7,19.8,1.4,0.3,0.6,0,0.1,2.4,0,0,0,0.3,0,0,0,0.3,0,0.1,0,10.5,0,10.6,276.8,57,333.8,396
"Methane",2011,"Causeway Coast and Glens",2,0.2,0,0.5,2.7,1.1,0.7,0,1.9,0.4,0.2,0.1,0.7,3,0.1,4.8,7.8,1,0,1.3,0,0,2.4,0.2,0,0,104.5,0,0,0.3,105,0.1,0,0.4,480.7,0,481.2,104.2,6.2,110.4,712.1
"Methane",2011,"Derry City and Strabane",3.4,0.6,3.3,0.5,7.7,1.2,0.2,0,1.4,0.6,0.5,0.1,1.1,2.8,0.2,4.6,7.6,0.8,0,0.9,0,0,1.7,0.1,0,0,76.1,0,0,0.2,76.4,0.1,0,0.2,287.5,0,287.8,126.4,6.5,132.9,516.7
"Methane",2011,"Fermanagh and Omagh",3,0,2.1,0.8,5.9,1.1,0,0,1.1,0.4,0,0.1,0.5,2.1,0,3.9,6,0.9,0,1.5,0,0,2.5,0.3,0,0,142.6,0,0,0.6,143.5,0.1,0,0.5,616.4,0,617,74.4,6.8,81.3,857.8
"Methane",2011,"Lisburn and Castlereagh",2,0.6,0.1,0.5,3.2,0.9,0.6,0,1.5,0.4,0.6,0.1,1.1,2.9,1.4,4.1,8.4,0.9,0.4,0.6,0,0,2,0,0,0,0.6,0,0,0,0.7,0,0.1,0.1,165.2,0,165.4,72.9,63.6,136.5,318.8
"Methane",2011,"Mid and East Antrim",3.5,1.3,0.1,1.7,6.7,1,1.5,0,2.6,0.3,1.8,0.1,2.1,3,0.7,4.2,7.9,0.9,0.1,0.8,0,0,1.9,0.1,0,0,33.2,0,0,0.1,33.4,0.1,0.1,0.2,316.3,0,316.7,87.1,8,95.1,466.3
"Methane",2011,"Mid Ulster",4.3,0,1.4,1.2,7,0.8,0,0.1,0.9,0.2,0,0.1,0.3,2.7,0,4.4,7.1,1.1,0.1,1.3,0,0,2.5,0.1,0,0,67.2,0,0,0.3,67.6,0.1,0,0.5,602.9,0,603.5,73.1,11.1,84.3,773
"Methane",2011,"Newry, Mourne and Down",2.7,0.1,0,0.9,3.7,1,0.1,0.1,1.2,0.3,0,0.1,0.4,3.6,0,5.3,9,1.5,0,1.2,0,0,2.7,0.1,0,0,16.9,0,0,0.2,17.2,0.1,0.1,0.4,475,0,475.5,117.7,9.9,127.6,637.2
"Methane",2011,"Ards and North Down",1.5,0.5,0,0.1,2.1,1.1,0.9,0,2,0.3,0.4,0.1,0.7,3.3,1.9,4.9,10.1,0.8,0,0.5,0,0,1.4,0,0,0,2.4,0,0,0,2.4,0.1,0,0.1,156.6,0,156.8,98,7.5,105.5,281
"Methane",2011,"Northern Ireland",39.4,8.3,7.1,7.8,62.6,16.4,10.4,0.6,27.4,6.4,9.5,1.2,17.1,38.2,12,52.3,102.5,11.6,1.8,10.6,0.2,0.5,24.7,1,0,0,468.4,0,0,2,471.4,0.8,0.4,3.1,3822,0,3826.3,1193.7,230.2,1423.9,5956
"Methane",2012,"Antrim and Newtownabbey",3.3,0.4,0,0.4,4.1,0.8,1.1,0,1.9,0.3,1.1,0.1,1.5,2.9,1.4,3.8,8,0.7,0.5,0.5,0,0.1,1.8,0,0,0,2.7,0,0,0.4,3.1,0,0,0.2,198.1,0,198.3,71.8,20.2,92,310.7
"Methane",2012,"Armagh City, Banbridge and Craigavon",4.5,2.6,0.1,0.6,7.8,1.3,0.7,0.1,2,0.4,0.5,0.1,1,4.3,0.2,6.1,10.5,1.2,0.3,1.2,0,0,2.8,0.1,0,0,22,0,0,0.9,22.9,0.1,0.1,0.5,538.1,0,538.8,86.1,34.1,120.2,705.9
"Methane",2012,"Belfast",6.6,2.6,0,0.2,9.4,4.9,5.5,0.1,10.5,2.4,5.2,0.4,8,7.2,7.9,5.5,20.6,1.2,0.3,0.5,0,0.1,2.1,0,0,0,0.3,0,0,0.1,0.4,0,0.1,0,10.2,0,10.3,233.2,57.9,291.1,352.4
"Methane",2012,"Causeway Coast and Glens",1.7,0.3,0,0.4,2.4,0.9,0.8,0,1.8,0.3,0.3,0.1,0.6,3.1,0.1,4.5,7.7,0.9,0,1.1,0,0,2,0.2,0,0,104.5,0,0,2.7,107.4,0.1,0,0.4,485.2,0,485.7,97.2,6.2,103.3,711
"Methane",2012,"Derry City and Strabane",3.3,0.8,2.6,0.4,7.1,1.2,0.2,0,1.5,0.5,0.7,0.1,1.4,2.9,0.2,4.4,7.5,0.7,0,0.7,0,0,1.5,0.1,0,0,76.1,0,0,1.4,77.7,0.1,0,0.2,291.9,0,292.3,94.9,6.4,101.3,490.1
"Methane",2012,"Fermanagh and Omagh",2.7,0,0.6,0.8,4.1,1,0,0,1,0.4,0,0.1,0.4,2.3,0,3.7,6,0.8,0,1.3,0,0,2.1,0.3,0,0,142.6,0,0,5,148,0.1,0,0.6,638.2,0,638.8,72.1,6.7,78.8,879.2
"Methane",2012,"Lisburn and Castlereagh",1.7,0.5,0.2,0.4,2.9,0.8,0.5,0,1.3,0.4,0.5,0.1,0.9,2.8,1.6,3.9,8.3,0.8,0.4,0.5,0,0,1.7,0,0,0,0.6,0,0,0.3,0.9,0,0.1,0.1,169.7,0,170,73.2,65.5,138.7,324.8
"Methane",2012,"Mid and East Antrim",2.8,1.3,0.1,1.2,5.4,0.8,1.5,0,2.3,0.2,1.7,0.1,2,3,0.9,4.1,7.9,0.8,0.1,0.7,0,0,1.6,0.1,0,0,33.2,0,0,0.9,34.1,0.1,0,0.2,316.9,0,317.2,79.6,7.7,87.3,458
"Methane",2012,"Mid Ulster",3.7,0,1.2,1.1,6,0.7,0,0,0.8,0.2,0,0.1,0.2,2.8,0,4.2,7,0.9,0.1,1.1,0,0,2.1,0.1,0,0,67.2,0,0,1.9,69.3,0.1,0,0.5,615.1,0,615.7,71.4,10.9,82.3,783.4
"Methane",2012,"Newry, Mourne and Down",2.4,0.1,0,0.7,3.1,0.8,0.2,0.1,1.1,0.3,0.1,0.1,0.4,3.5,0,5.1,8.7,1.3,0,1,0,0,2.3,0.1,0,0,16.9,0,0,1.4,18.4,0.1,0.1,0.4,488.2,0,488.8,123,9.4,132.3,655.2
"Methane",2012,"Ards and North Down",1.3,0.8,0,0.1,2.3,1,1.7,0,2.6,0.3,0.6,0.1,1,3.3,2.4,4.7,10.4,0.7,0,0.4,0,0,1.2,0,0,0,2.4,0,0,0.3,2.7,0.1,0,0.2,155.9,0,156.2,100.7,5.6,106.3,282.6
"Methane",2012,"Northern Ireland",34.1,9.5,4.8,6.2,54.6,14.2,12.1,0.5,26.9,5.6,10.7,1.1,17.4,38.1,14.7,50,102.8,10,1.6,9,0.1,0.4,21.1,1,0,0,468.5,0,0,15.4,484.9,0.7,0.4,3.4,3907.7,0,3912.2,1103,230.6,1333.6,5953.3
"Methane",2013,"Antrim and Newtownabbey",2.6,0.4,0,0.4,3.4,0.6,1.1,0,1.7,0.2,1.1,0.1,1.3,2.3,1.3,3.9,7.6,0.7,0.5,0.5,0,0.1,1.7,0,0,0,2.7,0,0,0,2.8,0,0,0.2,189.7,0,189.9,64.1,22.6,86.8,295.2
"Methane",2013,"Armagh City, Banbridge and Craigavon",3.8,2.6,0.1,0.7,7.1,1.1,0.7,0.1,1.8,0.3,0.5,0.1,0.9,3.4,0.2,6.4,9.9,1.2,0.3,1.1,0,0,2.7,0.1,0,0,22,0,0,0,22.1,0.1,0.1,0.5,528.8,0,529.6,72.3,36.6,108.9,682.9
"Methane",2013,"Belfast",5.3,2.5,0,0.3,8.2,4,5.4,0.1,9.5,2,5.1,0.4,7.5,5.6,8.1,5.7,19.4,1.2,0.3,0.5,0,0.1,2,0,0,0,0.3,0,0,0,0.3,0,0.1,0,10.6,0,10.6,177.5,62.2,239.7,297.1
"Methane",2013,"Causeway Coast and Glens",1.4,0.3,0,0.4,2.1,0.8,0.8,0,1.6,0.2,0.3,0.1,0.6,2.4,0.1,4.7,7.3,0.8,0,1,0,0,1.9,0.2,0,0,104.5,0,0,0.1,104.8,0.1,0,0.4,471.9,0,472.4,85.2,6.4,91.6,682.3
"Methane",2013,"Derry City and Strabane",2.7,0.8,2.1,0.4,6.1,1,0.2,0,1.3,0.4,0.7,0.1,1.3,2.3,0.3,4.6,7.2,0.7,0,0.7,0,0,1.4,0.1,0,0,76.1,0,0,0,76.2,0,0,0.2,281.1,0,281.4,85.3,6.9,92.1,467
"Methane",2013,"Fermanagh and Omagh",2.2,0,0.5,0.7,3.5,0.8,0,0,0.8,0.3,0,0.1,0.4,1.8,0,3.9,5.6,0.7,0,1.2,0,0,2,0.4,0,0,142.6,0,0,0.1,143.1,0.1,0,0.6,617.2,0,617.9,69.5,6.8,76.3,849.6
"Methane",2013,"Lisburn and Castlereagh",1.4,0.5,0,0.4,2.4,0.7,0.5,0,1.2,0.3,0.5,0.1,0.9,2.2,1.5,4.1,7.8,0.8,0.4,0.5,0,0,1.7,0,0,0,0.6,0,0,0,0.6,0,0.1,0.2,166.9,0,167.2,66.2,70.7,136.9,318.7
"Methane",2013,"Mid and East Antrim",2.3,1,0.1,1.2,4.6,0.7,1.1,0,1.8,0.2,1.3,0.1,1.5,2.3,0.9,4.2,7.5,0.7,0.1,0.7,0,0,1.6,0.1,0,0,33.2,0,0,0,33.3,0,0,0.3,308.7,0,309,74.5,7.8,82.3,441.6
"Methane",2013,"Mid Ulster",3.2,0,1,1.1,5.3,0.6,0,0,0.7,0.1,0,0.1,0.2,2.2,0,4.4,6.6,0.9,0.1,1.1,0,0,2,0.1,0,0,67.3,0,0,0.1,67.5,0.1,0,0.6,607.2,0,607.8,67.6,11.5,79.1,769.3
"Methane",2013,"Newry, Mourne and Down",1.9,0.1,0,0.7,2.7,0.7,0.2,0,0.9,0.2,0.1,0.1,0.3,2.8,0.1,5.3,8.2,1.2,0,0.9,0,0,2.2,0.1,0,0,16.9,0,0,0,17,0.1,0.1,0.4,481.4,0,482,121.7,9.4,131.1,644.6
"Methane",2013,"Ards and North Down",1.1,0.7,0,0.1,1.9,0.8,1.4,0,2.2,0.2,0.5,0.1,0.8,2.6,2.3,4.9,9.7,0.7,0,0.4,0,0,1.1,0,0,0,2.4,0,0,0,2.4,0.1,0,0.2,155.9,0,156.1,96.3,5,101.3,275.5
"Methane",2013,"Northern Ireland",28,8.9,3.9,6.5,47.3,11.6,11.4,0.5,23.5,4.5,10.1,1.1,15.7,29.8,14.8,52.1,96.7,9.6,1.5,8.6,0.1,0.4,20.3,1.1,0,0,468.6,0,0,0.4,470.1,0.6,0.4,3.5,3819.4,0,3823.9,980.2,245.9,1226.1,5723.8
"Methane",2014,"Antrim and Newtownabbey",2.7,0.3,0,0.5,3.5,0.6,0.8,0.1,1.5,0.2,0.8,0.1,1.1,2.2,1.6,3.6,7.4,0.6,0.4,0.5,0,0.1,1.6,0,0,0,2.7,0,0,0,2.8,0,0,0.1,192.9,0,193.1,43.3,25.6,68.9,279.9
"Methane",2014,"Armagh City, Banbridge and Craigavon",3.9,2.7,0,0.8,7.5,1.1,0.7,0.1,1.9,0.4,0.5,0.1,1,3.2,0.4,5.8,9.4,1.1,0.3,1,0,0,2.5,0.1,0,0,22,0,0,0,22.1,0.1,0.1,0.4,553.4,0,554.1,26.3,41.8,68.2,666.5
"Methane",2014,"Belfast",5.3,2.8,0.1,0.4,8.7,4,6.1,0.2,10.2,2,5.7,0.5,8.2,5.3,9,5.1,19.4,1.1,0.2,0.4,0,0.1,1.9,0,0,0,0.3,0,0,0,0.3,0,0.1,0,10.3,0,10.4,112.1,70.4,182.5,241.5
"Methane",2014,"Causeway Coast and Glens",1.4,0.4,0,0.5,2.3,0.8,1.2,0.1,2.1,0.3,0.4,0.1,0.8,2.3,0.2,4.3,6.8,0.8,0,1,0,0,1.8,0.2,0,0,104.5,0,0,0,104.7,0.1,0,0.3,488.1,0,488.6,50.1,7.1,57.2,664.3
"Methane",2014,"Derry City and Strabane",2.7,0.7,2.4,0.5,6.4,1,0.2,0,1.3,0.5,0.7,0.1,1.2,2.1,0.5,4.2,6.8,0.6,0,0.7,0,0,1.3,0.1,0,0,76.1,0,0,0,76.2,0,0,0.2,285,0,285.3,43.2,7.9,51.1,429.5
"Methane",2014,"Fermanagh and Omagh",2.2,0,0.5,0.8,3.5,0.8,0,0,0.8,0.3,0,0.1,0.4,1.7,0,3.5,5.2,0.7,0,1.1,0,0,1.9,0.4,0,0,142.7,0,0,0,143.1,0.1,0,0.5,625.3,0,625.9,44.3,7.6,51.9,832.7
"Methane",2014,"Lisburn and Castlereagh",1.4,0.8,0,0.5,2.7,0.7,0.8,0.1,1.5,0.3,0.8,0.1,1.2,2.1,1.6,3.7,7.4,0.7,0.3,0.4,0,0,1.6,0,0,0,0.6,0,0,0,0.6,0,0.1,0.1,166.8,0,167,44.6,80.5,125.1,307.1
"Methane",2014,"Mid and East Antrim",2.5,1,0.1,1.5,5.1,0.7,1.1,0,1.9,0.2,1.3,0.1,1.6,2.2,1.1,3.8,7.2,0.7,0.1,0.6,0,0,1.5,0.1,0,0,33.2,0,0,0,33.3,0,0,0.2,316.9,0,317.2,48.5,8.9,57.4,425
"Methane",2014,"Mid Ulster",3.4,0,1.3,1.2,5.9,0.7,0,0.1,0.7,0.2,0,0.1,0.2,2.2,0,4,6.1,0.8,0.1,1,0,0,1.9,0.1,0,0,67.4,0,0,0,67.5,0.1,0,0.5,628.7,0,629.2,40.7,13.6,54.3,765.9
"Methane",2014,"Newry, Mourne and Down",2,0.2,0,0.8,3,0.7,0.3,0.1,1.1,0.2,0.1,0.1,0.4,2.7,0.1,4.8,7.6,1.2,0,0.9,0,0,2.1,0.1,0,0,16.9,0,0,0,17,0.1,0.1,0.4,483.9,0,484.5,68.4,11,79.5,595.2
"Methane",2014,"Ards and North Down",1.1,0.7,0,0.2,1.9,0.8,1.4,0,2.2,0.2,0.5,0.1,0.8,2.5,2.7,4.4,9.5,0.7,0,0.4,0,0,1.1,0,0,0,2.4,0,0,0,2.4,0.1,0,0.1,162.2,0,162.4,64.1,5.4,69.4,249.7
"Methane",2014,"Northern Ireland",28.7,9.6,4.5,7.6,50.4,11.8,12.6,0.7,25.1,4.6,10.8,1.4,16.8,28.5,17.1,47.1,92.8,9.1,1.5,8,0.1,0.4,19.1,1.1,0,0,468.7,0,0,0.1,469.9,0.6,0.5,2.8,3913.5,0,3917.5,585.7,279.8,865.5,5457.2
"Methane",2015,"Antrim and Newtownabbey",2.5,0.3,0,0.5,3.3,0.6,0.9,0,1.6,0.2,0.9,0,1.2,1.9,1.7,3.7,7.3,0.6,0.4,0.4,0,0.1,1.5,0,0,0,2.7,0,0,0,2.8,0,0,0.1,197.7,0,197.9,57.1,25.5,82.6,298.3
"Methane",2015,"Armagh City, Banbridge and Craigavon",3.8,2.9,0,0.7,7.5,1,0.7,0.1,1.8,0.3,0.6,0.1,1,2.8,0.4,6,9.2,1.1,0.3,1,0,0,2.4,0.1,0,0,22,0,0,0,22.1,0.1,0.1,0.5,567.7,0,568.4,34.8,42.1,76.9,689.4
"Methane",2015,"Belfast",4.6,1.7,0.1,0.4,6.8,3.4,3.7,0.2,7.3,1.7,3.5,0.3,5.5,4.5,9.3,5.2,19,1.1,0.2,0.4,0,0.1,1.8,0,0,0,0.3,0,0,0,0.3,0,0,0,10.2,0,10.3,141.3,68.1,209.4,260.3
"Methane",2015,"Causeway Coast and Glens",1.4,0.3,0,0.4,2.1,0.8,0.9,0,1.7,0.2,0.3,0.1,0.6,2,0.3,4.3,6.6,0.8,0,0.9,0,0,1.7,0.2,0,0,104.5,0,0,0,104.7,0.1,0,0.4,493.7,0,494.2,58.1,7.1,65.2,676.8
"Methane",2015,"Derry City and Strabane",2.6,0.8,2.7,0.4,6.5,0.9,0.2,0,1.2,0.4,0.7,0.1,1.2,1.9,0.5,4.3,6.8,0.6,0,0.6,0,0,1.3,0.1,0,0,76.1,0,0,0,76.2,0,0,0.2,294.5,0,294.8,48.8,8,56.9,444.8
"Methane",2015,"Fermanagh and Omagh",2.2,0,0.5,0.7,3.4,0.8,0,0,0.8,0.3,0,0.1,0.3,1.5,0,3.5,5,0.7,0,1.1,0,0,1.8,0.4,0,0,142.7,0,0,0,143.1,0.1,0,0.5,652.9,0,653.5,54.3,7.5,61.8,869.7
"Methane",2015,"Lisburn and Castlereagh",1.6,1.2,0,0.5,3.3,0.7,1.1,0,1.9,0.3,1.1,0.1,1.5,2,1.8,3.8,7.6,0.7,0.3,0.4,0,0,1.5,0,0,0,0.6,0,0,0,0.6,0,0.1,0.1,167.9,0,168.2,54.6,80.9,135.4,320
"Methane",2015,"Mid and East Antrim",2.4,1,0.1,1.5,4.9,0.7,1.1,0,1.8,0.2,1.3,0,1.5,2,1.2,3.9,7,0.7,0.1,0.6,0,0,1.4,0.1,0,0,33.2,0,0,0,33.3,0,0,0.2,323,0,323.3,58.9,8.6,67.5,440.6
"Methane",2015,"Mid Ulster",3.4,0,1.7,1.1,6.2,0.7,0,0,0.7,0.2,0,0,0.2,1.9,0,4.1,5.9,0.8,0.1,0.9,0,0,1.8,0.1,0,0,67.4,0,0,0,67.6,0.1,0,0.5,646.1,0,646.7,48.4,13.7,62.1,791.1
"Methane",2015,"Newry, Mourne and Down",1.9,0.2,0,0.7,2.9,0.7,0.4,0.1,1.1,0.2,0.1,0.1,0.4,2.4,0.1,4.9,7.5,1.1,0,0.8,0,0,2,0.1,0,0,16.9,0,0,0,17,0.1,0.2,0.4,495.7,0,496.3,60.5,10.4,71,598.2
"Methane",2015,"Ards and North Down",1.1,0.6,0,0.2,1.8,0.8,1.1,0,1.9,0.2,0.4,0,0.7,2.4,2.9,4.4,9.7,0.6,0,0.3,0,0,1,0,0,0,2.4,0,0,0,2.4,0.1,0,0.2,163.1,0,163.3,85.3,5.3,90.6,271.5
"Methane",2015,"Northern Ireland",27.4,9.1,5.2,7.1,48.7,11.1,10.2,0.6,21.9,4.3,9,0.8,14.1,25.4,18.3,48,91.7,8.7,1.4,7.5,0.1,0.4,18.1,1.1,0,0,468.8,0,0,0,470,0.6,0.6,3.2,4012.5,0,4016.9,702.1,277.2,979.2,5660.6
"Methane",2016,"Antrim and Newtownabbey",2.2,0.3,0,0.4,2.8,0.5,0.7,0.1,1.3,0.2,0.7,0,0.9,1.6,1.4,3.7,6.7,0.6,0.4,0.4,0,0.1,1.5,0,0,0,2.8,0,0,0,2.8,0,0,0.1,198.4,0,198.6,56.6,26.7,83.3,297.8
"Methane",2016,"Armagh City, Banbridge and Craigavon",3.2,2,0,0.6,5.8,0.9,0.5,0.1,1.5,0.3,0.4,0.1,0.7,2.4,0.5,6.1,8.9,1.1,0.3,1,0,0,2.4,0.1,0,0,22.1,0,0,0,22.1,0.1,0.1,0.5,586.8,0,587.4,32.5,44.3,76.8,705.6
"Methane",2016,"Belfast",3.9,1.3,0.1,0.3,5.6,2.9,2.7,0.2,5.8,1.4,2.6,0.2,4.2,3.8,7,5.2,15.9,1,0.2,0.4,0,0.1,1.8,0,0,0,0.3,0,0,0,0.3,0,0,0,10.9,0,10.9,149.6,71.3,220.9,265.4
"Methane",2016,"Causeway Coast and Glens",1.2,0.2,0,0.3,1.7,0.7,0.7,0.1,1.4,0.2,0.3,0,0.5,1.7,0.3,4.3,6.3,0.7,0,0.9,0,0,1.7,0.2,0,0,104.5,0,0,0,104.8,0.1,0,0.4,491.9,0,492.3,56.9,7.2,64.1,672.8
"Methane",2016,"Derry City and Strabane",2.2,0.7,1.9,0.4,5.2,0.8,0.2,0,1.1,0.4,0.6,0.1,1.1,1.6,0.5,4.3,6.5,0.6,0,0.6,0,0,1.2,0.1,0,0,76.1,0,0,0,76.2,0,0,0.2,302.3,0,302.6,39.5,8.3,47.8,441.6
"Methane",2016,"Fermanagh and Omagh",1.9,0,0.5,0.5,2.9,0.7,0,0,0.7,0.3,0,0,0.3,1.3,0,3.6,4.8,0.7,0,1.1,0,0,1.8,0.4,0,0,143.1,0,0,0.1,143.5,0.1,0,0.5,665.1,0,665.6,53.4,7.5,60.8,880.5
"Methane",2016,"Lisburn and Castlereagh",1.3,0.8,0.1,0.4,2.6,0.6,0.8,0.1,1.4,0.3,0.8,0.1,1.1,1.6,1.5,3.8,6.9,0.7,0.3,0.4,0,0,1.5,0,0,0,0.6,0,0,0,0.6,0,0.1,0.1,168.3,0,168.6,60.3,86,146.3,329
"Methane",2016,"Mid and East Antrim",1.8,0.5,0.1,1.3,3.8,0.5,0.6,0,1.2,0.1,0.7,0,0.9,1.6,1,3.9,6.5,0.7,0.1,0.6,0,0,1.4,0.1,0,0,33.2,0,0,0,33.3,0,0,0.2,328.1,0,328.4,60.2,8.2,68.5,443.9
"Methane",2016,"Mid Ulster",2.9,0,1.5,0.8,5.2,0.6,0,0.1,0.6,0.1,0,0,0.2,1.6,0,4.1,5.7,0.8,0.1,0.9,0,0,1.8,0.1,0,0,67.2,0,0,0,67.4,0,0,0.5,666.8,0,667.3,45.6,13.7,59.3,807.5
"Methane",2016,"Newry, Mourne and Down",1.6,0.2,0,0.6,2.4,0.6,0.3,0.1,1,0.2,0.1,0,0.3,2.1,0.1,5,7.2,1.1,0,0.8,0,0,2,0.1,0,0,16.9,0,0,0,17,0.1,0.1,0.4,506.6,0,507.2,26.5,10.2,36.7,573.7
"Methane",2016,"Ards and North Down",0.9,0.4,0,0.1,1.4,0.6,0.8,0,1.4,0.2,0.3,0,0.5,2,2.3,4.5,8.8,0.6,0,0.3,0,0,1,0,0,0,2.4,0,0,0,2.4,0,0,0.2,161.5,0,161.7,69.3,5.4,74.7,251.9
"Methane",2016,"Northern Ireland",23.1,6.4,4.2,5.8,39.5,9.3,7.3,0.7,17.4,3.6,6.4,0.7,10.7,21.2,14.5,48.4,84.2,8.6,1.4,7.4,0.1,0.4,18,1.1,0,0,469,0,0,0.3,470.4,0.5,0.4,3.1,4086.6,0,4090.6,650.3,288.8,939.1,5669.8
"Methane",2017,"Antrim and Newtownabbey",2,0.2,0,0.5,2.7,0.5,0.6,0.1,1.2,0.2,0.6,0.1,0.8,1.5,1.4,3.7,6.6,0.7,0.5,0.5,0,0.1,1.7,0,0,0,2.7,0,0,0,2.8,0,0,0.2,199.7,0,199.9,45.5,29,74.5,290.1
"Methane",2017,"Armagh City, Banbridge and Craigavon",2.9,1.8,0,0.7,5.5,0.8,0.5,0.1,1.4,0.3,0.4,0.1,0.7,2.2,0.5,6.2,8.9,1.3,0.3,1,0,0,2.6,0.1,0,0,22.1,0,0,0,22.1,0.1,0.1,0.5,598.7,0,599.3,31.6,48.1,79.7,720.3
"Methane",2017,"Belfast",3.5,1.2,0.2,0.4,5.3,2.6,2.6,0.4,5.6,1.3,2.4,0.3,4,3.4,6.9,5.3,15.6,1.1,0.2,0.4,0,0.1,1.9,0,0,0,0.3,0,0,0,0.3,0,0,0,11.2,0,11.3,126.6,77.9,204.5,248.4
"Methane",2017,"Causeway Coast and Glens",1.1,0.2,0,0.3,1.6,0.6,0.6,0.1,1.3,0.2,0.2,0.1,0.5,1.6,0.3,4.4,6.2,0.8,0,1,0,0,1.8,0.2,0,0,104.5,0,0,0,104.8,0,0,0.4,492.6,0,493.1,59.3,7.4,66.7,675.9
"Methane",2017,"Derry City and Strabane",2,0.8,2,0.4,5.2,0.7,0.2,0.1,1,0.3,0.7,0.1,1.1,1.5,0.6,4.4,6.4,0.6,0,0.7,0,0,1.3,0.1,0,0,76.1,0,0,0,76.2,0,0,0.2,299.3,0,299.6,38.9,8.7,47.5,438.5
"Methane",2017,"Fermanagh and Omagh",1.8,0,0.6,0.5,2.8,0.6,0,0.1,0.7,0.2,0,0.1,0.3,1.2,0,3.7,4.8,0.7,0,1.1,0,0,1.9,0.4,0,0,143,0,0,0.1,143.5,0,0,0.6,664.7,0,665.3,48.6,7.7,56.3,875.7
"Methane",2017,"Lisburn and Castlereagh",1.2,0.8,0.1,0.4,2.6,0.6,0.8,0.1,1.4,0.2,0.8,0.1,1.1,1.5,1.6,3.8,6.9,0.7,0.4,0.4,0,0,1.6,0,0,0,0.6,0,0,0,0.6,0,0.1,0.2,170,0,170.3,53.5,94.1,147.6,332
"Methane",2017,"Mid and East Antrim",1.6,0.5,0.1,1,3.1,0.5,0.5,0.1,1.1,0.1,0.6,0.1,0.8,1.5,1,3.9,6.4,0.7,0.1,0.6,0,0,1.5,0.1,0,0,33.2,0,0,0,33.3,0,0,0.3,332.7,0,333,46.9,8.8,55.7,434.8
"Methane",2017,"Mid Ulster",2.8,0,1.6,0.8,5.2,0.5,0,0.1,0.6,0.1,0,0.1,0.2,1.5,0,4.2,5.7,0.9,0.1,1,0,0,1.9,0.1,0,0,67.4,0,0,0,67.6,0,0,0.5,671.8,0,672.4,36,14.5,50.5,804.1
"Methane",2017,"Newry, Mourne and Down",1.5,0.1,0,0.7,2.4,0.5,0.3,0.1,0.9,0.2,0.1,0.1,0.3,1.9,0.2,5,7.1,1.4,0,0.9,0,0,2.3,0.1,0,0,16.9,0,0,0,17,0.1,0.1,0.5,517.1,0,517.8,11,10.7,21.7,569.5
"Methane",2017,"Ards and North Down",0.8,0.3,0,0.2,1.3,0.6,0.7,0.1,1.3,0.2,0.3,0.1,0.5,1.8,2.3,4.5,8.6,0.7,0,0.4,0,0,1.1,0,0,0,2.4,0,0,0,2.4,0,0,0.2,164.6,0,164.8,59.4,5.7,65.1,245.1
"Methane",2017,"Northern Ireland",21.2,6.1,4.6,5.9,37.7,8.5,6.7,1.2,16.5,3.3,6,1,10.3,19.7,14.6,49,83.3,9.5,1.5,7.9,0.1,0.4,19.5,1.1,0,0,469.1,0,0,0.3,470.6,0.4,0.4,3.5,4122.4,0,4126.7,557.2,312.6,869.8,5634.4
"Methane",2018,"Antrim and Newtownabbey",1.8,0.3,0,0.6,2.6,0.5,0.8,0.1,1.5,0.2,0.6,0,0.8,1.4,1.6,3.9,6.9,0.7,0.5,0.5,0,0.1,1.8,0,0,0,2.7,0,0,0,2.8,0,0,0.2,195.6,0,195.7,51.9,28.5,80.4,292.5
"Methane",2018,"Armagh City, Banbridge and Craigavon",2.6,2.1,0,0.9,5.6,0.9,0.6,0.2,1.7,0.3,0.4,0.1,0.7,2.1,0.6,6.6,9.3,1.4,0.3,1.1,0,0,2.9,0.1,0,0,22.1,0,0,0.1,22.2,0.1,0.1,0.5,591.6,0,592.2,37.1,47.5,84.6,719.3
"Methane",2018,"Belfast",2.7,1.4,0.2,0.3,4.7,2.9,3,0.5,6.4,1.2,2.5,0.3,4.1,3.2,7.7,5.5,16.4,1.2,0.3,0.4,0,0.1,2,0,0,0,0.3,0,0,0,0.3,0,0,0,11.2,0,11.3,150.2,76.6,226.8,272
"Methane",2018,"Causeway Coast and Glens",0.9,0.2,0,0.4,1.5,0.7,0.7,0.1,1.5,0.2,0.3,0.1,0.5,1.5,0.3,4.6,6.4,0.9,0,1,0,0,2,0.2,0,0,104.5,0,0,0.2,104.9,0.1,0,0.4,477,0,477.5,62.8,7.3,70.2,664.6
"Methane",2018,"Derry City and Strabane",1.8,1,4.6,0.5,7.9,0.8,0.3,0.1,1.2,0.3,0.7,0.1,1.1,1.4,0.7,4.7,6.8,0.7,0,0.7,0,0,1.4,0.1,0,0,76.1,0,0,0.1,76.3,0,0,0.2,294,0,294.3,44.9,8.6,53.5,442.6
"Methane",2018,"Fermanagh and Omagh",1.6,0,0.6,0.6,2.9,0.7,0,0.1,0.8,0.2,0,0.1,0.3,1.1,0,3.9,5,0.8,0,1.2,0,0,2.1,0.4,0,0,143.1,0,0,0.4,143.9,0.1,0,0.6,641.3,0,642,57.6,7.8,65.4,862.2
"Methane",2018,"Lisburn and Castlereagh",1,0.8,0.1,0.6,2.5,0.6,1.1,0.1,1.8,0.3,0.7,0.1,1,1.4,1.8,4,7.3,0.8,0.4,0.5,0,0,1.7,0,0,0,0.6,0,0,0,0.7,0,0.1,0.1,169.8,0,170,64.4,92.7,157.1,342.1
"Methane",2018,"Mid and East Antrim",1.3,0.3,0.1,0.2,2,0.5,0.6,0.1,1.2,0.1,0.8,0.1,1,1.4,1.1,4.1,6.7,0.8,0.1,0.7,0,0,1.6,0.1,0,0,33.2,0,0,0.1,33.4,0,0,0.3,322.4,0,322.7,59.2,8.9,68.1,436.5
"Methane",2018,"Mid Ulster",2.6,0,1.9,1,5.5,0.6,0,0.1,0.8,0.1,0,0,0.2,1.4,0,4.5,5.9,0.9,0.1,1.1,0,0,2.1,0.1,0,0,67.4,0,0,0.2,67.7,0.1,0,0.5,651.5,0,652.1,33.3,14.5,47.7,781.9
"Methane",2018,"Newry, Mourne and Down",1.4,0.4,0,1.1,2.8,0.6,0.2,0.1,1,0.2,0.1,0.1,0.3,1.8,0.2,5.4,7.3,1.5,0,0.9,0,0,2.5,0.1,0,0,16.9,0,0,0.1,17.1,0.1,0,0.5,511.4,0,512,8.5,11,19.5,562.5
"Methane",2018,"Ards and North Down",0.7,0.4,0,0.1,1.2,0.6,0.8,0.1,1.5,0.2,0.3,0,0.5,1.7,2.6,4.8,9.1,0.7,0,0.4,0,0,1.1,0,0,0,2.4,0,0,0,2.4,0,0,0.2,166.3,0,166.6,77.1,5.7,82.8,265.1
"Methane",2018,"Northern Ireland",18.4,6.9,7.6,6.3,39.2,9.4,8.1,1.8,19.2,3.2,6.3,0.9,10.4,18.3,16.6,52.1,87.1,10.3,1.6,8.6,0.2,0.5,21.2,1.2,0,0,469.2,0,0,1.3,471.7,0.5,0.3,3.4,4032.2,0,4036.3,646.9,309.2,956.1,5641.2
"Methane",2019,"Antrim and Newtownabbey",1.7,0.2,0,0.7,2.6,0.5,0.5,0.1,1.2,0.1,0.9,0,1,1.4,1.8,4,7.2,0.6,0.4,0.5,0,0.1,1.6,0,0,0,2.7,0,0,0,2.8,0,0,0.2,197.4,0,197.6,50,27.7,77.7,291.7
"Methane",2019,"Armagh City, Banbridge and Craigavon",2.6,2,0,1,5.6,1,0.6,0.2,1.7,0.3,0.6,0.1,0.9,2.1,0.8,6.8,9.6,1.2,0.3,1,0,0.1,2.6,0.1,0,0,22.1,0,0,0.1,22.2,0.1,0,0.5,592.2,0,592.8,36.3,46,82.3,717.8
"Methane",2019,"Belfast",2.3,1.4,0,0.4,4.1,3.1,3.5,0.5,7,1.3,2.5,0.3,4.2,3.2,8.3,5.7,17.2,1.1,0.2,0.4,0,0.1,1.8,0,0,0,0.3,0,0,0,0.3,0,0,0,11.2,0,11.2,155.9,73.6,229.5,275.3
"Methane",2019,"Causeway Coast and Glens",1,0.2,0,0.5,1.6,0.7,0.6,0.1,1.3,0.2,0.4,0,0.6,1.5,0.4,4.7,6.6,0.8,0,0.9,0,0,1.8,0.2,0,0,104.5,0,0,0.1,104.8,0,0,0.4,487.6,0,488,55,7.3,62.2,667.1
"Methane",2019,"Derry City and Strabane",1.8,1,7,0.6,10.4,0.9,0.4,0.1,1.4,0.3,0.7,0.1,1.1,1.4,0.9,4.8,7.1,0.6,0,0.6,0,0,1.3,0.1,0,0,76.1,0,0,0.1,76.3,0,0,0.2,301.5,0,301.8,44.8,8.5,53.3,452.6
"Methane",2019,"Fermanagh and Omagh",1.5,0,0.1,0.7,2.4,0.7,0,0.1,0.7,0.2,0,0,0.3,1.1,0,4,5.1,0.7,0,1.1,0,0,1.9,0.4,0,0,143.1,0,0,0.3,143.8,0,0,0.6,646.5,0,647.1,63.2,7.7,70.9,872.3
"Methane",2019,"Lisburn and Castlereagh",1.1,0.7,0.1,0.7,2.6,0.6,1.2,0.1,1.9,0.2,0.8,0.1,1.1,1.4,2,4.1,7.5,0.7,0.4,0.4,0,0,1.6,0,0,0,0.6,0,0,0,0.7,0,0.1,0.2,170.3,0,170.6,70.6,89.4,160,345.9
"Methane",2019,"Mid and East Antrim",1.3,0.3,0.1,0.2,1.9,0.5,1,0.1,1.6,0.1,0.6,0,0.7,1.4,1.3,4.2,6.9,0.7,0.1,0.6,0,0,1.4,0.1,0,0,33.2,0,0,0.1,33.3,0,0,0.2,327.1,0,327.3,65.5,8.7,74.2,447.4
"Methane",2019,"Mid Ulster",2.6,0.7,3.4,1,7.7,0.7,0.1,0.1,0.9,0.1,0,0,0.2,1.4,0,4.5,5.9,0.8,0.1,1,0,0,1.9,0.2,0,0,67.6,0,0,0.1,67.8,0,0,0.5,663.1,0,663.6,8.5,14.1,22.6,770.6
"Methane",2019,"Newry, Mourne and Down",1.4,0.3,0,0.4,2.1,0.6,0.2,0.1,1,0.2,0.2,0.1,0.4,1.8,0.3,5.5,7.5,1.3,0,0.8,0,0.1,2.2,0.1,0,0,16.9,0,0,0.1,17.1,0,0,0.5,500.2,0,500.8,11.1,10.6,21.7,552.8
"Methane",2019,"Ards and North Down",0.6,0.3,0,0.2,1.1,0.6,0.8,0.1,1.6,0.2,0.3,0,0.5,1.7,2.9,4.9,9.5,0.7,0,0.3,0,0,1,0,0,0,2.4,0,0,0,2.4,0,0,0.2,165.5,0,165.7,77.5,5.6,83.1,264.9
"Methane",2019,"Northern Ireland",17.9,7.1,10.7,6.3,42,9.8,8.8,1.7,20.3,3.3,6.9,0.8,11,18.6,18.6,53.1,90.3,9.3,1.5,7.7,0.1,0.6,19.2,1.2,0,0,469.4,0,0,0.8,471.4,0.4,0.2,3.4,4062.6,0,4066.6,638.5,299.1,937.6,5658.4
"Methane",2020,"Antrim and Newtownabbey",1.6,0.2,0,0.7,2.6,0.3,0.5,0.1,1,0.1,0.6,0,0.8,1.4,1.6,4.1,7.1,0.5,0.5,0.4,0,0.1,1.5,0,0,0,3,0,0,0,3,0,0,0.1,201.2,0,201.3,63.8,27.7,91.5,308.8
"Methane",2020,"Armagh City, Banbridge and Craigavon",2.3,2.2,0,1,5.5,0.7,0.4,0.2,1.3,0.2,0.2,0.1,0.5,2.1,0.7,6.9,9.8,1,0.2,1,0,0.1,2.2,0.1,0,0,21.7,0,0,0.1,21.8,0.1,0,0.5,586.3,0,586.9,22.3,46.3,68.6,696.7
"Methane",2020,"Belfast",2.2,1.3,0.1,0.4,3.9,2.2,2.5,0.5,5.3,0.9,2.4,0.3,3.7,3.1,7.6,5.7,16.4,0.8,0.2,0.4,0,0.1,1.5,0,0,0,0.3,0,0,0,0.3,0,0,0,11.2,0,11.2,144.2,73.8,218,260.2
"Methane",2020,"Causeway Coast and Glens",0.8,0.3,0,0.5,1.6,0.5,0.6,0.1,1.1,0.1,0.2,0.1,0.4,1.5,0.4,4.8,6.6,0.7,0,0.9,0,0.1,1.6,0.2,0,0,102.2,0,0,0.2,102.5,0.1,0,0.4,493.4,0,493.9,27.8,7.2,35,642.8
"Methane",2020,"Derry City and Strabane",1.7,0.9,7.6,0.6,10.7,0.6,0.3,0.1,1,0.2,0.7,0.1,1,1.4,0.8,4.9,7.1,0.5,0,0.6,0,0,1.1,0.1,0,0,73.3,0,0,0.1,73.5,0.1,0,0.2,307.9,0,308.2,24.6,8.5,33.1,435.7
"Methane",2020,"Fermanagh and Omagh",1.3,0,0,0.8,2.2,0.5,0,0.1,0.6,0.2,0,0.1,0.2,1.1,0,4,5.2,0.6,0,1.1,0,0.1,1.7,0.4,0,0,139.5,0,0,0.3,140.1,0.1,0,0.5,665.1,0,665.7,72.1,7.5,79.6,895.4
"Methane",2020,"Lisburn and Castlereagh",0.9,1,0,0.7,2.6,0.4,0.7,0.1,1.3,0.2,0.6,0.1,0.9,1.4,1.9,4.2,7.5,0.6,0.3,0.4,0,0,1.3,0,0,0,0.6,0,0,0,0.6,0,0,0.1,176.9,0,177.1,78.1,90.2,168.3,359.6
"Methane",2020,"Mid and East Antrim",1.1,0.2,0.1,0.3,1.7,0.4,0.8,0.1,1.2,0.1,0.6,0.1,0.7,1.4,1.2,4.3,6.9,0.6,0.1,0.6,0,0,1.3,0.2,0,0,44.9,0,0,0.1,45.2,0,0,0.2,328.5,0,328.8,72.3,8.3,80.6,466.4
"Methane",2020,"Mid Ulster",2.4,0,3.4,1,6.8,0.5,0,0.1,0.6,0.1,0,0,0.1,1.4,0,4.6,6.1,0.7,0,1,0,0,1.7,0.2,0,0,65.4,0,0,0.1,65.7,0.1,0,0.5,662.3,0,662.9,8.8,14,22.8,766.7
"Methane",2020,"Newry, Mourne and Down",1.2,0.2,0,0.4,1.8,0.4,0.2,0.2,0.8,0.1,0.2,0.1,0.3,1.8,0.3,5.5,7.7,1.1,0,0.8,0,0.1,2,0.1,0,0,16.5,0,0,0.1,16.7,0.1,0.1,0.5,501.5,0,502.1,13.5,10.5,24,555.4
"Methane",2020,"Ards and North Down",0.6,0.4,0,0.2,1.1,0.4,0.6,0.1,1.2,0.1,0.2,0.1,0.4,1.7,2.7,4.9,9.3,0.5,0,0.3,0,0,0.9,0,0,0,2.3,0,0,0,2.3,0.1,0,0.2,164.4,0,164.6,92.4,5.5,97.8,277.6
"Methane",2020,"Northern Ireland",16.2,6.7,11.3,6.4,40.5,6.9,6.6,1.9,15.4,2.3,5.8,0.9,9,18.3,17.3,54,89.7,7.4,1.2,7.6,0.1,0.6,16.9,1.4,0,0,469.6,0,0,0.9,471.8,0.7,0.2,3.2,4098.6,0,4102.8,619.9,299.5,919.3,5665.4
"Methane",2021,"Antrim and Newtownabbey",1.8,0.2,0,0.6,2.6,0.3,0.4,0.2,0.9,0.1,0.6,0.1,0.8,1.3,1.6,4.1,7.1,0.5,0.4,0.4,0,0.1,1.3,0,0,0,3,0,0,0.1,3.1,0,0,0.1,211,0,211.2,50.9,29.5,80.4,307.3
"Methane",2021,"Armagh City, Banbridge and Craigavon",2.6,1.7,0,0.8,5.1,0.7,0.5,0.2,1.4,0.2,0.5,0.1,0.8,2,0.8,6.8,9.7,0.9,0.2,0.9,0,0.1,2,0.1,0,0,21.7,0,0,0.1,21.9,0.1,0,0.5,614.1,0,614.7,28,49.2,77.2,732.8
"Methane",2021,"Belfast",2.3,1,0.1,0.3,3.7,2.5,2.3,0.6,5.4,1,2.1,0.4,3.6,3,7.3,5.5,15.8,0.7,0.2,0.4,0,0.1,1.3,0,0,0,0.3,0,0,0,0.3,0,0,0,17.2,0,17.2,157.8,78.6,236.5,283.8
"Methane",2021,"Causeway Coast and Glens",1,0.1,0,0.5,1.6,0.5,0.8,0.1,1.4,0.1,0.2,0.1,0.4,1.4,0.4,4.8,6.7,0.6,0,0.8,0,0.1,1.4,0.2,0,0,102,0,0,0.4,102.5,0.1,0,0.4,512.8,0,513.2,44.7,7.5,52.2,679.6
"Methane",2021,"Derry City and Strabane",1.9,0.9,5.7,0.4,9,0.6,0.4,0.1,1.2,0.2,0.6,0.1,0.9,1.3,0.9,4.8,7,0.4,0,0.6,0,0,1,0.1,0,0,73,0,0,0.2,73.3,0.1,0,0.2,307,0,307.3,29.6,8.9,38.6,438.4
"Methane",2021,"Fermanagh and Omagh",1.5,0,0,1,2.5,0.5,0,0.1,0.6,0.2,0,0.1,0.2,1.1,0,3.9,5,0.5,0,1,0,0.1,1.5,1,0,0,149.7,0,0,0.7,151.4,0.1,0,0.5,701.8,0,702.4,56,7.9,63.9,927.5
"Methane",2021,"Lisburn and Castlereagh",1.1,0.8,0,0.5,2.4,0.4,0.6,0.1,1.1,0.2,0.9,0.1,1.2,1.4,1.8,4.2,7.4,0.5,0.2,0.4,0,0,1.1,0,0,0,0.6,0,0,0,0.7,0,0,0.1,176.6,0,176.8,63.5,95.8,159.3,349.9
"Methane",2021,"Mid and East Antrim",1.2,0.2,0.1,0.3,1.7,0.4,0.7,0.1,1.2,0.1,0.5,0.1,0.7,1.4,1.2,4.3,6.9,0.5,0,0.5,0,0,1.1,0.1,0,0,35.6,0,0,0.1,35.7,0.1,0,0.2,344.7,0,345.1,60.6,8.9,69.4,461.8
"Methane",2021,"Mid Ulster",2.6,0,3.2,1.1,6.9,0.5,0,0.1,0.6,0.1,0,0.1,0.2,1.4,0,4.6,6,0.6,0,0.8,0,0,1.5,0.2,0,0,65.3,0,0,0.3,65.7,0.1,0,0.5,690.7,0,691.3,7.1,14.9,22,794.2
"Methane",2021,"Newry, Mourne and Down",1.2,0.1,0,0.5,1.8,0.5,0.2,0.2,0.9,0.1,0.2,0.1,0.4,1.8,0.3,5.6,7.7,0.9,0,0.7,0,0.1,1.7,0.1,0,0,16.4,0,0,0.2,16.7,0.1,0.1,0.4,517,0,517.6,12.6,11.1,23.8,570.6
"Methane",2021,"Ards and North Down",0.8,0.3,0,0.1,1.2,0.4,0.6,0.1,1.1,0.1,0.3,0.1,0.4,1.6,2.6,4.9,9.2,0.5,0,0.3,0,0,0.8,0,0,0,2.3,0,0,0,2.4,0,0,0.1,169.3,0,169.5,85.1,5.7,90.8,275.3
"Methane",2021,"Northern Ireland",18.1,5.3,9.1,6.2,38.6,7.3,6.6,2,15.9,2.5,6,1.1,9.6,17.7,17.2,53.5,88.5,6.4,1,6.7,0.1,0.5,14.8,1.8,0,0,469.8,0,0,2,473.6,0.7,0.2,3.2,4262.3,0,4266.3,596,318,914,5821.2
"Methane",2022,"Antrim and Newtownabbey",1.8,0.1,0,0.5,2.4,0.3,0.5,0.1,0.9,0.1,0.6,0,0.7,1.2,1.6,3.8,6.7,0.4,0.3,0.3,0,0.1,1.1,0,0,0,3,0,0,0,3,0,0,0.1,213.2,0,213.3,56.3,28.4,84.6,312.7
"Methane",2022,"Armagh City, Banbridge and Craigavon",2.6,1.7,0.1,0.8,5.1,0.7,0.6,0.2,1.4,0.2,0.5,0.1,0.8,1.9,0.8,6.4,9.1,0.7,0.2,0.7,0,0.1,1.7,0.1,0,0,21.7,0,0,0.1,21.8,0,0,0.4,606.2,0,606.6,20.2,47.8,68,714.5
"Methane",2022,"Belfast",2.3,1,0,0.3,3.5,2.4,2.3,0.5,5.1,1,2.1,0.3,3.4,2.7,6.8,5.2,14.7,0.6,0.2,0.3,0,0.1,1.2,0,0,0,0.3,0,0,0,0.3,0,0,0,13.1,0,13.1,119.7,75.3,195.1,236.4
"Methane",2022,"Causeway Coast and Glens",1,0.1,0,0.6,1.6,0.4,0.6,0.1,1.2,0.1,0.2,0,0.4,1.3,0.4,4.5,6.2,0.5,0,0.6,0,0.1,1.2,0.2,0,0,101.9,0,0,0.2,102.3,0,0,0.3,511.7,0,512.1,38.9,7.7,46.6,671.6
"Methane",2022,"Derry City and Strabane",1.9,0.9,7,0.5,10.3,0.6,0.4,0.1,1.2,0.2,0.6,0.1,0.9,1.2,0.9,4.4,6.5,0.4,0,0.4,0,0,0.9,0.1,0,0,72.8,0,0,0.1,73,0,0,0.2,309.4,0,309.6,29.9,9.2,39.1,441.4
"Methane",2022,"Fermanagh and Omagh",1.5,0,0,1.1,2.6,0.5,0,0.1,0.6,0.2,0,0.1,0.2,1,0,3.7,4.7,0.4,0,0.8,0,0.1,1.2,0.4,0,0,144,0,0,0.4,144.8,0,0,0.4,703.6,0,704.1,62.6,8.1,70.7,929.1
"Methane",2022,"Lisburn and Castlereagh",1.1,0.5,0,0.5,2.1,0.4,0.7,0.1,1.2,0.2,0.8,0.1,1,1.3,1.8,4,7.1,0.4,0.2,0.3,0,0,1,0,0,0,0.6,0,0,0,0.7,0,0,0.1,177.8,0,177.9,62.5,91.3,153.8,344.8
"Methane",2022,"Mid and East Antrim",1.2,0.2,0,0.3,1.7,0.4,0.6,0.1,1.1,0.1,0.5,0,0.7,1.2,1.2,4,6.4,0.4,0,0.4,0,0,0.9,1.1,0,0,42.3,0,0,0.1,43.5,0,0,0.2,348.5,0,348.7,62.2,9.3,71.5,474.6
"Methane",2022,"Mid Ulster",2.5,0,2.9,1.8,7.1,0.4,0,0.1,0.6,0.1,0,0,0.1,1.3,0.1,4.4,5.8,0.5,0,0.7,0,0.1,1.2,0.2,0,0,65.1,0,0,0.2,65.4,0,0,0.4,695.4,0,695.9,6.9,15.5,22.4,798.6
"Methane",2022,"Newry, Mourne and Down",1.2,0.1,0,0.5,1.8,0.5,0.2,0.1,0.9,0.1,0.1,0.1,0.3,1.6,0.4,5.1,7.1,0.8,0,0.6,0,0.1,1.4,0.1,0,0,16.4,0,0,0.1,16.6,0,0.1,0.3,514,0,514.5,11.5,11.1,22.5,565.2
"Methane",2022,"Ards and North Down",0.8,0.2,0,0.1,1.1,0.4,0.5,0.1,1,0.1,0.2,0,0.4,1.5,2.6,4.5,8.6,0.4,0,0.2,0,0,0.7,0,0,0,2.3,0,0,0,2.3,0,0.1,0.1,169.1,0,169.4,80.3,5.9,86.2,269.6
"Methane",2022,"Northern Ireland",17.7,4.7,10,6.9,39.5,7,6.5,1.7,15.1,2.4,5.7,0.8,9,16.2,16.7,50,82.9,5.5,0.9,5.3,0.1,0.6,12.5,2.2,0,0,470.2,0,0,1.3,473.8,0.3,0.3,2.5,4262,0,4265.1,551,309.6,860.6,5758.4
"Methane",2023,"Antrim and Newtownabbey",1.6,0.1,0,0.9,2.5,0.3,0.4,0.1,0.8,0.1,0.7,0,0.8,1.1,1.6,3.4,6.1,0.4,0.3,0.3,0,0.1,1.1,0,0,0,3,0,0,0,3,0,0,0.1,212.6,0,212.7,56.1,30.3,86.3,313.4
"Methane",2023,"Armagh City, Banbridge and Craigavon",2.2,1.8,0.1,0.9,5,0.6,0.7,0.2,1.5,0.2,0.6,0.1,0.8,1.7,0.8,5.7,8.2,0.7,0.2,0.7,0,0.1,1.6,0.1,0,0,21.7,0,0,0,21.7,0,0,0.4,605.7,0,606.1,13.7,50.7,64.4,709.4
"Methane",2023,"Belfast",1.9,1.2,4.2,0.3,7.6,2.1,2.2,0.4,4.8,0.9,2.3,0.3,3.5,2.4,6.9,4.6,13.9,0.6,0.2,0.3,0,0.1,1.2,0,0,0,0.3,0,0,0,0.3,0,0,0,17,0,17,69.2,80.7,149.9,198.3
"Methane",2023,"Causeway Coast and Glens",0.8,0.7,0,0.6,2.1,0.4,0.3,0.1,0.8,0.1,0.2,0.1,0.4,1.2,0.4,4,5.7,0.4,0,0.6,0,0.1,1.1,0.2,0,0,101.9,0,0,0.1,102.1,0,0,0.3,507.5,0,507.8,49.5,7.8,57.3,677.4
"Methane",2023,"Derry City and Strabane",1.6,1,0.1,0.5,3.3,0.6,0.4,0.1,1.1,0.2,0.6,0.1,0.9,1.1,0.9,3.9,5.9,0.4,0,0.4,0,0,0.8,0.1,0,0,72.8,0,0,0,73,0,0,0.2,298.5,0,298.7,21.7,9.4,31.1,414.7
"Methane",2023,"Fermanagh and Omagh",1.2,0,0,1.2,2.4,0.5,0,0.1,0.5,0.2,0,0.1,0.2,0.9,0.1,3.2,4.2,0.4,0,0.7,0,0.1,1.2,0.4,0,0,144,0,0,0.1,144.5,0,0,0.5,689.2,0,689.7,72.9,8.2,81.1,923.9
"Methane",2023,"Lisburn and Castlereagh",1,0.5,0,0.5,2,0.4,0.7,0.1,1.2,0.2,1.1,0.1,1.4,1.1,1.8,3.5,6.4,0.4,0.2,0.3,0,0.1,1,0,0,0,0.6,0,0,0,0.6,0,0,0.1,176,0,176.1,70.4,98.1,168.5,357.2
"Methane",2023,"Mid and East Antrim",1,0.3,0,0.3,1.7,0.4,0.5,0.1,1,0.1,0.5,0.1,0.7,1.1,1.2,3.5,5.8,0.4,0,0.4,0,0.1,0.9,0.1,0,0,42.4,0,0,0,42.5,0,0.1,0.2,344.9,0,345.2,73.9,9.6,83.5,481.3
"Methane",2023,"Mid Ulster",2.2,0,3.2,1.9,7.3,0.4,0,0.1,0.5,0.1,0,0,0.1,1.1,0.1,3.8,5,0.5,0,0.6,0,0.1,1.2,0.2,0,0,65.1,0,0,0,65.3,0,0,0.4,678.9,0,679.4,3.5,15.8,19.3,778.2
"Methane",2023,"Newry, Mourne and Down",1.1,0.1,0,0.5,1.7,0.5,0.3,0.1,0.8,0.1,0.2,0.1,0.3,1.4,0.4,4.5,6.3,0.8,0,0.5,0,0.1,1.4,0.1,0,0,16.4,0,0,0,16.5,0,0.2,0.4,508.9,0,509.5,7,11.1,18.1,554.7
"Methane",2023,"Ards and North Down",0.6,0.3,0,0.2,1.1,0.4,0.5,0.1,1,0.1,0.2,0,0.4,1.3,2.5,4,7.8,0.4,0,0.2,0,0,0.6,0,0,0,2.3,0,0,0,2.3,0,0.1,0.1,166.3,0,166.5,73.3,5.9,79.3,258.9
"Methane",2023,"Northern Ireland",15.2,6.1,7.7,7.8,36.8,6.4,6.1,1.6,14.1,2.2,6.4,0.8,9.5,14.5,16.7,44.2,75.3,5.4,0.9,5.1,0.1,0.8,12.2,1.2,0,0,470.3,0,0,0.3,471.9,0.3,0.4,2.8,4205.3,0,4208.8,511.2,327.7,838.9,5667.4
"Methane",2024,"Antrim and Newtownabbey",1.4,0.1,0,2.8,4.3,0.3,0.3,0.1,0.8,0.1,0.7,0.1,0.8,1.1,1.6,3.3,6,0.4,0.3,0.3,0,0.1,1.1,0,0,0,3,0,0,0,3,0,0.1,0.1,208.4,0,208.6,50.5,30.5,81.1,305.7
"Methane",2024,"Armagh City, Banbridge and Craigavon",2.1,1.7,0.1,1.9,5.8,0.6,0.7,0.2,1.5,0.2,0.5,0.1,0.7,1.6,0.8,5.6,8,0.7,0.2,0.6,0,0.1,1.6,0.1,0,0,21.7,0,0,0.1,21.8,0.1,0,0.5,605.5,0,606,36.3,51.1,87.4,732.9
"Methane",2024,"Belfast",2,1.3,0,1.1,4.3,1.8,2.1,0.5,4.4,0.7,2.3,0.3,3.3,2.3,6.6,4.6,13.5,0.6,0.2,0.3,0,0.1,1.2,0,0,0,0.3,0,0,0,0.3,0,0.1,0,15.4,0,15.5,7.2,81.6,88.8,131.2
"Methane",2024,"Causeway Coast and Glens",0.7,0.1,0,0.6,1.4,0.4,0.6,0.1,1.2,0.1,0.2,0.1,0.4,1.1,0.4,3.9,5.4,0.4,0,0.6,0,0.1,1.1,0.2,0,0,101.9,0,0,0.3,102.4,0,0,0.3,505.5,0,505.9,37.7,7.8,45.5,663.3
"Methane",2024,"Derry City and Strabane",1.5,1.1,0.3,1,4,0.6,0.4,0.1,1.1,0.2,0.6,0.1,0.9,1,0.9,3.8,5.8,0.3,0,0.4,0,0.1,0.8,0.1,0,0,72.8,0,0,0.2,73.1,0,0.1,0.2,306.2,0,306.5,34.8,9.4,44.2,436.3
"Methane",2024,"Fermanagh and Omagh",1.1,0,0,2.8,3.9,0.5,0,0.1,0.6,0.2,0,0.1,0.2,0.8,0.1,3.1,4,0.4,0,0.7,0,0.1,1.1,0.4,0,0,144.7,0,0,0.6,145.7,0,0,0.5,679.9,0,680.4,51.6,8.2,59.7,895.7
"Methane",2024,"Lisburn and Castlereagh",0.9,0.6,0,0.6,2.1,0.4,0.5,0.1,1.1,0.2,1.1,0.1,1.3,1.1,1.8,3.4,6.2,0.4,0.2,0.3,0,0.1,0.9,0,0,0,0.6,0,0,0,0.7,0,0,0.1,182,0,182.1,81.9,99.2,181.1,375.5
"Methane",2024,"Mid and East Antrim",0.9,0.4,0,0.7,2,0.4,0.6,0.1,1.1,0.1,0.5,0.1,0.7,1,1.2,3.5,5.7,0.4,0,0.4,0,0.1,0.9,0.1,0,0,41.8,0,0,0.1,41.9,0,0,0.2,334.4,0,334.7,90.7,9.6,100.3,487.2
"Methane",2024,"Mid Ulster",2,0.1,6.8,3.9,12.7,0.4,0,0.2,0.6,0.1,0,0.1,0.2,1.1,0.1,3.7,4.9,0.4,0,0.6,0,0.1,1.1,0.2,0,0,65.1,0,0,0.2,65.5,0,0,0.5,681.4,0,681.9,28.6,16.7,45.2,812.1
"Methane",2024,"Newry, Mourne and Down",1,0.2,0,1.1,2.2,0.5,0.3,0.2,0.9,0.1,0.2,0.1,0.4,1.4,0.4,4.4,6.1,0.7,0,0.5,0,0.1,1.3,0.1,0,0,16.4,0,0,0.2,16.7,0.1,0.1,0.4,501,0,501.6,1.2,10.9,12.1,541.3
"Methane",2024,"Ards and North Down",0.5,0.3,0,0.2,1.1,0.4,0.5,0.1,1,0.1,0.2,0.1,0.4,1.2,2.4,3.9,7.5,0.3,0,0.2,0,0,0.6,0,0,0,2.3,0,0,0,2.3,0,0.1,0.1,167.7,0,167.9,74.1,10.6,84.7,265.5
"Methane",2024,"Northern Ireland",14.1,5.8,7.3,16.7,43.9,6.3,6,1.9,14.2,2,6.3,1,9.3,13.7,16.2,43.2,73.1,5,0.9,4.8,0.1,0.9,11.7,1.2,0,0,470.4,0,0,1.8,473.5,0.3,0.5,2.9,4187.3,0,4191,494.6,335.6,830.2,5646.8
"Nitrous oxide",2005,"Antrim and Newtownabbey",0.57,0.01,0.03,2.12,2.72,0.13,0.02,0.02,0.17,0.05,0.02,0.02,0.09,0.52,0.02,0.86,1.4,1.11,0.63,1.03,0.01,0.1,2.88,0.36,1.38,0.07,0.14,4.92,0,0.02,6.88,0.01,0,0.16,10.91,42.98,54.06,0,5.37,5.37,73.55
"Nitrous oxide",2005,"Armagh City, Banbridge and Craigavon",0.75,0,0.11,2.28,3.14,0.21,0,0.04,0.24,0.07,0,0.03,0.1,0.72,0,1.41,2.13,2.05,0.43,2.22,0.01,0.03,4.73,0.52,5.4,0.14,0.9,6.88,0,0.04,13.88,0.02,0,0.41,30.23,127.81,158.47,0,11.2,11.2,193.9
"Nitrous oxide",2005,"Belfast",1.16,0.06,0.08,5.52,6.82,0.86,0.13,0.04,1.04,0.42,0.13,0.13,0.68,1.28,0.15,1.24,2.66,2.27,0.35,1,0.01,0.21,3.85,0.42,0.1,0.01,0.01,7.64,0,0.01,8.18,0,0,0.01,0.68,2.53,3.23,0,26.92,26.92,53.39
"Nitrous oxide",2005,"Causeway Coast and Glens",0.28,0,0.01,0.88,1.17,0.16,0,0.02,0.18,0.05,0,0.02,0.07,0.51,0,1.09,1.6,1.43,0,2.05,0.01,0.03,3.52,1.06,5.69,0.16,8.56,4.73,0,0.12,20.31,0.01,0,0.36,27.02,134.72,162.12,0,6.23,6.23,195.2
"Nitrous oxide",2005,"Derry City and Strabane",0.58,0,0.59,2.1,3.27,0.21,0,0.02,0.23,0.1,0,0.03,0.13,0.51,0,0.98,1.49,1.19,0,1.44,0,0.04,2.67,0.59,2.17,0.1,6.75,5.06,0,0.06,14.74,0.01,0,0.23,14.04,77.58,91.87,0,6.21,6.21,120.61
"Nitrous oxide",2005,"Fermanagh and Omagh",0.43,0,2.2,0.72,3.35,0.16,0,0.02,0.17,0.06,0,0.03,0.08,0.36,0,0.9,1.26,1.25,0,2.44,0,0.03,3.72,1.89,1.74,0.27,12.63,5.33,0,0.21,22.08,0.01,0,0.53,37.87,188.71,227.13,0,2.86,2.86,260.65
"Nitrous oxide",2005,"Lisburn and Castlereagh",0.32,0.02,0.12,2.46,2.91,0.15,0.02,0.02,0.19,0.07,0.02,0.03,0.12,0.5,0.03,0.88,1.41,1.41,0.49,0.94,0.01,0.02,2.86,0.28,2.27,0.05,0.02,4.63,0,0.02,7.28,0.01,0,0.14,9.07,40.25,49.46,0,7.22,7.22,71.45
"Nitrous oxide",2005,"Mid and East Antrim",0.52,0.03,0.08,0.32,0.94,0.15,0.03,0.02,0.2,0.04,0.04,0.02,0.1,0.53,0.01,0.92,1.47,1.3,0.11,1.36,0.01,0.05,2.83,0.49,2.2,0.11,1.85,4.44,0,0.04,9.13,0.01,0,0.23,18.05,78.57,96.86,0,5.53,5.53,117.07
"Nitrous oxide",2005,"Mid Ulster",0.6,0,1.73,0.66,2.99,0.12,0,0.02,0.14,0.03,0,0.02,0.05,0.46,0,0.98,1.45,1.46,0.08,2.1,0,0.02,3.67,0.85,3.57,0.19,4.09,4.81,0,0.09,13.6,0.01,0,0.49,38.58,156.71,195.8,0,4.99,4.99,222.68
"Nitrous oxide",2005,"Newry, Mourne and Down",0.41,0,0,1.28,1.69,0.15,0,0.02,0.17,0.04,0,0.03,0.07,0.61,0,1.22,1.83,2.15,0,1.85,0,0.04,4.05,0.86,8.02,0.16,0.95,5.22,0,0.06,15.28,0.02,0,0.36,25.71,106.24,132.33,0,7.31,7.31,162.73
"Nitrous oxide",2005,"Ards and North Down",0.22,0.02,0,0.41,0.65,0.16,0.03,0.01,0.2,0.04,0.01,0.02,0.08,0.6,0.04,1.02,1.66,1.28,0,0.81,0.01,0.02,2.11,0.34,5.32,0.02,0.13,4.35,0,0.01,10.18,0.01,0,0.12,6.94,35.59,42.67,0,10,10,67.55
"Nitrous oxide",2005,"Northern Ireland",5.85,0.13,4.94,18.74,29.66,2.45,0.23,0.26,2.94,0.96,0.21,0.39,1.56,6.6,0.25,11.5,18.34,16.91,2.09,17.24,0.07,0.58,36.89,7.67,37.86,1.27,36.05,58.03,0,0.68,141.56,0.12,0.01,3.06,219.1,991.7,1213.98,0,93.84,93.84,1538.77
"Nitrous oxide",2006,"Antrim and Newtownabbey",0.66,0.01,0.03,2.1,2.8,0.15,0.02,0.02,0.19,0.06,0.02,0.02,0.09,0.57,0.02,0.86,1.45,1.03,0.59,0.98,0.01,0.11,2.72,0.34,1.36,0.06,0.14,4.89,0,0.01,6.8,0.01,0,0.16,10.58,41.71,52.45,0,5.43,5.43,71.93
"Nitrous oxide",2006,"Armagh City, Banbridge and Craigavon",0.88,0.01,0.12,2.26,3.26,0.24,0,0.04,0.28,0.08,0,0.03,0.11,0.79,0,1.41,2.2,1.91,0.4,2.11,0.01,0.03,4.46,0.5,5.28,0.13,0.9,6.82,0,0.01,13.64,0.02,0,0.41,29.85,123.62,153.9,0,11.32,11.32,189.16
"Nitrous oxide",2006,"Belfast",1.35,0.06,0.06,5.44,6.91,1,0.13,0.04,1.18,0.49,0.12,0.11,0.73,1.4,0.14,1.24,2.78,2.15,0.33,0.97,0.01,0.29,3.75,0.41,0.1,0.01,0.01,7.62,0,0,8.16,0,0,0.01,0.68,2.47,3.17,0,27.28,27.28,53.96
"Nitrous oxide",2006,"Causeway Coast and Glens",0.33,0,0.01,0.88,1.22,0.19,0,0.02,0.21,0.06,0,0.02,0.08,0.56,0,1.09,1.64,1.32,0,1.94,0.01,0.03,3.31,1.05,5.65,0.15,8.58,4.74,0,0.02,20.19,0.01,0,0.36,25.26,129.69,155.32,0,6.29,6.29,188.25
"Nitrous oxide",2006,"Derry City and Strabane",0.68,0,0.65,2.08,3.41,0.24,0,0.02,0.26,0.11,0,0.03,0.14,0.56,0,0.98,1.54,1.11,0,1.37,0,0.05,2.54,0.59,2.14,0.1,6.76,5.09,0,0.01,14.7,0.01,0,0.23,13.59,74.54,88.37,0,6.27,6.27,117.23
"Nitrous oxide",2006,"Fermanagh and Omagh",0.51,0,1.72,0.73,2.96,0.18,0,0.02,0.2,0.07,0,0.02,0.09,0.39,0,0.9,1.29,1.16,0,2.32,0,0.03,3.5,1.93,1.69,0.26,12.65,5.32,0,0.03,21.88,0.01,0,0.53,36.91,181.81,219.27,0,2.92,2.92,252.1
"Nitrous oxide",2006,"Lisburn and Castlereagh",0.37,0.01,0.17,2.43,2.99,0.17,0.01,0.02,0.21,0.08,0.01,0.03,0.12,0.55,0.03,0.88,1.46,1.32,0.46,0.9,0.01,0.02,2.7,0.28,2.2,0.05,0.02,4.59,0,0,7.14,0.01,0,0.14,9.14,40.49,49.77,0,7.31,7.31,71.69
"Nitrous oxide",2006,"Mid and East Antrim",0.61,0.03,0.07,0.36,1.06,0.17,0.03,0.02,0.22,0.05,0.04,0.02,0.1,0.58,0.01,0.92,1.51,1.21,0.11,1.3,0.01,0.06,2.68,0.49,2.17,0.1,1.84,4.41,0,0.01,9.02,0.01,0,0.23,17.49,75.43,93.17,0,5.61,5.61,113.39
"Nitrous oxide",2006,"Mid Ulster",0.7,0,1.58,0.66,2.95,0.14,0,0.03,0.16,0.03,0,0.02,0.05,0.51,0,0.98,1.49,1.35,0.08,1.99,0,0.02,3.44,0.85,3.54,0.18,4.1,4.75,0,0.02,13.44,0.01,0,0.49,38.81,153.51,192.82,0,5.1,5.1,219.46
"Nitrous oxide",2006,"Newry, Mourne and Down",0.48,0,0,1.28,1.76,0.17,0,0.03,0.2,0.05,0,0.02,0.07,0.67,0,1.22,1.88,2,0,1.76,0,0.05,3.8,0.82,7.96,0.15,0.95,5.25,0,0.01,15.16,0.02,0,0.35,25.13,102.12,127.62,0,7.58,7.58,158.08
"Nitrous oxide",2006,"Ards and North Down",0.26,0.01,0,0.42,0.69,0.19,0.03,0.01,0.23,0.05,0.01,0.02,0.08,0.66,0.04,1.02,1.71,1.19,0,0.77,0.01,0.02,1.99,0.32,5.33,0.02,0.13,4.38,0,0,10.17,0.01,0,0.12,6.85,34.9,41.88,0,10.09,10.09,66.85
"Nitrous oxide",2006,"Northern Ireland",6.82,0.13,4.41,18.64,30.01,2.86,0.23,0.26,3.34,1.12,0.21,0.33,1.66,7.22,0.24,11.48,18.95,15.75,1.97,16.4,0.07,0.69,34.88,7.58,37.42,1.21,36.09,57.87,0,0.13,140.3,0.13,0,3.03,214.29,960.3,1177.75,0,95.2,95.2,1502.11
"Nitrous oxide",2007,"Antrim and Newtownabbey",0.69,0.01,0.02,2.1,2.82,0.16,0.02,0.02,0.19,0.06,0.02,0.02,0.09,0.54,0.02,0.79,1.35,0.99,0.58,0.96,0.01,0.11,2.65,0.31,1.39,0.07,0.14,4.98,0,0.02,6.91,0.01,0,0.15,10.79,40.1,51.05,0,6.7,6.7,71.76
"Nitrous oxide",2007,"Armagh City, Banbridge and Craigavon",0.91,0.02,0.08,2.24,3.25,0.25,0,0.03,0.29,0.08,0,0.02,0.11,0.75,0,1.3,2.05,1.84,0.39,2.05,0.01,0.03,4.31,0.46,5.34,0.14,0.9,6.95,0,0.05,13.83,0.03,0,0.4,29.87,121.26,151.55,0,10.17,10.17,185.57
"Nitrous oxide",2007,"Belfast",1.4,0.06,1.2,5.46,8.12,1.04,0.13,0.04,1.21,0.51,0.12,0.09,0.72,1.34,0.13,1.13,2.59,2.07,0.32,0.96,0.01,0.22,3.59,0.35,0.1,0.01,0.01,7.87,0,0,8.34,0,0,0.01,0.69,2.3,3,0,28.22,28.22,55.79
"Nitrous oxide",2007,"Causeway Coast and Glens",0.34,0,0.35,0.86,1.56,0.2,0.01,0.02,0.22,0.06,0,0.02,0.08,0.53,0,0.98,1.51,1.26,0,1.88,0.01,0.03,3.19,1.02,5.72,0.16,8.59,4.85,0,0.11,20.45,0.02,0,0.35,24.86,124.29,149.52,0,6.65,6.65,183.17
"Nitrous oxide",2007,"Derry City and Strabane",0.71,0,0.65,2.1,3.46,0.25,0,0.02,0.27,0.12,0,0.02,0.14,0.53,0,0.91,1.44,1.07,0,1.34,0,0.05,2.46,0.55,2.15,0.1,6.77,5.18,0,0.06,14.81,0.01,0,0.23,13.61,71.85,85.7,0,6.98,6.98,115.26
"Nitrous oxide",2007,"Fermanagh and Omagh",0.53,0,2.05,0.7,3.28,0.19,0,0.01,0.2,0.07,0,0.02,0.09,0.37,0,0.81,1.18,1.11,0,2.25,0,0.03,3.39,1.91,1.68,0.27,12.68,5.48,0,0.2,22.21,0.01,0,0.52,36.42,172.34,209.3,0,3.08,3.08,242.72
"Nitrous oxide",2007,"Lisburn and Castlereagh",0.39,0.01,0.19,2.44,3.04,0.18,0.01,0.02,0.21,0.08,0.01,0.02,0.11,0.53,0.03,0.81,1.36,1.26,0.45,0.87,0.01,0.02,2.61,0.26,2.21,0.05,0.02,4.67,0,0.02,7.23,0.01,0,0.14,9,38.71,47.86,0,7.67,7.67,70.09
"Nitrous oxide",2007,"Mid and East Antrim",0.63,0.03,0.04,0.32,1.02,0.18,0.03,0.02,0.23,0.05,0.04,0.02,0.1,0.55,0.01,0.85,1.41,1.16,0.1,1.26,0.01,0.05,2.58,0.46,2.16,0.11,1.84,4.51,0,0.04,9.12,0.01,0,0.22,16.96,70.98,88.17,0,6.58,6.58,109.21
"Nitrous oxide",2007,"Mid Ulster",0.73,0,1.61,0.63,2.97,0.14,0,0.02,0.17,0.03,0,0.02,0.05,0.48,0,0.9,1.38,1.29,0.07,1.93,0,0.02,3.32,0.81,3.57,0.19,4.1,4.8,0,0.09,13.56,0.01,0,0.46,37.9,146.5,184.88,0,5.77,5.77,212.09
"Nitrous oxide",2007,"Newry, Mourne and Down",0.5,0,0,1.27,1.77,0.18,0,0.02,0.2,0.05,0,0.02,0.07,0.64,0,1.1,1.73,1.9,0,1.71,0,0.03,3.65,0.78,8.11,0.16,0.95,5.25,0,0.06,15.32,0.02,0,0.36,24.38,96.55,121.31,0,8.39,8.39,152.44
"Nitrous oxide",2007,"Ards and North Down",0.27,0.01,0,0.41,0.7,0.19,0.03,0.01,0.23,0.05,0.01,0.02,0.08,0.63,0.03,0.93,1.59,1.14,0,0.76,0.01,0.02,1.92,0.28,5.43,0.02,0.13,4.38,0,0.01,10.25,0.01,0,0.12,6.97,34.63,41.73,0,10.43,10.43,66.94
"Nitrous oxide",2007,"Northern Ireland",7.09,0.14,6.2,18.53,31.97,2.97,0.23,0.23,3.42,1.17,0.2,0.27,1.64,6.89,0.22,10.49,17.61,15.1,1.92,15.98,0.08,0.59,33.66,7.19,37.87,1.27,36.14,58.9,0,0.66,142.04,0.14,0.01,2.97,211.45,919.5,1134.06,0,100.65,100.65,1465.05
"Nitrous oxide",2008,"Antrim and Newtownabbey",0.66,0.01,0,2.04,2.7,0.15,0.02,0.01,0.19,0.05,0.02,0.02,0.09,0.53,0.03,0.8,1.36,0.86,0.51,0.8,0.01,0.12,2.29,0.3,1.38,0.07,0.15,5.07,0,0.01,6.98,0.01,0,0.17,9.99,36.55,46.73,0,7.78,7.78,68.11
"Nitrous oxide",2008,"Armagh City, Banbridge and Craigavon",0.87,0.04,0.09,2.18,3.18,0.24,0.01,0.03,0.28,0.08,0.01,0.02,0.11,0.74,0,1.31,2.05,1.58,0.34,1.68,0.01,0.03,3.65,0.44,5.41,0.14,0.9,7.15,0,0.02,14.07,0.02,0,0.47,29.04,115.41,144.94,0,8.77,8.77,177.05
"Nitrous oxide",2008,"Belfast",1.34,0.06,0.01,5.32,6.73,1,0.13,0.03,1.16,0.49,0.12,0.11,0.72,1.31,0.16,1.13,2.61,1.79,0.28,0.82,0.01,0.19,3.1,0.36,0.1,0.01,0.01,7.99,0,0,8.47,0,0,0.01,0.64,2.06,2.72,0,23.71,23.71,49.22
"Nitrous oxide",2008,"Causeway Coast and Glens",0.33,0,0.26,0.84,1.43,0.19,0.01,0.02,0.22,0.06,0,0.02,0.08,0.52,0,0.98,1.51,1.06,0,1.54,0.01,0.03,2.64,0.99,5.84,0.16,8.6,4.9,0,0.06,20.55,0.01,0,0.42,23.4,116.22,140.06,0,6.84,6.84,173.33
"Nitrous oxide",2008,"Derry City and Strabane",0.68,0.01,0.66,2.01,3.35,0.24,0,0.01,0.26,0.11,0.01,0.02,0.14,0.52,0,0.92,1.44,0.91,0,1.11,0,0.04,2.07,0.54,2.16,0.11,6.77,5.34,0,0.03,14.96,0.01,0,0.27,12.97,66.13,79.38,0,7.48,7.48,109.08
"Nitrous oxide",2008,"Fermanagh and Omagh",0.5,0,1.4,0.68,2.58,0.18,0,0.01,0.19,0.07,0,0.02,0.08,0.37,0,0.81,1.18,0.95,0,1.83,0,0.03,2.81,1.86,1.67,0.28,12.68,5.61,0,0.11,22.22,0.01,0,0.61,35.65,159.66,195.93,0,3.12,3.12,228.13
"Nitrous oxide",2008,"Lisburn and Castlereagh",0.37,0.01,0.26,2.36,3.01,0.17,0.01,0.02,0.2,0.08,0.01,0.03,0.12,0.52,0.04,0.82,1.37,1.07,0.41,0.72,0.01,0.02,2.22,0.26,2.25,0.06,0.02,4.77,0,0.01,7.36,0.01,0,0.17,8.55,36.58,45.31,0,7.84,7.84,67.43
"Nitrous oxide",2008,"Mid and East Antrim",0.6,0.03,0.03,0.31,0.97,0.17,0.03,0.01,0.22,0.05,0.04,0.02,0.1,0.54,0.02,0.85,1.41,0.99,0.09,1.04,0.01,0.04,2.17,0.45,2.19,0.11,1.83,4.61,0,0.02,9.21,0.01,0,0.25,15.98,65.02,81.27,0,7.35,7.35,102.71
"Nitrous oxide",2008,"Mid Ulster",0.7,0,1.42,0.6,2.72,0.14,0,0.02,0.16,0.03,0,0.01,0.05,0.47,0,0.91,1.38,1.1,0.07,1.57,0,0.02,2.76,0.79,3.55,0.2,4.1,4.93,0,0.05,13.61,0.01,0,0.53,37.38,140.21,178.13,0,6.23,6.23,205.04
"Nitrous oxide",2008,"Newry, Mourne and Down",0.47,0,0,1.23,1.7,0.17,0,0.02,0.19,0.05,0,0.02,0.07,0.62,0,1.11,1.74,1.6,0,1.39,0,0.03,3.03,0.77,8.26,0.17,0.95,5.35,0,0.03,15.53,0.02,0,0.42,23.97,90.29,114.71,0,8.89,8.89,145.87
"Nitrous oxide",2008,"Ards and North Down",0.26,0.01,0,0.38,0.66,0.18,0.02,0.01,0.22,0.05,0.01,0.02,0.08,0.62,0.04,0.94,1.6,0.96,0,0.63,0.01,0.02,1.61,0.28,5.6,0.02,0.13,4.4,0,0.01,10.44,0.01,0,0.15,6.64,33.42,40.22,0,10.53,10.53,65.35
"Nitrous oxide",2008,"Northern Ireland",6.77,0.18,4.14,17.94,29.03,2.84,0.25,0.21,3.29,1.11,0.22,0.3,1.64,6.78,0.28,10.59,17.65,12.87,1.71,13.14,0.08,0.57,28.36,7.03,38.42,1.33,36.15,60.12,0,0.36,143.41,0.13,0.01,3.47,204.22,861.56,1069.39,0,98.55,98.55,1391.33
"Nitrous oxide",2009,"Antrim and Newtownabbey",0.55,0.01,0,2.13,2.69,0.13,0.02,0.01,0.16,0.05,0.02,0.01,0.08,0.46,0.03,0.81,1.29,0.86,0.51,0.75,0.01,0.11,2.24,0.26,1.37,0.07,0.15,5.13,0,0.01,6.99,0.01,0,0.17,9.87,36.09,46.14,0,7.58,7.58,67.19
"Nitrous oxide",2009,"Armagh City, Banbridge and Craigavon",0.73,0.05,0.06,2.28,3.12,0.2,0.01,0.03,0.25,0.07,0.01,0.02,0.1,0.64,0,1.33,1.96,1.58,0.34,1.58,0.01,0.02,3.53,0.38,5.4,0.15,0.9,7.22,0,0.01,14.06,0.02,0,0.46,30.24,118.16,148.89,0,10.6,10.6,182.51
"Nitrous oxide",2009,"Belfast",1.12,0.06,2.64,5.6,9.43,0.84,0.13,0.04,1.01,0.41,0.13,0.1,0.64,1.12,0.15,1.14,2.42,1.77,0.28,0.81,0.01,0.21,3.08,0.26,0.1,0.01,0.01,8.15,0,0,8.53,0,0,0.01,0.62,2.04,2.68,0,27.95,27.95,55.73
"Nitrous oxide",2009,"Causeway Coast and Glens",0.27,0,0,0.88,1.16,0.16,0.01,0.02,0.19,0.05,0.01,0.02,0.07,0.46,0,0.99,1.45,1.04,0,1.43,0.01,0.03,2.52,0.89,5.87,0.17,8.6,5,0,0.03,20.57,0.01,0,0.42,23.59,118.55,142.57,0,6.52,6.52,175.05
"Nitrous oxide",2009,"Derry City and Strabane",0.57,0.01,0.6,2.08,3.26,0.2,0,0.01,0.22,0.09,0.01,0.02,0.12,0.45,0,0.93,1.38,0.9,0,1.05,0,0.04,2,0.48,2.16,0.11,6.77,5.48,0,0.02,15.02,0.01,0,0.27,13.18,68.35,81.81,0,7.74,7.74,111.55
"Nitrous oxide",2009,"Fermanagh and Omagh",0.42,0,31.32,0.7,32.45,0.15,0,0.01,0.16,0.06,0,0.02,0.07,0.32,0,0.82,1.14,0.95,0,1.71,0,0.03,2.69,1.74,1.64,0.29,12.68,5.68,0,0.06,22.1,0.01,0,0.61,35.08,163.36,199.05,0,2.9,2.9,260.57
"Nitrous oxide",2009,"Lisburn and Castlereagh",0.31,0.01,0.15,2.47,2.94,0.15,0.01,0.02,0.18,0.06,0.01,0.02,0.1,0.43,0.04,0.82,1.29,1.04,0.41,0.68,0.01,0.01,2.16,0.21,2.29,0.06,0.02,4.85,0,0,7.44,0.01,0,0.17,8.42,35.97,44.56,0,7.82,7.82,66.5
"Nitrous oxide",2009,"Mid and East Antrim",0.5,0.03,0.03,0.29,0.86,0.15,0.04,0.02,0.2,0.04,0.04,0.02,0.1,0.47,0.02,0.86,1.35,0.97,0.09,0.98,0.01,0.04,2.1,0.39,2.19,0.12,1.83,4.69,0,0.01,9.23,0.01,0,0.25,16.08,66.34,82.68,0,7.66,7.66,104.17
"Nitrous oxide",2009,"Mid Ulster",0.59,0,0.97,0.6,2.15,0.12,0,0.02,0.14,0.03,0,0.01,0.04,0.42,0,0.92,1.34,1.09,0.06,1.47,0,0.02,2.64,0.71,3.52,0.2,4.1,4.99,0,0.03,13.55,0.01,0,0.52,37.67,140.56,178.77,0,5.83,5.83,204.45
"Nitrous oxide",2009,"Newry, Mourne and Down",0.4,0,0,1.28,1.67,0.14,0,0.02,0.17,0.04,0,0.02,0.06,0.54,0,1.12,1.66,1.57,0,1.3,0,0.03,2.91,0.66,8.25,0.17,0.95,5.45,0,0.02,15.5,0.02,0,0.43,24.47,93.99,118.91,0,8.31,8.31,149.18
"Nitrous oxide",2009,"Ards and North Down",0.22,0.01,0,0.39,0.62,0.15,0.03,0.01,0.19,0.04,0.01,0.02,0.07,0.52,0.04,0.94,1.5,0.93,0,0.6,0.01,0.02,1.56,0.2,5.66,0.02,0.13,4.49,0,0,10.51,0.01,0,0.15,6.62,33.36,40.14,0,15.29,15.29,69.87
"Nitrous oxide",2009,"Northern Ireland",5.69,0.2,35.79,18.71,60.38,2.38,0.26,0.22,2.86,0.94,0.24,0.27,1.45,5.81,0.27,10.68,16.76,12.7,1.69,12.37,0.08,0.57,27.41,6.18,38.47,1.37,36.15,61.12,0,0.21,143.5,0.11,0.01,3.47,205.83,876.77,1086.2,0,108.2,108.2,1446.75
"Nitrous oxide",2010,"Antrim and Newtownabbey",0.58,0.01,0,2.14,2.73,0.14,0.03,0.01,0.17,0.05,0.03,0.01,0.09,0.45,0.03,0.91,1.4,0.9,0.54,0.72,0.01,0.11,2.27,0.26,1.29,0.07,0.15,5.17,0,0,6.93,0.01,0,0.18,10.65,38.88,49.71,0,7.42,7.42,70.74
"Nitrous oxide",2010,"Armagh City, Banbridge and Craigavon",0.77,0.06,0.06,2.29,3.17,0.21,0.02,0.03,0.25,0.07,0.01,0.02,0.1,0.62,0,1.51,2.14,1.64,0.35,1.51,0.01,0.02,3.53,0.37,5.18,0.14,0.9,7.28,0,0.01,13.89,0.02,0,0.47,29.54,118.85,148.89,0,12.6,12.6,184.57
"Nitrous oxide",2010,"Belfast",1.13,0.07,0.01,5.59,6.79,0.84,0.15,0.03,1.02,0.41,0.14,0.1,0.65,1.09,0.18,1.3,2.57,1.76,0.29,0.76,0.01,0.2,3.03,0.27,0.09,0.01,0.01,8.26,0,0,8.65,0,0,0.01,0.64,2.14,2.8,0,29.91,29.91,55.42
"Nitrous oxide",2010,"Causeway Coast and Glens",0.3,0.01,0,0.88,1.18,0.17,0.02,0.02,0.2,0.05,0.01,0.02,0.08,0.44,0,1.12,1.56,1.07,0,1.37,0.01,0.03,2.49,0.89,5.65,0.16,8.61,5.01,0,0.01,20.34,0.01,0,0.43,24.61,125.24,150.3,0,6.27,6.27,182.42
"Nitrous oxide",2010,"Derry City and Strabane",0.58,0.01,0.69,2.1,3.39,0.21,0,0.01,0.23,0.1,0.01,0.02,0.13,0.43,0,1.06,1.49,0.92,0,1,0,0.04,1.97,0.47,2.07,0.11,6.77,5.53,0,0.01,14.95,0.01,0,0.27,13.79,72.79,86.86,0,8.04,8.04,117.06
"Nitrous oxide",2010,"Fermanagh and Omagh",0.45,0,3.1,0.71,4.25,0.16,0,0.01,0.17,0.06,0,0.02,0.08,0.32,0,0.93,1.24,0.99,0,1.64,0,0.03,2.65,1.72,1.56,0.28,12.68,5.78,0,0.02,22.04,0.01,0,0.62,34.67,169.91,205.2,0,3.53,3.53,239.17
"Nitrous oxide",2010,"Lisburn and Castlereagh",0.31,0.02,0.14,2.48,2.95,0.14,0.02,0.02,0.18,0.06,0.02,0.02,0.1,0.43,0.04,0.94,1.4,1.06,0.44,0.65,0.01,0.01,2.17,0.21,2.2,0.06,0.02,4.9,0,0,7.39,0.01,0,0.17,8.73,37.91,46.81,0,8,8,69.01
"Nitrous oxide",2010,"Mid and East Antrim",0.55,0.03,0.03,0.32,0.94,0.16,0.04,0.01,0.21,0.04,0.04,0.02,0.1,0.45,0.02,0.97,1.44,1,0.09,0.93,0.01,0.04,2.08,0.39,2.1,0.11,1.83,4.71,0,0.01,9.14,0.01,0,0.26,15.94,68.67,84.88,0,8.07,8.07,106.85
"Nitrous oxide",2010,"Mid Ulster",0.62,0,0.97,0.62,2.22,0.12,0,0.02,0.14,0.03,0,0.01,0.04,0.41,0,1.04,1.45,1.13,0.07,1.4,0,0.02,2.62,0.7,3.35,0.19,4.1,5.01,0,0.02,13.36,0.01,0,0.53,38.22,146.16,184.92,0,5.83,5.83,210.59
"Nitrous oxide",2010,"Newry, Mourne and Down",0.41,0,0,1.29,1.7,0.15,0,0.02,0.17,0.04,0,0.02,0.06,0.53,0,1.27,1.79,1.61,0,1.25,0,0.03,2.89,0.66,8.12,0.17,0.94,5.45,0,0.01,15.34,0.02,0,0.45,25.01,100.01,125.49,0,9.19,9.19,156.64
"Nitrous oxide",2010,"Ards and North Down",0.23,0.01,0,0.4,0.64,0.16,0.03,0.01,0.2,0.04,0.01,0.02,0.07,0.51,0.04,1.06,1.61,0.94,0,0.57,0.01,0.02,1.53,0.2,5.61,0.02,0.13,4.48,0,0,10.44,0.01,0,0.16,6.92,35.19,42.28,0,20.36,20.36,77.14
"Nitrous oxide",2010,"Northern Ireland",5.92,0.22,5.01,18.81,29.96,2.46,0.29,0.2,2.95,0.96,0.26,0.28,1.5,5.67,0.32,12.11,18.1,13.01,1.78,11.81,0.08,0.56,27.24,6.14,37.21,1.31,36.14,61.57,0,0.1,142.48,0.12,0.01,3.55,208.73,915.74,1128.16,0,119.22,119.22,1469.61
"Nitrous oxide",2011,"Antrim and Newtownabbey",0.58,0.01,0,2.12,2.71,0.13,0.03,0.01,0.17,0.05,0.03,0.01,0.09,0.45,0.03,0.78,1.26,0.94,0.57,0.67,0.01,0.1,2.3,0.26,1.31,0.08,0.15,4.99,0,0.04,6.82,0.01,0,0.15,10.24,38.11,48.5,0,4.2,4.2,66.04
"Nitrous oxide",2011,"Armagh City, Banbridge and Craigavon",0.79,0.07,0.06,2.28,3.19,0.22,0.02,0.02,0.26,0.07,0.01,0.02,0.1,0.62,0,1.28,1.91,1.7,0.36,1.42,0.01,0.02,3.52,0.37,5.29,0.15,0.9,6.98,0,0.09,13.79,0.02,0,0.4,29,117.7,147.13,0,7.95,7.95,177.85
"Nitrous oxide",2011,"Belfast",1.14,0.06,0.01,5.57,6.78,0.85,0.14,0.03,1.02,0.42,0.13,0.09,0.64,1.1,0.18,1.11,2.4,1.77,0.3,0.72,0.01,0.22,3.03,0.27,0.09,0.01,0.01,8.04,0,0.01,8.43,0,0,0.01,0.62,2.13,2.76,0,27.1,27.1,52.16
"Nitrous oxide",2011,"Causeway Coast and Glens",0.29,0.01,0,0.88,1.18,0.17,0.02,0.01,0.2,0.05,0.01,0.02,0.08,0.44,0,0.95,1.4,1.1,0,1.29,0.01,0.03,2.43,0.87,5.82,0.18,8.6,4.85,0,0.2,20.51,0.01,0,0.37,24.31,124.26,148.95,0,6.6,6.6,181.35
"Nitrous oxide",2011,"Derry City and Strabane",0.49,0.02,0.71,2.07,3.29,0.18,0,0.01,0.19,0.08,0.01,0.02,0.12,0.42,0.01,0.91,1.33,0.95,0,0.94,0,0.04,1.92,0.46,2.14,0.11,6.76,5.33,0,0.12,14.92,0.01,0,0.23,13.54,71.16,84.94,0,7.73,7.73,114.45
"Nitrous oxide",2011,"Fermanagh and Omagh",0.44,0,2.12,0.71,3.27,0.16,0,0.01,0.17,0.06,0,0.02,0.08,0.31,0,0.79,1.11,1.03,0,1.53,0,0.02,2.59,1.7,1.59,0.3,12.67,5.56,0,0.35,22.17,0.01,0,0.52,34.36,166.11,201.01,0,3.56,3.56,233.94
"Nitrous oxide",2011,"Lisburn and Castlereagh",0.3,0.02,0.14,2.45,2.9,0.14,0.02,0.01,0.17,0.06,0.02,0.02,0.1,0.42,0.04,0.8,1.27,1.08,0.47,0.61,0.01,0.01,2.18,0.21,2.27,0.06,0.02,4.71,0,0.03,7.32,0.01,0,0.15,8.86,37.14,46.16,0,8.15,8.15,68.24
"Nitrous oxide",2011,"Mid and East Antrim",0.52,0.04,0.03,0.34,0.93,0.15,0.04,0.01,0.2,0.04,0.05,0.02,0.1,0.44,0.02,0.83,1.29,1.02,0.1,0.87,0.01,0.04,2.05,0.37,2.16,0.12,1.82,4.57,0,0.08,9.12,0.01,0,0.22,15.76,67.51,83.5,0,5.92,5.92,103.12
"Nitrous oxide",2011,"Mid Ulster",0.63,0,0.85,0.62,2.1,0.12,0,0.01,0.14,0.03,0,0.01,0.04,0.4,0,0.89,1.29,1.18,0.07,1.31,0,0.02,2.58,0.69,3.45,0.21,4.09,4.81,0,0.17,13.42,0.01,0,0.44,38.48,145.51,184.45,0,5.24,5.24,209.27
"Nitrous oxide",2011,"Newry, Mourne and Down",0.4,0,0,1.28,1.68,0.14,0,0.02,0.16,0.04,0,0.02,0.06,0.53,0,1.08,1.61,1.65,0,1.16,0,0.03,2.85,0.66,8.44,0.18,0.94,5.23,0,0.12,15.57,0.02,0,0.39,24.52,96.95,121.87,0,8.94,8.94,152.74
"Nitrous oxide",2011,"Ards and North Down",0.23,0.01,0,0.39,0.63,0.16,0.03,0.01,0.19,0.04,0.01,0.01,0.07,0.49,0.05,0.92,1.46,0.94,0,0.54,0.01,0.02,1.5,0.21,5.86,0.02,0.13,4.38,0,0.02,10.62,0.01,0,0.15,6.94,35.12,42.22,0,15.22,15.22,71.91
"Nitrous oxide",2011,"Northern Ireland",5.81,0.23,3.93,18.71,28.67,2.42,0.29,0.15,2.87,0.95,0.27,0.26,1.48,5.63,0.34,10.35,16.32,13.37,1.87,11.06,0.08,0.56,26.94,6.07,38.42,1.42,36.11,59.45,0,1.23,142.69,0.12,0.01,3.03,206.64,901.69,1111.48,0,100.63,100.63,1431.07
"Nitrous oxide",2012,"Antrim and Newtownabbey",0.65,0.01,0,2,2.67,0.15,0.03,0.01,0.19,0.05,0.03,0.01,0.1,0.58,0.04,1.13,1.74,0.98,0.59,0.66,0.01,0.11,2.35,0.26,1.23,0.07,0.15,5.07,0,0.21,6.98,0.01,0,0.18,10.33,37.72,48.23,0,4.33,4.33,66.59
"Nitrous oxide",2012,"Armagh City, Banbridge and Craigavon",0.9,0.07,0.03,2.14,3.14,0.25,0.02,0.02,0.28,0.08,0.01,0.02,0.11,0.85,0,1.8,2.66,1.76,0.37,1.39,0.01,0.02,3.55,0.37,5.1,0.15,0.9,7.04,0,0.45,14.02,0.02,0,0.48,29.97,118.65,149.13,0,7.38,7.38,180.27
"Nitrous oxide",2012,"Belfast",1.31,0.07,0.02,5.24,6.63,0.98,0.14,0.02,1.14,0.48,0.13,0.08,0.7,1.43,0.2,1.94,3.57,1.76,0.31,0.71,0.01,0.23,3.02,0.27,0.08,0.01,0.01,7.97,0,0.06,8.41,0,0,0.01,0.6,2.05,2.67,0,27.09,27.09,53.24
"Nitrous oxide",2012,"Causeway Coast and Glens",0.33,0.01,0,0.83,1.16,0.19,0.02,0.01,0.22,0.06,0.01,0.02,0.08,0.61,0,1.3,1.92,1.13,0,1.26,0.01,0.03,2.43,0.87,5.67,0.17,8.59,4.94,0,1.43,21.66,0.01,0,0.44,24.45,123.75,148.66,0,6.53,6.53,182.67
"Nitrous oxide",2012,"Derry City and Strabane",0.65,0.02,0.55,1.97,3.19,0.23,0.01,0.01,0.25,0.11,0.02,0.02,0.15,0.57,0.01,1.29,1.87,0.96,0,0.92,0,0.04,1.92,0.45,2.05,0.11,6.75,5.38,0,0.76,15.5,0.01,0,0.28,13.94,71.15,85.39,0,7.52,7.52,115.78
"Nitrous oxide",2012,"Fermanagh and Omagh",0.54,0,0.34,0.67,1.54,0.19,0,0.01,0.2,0.07,0,0.02,0.09,0.45,0,1.07,1.52,1.07,0,1.5,0,0.02,2.59,1.69,1.48,0.29,12.66,5.66,0,2.64,24.42,0.01,0,0.62,35.76,167.88,204.28,0,3.44,3.44,238.09
"Nitrous oxide",2012,"Lisburn and Castlereagh",0.35,0.01,0.21,2.32,2.89,0.16,0.01,0.01,0.19,0.07,0.01,0.02,0.1,0.56,0.04,1.14,1.74,1.09,0.5,0.6,0.01,0.01,2.21,0.21,2.19,0.06,0.02,4.75,0,0.17,7.4,0.01,0,0.18,9.01,37.1,46.3,0,8.12,8.12,68.95
"Nitrous oxide",2012,"Mid and East Antrim",0.56,0.03,0.03,0.3,0.93,0.16,0.04,0.01,0.21,0.04,0.04,0.01,0.1,0.59,0.02,1.17,1.79,1.05,0.1,0.86,0.01,0.03,2.05,0.37,2.07,0.11,1.82,4.57,0,0.45,9.4,0.01,0,0.26,16.39,68.51,85.16,0,5.8,5.8,105.43
"Nitrous oxide",2012,"Mid Ulster",0.74,0,0.87,0.59,2.2,0.15,0,0.01,0.16,0.03,0,0.01,0.05,0.56,0,1.24,1.8,1.23,0.07,1.29,0,0.02,2.6,0.68,3.31,0.2,4.09,4.89,0,1.02,14.19,0.01,0,0.52,39.01,144.87,184.42,0,4.91,4.91,210.33
"Nitrous oxide",2012,"Newry, Mourne and Down",0.47,0,0,1.2,1.67,0.17,0.01,0.01,0.19,0.05,0,0.02,0.07,0.7,0,1.52,2.22,1.69,0,1.14,0,0.03,2.87,0.65,8.24,0.17,0.94,5.24,0,0.72,15.96,0.02,0,0.47,25.47,98.38,124.34,0,8.67,8.67,155.98
"Nitrous oxide",2012,"Ards and North Down",0.27,0.02,0,0.37,0.66,0.19,0.04,0.01,0.24,0.05,0.02,0.01,0.08,0.66,0.06,1.31,2.03,0.94,0,0.53,0.01,0.02,1.5,0.21,5.78,0.02,0.13,4.23,0,0.16,10.53,0.01,0,0.18,6.85,35.18,42.22,0,9.98,9.98,67.24
"Nitrous oxide",2012,"Northern Ireland",6.77,0.24,2.06,17.62,26.69,2.82,0.31,0.13,3.26,1.1,0.28,0.25,1.63,7.56,0.38,14.92,22.86,13.65,1.95,10.85,0.07,0.55,27.08,6.04,37.19,1.35,36.07,59.73,0,8.08,148.46,0.13,0.01,3.63,211.78,905.24,1120.79,0,93.77,93.77,1444.55
"Nitrous oxide",2013,"Antrim and Newtownabbey",0.66,0.01,0,2.17,2.85,0.15,0.03,0.01,0.2,0.06,0.03,0.01,0.1,0.57,0.04,1.23,1.83,1.02,0.61,0.64,0.01,0.11,2.39,0.25,1.21,0.07,0.15,4.86,0,0.01,6.56,0.01,0,0.17,10.01,39.61,49.8,0,7.52,7.52,71.25
"Nitrous oxide",2013,"Armagh City, Banbridge and Craigavon",0.96,0.07,0.03,2.33,3.38,0.26,0.02,0.02,0.3,0.09,0.01,0.02,0.12,0.84,0.01,1.96,2.81,1.81,0.38,1.35,0.01,0.02,3.58,0.37,5,0.15,0.9,6.75,0,0.03,13.2,0.03,0,0.48,29.83,126.67,157,0,7.29,7.29,187.69
"Nitrous oxide",2013,"Belfast",1.33,0.07,0.02,5.7,7.13,0.99,0.16,0.03,1.18,0.49,0.15,0.09,0.73,1.4,0.23,2.11,3.75,1.74,0.32,0.69,0.01,0.25,3.02,0.27,0.08,0.01,0.01,7.75,0,0,8.14,0,0,0.01,0.63,2.38,3.03,0,28.47,28.47,55.43
"Nitrous oxide",2013,"Causeway Coast and Glens",0.34,0.01,0,0.89,1.24,0.19,0.02,0.01,0.23,0.06,0.01,0.02,0.09,0.61,0,1.4,2.01,1.15,0,1.23,0.01,0.03,2.42,0.87,5.58,0.17,8.58,4.76,0,0.05,20.02,0.02,0,0.44,24.53,131.27,156.26,0,6.6,6.6,188.87
"Nitrous oxide",2013,"Derry City and Strabane",0.68,0.02,0.64,2.11,3.45,0.24,0.01,0.01,0.26,0.11,0.02,0.02,0.15,0.57,0.01,1.39,1.97,0.97,0,0.89,0,0.04,1.91,0.45,2.04,0.11,6.75,5.2,0,0.03,14.58,0.01,0,0.28,14.06,77.87,92.22,0,7.53,7.53,122.07
"Nitrous oxide",2013,"Fermanagh and Omagh",0.55,0,0.25,0.71,1.51,0.2,0,0.01,0.21,0.07,0,0.02,0.09,0.45,0,1.15,1.6,1.1,0,1.47,0,0.02,2.59,1.71,1.42,0.29,12.64,5.43,0,0.08,21.58,0.01,0,0.61,35.76,182.22,218.61,0,3.43,3.43,249.62
"Nitrous oxide",2013,"Lisburn and Castlereagh",0.35,0.02,0.07,2.5,2.93,0.17,0.01,0.01,0.19,0.07,0.01,0.02,0.11,0.55,0.04,1.23,1.82,1.1,0.52,0.58,0.01,0.01,2.22,0.21,2.17,0.06,0.02,4.58,0,0.01,7.06,0.01,0,0.18,9.01,39.76,48.96,0,7.99,7.99,71.29
"Nitrous oxide",2013,"Mid and East Antrim",0.59,0.03,0.03,0.31,0.96,0.17,0.03,0.01,0.21,0.05,0.04,0.01,0.1,0.58,0.03,1.26,1.87,1.06,0.1,0.84,0.01,0.03,2.04,0.37,2.06,0.12,1.82,4.43,0,0.02,8.81,0.01,0,0.25,16.17,72.55,88.99,0,5.85,5.85,108.83
"Nitrous oxide",2013,"Mid Ulster",0.8,0,0.89,0.61,2.3,0.16,0,0.01,0.17,0.04,0,0.01,0.05,0.56,0,1.35,1.9,1.27,0.07,1.26,0,0.02,2.61,0.68,3.22,0.2,4.08,4.72,0,0.05,12.96,0.01,0,0.51,38.76,154.45,193.73,0,5.18,5.18,218.9
"Nitrous oxide",2013,"Newry, Mourne and Down",0.48,0,0,1.3,1.79,0.17,0.01,0.01,0.19,0.05,0,0.02,0.07,0.7,0,1.64,2.34,1.71,0,1.12,0,0.03,2.87,0.65,8.27,0.17,0.94,5.07,0,0.03,15.14,0.02,0,0.47,25.25,105.48,131.22,0,8.7,8.7,162.33
"Nitrous oxide",2013,"Ards and North Down",0.27,0.02,0,0.41,0.7,0.19,0.04,0.01,0.24,0.05,0.02,0.01,0.08,0.65,0.07,1.41,2.12,0.94,0,0.52,0.01,0.02,1.48,0.21,5.84,0.02,0.13,4.15,0,0,10.35,0.01,0,0.19,7.06,37.99,45.26,0,7.66,7.66,67.88
"Nitrous oxide",2013,"Northern Ireland",7.01,0.26,1.94,19.03,28.24,2.9,0.33,0.15,3.38,1.13,0.29,0.25,1.68,7.46,0.43,16.13,24.02,13.88,2.01,10.59,0.08,0.58,27.14,6.06,36.91,1.37,36.03,57.7,0,0.33,138.4,0.14,0.01,3.59,211.07,970.26,1185.08,0,96.22,96.22,1504.16
"Nitrous oxide",2014,"Antrim and Newtownabbey",0.58,0.01,0,2.19,2.78,0.14,0.02,0.01,0.17,0.05,0.02,0.02,0.09,0.47,0.05,1.17,1.69,1.08,0.64,0.65,0.01,0.11,2.48,0.26,1.23,0.07,0.15,4.82,0,0,6.53,0.01,0,0.13,10.03,38.48,48.65,0,7.65,7.65,70.05
"Nitrous oxide",2014,"Armagh City, Banbridge and Craigavon",0.84,0.08,0.03,2.41,3.36,0.23,0.02,0.03,0.28,0.08,0.02,0.02,0.11,0.69,0.01,1.88,2.59,1.89,0.4,1.37,0.01,0.02,3.7,0.37,4.99,0.14,0.9,6.61,0,0.01,13.03,0.02,0,0.37,29.92,124.82,155.13,0,7.35,7.35,185.54
"Nitrous oxide",2014,"Belfast",1.15,0.08,0.16,5.57,6.96,0.86,0.18,0.04,1.07,0.42,0.17,0.1,0.69,1.13,0.27,2.03,3.43,1.8,0.34,0.69,0.01,0.28,3.12,0.27,0.09,0.01,0.01,7.61,0,0,7.99,0,0,0.01,0.6,2.36,2.97,0,28.83,28.83,55.07
"Nitrous oxide",2014,"Causeway Coast and Glens",0.3,0.01,0,0.96,1.27,0.17,0.04,0.02,0.22,0.05,0.01,0.02,0.09,0.5,0.01,1.33,1.84,1.2,0,1.24,0.01,0.03,2.49,0.88,5.71,0.16,8.57,4.72,0,0.01,20.06,0.01,0,0.34,23.98,128.12,152.46,0,6.78,6.78,185.21
"Nitrous oxide",2014,"Derry City and Strabane",0.59,0.02,0.57,2.09,3.27,0.21,0.01,0.01,0.23,0.1,0.02,0.02,0.14,0.45,0.01,1.33,1.79,1.01,0,0.9,0,0.04,1.96,0.45,2.05,0.11,6.74,5.15,0,0.01,14.5,0.01,0,0.21,13.55,74.97,88.75,0,7.66,7.66,118.29
"Nitrous oxide",2014,"Fermanagh and Omagh",0.47,0,0.25,0.83,1.55,0.17,0,0.01,0.18,0.06,0,0.02,0.08,0.37,0,1.09,1.46,1.15,0,1.48,0,0.02,2.66,1.74,1.39,0.28,12.63,5.33,0,0.02,21.39,0.01,0,0.47,34.34,171,205.83,0,3.57,3.57,236.73
"Nitrous oxide",2014,"Lisburn and Castlereagh",0.31,0.02,0.04,2.48,2.84,0.14,0.02,0.02,0.18,0.06,0.02,0.03,0.11,0.45,0.05,1.17,1.67,1.14,0.55,0.59,0.01,0.01,2.3,0.22,2.18,0.06,0.02,4.51,0,0,6.98,0.01,0,0.14,8.59,38.93,47.66,0,8.12,8.12,69.87
"Nitrous oxide",2014,"Mid and East Antrim",0.53,0.03,0.03,0.6,1.18,0.15,0.03,0.01,0.2,0.04,0.04,0.02,0.1,0.48,0.03,1.2,1.71,1.11,0.11,0.85,0.01,0.03,2.1,0.37,2.11,0.11,1.81,4.37,0,0.01,8.77,0.01,0,0.2,16.12,69.35,85.68,0,6,6,105.76
"Nitrous oxide",2014,"Mid Ulster",0.73,0,1.04,0.81,2.58,0.14,0,0.02,0.16,0.03,0,0.02,0.05,0.46,0,1.29,1.75,1.33,0.08,1.27,0,0.02,2.69,0.69,3.2,0.2,4.08,4.62,0,0.01,12.79,0.01,0,0.39,38.63,151.15,190.19,0,5.56,5.56,215.77
"Nitrous oxide",2014,"Newry, Mourne and Down",0.42,0,0,1.42,1.85,0.15,0.01,0.02,0.18,0.05,0,0.02,0.07,0.58,0,1.57,2.15,1.79,0,1.13,0,0.04,2.96,0.65,8.41,0.17,0.94,5,0,0.01,15.17,0.02,0,0.37,24.63,100.21,125.23,0,8.88,8.88,156.49
"Nitrous oxide",2014,"Ards and North Down",0.23,0.02,0,0.43,0.69,0.16,0.04,0.01,0.21,0.04,0.02,0.02,0.08,0.54,0.08,1.33,1.95,0.97,0,0.52,0.01,0.02,1.52,0.21,6,0.02,0.13,4.13,0,0,10.49,0.01,0,0.15,7.17,37.98,45.31,0,7.3,7.3,67.54
"Nitrous oxide",2014,"Northern Ireland",6.16,0.29,2.11,19.77,28.33,2.53,0.37,0.2,3.1,0.99,0.32,0.3,1.61,6.12,0.51,15.4,22.03,14.48,2.12,10.69,0.08,0.62,27.98,6.09,37.35,1.31,36,56.86,0,0.09,137.7,0.12,0.02,2.78,207.57,937.38,1147.87,0,97.7,97.7,1466.32
"Nitrous oxide",2015,"Antrim and Newtownabbey",0.55,0.01,0,2.28,2.85,0.13,0.03,0.01,0.17,0.05,0.03,0.01,0.08,0.43,0.05,1.2,1.68,1.1,0.65,0.63,0.01,0.11,2.51,0.26,1.22,0.07,0.15,4.88,0,0,6.59,0.01,0,0.18,10.17,37.85,48.2,0,7.74,7.74,69.83
"Nitrous oxide",2015,"Armagh City, Banbridge and Craigavon",0.82,0.09,0.02,2.52,3.46,0.23,0.02,0.02,0.27,0.07,0.02,0.01,0.1,0.62,0.01,1.93,2.57,1.92,0.41,1.34,0.01,0.02,3.71,0.38,4.89,0.15,0.9,6.69,0,0,13.02,0.02,0,0.5,30.95,126.08,157.56,0,7.54,7.54,188.22
"Nitrous oxide",2015,"Belfast",1.01,0.05,0.14,5.77,6.98,0.76,0.12,0.04,0.92,0.37,0.11,0.06,0.54,1,0.29,2.06,3.35,1.79,0.34,0.66,0.01,0.27,3.08,0.28,0.08,0.01,0.01,7.67,0,0,8.06,0,0,0.01,0.6,2.29,2.9,0,22.77,22.77,48.6
"Nitrous oxide",2015,"Causeway Coast and Glens",0.3,0.01,0,1,1.31,0.17,0.03,0.02,0.21,0.05,0.01,0.01,0.08,0.45,0.01,1.35,1.81,1.22,0,1.22,0.01,0.03,2.48,0.89,5.82,0.17,8.57,4.78,0,0,20.23,0.01,0,0.47,24.05,123.36,147.9,0,6.71,6.71,180.73
"Nitrous oxide",2015,"Derry City and Strabane",0.57,0.03,0.6,2.19,3.38,0.2,0.01,0.01,0.22,0.09,0.02,0.01,0.13,0.41,0.02,1.36,1.79,1.03,0,0.88,0,0.04,1.94,0.45,2.06,0.11,6.74,5.15,0,0,14.51,0.01,0,0.29,13.69,73.57,87.56,0,7.68,7.68,117.22
"Nitrous oxide",2015,"Fermanagh and Omagh",0.48,0,0.27,0.88,1.63,0.17,0,0.01,0.18,0.06,0,0.01,0.08,0.33,0,1.1,1.43,1.17,0,1.46,0,0.02,2.65,1.76,1.32,0.3,12.62,5.37,0,0.01,21.37,0.01,0,0.64,35.93,168.48,205.06,0,3.57,3.57,235.97
"Nitrous oxide",2015,"Lisburn and Castlereagh",0.34,0.04,0.07,2.59,3.03,0.16,0.04,0.01,0.21,0.07,0.04,0.01,0.12,0.43,0.06,1.2,1.69,1.15,0.56,0.58,0.01,0.01,2.3,0.22,2.16,0.06,0.02,4.54,0,0,7.01,0.01,0,0.19,8.94,39.01,48.16,0,8.13,8.13,70.65
"Nitrous oxide",2015,"Mid and East Antrim",0.52,0.03,0.03,0.69,1.27,0.15,0.03,0.01,0.19,0.04,0.04,0.01,0.09,0.43,0.04,1.22,1.69,1.12,0.11,0.83,0.01,0.03,2.1,0.37,2.09,0.12,1.81,4.36,0,0,8.75,0.01,0,0.27,16.37,68.17,84.82,0,6,6,104.91
"Nitrous oxide",2015,"Mid Ulster",0.75,0,1.31,0.87,2.92,0.15,0,0.01,0.16,0.03,0,0.01,0.04,0.41,0,1.31,1.72,1.35,0.08,1.25,0,0.02,2.7,0.7,3.15,0.21,4.08,4.65,0,0,12.79,0.01,0,0.53,39.63,151.27,191.44,0,5.66,5.66,217.43
"Nitrous oxide",2015,"Newry, Mourne and Down",0.42,0.01,0,1.47,1.9,0.15,0.01,0.02,0.18,0.05,0,0.01,0.06,0.54,0,1.6,2.14,1.82,0,1.11,0,0.04,2.96,0.66,8.54,0.18,0.94,4.96,0,0,15.28,0.02,0.01,0.52,25.61,99.04,125.18,0,8.98,8.98,156.69
"Nitrous oxide",2015,"Ards and North Down",0.24,0.02,0,0.46,0.72,0.17,0.04,0.01,0.22,0.05,0.01,0.01,0.07,0.52,0.09,1.35,1.97,0.98,0,0.5,0.01,0.02,1.51,0.21,6.13,0.02,0.13,4.07,0,0,10.56,0.01,0,0.21,7.14,37.81,45.17,0,7.51,7.51,67.73
"Nitrous oxide",2015,"Northern Ireland",6,0.29,2.45,20.72,29.46,2.44,0.32,0.19,2.95,0.94,0.28,0.17,1.39,5.57,0.58,15.68,21.83,14.66,2.16,10.45,0.08,0.61,27.95,6.19,37.45,1.39,35.98,57.12,0,0.03,138.16,0.12,0.02,3.8,213.09,926.92,1143.96,0,92.28,92.28,1457.98
"Nitrous oxide",2016,"Antrim and Newtownabbey",0.42,0.01,0,2.25,2.68,0.1,0.02,0.01,0.14,0.04,0.02,0.01,0.07,0.32,0.05,1.22,1.58,1.15,0.68,0.65,0.01,0.13,2.63,0.27,1.17,0.07,0.15,4.93,0,0.01,6.59,0,0,0.17,10.33,37.56,48.07,0,7.79,7.79,69.54
"Nitrous oxide",2016,"Armagh City, Banbridge and Craigavon",0.62,0.07,0.02,2.44,3.15,0.17,0.02,0.02,0.21,0.06,0.01,0.01,0.08,0.47,0.02,2,2.48,2.01,0.43,1.39,0.01,0.02,3.86,0.39,4.79,0.15,0.9,6.79,0,0.02,13.03,0.02,0,0.47,32.89,126.75,160.12,0,7.69,7.69,190.61
"Nitrous oxide",2016,"Belfast",0.75,0.04,0.11,5.82,6.73,0.56,0.09,0.05,0.7,0.28,0.09,0.05,0.41,0.73,0.23,2.1,3.06,1.84,0.36,0.68,0.01,0.25,3.13,0.28,0.08,0.01,0.01,7.72,0,0,8.1,0,0,0.01,0.65,2.36,3.02,0,23.06,23.06,48.21
"Nitrous oxide",2016,"Causeway Coast and Glens",0.23,0.01,0,0.93,1.16,0.13,0.02,0.01,0.17,0.04,0.01,0.01,0.06,0.34,0.01,1.38,1.72,1.28,0,1.27,0.01,0.03,2.59,0.91,5.8,0.16,8.56,4.8,0,0.03,20.26,0.01,0,0.46,24.56,123.59,148.61,0,6.73,6.73,181.3
"Nitrous oxide",2016,"Derry City and Strabane",0.43,0.02,0.53,2.16,3.14,0.15,0.01,0.01,0.17,0.07,0.02,0.01,0.1,0.31,0.02,1.38,1.71,1.06,0,0.91,0,0.03,2.01,0.45,2.03,0.11,6.73,5.23,0,0.02,14.57,0.01,0,0.27,14.48,74.15,88.91,0,7.67,7.67,118.29
"Nitrous oxide",2016,"Fermanagh and Omagh",0.37,0,0.28,0.76,1.41,0.13,0,0.01,0.14,0.05,0,0.01,0.06,0.25,0,1.14,1.38,1.23,0,1.52,0,0.02,2.77,1.79,1.24,0.28,12.6,5.46,0,0.05,21.42,0.01,0,0.57,37.05,171.52,209.16,0,3.56,3.56,239.92
"Nitrous oxide",2016,"Lisburn and Castlereagh",0.26,0.03,0.06,2.55,2.89,0.12,0.03,0.01,0.16,0.05,0.03,0.01,0.09,0.32,0.05,1.22,1.59,1.19,0.59,0.6,0.01,0.01,2.39,0.23,2.11,0.06,0.02,4.58,0,0.01,7,0.01,0,0.18,8.91,38,47.1,0,8.21,8.21,69.45
"Nitrous oxide",2016,"Mid and East Antrim",0.36,0.02,0.03,0.45,0.86,0.1,0.02,0.01,0.13,0.03,0.02,0.01,0.06,0.32,0.03,1.24,1.6,1.17,0.12,0.86,0.01,0.03,2.18,0.38,2.06,0.11,1.81,4.35,0,0.01,8.73,0.01,0,0.26,16.95,68.22,85.44,0,5.97,5.97,104.97
"Nitrous oxide",2016,"Mid Ulster",0.58,0,1.31,0.69,2.57,0.11,0,0.01,0.13,0.03,0,0.01,0.03,0.31,0,1.36,1.67,1.42,0.08,1.3,0,0.02,2.81,0.71,3.07,0.2,4.07,4.69,0,0.03,12.77,0.01,0,0.5,40.68,150.92,192.11,0,5.61,5.61,217.7
"Nitrous oxide",2016,"Newry, Mourne and Down",0.32,0.01,0,1.37,1.7,0.12,0.01,0.02,0.14,0.03,0,0.01,0.05,0.4,0,1.65,2.05,1.89,0,1.15,0,0.03,3.08,0.68,8.58,0.17,0.94,4.93,0,0.02,15.31,0.01,0,0.53,26.56,98.89,126,0,8.9,8.9,157.23
"Nitrous oxide",2016,"Ards and North Down",0.18,0.01,0,0.45,0.64,0.12,0.03,0.01,0.16,0.03,0.01,0.01,0.05,0.39,0.08,1.38,1.84,1.01,0,0.52,0.01,0.02,1.56,0.22,6.16,0.01,0.13,4.03,0,0,10.55,0.01,0,0.24,7.17,37.35,44.77,0,7.68,7.68,67.25
"Nitrous oxide",2016,"Northern Ireland",4.52,0.21,2.34,19.86,26.93,1.83,0.24,0.18,2.25,0.7,0.21,0.14,1.06,4.15,0.48,16.07,20.7,15.24,2.25,10.84,0.08,0.59,29.01,6.3,37.08,1.33,35.91,57.51,0,0.19,138.33,0.09,0.01,3.65,220.24,929.32,1153.31,0,92.88,92.88,1464.47
"Nitrous oxide",2017,"Antrim and Newtownabbey",0.39,0.01,0,2.29,2.69,0.09,0.02,0.02,0.13,0.03,0.02,0.01,0.06,0.29,0.04,1.16,1.5,1.18,0.69,0.65,0.01,0.14,2.67,0.28,1.1,0.07,0.15,4.87,0,0.01,6.47,0,0,0.16,10.15,39.28,49.6,0,7.99,7.99,71.11
"Nitrous oxide",2017,"Armagh City, Banbridge and Craigavon",0.56,0.06,0.02,2.48,3.12,0.16,0.02,0.02,0.19,0.05,0.01,0.01,0.07,0.43,0.02,1.92,2.36,2.27,0.44,1.39,0.01,0.02,4.13,0.4,4.61,0.15,0.9,6.69,0,0.01,12.76,0.02,0,0.45,32.86,133.98,167.29,0,8.04,8.04,197.97
"Nitrous oxide",2017,"Belfast",0.68,0.04,0.24,5.95,6.9,0.51,0.08,0.06,0.65,0.25,0.08,0.06,0.38,0.67,0.22,1.97,2.86,1.84,0.36,0.67,0.01,0.22,3.11,0.29,0.08,0.01,0.01,7.79,0,0,8.18,0,0,0.01,0.65,2.56,3.22,0,23.74,23.74,49.05
"Nitrous oxide",2017,"Causeway Coast and Glens",0.21,0.01,0,0.94,1.16,0.12,0.02,0.02,0.16,0.04,0.01,0.01,0.05,0.31,0.01,1.31,1.63,1.3,0,1.27,0.01,0.03,2.61,0.94,5.7,0.16,8.55,4.82,0,0.03,20.2,0.01,0,0.46,24.41,128.83,153.71,0,6.91,6.91,186.43
"Nitrous oxide",2017,"Derry City and Strabane",0.39,0.03,0.46,2.21,3.09,0.14,0.01,0.02,0.16,0.06,0.02,0.01,0.1,0.29,0.02,1.32,1.63,1.08,0,0.91,0,0.03,2.02,0.48,2,0.11,6.72,5.25,0,0.02,14.57,0.01,0,0.26,14.2,77.38,91.84,0,7.94,7.94,121.35
"Nitrous oxide",2017,"Fermanagh and Omagh",0.34,0,0.28,0.76,1.38,0.12,0,0.01,0.14,0.05,0,0.01,0.06,0.23,0,1.09,1.32,1.25,0,1.51,0,0.02,2.79,1.85,1.17,0.28,12.59,5.42,0,0.05,21.36,0.01,0,0.53,37.43,178.95,216.92,0,3.72,3.72,247.69
"Nitrous oxide",2017,"Lisburn and Castlereagh",0.23,0.03,0.84,2.61,3.71,0.11,0.02,0.02,0.15,0.05,0.02,0.01,0.09,0.3,0.05,1.16,1.51,1.2,0.6,0.59,0.01,0.01,2.42,0.23,2.08,0.06,0.02,4.59,0,0,6.99,0,0,0.18,9.01,40.38,49.57,0,8.39,8.39,72.82
"Nitrous oxide",2017,"Mid and East Antrim",0.31,0.02,0.03,0.31,0.67,0.09,0.02,0.01,0.12,0.02,0.02,0.01,0.05,0.29,0.03,1.18,1.51,1.19,0.12,0.85,0.01,0.03,2.2,0.39,2.02,0.11,1.81,4.35,0,0.01,8.69,0.01,0,0.27,17.16,71.76,89.19,0,6.41,6.41,108.85
"Nitrous oxide",2017,"Mid Ulster",0.54,0,1.26,0.68,2.48,0.11,0,0.02,0.12,0.02,0,0.01,0.03,0.29,0,1.3,1.59,1.45,0.08,1.3,0,0.02,2.85,0.72,2.96,0.2,4.06,4.63,0,0.02,12.6,0.01,0,0.49,40.35,156.54,197.38,0,5.89,5.89,222.94
"Nitrous oxide",2017,"Newry, Mourne and Down",0.29,0,0,1.39,1.69,0.1,0.01,0.02,0.13,0.03,0,0.01,0.05,0.37,0.01,1.58,1.95,2.21,0,1.15,0,0.03,3.39,0.69,8.52,0.17,0.94,4.9,0,0.02,15.23,0.01,0,0.56,27,103.43,131.01,0,9.55,9.55,163
"Nitrous oxide",2017,"Ards and North Down",0.16,0.01,0,0.45,0.62,0.11,0.02,0.01,0.15,0.03,0.01,0.01,0.05,0.35,0.08,1.32,1.74,1.02,0,0.52,0.01,0.02,1.56,0.22,6.19,0.01,0.13,4.03,0,0,10.58,0.01,0,0.26,7.22,39.05,46.54,0,8.13,8.13,69.38
"Nitrous oxide",2017,"Northern Ireland",4.11,0.2,3.13,20.07,27.51,1.66,0.22,0.22,2.1,0.64,0.2,0.16,1,3.82,0.48,15.31,19.61,16,2.3,10.8,0.08,0.58,29.76,6.49,36.41,1.31,35.89,57.36,0,0.17,137.63,0.08,0.01,3.62,220.43,972.13,1196.27,0,96.7,96.7,1510.58
"Nitrous oxide",2018,"Antrim and Newtownabbey",0.37,0.01,0,2.24,2.62,0.11,0.03,0.03,0.16,0.03,0.02,0.01,0.06,0.3,0.05,1.19,1.53,1.21,0.71,0.67,0.01,0.15,2.74,0.29,1.08,0.07,0.15,4.73,0,0.02,6.35,0,0,0.13,9.97,39.9,50,0,7.85,7.85,71.32
"Nitrous oxide",2018,"Armagh City, Banbridge and Craigavon",0.55,0.07,0.02,2.64,3.29,0.19,0.02,0.04,0.25,0.06,0.01,0.02,0.08,0.44,0.02,1.98,2.44,2.31,0.45,1.43,0.01,0.03,4.23,0.41,4.46,0.14,0.9,6.46,0,0.05,12.43,0.02,0,0.35,32.57,136.12,169.06,0,7.94,7.94,199.72
"Nitrous oxide",2018,"Belfast",0.57,0.05,0.22,6.05,6.89,0.62,0.1,0.09,0.81,0.26,0.08,0.07,0.41,0.67,0.25,2,2.92,1.85,0.37,0.67,0.01,0.23,3.14,0.29,0.08,0.01,0.01,7.57,0,0,7.96,0,0,0.01,0.65,2.45,3.11,0,32.27,32.27,57.52
"Nitrous oxide",2018,"Causeway Coast and Glens",0.2,0.01,0.79,0.89,1.89,0.14,0.02,0.03,0.19,0.04,0.01,0.01,0.06,0.32,0.01,1.34,1.66,1.31,0,1.32,0.01,0.03,2.68,0.94,5.7,0.16,8.55,4.64,0,0.13,20.11,0.01,0,0.33,24.07,130.08,154.5,0,6.79,6.79,187.88
"Nitrous oxide",2018,"Derry City and Strabane",0.39,0.03,3.37,2.17,5.96,0.17,0.01,0.03,0.21,0.07,0.02,0.02,0.11,0.29,0.02,1.35,1.67,1.09,0,0.94,0,0.04,2.07,0.48,1.99,0.1,6.72,5.08,0,0.07,14.45,0.01,0,0.2,13.69,79.09,92.99,0,7.85,7.85,125.3
"Nitrous oxide",2018,"Fermanagh and Omagh",0.35,0,0.29,0.82,1.45,0.15,0,0.02,0.17,0.05,0,0.01,0.06,0.24,0,1.11,1.35,1.27,0,1.57,0,0.03,2.87,1.85,1.09,0.27,12.58,5.24,0,0.23,21.26,0.01,0,0.42,36.85,183.72,221,0,3.68,3.68,251.84
"Nitrous oxide",2018,"Lisburn and Castlereagh",0.22,0.03,1.26,2.78,4.28,0.13,0.03,0.03,0.19,0.06,0.02,0.02,0.09,0.3,0.06,1.19,1.55,1.21,0.61,0.61,0.01,0.02,2.46,0.23,2.06,0.05,0.02,4.43,0,0.02,6.81,0.01,0,0.13,8.97,40.09,49.2,0,8.38,8.38,72.97
"Nitrous oxide",2018,"Mid and East Antrim",0.28,0.01,0.03,0.27,0.6,0.1,0.02,0.02,0.14,0.03,0.03,0.01,0.06,0.3,0.04,1.2,1.54,1.21,0.12,0.88,0.01,0.03,2.26,0.39,2.03,0.11,1.81,4.23,0,0.05,8.61,0.01,0,0.21,16.74,73.93,90.89,0,6.54,6.54,110.64
"Nitrous oxide",2018,"Mid Ulster",0.54,0,2.14,0.71,3.4,0.13,0,0.03,0.16,0.03,0,0.01,0.04,0.3,0,1.34,1.63,1.47,0.08,1.35,0,0.02,2.93,0.72,2.84,0.19,4.06,4.47,0,0.1,12.38,0.01,0,0.38,40.31,159.94,200.63,0,5.84,5.84,227.01
"Nitrous oxide",2018,"Newry, Mourne and Down",0.29,0.01,0,1.42,1.72,0.12,0.01,0.03,0.16,0.03,0,0.01,0.05,0.38,0.01,1.62,2,2.26,0,1.19,0,0.04,3.49,0.7,8.58,0.16,0.94,4.73,0,0.07,15.17,0.01,0,0.43,26.82,106.28,133.55,0,9.64,9.64,165.79
"Nitrous oxide",2018,"Ards and North Down",0.15,0.01,0,0.47,0.63,0.13,0.03,0.02,0.17,0.03,0.01,0.01,0.05,0.36,0.09,1.34,1.78,1.03,0,0.53,0.01,0.02,1.59,0.22,6.37,0.01,0.13,3.87,0,0.01,10.62,0.01,0,0.2,7.36,39.69,47.26,0,8.17,8.17,70.28
"Nitrous oxide",2018,"Northern Ireland",3.9,0.23,8.12,20.46,32.71,1.99,0.26,0.35,2.61,0.68,0.21,0.19,1.08,3.88,0.55,15.66,20.09,16.25,2.35,11.18,0.07,0.63,30.47,6.5,36.28,1.28,35.87,55.47,0,0.75,136.15,0.1,0.01,2.79,218,991.28,1212.19,0,104.96,104.96,1540.27
"Nitrous oxide",2019,"Antrim and Newtownabbey",0.35,0.01,0,1.95,2.31,0.11,0.02,0.03,0.15,0.03,0.03,0.01,0.07,0.29,0.06,1.21,1.56,1.19,0.69,0.65,0.01,0.17,2.71,0.29,1.05,0.07,0.15,4.59,0,0.02,6.16,0,0,0.14,9.92,37.92,47.99,0,8.04,8.04,68.99
"Nitrous oxide",2019,"Armagh City, Banbridge and Craigavon",0.53,0.07,0.02,2.53,3.15,0.2,0.02,0.03,0.26,0.06,0.02,0.01,0.09,0.44,0.03,2.01,2.48,2.28,0.45,1.39,0.01,0.04,4.17,0.4,4.35,0.14,0.9,6.26,0,0.04,12.09,0.01,0,0.39,32.08,131.04,163.54,0,8.07,8.07,193.84
"Nitrous oxide",2019,"Belfast",0.48,0.05,0.01,5.97,6.51,0.64,0.12,0.09,0.84,0.28,0.09,0.06,0.42,0.66,0.29,2.02,2.96,1.81,0.36,0.65,0.01,0.24,3.07,0.28,0.07,0.01,0.01,7.38,0,0,7.76,0,0,0.01,0.64,2.38,3.03,0,36.16,36.16,60.74
"Nitrous oxide",2019,"Causeway Coast and Glens",0.2,0.01,1.59,0.73,2.53,0.14,0.02,0.02,0.18,0.04,0.01,0.01,0.06,0.31,0.01,1.35,1.68,1.31,0,1.29,0.01,0.04,2.64,0.92,5.69,0.16,8.54,4.48,0,0.08,19.87,0.01,0,0.39,23.89,122.73,147.02,0,6.85,6.85,180.83
"Nitrous oxide",2019,"Derry City and Strabane",0.38,0.03,3.84,2.03,6.28,0.18,0.01,0.02,0.22,0.07,0.02,0.01,0.1,0.29,0.03,1.37,1.69,1.08,0,0.91,0,0.04,2.03,0.47,1.96,0.1,6.72,4.94,0,0.05,14.24,0.01,0,0.23,14.05,74.6,88.88,0,7.89,7.89,121.34
"Nitrous oxide",2019,"Fermanagh and Omagh",0.32,0,0.12,1.23,1.67,0.13,0,0.02,0.15,0.05,0,0.01,0.06,0.23,0,1.13,1.37,1.26,0,1.53,0,0.03,2.82,1.82,0.99,0.28,12.57,5.04,0,0.15,20.85,0.01,0,0.45,36.03,171.15,207.64,0,3.69,3.69,238.25
"Nitrous oxide",2019,"Lisburn and Castlereagh",0.22,0.03,0.87,2.78,3.9,0.12,0.04,0.02,0.18,0.05,0.03,0.01,0.09,0.3,0.07,1.21,1.57,1.2,0.6,0.59,0.01,0.02,2.42,0.23,2.03,0.06,0.02,4.3,0,0.01,6.65,0,0,0.15,8.72,38.17,47.05,0,8.65,8.65,70.52
"Nitrous oxide",2019,"Mid and East Antrim",0.26,0.01,0.03,0.25,0.55,0.1,0.03,0.02,0.15,0.03,0.02,0.01,0.05,0.29,0.04,1.22,1.55,1.19,0.12,0.86,0.01,0.03,2.22,0.38,2.03,0.11,1.8,4.1,0,0.03,8.45,0.01,0,0.23,16.68,69.21,86.12,0,6.61,6.61,105.71
"Nitrous oxide",2019,"Mid Ulster",0.54,0.02,1.29,0.62,2.47,0.14,0,0.02,0.17,0.03,0,0.01,0.04,0.29,0,1.35,1.64,1.46,0.08,1.31,0,0.03,2.88,0.71,2.73,0.2,4.06,4.24,0,0.07,12,0.01,0,0.42,40.53,154.57,195.53,0,5.86,5.86,220.58
"Nitrous oxide",2019,"Newry, Mourne and Down",0.28,0.01,0.8,1.36,2.45,0.13,0.01,0.03,0.16,0.03,0.01,0.01,0.05,0.38,0.01,1.65,2.03,2.22,0,1.16,0,0.04,3.43,0.68,8.64,0.16,0.94,4.55,0,0.05,15.02,0.01,0,0.48,25.64,99.74,125.86,0,9.61,9.61,158.61
"Nitrous oxide",2019,"Ards and North Down",0.13,0.01,0,0.47,0.62,0.13,0.03,0.02,0.18,0.03,0.01,0.01,0.05,0.35,0.1,1.35,1.8,1.01,0,0.51,0.01,0.02,1.56,0.21,6.46,0.01,0.13,3.84,0,0.01,10.67,0.01,0,0.23,7.2,38.39,45.83,0,8.21,8.21,68.91
"Nitrous oxide",2019,"Northern Ireland",3.69,0.24,8.58,19.92,32.43,2.02,0.3,0.32,2.64,0.69,0.24,0.16,1.09,3.83,0.64,15.87,20.34,16,2.3,10.85,0.08,0.71,29.95,6.38,36,1.3,35.84,53.72,0,0.51,133.74,0.07,0.01,3.12,215.39,939.89,1158.48,0,109.64,109.64,1488.32
"Nitrous oxide",2020,"Antrim and Newtownabbey",0.38,0.01,0,2.05,2.44,0.08,0.02,0.03,0.13,0.02,0.02,0.01,0.05,0.32,0.06,1.17,1.55,1.03,0.85,0.69,0.01,0.08,2.66,0.28,1,0.07,0.15,4.73,0,0.02,6.24,0.01,0,0.13,10.13,39.44,49.7,0,8.08,8.08,70.85
"Nitrous oxide",2020,"Armagh City, Banbridge and Craigavon",0.54,0.07,0.02,2.78,3.41,0.16,0.01,0.04,0.22,0.05,0.01,0.02,0.07,0.49,0.03,1.99,2.5,1.98,0.31,1.49,0.01,0.05,3.84,0.39,4.23,0.14,0.89,6.41,0,0.03,12.1,0.03,0,0.35,33.24,132.4,166.01,0,8.13,8.13,196.27
"Nitrous oxide",2020,"Belfast",0.5,0.04,0.14,6.03,6.72,0.51,0.09,0.1,0.69,0.22,0.08,0.07,0.37,0.72,0.26,1.88,2.85,1.44,0.37,0.69,0.01,0.13,2.64,0.28,0.06,0.01,0.01,7.57,0,0,7.93,0,0,0.01,0.62,2.49,3.12,0,42.38,42.38,66.71
"Nitrous oxide",2020,"Causeway Coast and Glens",0.19,0.01,0,0.8,1.01,0.11,0.02,0.03,0.15,0.03,0.01,0.01,0.05,0.34,0.01,1.32,1.67,1.17,0,1.38,0.01,0.04,2.6,0.92,5.81,0.16,8.53,4.59,0,0.09,20.1,0.02,0,0.37,25.3,129.06,154.75,0,6.88,6.88,187.21
"Nitrous oxide",2020,"Derry City and Strabane",0.38,0.03,1,2.13,3.55,0.14,0.01,0.03,0.18,0.05,0.02,0.02,0.09,0.32,0.03,1.34,1.69,0.87,0,0.97,0,0.03,1.88,0.47,1.98,0.1,6.7,5.12,0,0.05,14.42,0.01,0,0.2,14.63,77.8,92.64,0,7.94,7.94,122.38
"Nitrous oxide",2020,"Fermanagh and Omagh",0.31,0,0,1.37,1.68,0.11,0,0.02,0.13,0.04,0,0.01,0.05,0.26,0,1.1,1.36,1.15,0,1.64,0,0.04,2.83,1.82,0.95,0.27,12.55,5.23,0,0.16,20.97,0.03,0,0.38,37.95,181.5,219.86,0,3.71,3.71,250.59
"Nitrous oxide",2020,"Lisburn and Castlereagh",0.21,0.03,0.85,2.92,4.03,0.09,0.02,0.03,0.15,0.04,0.02,0.02,0.08,0.33,0.06,1.16,1.56,1.03,0.46,0.63,0.01,0.03,2.15,0.22,2.05,0.05,0.02,4.4,0,0.01,6.77,0.01,0,0.15,9.28,39.87,49.31,0,8.58,8.58,72.61
"Nitrous oxide",2020,"Mid and East Antrim",0.26,0.01,0.03,0.26,0.56,0.08,0.03,0.02,0.13,0.02,0.02,0.01,0.05,0.32,0.04,1.18,1.55,1.01,0.09,0.92,0.01,0.03,2.06,0.47,2.05,0.11,1.84,4.22,0,0.03,8.73,0.01,0,0.24,17.16,72.22,89.62,0,6.61,6.61,109.32
"Nitrous oxide",2020,"Mid Ulster",0.55,0,1.19,0.72,2.46,0.11,0,0.03,0.14,0.02,0,0.01,0.03,0.33,0,1.33,1.65,1.29,0.06,1.41,0,0.04,2.79,0.7,2.63,0.19,4.05,4.35,0,0.07,11.99,0.02,0,0.36,40.15,156.29,196.83,0,5.91,5.91,221.8
"Nitrous oxide",2020,"Newry, Mourne and Down",0.27,0.01,0,1.43,1.71,0.1,0.01,0.03,0.14,0.03,0.01,0.01,0.05,0.42,0.01,1.61,2.04,1.96,0,1.24,0,0.05,3.25,0.68,8.89,0.16,0.93,4.68,0,0.05,15.38,0.02,0,0.49,26.34,103.02,129.87,0,9.66,9.66,162.1
"Nitrous oxide",2020,"Ards and North Down",0.13,0.01,0,0.49,0.64,0.1,0.02,0.02,0.14,0.03,0.01,0.01,0.04,0.39,0.09,1.3,1.78,0.86,0,0.55,0.01,0.02,1.43,0.2,6.71,0.01,0.13,3.89,0,0.01,10.96,0.01,0,0.25,7.33,38.66,46.25,0,8.25,8.25,69.49
"Nitrous oxide",2020,"Northern Ireland",3.73,0.23,3.25,21,28.2,1.6,0.23,0.38,2.2,0.54,0.2,0.2,0.94,4.23,0.59,15.38,20.21,13.78,2.14,11.6,0.06,0.53,28.12,6.41,36.36,1.28,35.81,55.2,0,0.51,135.58,0.16,0.01,2.93,222.12,972.73,1197.95,0,116.13,116.13,1529.33
"Nitrous oxide",2021,"Antrim and Newtownabbey",0.44,0.01,0,2.18,2.63,0.07,0.01,0.03,0.11,0.02,0.02,0.01,0.05,0.33,0.05,1.09,1.48,1.17,0.93,0.75,0.01,0.08,2.93,0.27,1.01,0.07,0.15,4.74,0,0.03,6.27,0,0,0.14,10.48,39.43,50.06,0,8.12,8.12,71.65
"Nitrous oxide",2021,"Armagh City, Banbridge and Craigavon",0.64,0.06,0.02,3.08,3.8,0.17,0.02,0.04,0.23,0.05,0.02,0.02,0.09,0.49,0.03,1.86,2.38,2.17,0.33,1.58,0.01,0.05,4.15,0.38,4.28,0.14,0.89,6.43,0,0.06,12.18,0.03,0,0.38,33.76,134.1,168.27,0,8.29,8.29,199.38
"Nitrous oxide",2021,"Belfast",0.56,0.03,0.14,6.14,6.87,0.61,0.08,0.1,0.79,0.25,0.07,0.08,0.4,0.72,0.24,1.67,2.63,1.57,0.37,0.77,0.01,0.14,2.87,0.27,0.06,0.01,0.01,7.58,0,0.01,7.95,0,0,0.01,0.9,3.67,4.58,0,34.34,34.34,60.44
"Nitrous oxide",2021,"Causeway Coast and Glens",0.24,0,0,0.96,1.2,0.11,0.03,0.03,0.17,0.03,0.01,0.01,0.05,0.35,0.01,1.25,1.62,1.25,0,1.45,0.01,0.04,2.76,0.9,5.88,0.15,8.52,4.6,0,0.19,20.25,0.02,0,0.36,26.38,130.29,157.04,0,6.91,6.91,190
"Nitrous oxide",2021,"Derry City and Strabane",0.47,0.03,0.46,2.25,3.21,0.15,0.01,0.03,0.2,0.06,0.02,0.02,0.1,0.32,0.03,1.24,1.6,0.97,0,1.04,0,0.04,2.04,0.45,2.01,0.1,6.7,5.12,0,0.1,14.48,0.01,0,0.22,14.5,73.76,88.49,0,7.98,7.98,118.1
"Nitrous oxide",2021,"Fermanagh and Omagh",0.36,0,0.01,1.69,2.07,0.12,0,0.02,0.15,0.04,0,0.02,0.06,0.26,0,1.02,1.28,1.24,0,1.73,0,0.05,3.01,2.11,0.96,0.26,12.55,5.25,0,0.35,21.49,0.03,0,0.41,38.15,181.91,220.49,0,3.8,3.8,252.34
"Nitrous oxide",2021,"Lisburn and Castlereagh",0.27,0.03,2.55,3.08,5.92,0.1,0.02,0.03,0.14,0.04,0.03,0.02,0.09,0.34,0.06,1.09,1.49,1.1,0.48,0.68,0.01,0.03,2.29,0.21,2.08,0.05,0.02,4.41,0,0.02,6.8,0.01,0,0.15,9.1,38.53,47.79,0,8.56,8.56,73.09
"Nitrous oxide",2021,"Mid and East Antrim",0.29,0.01,0.03,0.35,0.68,0.1,0.02,0.02,0.14,0.03,0.02,0.01,0.06,0.33,0.04,1.1,1.47,1.06,0.1,0.98,0.01,0.04,2.19,0.37,2.08,0.11,1.8,4.23,0,0.06,8.65,0.01,0,0.21,17.7,71.96,89.88,0,6.65,6.65,109.71
"Nitrous oxide",2021,"Mid Ulster",0.63,0,1.2,1.01,2.84,0.11,0,0.03,0.14,0.02,0,0.01,0.04,0.33,0,1.25,1.59,1.36,0.06,1.48,0,0.04,2.94,0.69,2.66,0.19,4.04,4.37,0,0.14,12.09,0.02,0,0.4,41.93,158.24,200.59,0,6.07,6.07,226.29
"Nitrous oxide",2021,"Newry, Mourne and Down",0.29,0,0,1.58,1.88,0.13,0.01,0.03,0.17,0.03,0.01,0.02,0.06,0.42,0.01,1.53,1.97,2.12,0,1.31,0,0.06,3.49,0.66,9,0.16,0.93,4.68,0,0.1,15.53,0.02,0,0.39,26.53,101.82,128.75,0,9.95,9.95,161.79
"Nitrous oxide",2021,"Ards and North Down",0.18,0.01,0.01,0.54,0.74,0.1,0.02,0.02,0.14,0.03,0.01,0.01,0.05,0.4,0.09,1.21,1.69,0.92,0,0.59,0.01,0.02,1.54,0.2,6.8,0.01,0.13,3.88,0,0.02,11.03,0.01,0,0.15,7.37,38.21,45.73,0,8.3,8.3,69.22
"Nitrous oxide",2021,"Northern Ireland",4.37,0.18,4.43,22.87,31.85,1.77,0.22,0.39,2.38,0.6,0.2,0.23,1.03,4.29,0.58,14.32,19.19,14.94,2.27,12.36,0.06,0.58,30.2,6.53,36.82,1.24,35.76,55.3,0,1.07,136.72,0.16,0.01,2.8,226.8,971.91,1201.67,0,108.96,108.96,1532.01
"Nitrous oxide",2022,"Antrim and Newtownabbey",0.4,0,0,2.03,2.44,0.06,0.02,0.03,0.1,0.02,0.02,0.01,0.05,0.28,0.06,0.92,1.25,1.12,0.91,0.68,0.01,0.15,2.87,0.27,1.04,0.06,0.15,4.71,0,0.02,6.25,0,0,0.1,10.27,34.95,45.32,0,8.11,8.11,66.39
"Nitrous oxide",2022,"Armagh City, Banbridge and Craigavon",0.58,0.06,0.03,2.99,3.67,0.15,0.02,0.04,0.21,0.05,0.02,0.01,0.08,0.42,0.03,1.55,2.01,2.16,0.38,1.45,0.01,0.06,4.06,0.38,4.37,0.13,0.89,6.39,0,0.04,12.21,0.01,0,0.29,32.75,121.41,154.46,0,8.3,8.3,184.99
"Nitrous oxide",2022,"Belfast",0.52,0.04,0.01,6.03,6.59,0.53,0.09,0.09,0.71,0.23,0.08,0.05,0.36,0.61,0.25,1.38,2.24,1.56,0.4,0.71,0.01,0.17,2.86,0.28,0.06,0.01,0.01,7.53,0,0,7.89,0,0,0.01,0.7,2.77,3.48,0,28.55,28.55,52.68
"Nitrous oxide",2022,"Causeway Coast and Glens",0.23,0,0,0.88,1.11,0.1,0.02,0.02,0.15,0.03,0.01,0.01,0.05,0.3,0.02,1.04,1.35,1.22,0,1.32,0.01,0.05,2.6,0.9,6.01,0.15,8.52,4.58,0,0.13,20.28,0.01,0,0.26,25.16,114,139.43,0,6.91,6.91,171.88
"Nitrous oxide",2022,"Derry City and Strabane",0.42,0.03,0.8,2.14,3.39,0.14,0.02,0.02,0.18,0.05,0.02,0.01,0.09,0.28,0.03,1.02,1.33,0.98,0,0.95,0,0.05,1.98,0.45,2.05,0.1,6.69,5.1,0,0.07,14.46,0,0,0.16,13.99,63.8,77.95,0,7.99,7.99,107.38
"Nitrous oxide",2022,"Fermanagh and Omagh",0.34,0,0,1.6,1.94,0.11,0,0.02,0.13,0.04,0,0.01,0.05,0.22,0,0.85,1.08,1.22,0,1.57,0,0.05,2.84,1.78,0.98,0.25,12.52,5.21,0,0.23,20.98,0.01,0,0.33,37.55,156.02,193.91,0,3.76,3.76,224.69
"Nitrous oxide",2022,"Lisburn and Castlereagh",0.25,0.02,0.04,2.94,3.25,0.09,0.03,0.02,0.14,0.04,0.03,0.01,0.08,0.29,0.07,0.92,1.28,1.1,0.52,0.62,0.01,0.03,2.29,0.21,2.13,0.05,0.02,4.39,0,0.02,6.82,0,0,0.11,9.18,35.11,44.41,0,8.87,8.87,67.14
"Nitrous oxide",2022,"Mid and East Antrim",0.26,0.01,0.03,0.31,0.61,0.09,0.02,0.02,0.13,0.03,0.02,0.01,0.05,0.28,0.05,0.91,1.24,1.08,0.11,0.89,0.01,0.04,2.13,0.91,2.13,0.1,1.78,4.21,0,0.04,9.17,0.01,0,0.16,17.47,63.34,80.96,0,6.74,6.74,101.04
"Nitrous oxide",2022,"Mid Ulster",0.56,0,1.03,1.03,2.62,0.1,0,0.03,0.12,0.02,0,0.01,0.03,0.28,0,1.06,1.35,1.38,0.07,1.35,0,0.04,2.84,0.68,2.72,0.18,4.04,4.34,0,0.09,12.06,0.01,0,0.31,41.07,141.54,182.92,0,6.07,6.07,208
"Nitrous oxide",2022,"Newry, Mourne and Down",0.28,0,0,1.49,1.77,0.11,0.01,0.03,0.15,0.03,0.01,0.01,0.05,0.36,0.01,1.25,1.63,2.14,0,1.19,0,0.06,3.39,0.66,9.19,0.15,0.93,4.66,0,0.06,15.66,0.01,0.01,0.29,25.99,89.32,115.61,0,9.69,9.69,147.95
"Nitrous oxide",2022,"Ards and North Down",0.17,0.01,0.01,0.5,0.69,0.09,0.02,0.02,0.13,0.02,0.01,0.01,0.04,0.34,0.1,1,1.43,0.92,0,0.54,0.01,0.03,1.49,0.2,6.94,0.01,0.13,3.87,0,0.01,11.16,0.01,0,0.12,7.27,35.09,42.49,0,8.27,8.27,65.69
"Nitrous oxide",2022,"Northern Ireland",4,0.18,1.95,21.93,28.06,1.57,0.24,0.34,2.15,0.55,0.21,0.16,0.93,3.65,0.62,11.92,16.19,14.86,2.4,11.28,0.06,0.74,29.34,6.73,37.62,1.19,35.69,54.99,0,0.72,136.95,0.07,0.01,2.13,221.41,857.33,1080.95,0,103.26,103.26,1397.83
"Nitrous oxide",2023,"Antrim and Newtownabbey",0.39,0,0.79,1.9,3.09,0.07,0.01,0.03,0.11,0.02,0.03,0.01,0.05,0.28,0.06,0.84,1.18,1.14,0.92,0.66,0.01,0.18,2.9,0.27,1.08,0.06,0.15,4.91,0,0.01,6.47,0,0,0.12,10.78,37.5,48.41,0,8.31,8.31,70.54
"Nitrous oxide",2023,"Armagh City, Banbridge and Craigavon",0.55,0.07,0.02,2.77,3.41,0.16,0.03,0.03,0.22,0.05,0.02,0.01,0.08,0.42,0.03,1.45,1.9,2.14,0.39,1.4,0.01,0.08,4.01,0.37,4.56,0.13,0.89,6.67,0,0.01,12.63,0.01,0,0.33,32.7,125.61,158.65,0,8.58,8.58,189.48
"Nitrous oxide",2023,"Belfast",0.47,0.04,0.54,5.85,6.9,0.54,0.08,0.08,0.7,0.23,0.09,0.06,0.37,0.61,0.25,1.22,2.08,1.65,0.45,0.69,0.01,0.21,3.02,0.27,0.07,0,0.01,7.79,0,0,8.15,0,0,0.01,0.91,3.64,4.56,0,32.95,32.95,58.73
"Nitrous oxide",2023,"Causeway Coast and Glens",0.21,0.03,0,0.74,0.98,0.1,0.01,0.02,0.14,0.03,0.01,0.01,0.05,0.29,0.02,0.98,1.29,1.15,0,1.28,0.01,0.06,2.49,0.88,6.27,0.14,8.51,4.75,0,0.03,20.59,0.01,0,0.32,25.08,115.98,141.39,0,7.08,7.08,174.01
"Nitrous oxide",2023,"Derry City and Strabane",0.39,0.04,0.16,2.03,2.63,0.14,0.01,0.02,0.18,0.05,0.02,0.01,0.09,0.27,0.03,0.95,1.26,1,0,0.92,0,0.06,1.97,0.45,2.14,0.09,6.69,5.29,0,0.02,14.68,0,0,0.17,13.7,65.3,79.17,0,8.17,8.17,108.14
"Nitrous oxide",2023,"Fermanagh and Omagh",0.31,0,0,1.33,1.64,0.11,0,0.02,0.13,0.04,0,0.01,0.05,0.22,0,0.79,1.01,1.2,0,1.52,0,0.06,2.78,1.75,1.02,0.25,12.51,5.45,0,0.06,21.04,0.01,0,0.31,37.39,162.04,199.75,0,3.89,3.89,230.3
"Nitrous oxide",2023,"Lisburn and Castlereagh",0.24,0.02,4.93,2.8,7.99,0.1,0.03,0.02,0.14,0.04,0.04,0.02,0.1,0.29,0.07,0.84,1.19,1.1,0.54,0.6,0.01,0.05,2.29,0.21,2.22,0.05,0.02,4.55,0,0,7.05,0,0,0.14,8.99,35.21,44.34,0,9.13,9.13,72.23
"Nitrous oxide",2023,"Mid and East Antrim",0.26,0.01,0.03,0.25,0.55,0.09,0.02,0.02,0.13,0.03,0.02,0.01,0.06,0.28,0.04,0.84,1.16,1.08,0.12,0.86,0.01,0.06,2.12,0.36,2.22,0.1,1.78,4.36,0,0.01,8.83,0.01,0,0.19,17.78,66.44,84.42,0,6.93,6.93,104.2
"Nitrous oxide",2023,"Mid Ulster",0.55,0,1.03,0.65,2.24,0.1,0,0.02,0.13,0.02,0,0.01,0.03,0.28,0,0.97,1.25,1.38,0.07,1.3,0,0.06,2.81,0.67,2.84,0.17,4.04,4.54,0,0.03,12.29,0.01,0,0.32,41.51,146.27,188.11,0,6.28,6.28,213.14
"Nitrous oxide",2023,"Newry, Mourne and Down",0.27,0,0,1.37,1.65,0.12,0.01,0.03,0.15,0.03,0.01,0.01,0.05,0.36,0.01,1.17,1.54,2.12,0,1.15,0,0.07,3.34,0.65,9.58,0.15,0.93,4.83,0,0.02,16.15,0.01,0.01,0.35,25.89,93.66,119.92,0,10.07,10.07,152.87
"Nitrous oxide",2023,"Ards and North Down",0.16,0.01,0,0.48,0.65,0.09,0.02,0.02,0.13,0.02,0.01,0.01,0.04,0.33,0.09,0.91,1.34,0.9,0,0.52,0.01,0.03,1.46,0.19,7.24,0.01,0.13,3.92,0,0,11.5,0.01,0,0.14,7.08,34.31,41.54,0,8.48,8.48,65.14
"Nitrous oxide",2023,"Northern Ireland",3.81,0.22,7.52,20.17,31.72,1.62,0.22,0.32,2.16,0.56,0.24,0.17,0.97,3.64,0.62,10.96,15.21,14.85,2.48,10.9,0.06,0.91,29.2,6.09,39.21,1.15,35.68,57.06,0,0.2,139.39,0.07,0.02,2.4,221.81,885.95,1110.25,0,109.87,109.87,1438.77
"Nitrous oxide",2024,"Antrim and Newtownabbey",0.41,0,0.79,2.25,3.45,0.08,0.01,0.03,0.12,0.02,0.02,0.01,0.06,0.3,0.06,0.83,1.19,1.12,0.93,0.64,0.01,0.2,2.91,0.27,1.08,0.06,0.15,4.92,0,0.02,6.5,0,0,0.14,10.58,39.24,49.96,0,8.38,8.38,72.58
"Nitrous oxide",2024,"Armagh City, Banbridge and Craigavon",0.59,0.06,0.02,3.25,3.92,0.17,0.03,0.04,0.24,0.05,0.02,0.02,0.08,0.45,0.03,1.43,1.91,2.07,0.4,1.36,0.01,0.09,3.93,0.37,4.57,0.13,0.89,6.68,0,0.05,12.69,0.02,0,0.41,33.85,129.9,164.19,0,8.61,8.61,195.58
"Nitrous oxide",2024,"Belfast",0.57,0.05,0.01,6.32,6.94,0.52,0.08,0.09,0.69,0.21,0.08,0.05,0.34,0.65,0.24,1.21,2.09,1.61,0.45,0.67,0.01,0.22,2.96,0.27,0.07,0,0.01,7.83,0,0.01,8.19,0,0,0.01,0.85,3.55,4.41,0,33.59,33.59,59.22
"Nitrous oxide",2024,"Causeway Coast and Glens",0.21,0,0,1.02,1.24,0.12,0.02,0.03,0.18,0.03,0.01,0.02,0.06,0.32,0.02,0.95,1.29,1.1,0,1.25,0.01,0.07,2.43,0.88,6.28,0.14,8.51,4.78,0,0.17,20.77,0.01,0,0.38,25.97,122.45,148.81,0,7.15,7.15,181.92
"Nitrous oxide",2024,"Derry City and Strabane",0.42,0.04,0.79,2.17,3.42,0.16,0.01,0.03,0.2,0.06,0.02,0.02,0.1,0.29,0.03,0.94,1.27,0.96,0,0.9,0,0.06,1.92,0.45,2.14,0.09,6.69,5.32,0,0.09,14.78,0.01,0,0.23,14.48,73.02,87.75,0,8.28,8.28,117.72
"Nitrous oxide",2024,"Fermanagh and Omagh",0.31,0,0,2.03,2.34,0.14,0,0.03,0.17,0.04,0,0.02,0.07,0.24,0,0.77,1.01,1.15,0,1.48,0,0.07,2.7,1.76,1.02,0.24,12.51,5.45,0,0.32,21.29,0.01,0,0.46,37.83,172.18,210.49,0,3.93,3.93,242
"Nitrous oxide",2024,"Lisburn and Castlereagh",0.25,0.02,0.03,2.95,3.26,0.12,0.02,0.03,0.16,0.05,0.04,0.01,0.1,0.31,0.06,0.82,1.19,1.06,0.55,0.58,0.01,0.05,2.26,0.21,2.22,0.05,0.02,4.58,0,0.02,7.1,0.01,0,0.16,9.28,38.42,47.87,0,9.14,9.14,71.08
"Nitrous oxide",2024,"Mid and East Antrim",0.26,0.01,0.03,0.45,0.76,0.11,0.02,0.02,0.16,0.03,0.02,0.01,0.06,0.3,0.04,0.83,1.18,1.02,0.12,0.84,0.01,0.06,2.05,0.36,2.22,0.1,1.78,4.39,0,0.05,8.9,0.01,0,0.22,17.51,68.8,86.53,0,7.05,7.05,106.67
"Nitrous oxide",2024,"Mid Ulster",0.56,0,1,1.61,3.17,0.13,0,0.04,0.16,0.02,0,0.02,0.04,0.31,0,0.95,1.26,1.31,0.07,1.27,0,0.06,2.71,0.68,2.84,0.17,4.04,4.54,0,0.12,12.38,0.01,0,0.43,41.25,154.22,195.91,0,7.42,7.42,223.08
"Nitrous oxide",2024,"Newry, Mourne and Down",0.28,0.01,0,1.69,1.97,0.14,0.01,0.04,0.18,0.03,0.01,0.02,0.06,0.39,0.01,1.15,1.55,2.03,0,1.12,0,0.08,3.24,0.65,9.61,0.14,0.93,4.86,0,0.08,16.27,0.02,0,0.41,26.13,98.71,125.27,0,10.1,10.1,158.65
"Nitrous oxide",2024,"Ards and North Down",0.15,0.01,0,0.55,0.72,0.11,0.02,0.03,0.16,0.03,0.01,0.01,0.05,0.36,0.09,0.9,1.34,0.85,0,0.51,0.01,0.03,1.4,0.19,7.26,0.01,0.13,4,0,0.02,11.6,0.01,0,0.16,7.31,35.84,43.32,0,14.23,14.23,72.82
"Nitrous oxide",2024,"Northern Ireland",4.02,0.21,2.68,24.28,31.19,1.8,0.22,0.41,2.42,0.57,0.23,0.22,1.01,3.91,0.59,10.79,15.29,14.3,2.52,10.63,0.06,1,28.52,6.08,39.31,1.13,35.66,57.34,0,0.95,140.48,0.1,0.02,3.01,225.05,936.34,1164.51,0,117.89,117.89,1501.31
"Total GHG",2005,"Antrim and Newtownabbey",145.6,6.4,10.1,49.7,211.7,33.8,17.6,5.5,56.9,12.1,17.4,5.4,34.9,133.7,17.7,209.5,360.9,146.2,103.8,119.9,2.8,10.3,382.9,-10.7,28,-62.7,25.3,58.2,0,0.8,38.9,1.5,0.1,15.9,213.1,47.8,278.5,141.2,18.4,159.6,1524.1
"Total GHG",2005,"Armagh City, Banbridge and Craigavon",193.5,0,44.4,95.7,333.6,53.4,0,11.8,65.3,17.3,0,7.9,25.2,184.6,0,358.3,542.9,261,69.6,265.5,3.3,3.9,603.3,-22.3,112,-162.8,151.7,81.6,0,2.6,162.8,5.4,0,41.5,552.6,142.3,741.7,183.2,34.1,217.3,2692.2
"Total GHG",2005,"Belfast",296.7,57.8,29.6,52.9,436.9,221.2,123.5,12.6,357.3,108.9,116.3,34,259.2,328.3,136.8,285.9,751,244.1,57.3,103.4,4.3,20,429,-0.3,1.9,-7.8,0.6,90.5,0,0.2,85,0.2,1.4,1.4,12.5,2.9,18.3,445.6,63.8,509.4,2846.1
"Total GHG",2005,"Causeway Coast and Glens",72.4,0,3.8,54.9,131.1,41.3,0,7.4,48.8,13.1,0,6.2,19.3,130.9,0,256.4,387.3,182.4,0,250.3,4.5,3.8,441,-106,124.6,-137.4,432.9,56,0,1.3,371.4,3.3,0,35.8,529.3,149.7,718.2,156.9,12.1,169.1,2286.1
"Total GHG",2005,"Derry City and Strabane",149.8,0,137.5,57.4,344.7,53.8,0,5.4,59.3,24.7,0,8.1,32.8,130.3,0,243.6,373.9,143.4,0,169.9,0.8,4.1,318.3,-54.1,45,-80.9,382.3,60.1,0,1.1,353.6,2.5,0,23,309.6,80.9,416.1,141.5,11.5,152.9,2051.5
"Total GHG",2005,"Fermanagh and Omagh",111.4,0,430.8,99.5,641.7,39.8,0,4.9,44.7,14.6,0,6.9,21.5,92.1,0,217.4,309.5,161.1,0,297.8,0,3.6,462.6,-182.6,36.5,-176.5,733.9,63.2,0,5.2,479.7,3,0,53,700.5,200.6,957.1,134.6,8.8,143.4,3060.2
"Total GHG",2005,"Lisburn and Castlereagh",82.5,17.9,42.3,74.1,216.7,38.4,16.8,7.3,62.5,16.8,16.7,8.7,42.3,129.6,25.3,211.7,366.6,168.5,83.1,110.7,2.9,2.4,367.6,-7.4,46.4,-60.2,3.7,54.6,0,0.5,37.6,1.7,1.8,13.4,176.1,45.4,238.4,125.4,43.7,169.1,1500.8
"Total GHG",2005,"Mid and East Antrim",133.4,25.4,27.6,182.9,369.3,38.4,28.2,6,72.5,10.3,33.2,5.9,49.4,135.5,13.1,221.9,370.5,162.1,18.5,162.4,3.2,5.4,351.7,-29.3,49.2,-81.8,139.3,53,0,0.6,131,2.6,0.9,23.1,346.3,86.5,459.5,159.8,12.5,172.3,1976
"Total GHG",2005,"Mid Ulster",154.6,0,466.8,171.8,793.2,30.5,0,8,38.5,7.1,0,5.3,12.4,118.5,0,247.1,365.6,192.9,13.1,257.1,0,3.3,466.4,-64.7,74.5,-160.7,366.7,56.9,0,3.2,276.1,2.5,0,49.2,678,172.2,901.9,131.8,13.9,145.8,2999.8
"Total GHG",2005,"Newry, Mourne and Down",105,0,0,85,190,37.7,0,7.8,45.5,11.4,0,7.2,18.6,156.2,0,303.1,459.2,275.8,0,225.3,0.9,4.8,506.8,-41.5,184.1,-149.2,87,62.3,0,-0.5,142.2,4.1,0,35.7,515.7,121.3,676.9,159.4,15.3,174.7,2213.8
"Total GHG",2005,"Ards and North Down",57.5,15.1,0.1,25.7,98.5,40.8,29.6,3.9,74.3,11.1,11.5,5.6,28.3,154.7,33.4,230.8,418.9,149.9,0,92.2,2.3,2.1,246.6,-7,132.3,-31.2,16,52.8,0,-1.7,161.2,2.8,0.3,12.3,160.3,42,217.7,176.8,15.9,192.6,1438.1
"Total GHG",2005,"Northern Ireland",1502.4,122.5,1193,949.5,3767.3,629.3,215.6,80.6,925.4,247.4,195.1,101.3,543.7,1694.3,226.3,2785.7,4706.3,2087.4,345.3,2054.8,25.1,63.7,4576.2,-525.7,834.5,-1111.2,2339.4,689.4,0,13.3,2239.6,29.6,4.6,304.3,4194,1091.5,5624.1,1956.2,249.9,2206.1,24588.8
"Total GHG",2006,"Antrim and Newtownabbey",165.8,5.9,11,44.7,227.4,38.5,16.2,5.3,60.1,13.8,16,4.7,34.5,143,20.3,212.9,376.2,143.9,102.4,121.7,2.8,10.6,381.5,-11.2,27.8,-62.2,26.3,57.8,0,0.6,39.3,1.7,0.1,15.7,207.9,46,271.4,145,19.8,164.8,1555.1
"Total GHG",2006,"Armagh City, Banbridge and Craigavon",220.5,7,46.7,77.6,351.8,60.9,1.8,11.8,74.4,19.7,1.3,6.9,27.9,197.5,0.1,364.1,561.8,256.6,68.8,270.2,3.3,4.1,602.9,-22.8,110.9,-162.5,152.2,80.7,0,3.2,161.7,6.1,0.2,41.2,564,136.4,747.9,169.1,36.6,205.7,2734
"Total GHG",2006,"Belfast",338.1,58.8,22,48.3,467.2,252.1,125.7,12.3,390,124.1,118.4,29.6,272.1,351.2,134.8,289.8,775.9,237.6,56.6,103.8,4.2,26.7,428.9,-0.4,1.9,-7.2,0.5,90,0,0,84.9,0.2,1.4,1.3,12.5,2.8,18.2,412.2,67.9,480.1,2917.4
"Total GHG",2006,"Causeway Coast and Glens",82.5,0.6,3.6,43.8,130.5,47.1,2,7.5,56.6,14.9,0.7,5.5,21.1,140,0.2,260.4,400.6,179.8,0,255,4.5,4,443.2,-108.4,125.4,-136.9,432.1,56.2,0,1.9,370.2,3.7,0.1,35.5,506.7,143,689,168.5,12.7,181.3,2292.5
"Total GHG",2006,"Derry City and Strabane",170.7,1.1,147,52.9,371.7,61.3,0.3,5.4,67.1,28.1,1,7.1,36.2,139.4,0.3,247.3,387,140.7,0,172.6,0.8,5.5,319.6,-54.9,45,-80.5,381.7,60.3,0,1.3,352.9,2.9,0.1,22.8,301.4,77.5,404.7,165.6,12.2,177.8,2117
"Total GHG",2006,"Fermanagh and Omagh",126.9,0,489.8,80,696.7,45.3,0,5,50.4,16.7,0,6.2,22.8,98.6,0,221,319.5,158.6,0,303.6,0,3.8,466,-185.7,35.7,-177,733.4,62.9,0,2.5,471.7,3.4,0,52.6,683.7,192.1,931.9,125.5,9.6,135.1,3094.1
"Total GHG",2006,"Lisburn and Castlereagh",94,12.9,46.4,62.2,215.5,43.8,12.1,7.2,63.2,19.1,12.1,7.6,38.8,138.7,28.3,214.9,381.9,165.5,82.1,112.5,2.9,2.4,365.4,-7.6,46,-59.4,3.7,54.4,0,0.8,37.8,2,1.3,13.4,178.7,45,240.3,118.6,46.8,165.4,1508.3
"Total GHG",2006,"Mid and East Antrim",151.9,27.3,26.3,157,362.5,43.7,30.3,6,80,11.7,35.7,5.1,52.5,145,12.9,225.3,383.2,159.4,18.3,165.2,3.2,6.7,352.7,-30,49.2,-81.7,139.2,52.2,0,1,129.8,2.9,1,22.9,335.7,82.4,445,153.4,13.9,167.3,1973
"Total GHG",2006,"Mid Ulster",176.2,0,434.9,136.5,747.6,34.7,0,8.3,43,8.1,0,4.6,12.7,126.8,0,251.1,377.9,190.3,13,262.3,0,3.4,468.9,-66,74.3,-160.4,367.2,56.1,0,2.2,273.5,2.9,0,48.6,669.8,167,888.4,133.5,15.8,149.3,2961.3
"Total GHG",2006,"Newry, Mourne and Down",119.6,0.1,0,73.9,193.6,43,0.1,8.8,51.8,13,0,6.3,19.3,167.1,0,308.3,475.4,271.7,0,229.9,0.9,5.5,508,-43.3,185.3,-148.6,86.9,62.4,0,1.1,143.7,4.7,0,35.3,511.9,115.7,667.7,161.6,18.1,179.6,2239.2
"Total GHG",2006,"Ards and North Down",65.6,14.1,0.2,22.3,102.1,46.5,27.5,3.8,77.9,12.7,10.7,4.9,28.3,165.5,36.1,233.9,435.4,147.2,0,93.6,2.3,2.2,245.3,-7.5,134.4,-30.4,16,52.2,0,-0.7,163.9,3.1,0.3,12.1,162.6,40.9,219,167.9,16.6,184.5,1456.5
"Total GHG",2006,"Northern Ireland",1711.8,127.6,1227.9,799.1,3866.5,717,216,81.5,1014.5,281.8,195.9,88.6,566.4,1812.8,233,2829,4874.8,2051.4,341.1,2090.2,24.9,74.8,4582.4,-537.8,835.9,-1107,2339.1,685.2,0,13.8,2229.3,33.7,4.6,301.4,4134.9,1048.9,5523.5,1920.9,270.1,2191,24848.3
"Total GHG",2007,"Antrim and Newtownabbey",180.6,6.4,8.9,46.5,242.4,42,17.8,4.9,64.6,15,17.6,4.5,37.1,143,16.7,190.9,350.6,144.3,102.3,124.3,3.3,11.1,385.4,-11.5,28.3,-61.8,27.3,58.8,-0.1,0.7,41.6,1.9,0.1,14.8,208.6,44.2,269.6,147.1,22.7,169.8,1561.2
"Total GHG",2007,"Armagh City, Banbridge and Craigavon",240.1,17.6,37,75.7,370.5,66.3,4.5,10.7,81.5,21.4,3.4,6.6,31.4,197.6,0.2,326.5,524.2,256.5,68.8,276.5,3.8,4.1,609.7,-23.1,111.4,-162.3,152.6,82.1,-0.4,3.1,163.4,6.7,0.6,40,561.5,133.7,742.4,172.5,36.8,209.3,2732.6
"Total GHG",2007,"Belfast",368.2,59.3,5.3,49.9,482.7,274.5,126.6,11.2,412.4,135.1,119.3,25.2,279.7,351.3,127.2,260.8,739.2,235.2,56.6,105.2,4.9,20.5,422.3,-1.1,1.9,-6.9,0.5,93,0,0.1,87.5,0.2,1.4,1.1,12.5,2.6,17.9,394.2,72.1,466.3,2908
"Total GHG",2007,"Causeway Coast and Glens",89.8,1.6,1.6,40.6,133.7,51.3,5,6.8,63.1,16.2,1.8,5.1,23.1,140,0.2,233,373.3,180.4,0,261.4,5.2,4,451,-107.4,126.8,-136.4,431.2,57.4,-0.5,2.5,373.6,4.1,0.2,34.8,505.2,137.4,681.5,161.2,13.3,174.6,2273.9
"Total GHG",2007,"Derry City and Strabane",185.9,2.8,146.8,54.8,390.3,66.8,0.8,4.9,72.6,30.7,2.4,6.5,39.6,139.4,0.4,222.2,362,140.3,0,176.5,0.9,5,322.8,-54.3,45.4,-80.5,381,61.1,-0.2,1.5,354,3.2,0.1,22.3,305,74.9,405.5,164.5,13.4,177.9,2124.8
"Total GHG",2007,"Fermanagh and Omagh",138.2,0,565.4,73.9,777.5,49.4,0,4.6,54,18.2,0,6,24.2,98.6,0,197.5,296.1,158.9,0,311.1,0,3.8,473.7,-184,35.2,-177.4,732.9,64.8,-0.1,5.1,476.3,3.7,0,51.6,677,181.9,914.2,122.4,10,132.5,3148.5
"Total GHG",2007,"Lisburn and Castlereagh",102.4,12.5,72,62.9,249.7,47.7,11.7,6.6,66.1,20.8,11.7,6.4,38.9,138.7,28.1,192.9,359.6,165.3,82,115.1,3.3,2.4,368.2,-7.8,46.4,-59.2,3.7,55.2,-0.2,0.7,38.9,2.1,1.3,13.7,176.7,43.2,237,112.3,51.1,163.5,1521.8
"Total GHG",2007,"Mid and East Antrim",165.5,26.8,13.2,154.1,359.6,47.6,29.8,5.5,82.9,12.8,35.1,4.6,52.5,145,13.6,202.1,360.6,159.4,18.3,169,3.7,5.2,355.6,-30.1,49.4,-81.6,139,53.4,-0.2,1.1,131,3.2,1,21.7,339.9,77.7,443.5,145.9,15.5,161.4,1947.1
"Total GHG",2007,"Mid Ulster",191.9,0,442.6,130.3,764.8,37.8,0,7.6,45.4,8.8,0,4.6,13.3,126.8,0,224.8,351.6,191,13,268.8,0,3.4,476.2,-65.8,74.2,-160.8,367.5,56.7,-0.2,3.5,275.1,3.1,0,45.6,663.9,159.3,872,128.9,17.2,146.2,2944.5
"Total GHG",2007,"Newry, Mourne and Down",130.3,0.1,0,73,203.4,46.8,0.2,8,55,14.1,0.1,6.1,20.4,167.1,0.1,274.9,442,272.4,0,235.4,1,4.6,513.4,-43.6,187.9,-147.6,86.7,62,-0.7,0.9,145.7,5.1,0.1,35.2,507.5,110.4,658.3,167.4,19.7,187,2225.2
"Total GHG",2007,"Ards and North Down",71.4,14.4,0,22.9,108.7,50.6,28.2,3.5,82.3,13.8,10.9,4.5,29.3,165.5,33.4,210.4,409.3,147,0,95.5,2.7,2.3,247.4,-7.9,136.8,-29.6,16,51.7,-0.5,-0.6,165.9,3.4,0.3,11.9,160.8,41.2,217.7,165,17.2,182.3,1442.8
"Total GHG",2007,"Northern Ireland",1864.4,141.6,1292.8,784.5,4083.3,780.9,224.7,74.2,1079.8,307,202.3,80.3,589.6,1812.9,219.8,2535.9,4568.6,2050.7,341,2138.8,28.8,66.5,4625.8,-536.7,843.7,-1104.1,2338.5,696.1,-3,18.5,2253,36.7,5.2,292.7,4118.5,1006.4,5459.5,1881.6,289.2,2170.7,24830.3
"Total GHG",2008,"Antrim and Newtownabbey",176,7.6,0.7,39,223.2,40.9,21,4.7,66.5,14.7,20.7,3.8,39.2,143.5,25,197.1,365.6,140,99.7,121.5,3.3,11.8,376.3,-11.3,27.9,-62.1,28.3,59.8,0,0.3,42.9,1.9,0.2,17,202.2,40.4,261.6,134,23.2,157.3,1532.6
"Total GHG",2008,"Armagh City, Banbridge and Craigavon",233.9,44.1,35.6,60.3,374,64.6,11.2,10.2,86,20.9,8.4,5.6,34.9,198.1,0.5,335.9,534.5,249,67,270.8,3.8,4.2,594.8,-22.7,110.9,-161.6,153.1,84.3,-0.2,0.2,163.9,6.5,1.6,46.2,557.9,127,739.1,173,33.3,206.3,2733.5
"Total GHG",2008,"Belfast",358.7,60.1,4.5,39,462.3,267.5,128.4,10.8,406.7,131.6,121,25.4,278,352.3,162.7,268.1,783,228.2,55.2,102,4.9,18.5,408.8,-0.9,1.8,-6.9,0.5,94.3,0,-0.2,88.7,0.2,1.4,1.3,12,2.4,17.3,389.5,64.8,454.3,2899.1
"Total GHG",2008,"Causeway Coast and Glens",87.5,4.1,1.4,33.5,126.5,50,12.5,6.5,69,15.8,4.5,4.6,24.9,140.5,0.5,240.3,381.3,175.5,0,256.3,5.2,4.2,441.2,-102.7,127.6,-135.4,430,58,-0.2,-0.5,376.7,4,0.4,40.5,486.7,128.4,660,145,13.4,158.4,2238
"Total GHG",2008,"Derry City and Strabane",181.1,7,143.1,44.2,375.4,65.1,2.1,4.8,71.9,29.9,6.1,5.8,41.7,139.8,0.9,228.9,369.7,136.3,0,172.7,0.9,5,314.8,-51.4,45.3,-80.2,380.2,63.2,-0.1,0.2,357.2,3.1,0.4,25.9,295.6,68.8,393.8,163.7,13.6,177.4,2101.8
"Total GHG",2008,"Fermanagh and Omagh",134.7,0,420.5,62,617.2,48.1,0,4.4,52.5,17.7,0,5.1,22.8,98.9,0,204,302.8,154.2,0,305,0,3.9,463.2,-177.2,34.5,-177.2,732.2,66.2,-0.1,3,481.4,3.6,0,59.5,659.4,169.1,891.6,119.5,9.8,129.3,2960.8
"Total GHG",2008,"Lisburn and Castlereagh",99.7,13.8,18.6,49.3,181.5,46.5,13,6.3,65.8,20.3,13,6.5,39.8,139.1,37.2,199.6,375.8,160.8,79.7,112.6,3.4,2.5,359,-7.6,46.1,-59.2,3.7,56.4,-0.1,-0.3,38.9,2.1,1.4,16.1,176.7,40.7,237,110.4,48.9,159.3,1457.1
"Total GHG",2008,"Mid and East Antrim",161.2,29.5,12.6,127.6,331,46.4,32.8,5.3,84.4,12.4,38.6,4.3,55.4,145.5,15.2,208.8,369.4,154.8,17.8,165.5,3.8,4.9,346.8,-29.2,49.3,-81.6,138.9,54.5,-0.1,-0.2,131.7,3.1,1.1,25,328.6,71.4,429.2,138.4,15.8,154.2,1902.1
"Total GHG",2008,"Mid Ulster",186.9,0,404.3,104.7,695.9,36.9,0,7.2,44.1,8.5,0,3.7,12.3,127.2,0,232.2,359.4,185.7,12.7,263.6,0,3.6,465.5,-63.8,73,-160.6,367.7,58.1,-0.1,1.6,276,3.1,0,52.2,631.3,152.5,839,124.9,17,141.9,2834.1
"Total GHG",2008,"Newry, Mourne and Down",126.9,0.3,0,63.4,190.7,45.6,0.6,7.7,53.9,13.8,0.2,5.1,19.1,167.6,0.2,285.7,453.5,264.9,0,230.9,1,4.6,501.4,-43,189,-146.6,86.6,63.2,-0.3,-1.6,147.3,5,0.3,41.5,499.1,102.6,648.5,184.1,19,203.1,2217.4
"Total GHG",2008,"Ards and North Down",69.6,12.4,0.1,17.1,99.1,49.3,24.3,3.4,77,13.5,9.4,4,26.9,166,39.6,217.9,423.5,143.1,0,93.2,2.7,2.4,241.5,-7.8,138.4,-28.6,16,52.1,-0.2,-2.8,167,3.3,0.3,14.4,160.4,38.8,217.2,148.9,17.1,166,1418.3
"Total GHG",2008,"Northern Ireland",1816.2,178.9,1041.4,640.1,3676.6,760.7,245.8,71.3,1077.8,299,222,74,595,1818.4,281.8,2618.4,4718.6,1992.4,332,2094.1,29.1,65.6,4513.2,-517.5,843.5,-1100.1,2337.3,710.1,-1.4,-0.2,2271.8,35.8,7,339.6,4010,942.1,5334.4,1831.5,275.9,2107.4,24294.8
"Total GHG",2009,"Antrim and Newtownabbey",149.7,7.8,0.7,33.1,191.3,34.8,21.7,4.5,60.9,12.5,21.4,3.1,37,125.6,25.1,197.3,348.1,139.2,98.9,118.9,3.4,11.2,371.6,-11.6,27.9,-61.3,29.4,60.6,0,0.5,45.5,1.6,0.2,16.3,195.8,40.3,254.2,112.6,24.4,137,1445.5
"Total GHG",2009,"Armagh City, Banbridge and Craigavon",199,51.5,22.5,52.9,326,55,13.1,9.7,77.7,17.8,9.9,4.6,32.2,172.6,1.2,337,510.8,247.6,66.3,264.7,3.9,4.1,586.7,-22.8,111.3,-159.1,153.5,85.2,-0.2,2.8,170.7,5.5,1.8,44.3,543,131,725.6,147.4,38.2,185.7,2615.3
"Total GHG",2009,"Belfast",305.2,60.8,5.3,33.1,404.3,227.5,129.9,10.8,368.3,112,122.4,20.8,255.2,304.3,148.7,268.2,721.1,226.6,54.7,100.4,5.1,20.2,407,-1.8,1.8,-6.8,0.5,96.1,0,-0.1,89.9,0.2,1.4,1.3,11.2,2.4,16.5,356.6,73.8,430.4,2692.6
"Total GHG",2009,"Causeway Coast and Glens",74.5,4.8,1,32.1,112.2,42.5,14.6,6.2,63.3,13.4,5.2,3.9,22.6,123.8,1.3,240.7,365.9,174.3,0,250.3,5.4,4,434,-98.4,129.2,-134,428.9,59.1,-0.2,2,386.5,3.4,0.5,39.5,482.4,132.1,657.9,136.5,12.9,149.4,2191.9
"Total GHG",2009,"Derry City and Strabane",154.1,8.1,135,38.5,335.7,55.4,2.4,4.6,62.3,25.4,7.1,4.7,37.2,121.5,2.3,229.4,353.1,135.4,0,168.9,1,4.8,310.1,-49.6,45.7,-79.3,379.6,64.7,-0.1,1.3,362.3,2.6,0.4,25.2,293.8,71.5,393.6,150.2,13.9,164.1,2018.5
"Total GHG",2009,"Fermanagh and Omagh",114.6,0,194.2,56.7,365.5,40.9,0,4.2,45.2,15,0,4.5,19.5,85.9,0,204.4,290.3,153.3,0,297.9,0,3.8,455.1,-171,34,-177,731.6,67,-0.1,3.4,488,3.1,0,57.2,658.7,173.2,892.2,100,9.4,109.4,2665.1
"Total GHG",2009,"Lisburn and Castlereagh",84.9,13.8,18.3,42.6,159.6,39.5,13,6,58.5,17.3,13,5.3,35.5,117.4,34.6,199.6,351.6,159.6,79.1,110.1,3.5,2.5,354.8,-8,46.9,-58.1,3.7,57.3,-0.1,0.4,42.1,1.8,1.4,15.7,166.7,40.6,226.2,93.6,54.9,148.5,1376.8
"Total GHG",2009,"Mid and East Antrim",137.2,31.2,12.4,112.5,293.2,39.4,34.7,5.1,79.2,10.6,40.8,3.5,54.9,127.8,15,208.9,351.7,153.9,17.6,161.8,3.9,5.1,342.3,-28.4,49.7,-81,138.8,55.3,-0.1,0.9,135.1,2.6,1.2,24,324.4,73.3,425.5,123,16.2,139.2,1821.1
"Total GHG",2009,"Mid Ulster",159,0,270,93.6,522.7,31.4,0,6.8,38.1,7.3,0,3.1,10.4,113.5,0,232.6,346.1,184.5,12.5,257.4,0,3.4,457.9,-62.5,72.9,-159.1,367.9,58.9,-0.1,2.7,280.8,2.6,0,49.6,632.9,153.8,838.9,107.4,16.4,123.8,2618.7
"Total GHG",2009,"Newry, Mourne and Down",108,0.4,0,52,160.3,38.8,0.7,7.4,46.9,11.7,0.2,4.2,16.2,145.8,0.4,285.7,431.8,263.3,0,225.5,1,4.6,494.4,-42.7,191.4,-144.4,86.4,64.4,-0.3,1.2,155.9,4.2,0.3,40.8,495,108.3,648.6,154.3,18.1,172.4,2126.6
"Total GHG",2009,"Ards and North Down",59.2,12.5,0,14.7,86.4,42,24.5,3.3,69.7,11.5,9.5,3.3,24.3,140.7,35.3,217.4,393.4,142,0,91.3,2.8,2.3,238.5,-8.4,141.5,-27.4,15.9,53,-0.3,-0.9,173.5,2.8,0.3,14.5,153.3,40.2,211.2,121.3,23.4,144.7,1341.6
"Total GHG",2009,"Northern Ireland",1545.2,190.9,659.3,561.8,2957.2,647.2,254.5,68.4,970.1,254.4,229.5,60.9,544.8,1578.8,263.8,2621.3,4463.9,1979.8,329.2,2047.3,30,66.1,4452.3,-505,852.4,-1087.7,2336.4,721.7,-1.5,14.2,2330.4,30.4,7.5,328.5,3957.2,966.6,5290.3,1602.9,301.6,1904.5,22913.5
"Total GHG",2010,"Antrim and Newtownabbey",157.6,9.6,0.7,41.3,209.2,36.6,26.6,4.2,67.4,13.1,26.3,3,42.4,122.6,30.2,228.4,381.1,140.1,99,113.5,3.4,10.8,366.8,-11.4,27,-61,25.8,61.2,0,0.9,42.5,1.7,0.2,16.2,207.5,42.9,268.5,87.1,26,113.1,1491.1
"Total GHG",2010,"Armagh City, Banbridge and Craigavon",206.8,60.9,22,63.6,353.3,57.1,15.5,9.3,81.9,18.5,11.7,4.5,34.6,168.4,2.1,390.5,561.1,248.5,66.4,252.9,3.9,4.1,575.9,-22.4,108.8,-158.4,150.7,86.3,-0.1,2.7,167.6,5.7,2.1,43.9,546.2,131.3,729.3,104.3,44,148.3,2651.9
"Total GHG",2010,"Belfast",304.6,71.1,2.8,38.2,416.7,227.1,151.9,9.9,388.9,111.8,143.1,20.1,275,294.9,186.5,310.2,791.5,225.3,54.7,95.2,5.1,19.6,399.9,-1.6,1.8,-6.3,0.5,98.1,0,0,92.4,0.2,1.7,1.3,11,2.4,16.6,278.1,81.6,359.6,2740.7
"Total GHG",2010,"Causeway Coast and Glens",79.8,5.9,1,34.1,120.8,45.6,18.1,5.9,69.5,14.4,6.5,4,24.9,118.6,1.8,278.5,398.9,175.1,0,239.3,5.4,4.1,423.9,-94.2,127.7,-132.9,429.7,59.7,-0.1,1.3,391.3,3.6,0.6,39.6,499.4,138.5,681.7,106.2,12.5,118.7,2229.5
"Total GHG",2010,"Derry City and Strabane",157.4,10.6,155.9,45.6,369.6,56.6,3.1,4.3,64,26,9.3,4.6,39.9,116.4,3.3,265.6,385.4,135.6,0,161.2,1,4.8,302.5,-47.4,44.9,-78.7,378.9,66,0,0.6,364.2,2.7,0.6,25.2,300.1,75.9,404.5,126.3,14.6,140.8,2070.9
"Total GHG",2010,"Fermanagh and Omagh",120.3,0,159.5,61.5,341.3,43,0,3.9,46.9,15.8,0,4.7,20.5,85.2,0,236.5,321.7,154.1,0,284.8,0,3.9,442.8,-165.4,32.7,-176,731.6,68.4,0,2.3,493.6,3.2,0,56.8,642.9,179.5,882.5,82,10.3,92.2,2641.5
"Total GHG",2010,"Lisburn and Castlereagh",83.3,16.4,16.5,50.1,166.3,38.8,15.4,5.8,60,17,15.4,5.1,37.4,115.4,41.5,230.7,387.6,159.8,79.5,105.1,3.5,2.5,350.3,-7.8,46.1,-57.7,3.7,58.1,0,0.6,42.9,1.7,1.7,15.9,171.3,42.4,233,73.2,62.4,135.6,1413.1
"Total GHG",2010,"Mid and East Antrim",148.6,34.6,12.2,134.1,329.4,42.7,38.4,4.8,85.9,11.5,45.2,3.4,60.1,121.8,17.3,241.6,380.7,154.4,17.6,154.5,3.9,5,335.4,-27.6,49,-80.4,140,56.1,0,0.6,137.6,2.9,1.3,23.8,327.3,75.4,430.7,96.3,16.8,113.1,1872.9
"Total GHG",2010,"Mid Ulster",168.7,0,263.6,104.3,536.6,33.3,0,6.5,39.8,7.7,0,3.1,10.8,109.6,0,269.3,378.9,185.6,12.5,246.2,0,3.5,447.8,-61,70.5,-158.5,372.5,59.2,0,2.9,285.7,2.8,0,48.8,644.9,158.9,855.4,80.5,16.6,97.1,2652
"Total GHG",2010,"Newry, Mourne and Down",111.2,1.1,0,63.2,175.6,39.9,2.2,6.9,49,12.1,0.6,4.2,17,141.8,0.6,330.4,472.8,264.4,0,215.6,1,4.7,485.7,-41.8,191.7,-142.8,86.3,64.9,-0.1,-0.7,157.6,4.4,0.9,41.4,496.8,114.1,657.5,123.7,19.2,142.9,2158
"Total GHG",2010,"Ards and North Down",61.3,14.6,0,16.8,92.7,43.5,28.5,3.1,75.1,11.9,11.1,3.2,26.2,136.6,43.3,250.9,430.8,142,0,87.1,2.8,2.4,234.3,-8.2,142.9,-26.7,15.9,53.4,-0.1,-1.4,175.8,2.9,0.3,15.2,159.7,42,220.2,97.3,30.2,127.5,1382.4
"Total GHG",2010,"Northern Ireland",1599.7,224.8,634,652.8,3111.3,664.2,299.7,64.5,1028.4,259.6,269.2,59.8,588.6,1531.3,326.5,3032.6,4890.4,1984.7,329.9,1955.5,29.9,65.3,4365.2,-488.8,843.1,-1079.4,2335.7,731.5,-0.6,9.8,2351.2,31.8,9.4,328.1,4007.1,1003.4,5379.8,1254.9,334.2,1589,23304
"Total GHG",2011,"Antrim and Newtownabbey",143.4,9.3,0.7,42.8,196.2,33.3,25.6,3,61.9,11.9,25.3,2.9,40.2,111.2,30,188.6,329.8,139,98.2,106.4,3.4,10.7,357.7,-11.2,26.8,-62.3,25.5,59,0,1,38.8,1.5,0.2,13.8,204.3,42.3,262,83.1,24.2,107.3,1393.9
"Total GHG",2011,"Armagh City, Banbridge and Craigavon",196.5,66.5,22.2,62.5,347.7,54.3,16.9,6.6,77.7,17.5,12.7,4.3,34.6,154.8,3.3,321.8,479.9,246.3,65.8,237.7,3.9,4,557.8,-22,108.9,-160.6,150.3,82.4,-0.1,2.7,161.6,5.4,2.3,37.8,545.9,130.7,722.3,79.9,41.9,121.9,2503.5
"Total GHG",2011,"Belfast",284.8,63.5,3.2,41.4,392.9,212.3,135.7,7.2,355.3,104.5,127.9,19.5,251.9,275.6,179.4,256.4,711.4,221.7,54.2,88.3,5,20.9,390.1,-1.5,1.7,-6.5,0.5,95.2,0,0.1,89.5,0.2,1.5,1.1,11.2,2.4,16.3,276.8,85.1,361.9,2569.3
"Total GHG",2011,"Causeway Coast and Glens",73.5,6.1,0.9,35.7,116.3,42,18.8,4.2,65,13.3,6.7,3.7,23.7,109.8,2.2,229.9,341.9,174.1,0,225.4,5.3,4,408.8,-91.1,129.1,-134.1,428.9,57.5,-0.1,2.8,393.1,3.3,0.7,34.3,505,138.2,681.5,104.2,13.2,117.4,2147.6
"Total GHG",2011,"Derry City and Strabane",123.4,15.3,142.7,43.4,324.8,44.3,4.5,3.1,51.9,20.3,13.4,4.5,38.2,103.9,5.5,219.3,328.7,134.2,0,151.3,1,4.6,291.1,-45.6,45.4,-79.5,378.3,63,0,1.7,363.2,2.1,0.8,21.7,301.1,74.5,400.2,126.4,14.6,141,1939.1
"Total GHG",2011,"Fermanagh and Omagh",109.6,0,150.6,64.8,325,39.2,0,2.8,42,14.4,0,4.3,18.7,78.5,0,195.1,273.6,152.9,0,268.1,0,3.8,424.8,-161.6,32.6,-176.9,730,65.6,0,6.4,496.2,3,0,48.8,650.8,175.9,878.3,74.4,10.6,85,2543.6
"Total GHG",2011,"Lisburn and Castlereagh",73.9,16.1,16.5,49,155.5,34.4,15.2,4.1,53.7,15,15.1,4.9,35.1,105.5,39.5,190.9,335.9,158.3,78.8,98.7,3.4,2.5,341.7,-7.7,46.7,-58.6,3.7,55.8,0,0.5,40.4,1.5,1.6,13.8,174,41.9,232.9,72.9,72.1,145,1340.2
"Total GHG",2011,"Mid and East Antrim",129.5,37,12.1,166.4,345.1,37.3,41.1,3.4,81.8,10,48.5,3.3,61.8,110,18.4,199.8,328.2,153.2,17.5,145.2,3.8,4.8,324.5,-27,49.3,-81.3,139.7,54.2,0,1.4,136.3,2.5,1.4,20.4,332.1,74.5,430.9,87.1,14.2,101.3,1809.7
"Total GHG",2011,"Mid Ulster",157.8,0,257.5,109.7,525,31.1,0,4.6,35.7,7.2,0,3,10.2,99.8,0,222.2,322,184.5,12.4,231.8,0,3.4,432.1,-59.9,70.8,-160.1,371.7,56.8,0,3.3,282.6,2.6,0,41.6,641.4,158.7,844.3,73.1,16.6,89.7,2541.7
"Total GHG",2011,"Newry, Mourne and Down",100,1.7,0,62.3,164.1,35.9,3.3,4.9,44.1,10.9,1,4,15.9,132,0.9,272.9,405.9,262.9,0,202.8,1,4.7,471.4,-41.1,195,-143.8,86.2,61.9,-0.1,0.7,158.8,3.9,1.4,36.2,499.5,112,653,117.7,19.2,136.9,2050
"Total GHG",2011,"Ards and North Down",56.5,12.7,0.2,17.7,87.1,40.1,24.9,2.2,67.2,10.9,9.7,3.1,23.8,122.2,51.1,208.3,381.6,140.8,0,81.4,2.7,2.4,227.4,-7.9,146.4,-26.2,15.9,52.1,-0.1,-1.4,178.9,2.7,0.3,13.6,163.5,42.7,222.8,98,23.4,121.4,1310
"Total GHG",2011,"Northern Ireland",1449,228.4,606.6,695.7,2979.7,604.2,286.1,46,936.3,236.1,260.3,57.6,554,1403.2,330.2,2505.3,4238.8,1967.8,327,1837.2,29.5,65.8,4227.3,-476.7,852.9,-1089.8,2330.8,703.6,-0.6,19.3,2339.4,28.8,10.2,283,4028.7,993.9,5344.5,1193.7,335,1528.7,22148.7
"Total GHG",2012,"Antrim and Newtownabbey",142.8,10.4,0.7,36,189.8,33.2,28.7,2.8,64.7,11.9,28.3,2.9,43.1,125.5,34.6,189.8,349.9,137.9,97,103.9,3.3,11,353.2,-11.6,25.8,-62.2,26.2,59.9,0,4.8,43,1.5,0.2,16.1,208.5,41.5,267.8,71.8,24.7,96.5,1408
"Total GHG",2012,"Armagh City, Banbridge and Craigavon",196.7,66.6,11,51.6,325.8,54.3,16.9,6.1,77.3,17.6,12.7,4.3,34.6,184.9,4.1,328.4,517.4,244,65,231.8,3.9,4,548.7,-22.6,106.5,-160.6,150.6,83.4,-0.2,10.7,167.8,5.4,2.3,44.5,568,130.4,750.7,86.1,41.8,127.9,2550.2
"Total GHG",2012,"Belfast",286.2,65.3,1.7,36.1,389.3,213.4,139.4,7,359.8,105,131.4,18.4,254.8,311.7,202,250.1,763.8,218.1,53.6,87.4,5,21.8,385.8,-1.5,1.5,-6.4,0.5,94.2,0,1.1,89.5,0.2,1.5,1.3,10.8,2.3,16.1,233.2,86,319.1,2578.2
"Total GHG",2012,"Causeway Coast and Glens",72,6.5,0.9,32.9,112.3,41.1,19.9,3.9,64.9,13,7.1,3.7,23.9,133.1,2.3,231.3,366.7,172.8,0,219.4,5.3,3.8,401.3,-95.7,128.5,-133.2,428.8,58.6,-0.2,27.5,414.2,3.3,0.7,40.8,509.7,136.4,690.9,97.2,13,110.2,2184.5
"Total GHG",2012,"Derry City and Strabane",141.4,21.2,136.9,40.2,339.7,50.8,6.3,2.9,60,23.3,18.6,4.3,46.2,125.1,6.1,222.8,354,132.7,0,147.5,0.9,4.4,285.5,-47.9,44.5,-79.4,377.9,63.8,-0.1,15.2,374,2.4,1.1,25.7,305.9,74.2,409.4,94.9,14.3,109.1,1978
"Total GHG",2012,"Fermanagh and Omagh",117,0,145.9,56.3,319.3,41.8,0,2.7,44.5,15.4,0,4.5,19.8,98.7,0,194,292.7,151.6,0,261.5,0,3.7,416.8,-168.5,30.9,-176.6,730.2,67,-0.1,52.4,535.2,3.2,0,57.3,673.9,176.5,910.9,72.1,10.3,82.4,2621.7
"Total GHG",2012,"Lisburn and Castlereagh",75.5,13.2,18.2,42.6,149.5,35.2,12.4,3.8,51.4,15.4,12.4,4.6,32.3,122.5,40.1,189.3,352,156.6,77.9,96.7,3.4,2.4,337,-7.9,45.7,-58.6,3.7,56.4,-0.1,3.6,42.7,1.6,1.3,16.5,178.7,41.4,239.5,73.2,74,147.1,1351.6
"Total GHG",2012,"Mid and East Antrim",122.4,33.9,12,127,295.3,35.2,37.6,3.2,76,9.4,44.3,3.1,56.9,128.6,23.5,199.7,351.8,151.9,17.3,141.9,3.8,3.9,318.8,-28.1,48.5,-81.2,139.8,54.2,-0.1,9,142.2,2.4,1.3,23.9,333.3,74.9,435.7,79.6,13.8,93.4,1770.1
"Total GHG",2012,"Mid Ulster",162,0,248.9,90.4,501.2,31.9,0,4.3,36.2,7.4,0,3,10.4,121.7,0,223.1,344.8,183.1,12.3,226.2,0,3.3,424.9,-62.1,69,-160,372.8,57.8,-0.1,21.3,298.6,2.6,0,48.4,654.1,156.7,861.8,71.4,16,87.4,2565.4
"Total GHG",2012,"Newry, Mourne and Down",102,2.8,0,51.8,156.6,36.6,5.3,4.7,46.6,11.1,1.6,4.1,16.7,153.7,1.1,276,430.8,261,0,198.3,1,4.6,465,-42.7,194.8,-143,86.1,62.1,-0.4,13.7,170.7,4,2.2,43.5,513.7,112.4,675.9,123,18.3,141.3,2103.7
"Total GHG",2012,"Ards and North Down",58.2,21.4,0,14.5,94.1,41.3,42,2.1,85.4,11.3,16.3,3,30.6,144.5,60.2,206.3,410.9,139.2,0,80.2,2.7,2.3,224.5,-8.2,147.4,-25.3,15.9,50.3,-0.3,1.5,181.3,2.8,0.5,16.7,162.8,42.4,225.2,100.7,16,116.7,1368.7
"Total GHG",2012,"Northern Ireland",1476.1,241.2,576.3,579.4,2872.9,614.8,308.6,43.7,967,240.7,272.8,55.8,569.2,1650,374.1,2510.8,4534.9,1948.9,323,1794.9,29.4,65.3,4161.5,-496.8,843.2,-1086.6,2332.6,707.5,-1.6,160.7,2459,29.3,11.3,334.8,4119.5,989.2,5484.1,1103,328.2,1431.2,22480
"Total GHG",2013,"Antrim and Newtownabbey",138.7,10.6,0.7,42.6,192.6,32.2,29.4,3.1,64.7,11.6,29,2.6,43.2,118.8,36.8,202.9,358.5,135.5,95.4,101.2,3.4,11,346.6,-11.7,25.4,-63.5,24.9,57.5,0,0.9,33.5,1.5,0.2,15.8,199.7,42.8,260,64.1,30.5,94.6,1393.6
"Total GHG",2013,"Armagh City, Banbridge and Craigavon",200,70.7,10.7,66.7,348.1,55.2,18,6.5,79.7,17.8,13.5,3.8,35.2,175.5,5.7,356.5,537.7,239.6,64,225.7,3.9,4.1,537.3,-22.7,104.1,-163.7,149.4,79.8,-0.1,3.9,150.7,5.5,2.5,44.1,558.7,136.5,747.3,72.3,44.2,116.5,2552.6
"Total GHG",2013,"Belfast",279.3,69.6,3.1,38.6,390.6,208.3,148.7,7.2,364.2,102.5,140.1,17.2,259.9,294,221.8,260.1,775.9,214.1,52.7,85.2,5.1,23.8,380.8,-1.5,1.5,-6.7,0.5,92,0,0,85.8,0.2,1.7,1.2,11.2,2.6,16.9,177.5,91.8,269.3,2543.4
"Total GHG",2013,"Causeway Coast and Glens",71.4,7.3,0.9,41.3,120.9,40.8,22.4,4.1,67.3,12.9,8,3.4,24.3,127.2,2.9,247.6,377.7,169.6,0,213.6,5.4,4,392.6,-98.1,127.3,-135,427.8,56.6,-0.1,1.5,380.1,3.2,0.8,40.7,496.5,141.8,683,85.2,13.4,98.6,2144.5
"Total GHG",2013,"Derry City and Strabane",141.9,23,138.6,45.7,349.2,51,6.8,3,60.8,23.4,20.2,3.9,47.5,118.6,7.8,240.5,366.9,130.3,0,143.7,1,4.6,279.5,-49.4,44.2,-80.2,377.6,61.6,0,0.9,354.7,2.4,1.2,25.5,295.2,80.4,404.6,85.3,14.8,100,1963.3
"Total GHG",2013,"Fermanagh and Omagh",115.8,0,121.5,71.3,308.6,41.4,0,2.6,44,15.2,0,4.1,19.3,93.2,0,205.4,298.7,148.9,0,254.6,0,3.8,407.3,-172.6,29.7,-178.8,727.8,64.1,0,3,473.2,3.1,0,56.5,653,189.7,902.3,69.5,10.4,79.9,2533.3
"Total GHG",2013,"Lisburn and Castlereagh",74.2,14.4,17.2,50.2,156,34.6,13.5,4.1,52.2,15.1,13.5,4.3,32.9,114.6,42.3,199.9,356.7,153.7,76.7,94.2,3.5,2.5,330.5,-7.9,45.1,-60.2,3.7,54.3,0,0.9,35.8,1.6,1.5,16.4,175.9,43.4,238.7,66.2,79.1,145.3,1348.2
"Total GHG",2013,"Mid and East Antrim",123,27,12.1,153.3,315.4,35.4,30,3.4,68.7,9.5,35.4,2.9,47.7,121.4,25.2,212.4,359.1,149.1,17,138.2,3.9,3.9,312,-28.6,48.2,-82.2,139.1,52.4,0,0.9,129.8,2.4,1,23.6,324.9,77.9,429.8,74.5,13.9,88.4,1750.9
"Total GHG",2013,"Mid Ulster",166.7,0,250.2,112,528.9,32.9,0,4.4,37.3,7.6,0,2.6,10.3,116.7,0,238.6,355.2,179.8,12.1,220.3,0,3.4,415.6,-63.1,66.9,-162.7,369.9,55.7,-0.1,3.9,270.5,2.7,0,47.4,646,164.5,860.6,67.6,16.9,84.5,2562.9
"Total GHG",2013,"Newry, Mourne and Down",101.3,2.9,0,63.9,168.1,36.4,5.6,4.3,46.2,11,1.7,3.6,16.3,146.2,1.6,296.1,443.9,256.1,0,193.1,1,4.9,455.2,-42.9,194.8,-144.7,86.1,60,-0.2,0.4,153.5,4,2.3,43.8,506.6,116.9,673.7,121.7,18.4,140.1,2097.1
"Total GHG",2013,"Ards and North Down",56.2,19.9,0.1,16.4,92.5,39.8,38.9,2.2,81,10.9,15.1,2.8,28.7,135.2,62.4,217.6,415.3,136.7,0,78.1,2.8,2.4,220,-8.2,148.1,-25.2,15.9,49.6,-0.1,-1.2,178.9,2.7,0.5,17.2,162.9,43.7,227,96.3,13,109.3,1352.7
"Total GHG",2013,"Northern Ireland",1468.5,245.5,555.1,701.9,2971,607.9,313.3,45,966.2,237.5,276.5,51.3,565.3,1561.4,406.6,2677.5,4645.5,1913.5,317.8,1747.8,30,68.4,4077.5,-506.6,835.2,-1102.8,2322.7,683.6,-0.7,15.1,2246.5,29.3,11.6,332.4,4030.5,1040.2,5443.9,980.2,346.5,1326.7,22242.6
"Total GHG",2014,"Antrim and Newtownabbey",118.1,7.9,0.7,44.6,171.3,27.4,21.9,4.1,53.4,9.8,21.6,3.2,34.6,95,42.6,186,323.6,135.3,95.4,98.7,3.5,11,344,-11.6,25.5,-64.1,26.3,57,0,0.6,33.7,1.2,0.2,12.4,203,41.8,258.6,43.3,33.6,76.9,1296.1
"Total GHG",2014,"Armagh City, Banbridge and Craigavon",170.9,71.7,12.6,70,325.3,47.2,18.2,8.4,73.8,15.3,13.7,4.5,33.5,140.7,9.9,331.3,481.8,239.1,64,220.6,4.1,4,531.7,-22.8,103.1,-164.9,150.2,78.4,-0.1,4.5,148.3,4.7,2.5,35.5,583.3,135.3,761.4,26.3,49.5,75.8,2431.7
"Total GHG",2014,"Belfast",232.4,75.7,2.4,42.2,352.8,173.3,161.7,9.5,344.5,85.3,152.4,20.3,257.9,229.8,239.6,234.1,703.6,211.9,52.7,82.3,5.2,26.9,379,-1.5,1.6,-7,0.5,89.8,0,0,83.4,0.1,1.8,1,10.9,2.6,16.4,112.1,100.3,212.4,2350
"Total GHG",2014,"Causeway Coast and Glens",60.8,10.6,0.9,40.2,112.6,34.8,32.4,5.3,72.4,11,11.6,3.9,26.5,101.8,5.9,227.7,335.4,169.6,0,209.1,5.6,3.9,388.1,-98.4,129.4,-135,428,56.4,-0.1,0.9,381.3,2.8,1.2,32.5,512.1,139.7,688.2,50.1,14.2,64.3,2068.9
"Total GHG",2014,"Derry City and Strabane",119.1,19.8,136.2,43.4,318.6,42.8,5.9,3.9,52.5,19.6,17.4,4.7,41.7,91,12.3,221.5,324.9,129.7,0,140.2,1,4.7,275.6,-49.4,44.4,-80.3,377.1,61.3,0,1.1,354.2,2,1,20.2,298.5,77.8,399.6,43.2,15.9,59.1,1826.2
"Total GHG",2014,"Fermanagh and Omagh",96,0,122.3,68.1,286.4,34.3,0,3.7,38,12.6,0,4.5,17.1,74.7,0,187.6,262.3,148.7,0,249.1,0,3.8,401.6,-172.5,28.8,-179.5,728.9,62.9,0,2.8,471.3,2.6,0,44.9,659.7,178.4,885.6,44.3,11.3,55.7,2417.9
"Total GHG",2014,"Lisburn and Castlereagh",61.9,21.4,16.8,50.6,150.7,28.9,20.1,5.2,54.2,12.6,20.1,5.1,37.8,91.7,42.9,181.9,316.4,153.2,76.8,91.9,3.6,2.4,327.9,-7.9,45.1,-60.7,3.7,53.3,0,0.6,34.1,1.3,2.2,13.1,175.4,42.9,234.7,44.6,89,133.6,1289.4
"Total GHG",2014,"Mid and East Antrim",106.8,27.5,12,173.2,319.5,30.7,30.5,4.2,65.5,8.2,36,3.5,47.6,96.5,29.9,194.1,320.5,148.8,17,135,4,3.9,308.7,-28.7,49,-82.6,139.6,51.7,0,0.6,129.6,2.1,1,18.8,333,75,429.9,48.5,15.2,63.7,1684.9
"Total GHG",2014,"Mid Ulster",148.4,0,297.1,114.3,559.9,29.3,0,5.6,34.9,6.8,0,3.1,9.9,94,0,220.1,314,179.9,12.1,215.6,0,3.3,410.9,-63.2,66.2,-163.3,372.4,54.6,-0.1,3.1,269.8,2.4,0,37.7,667.4,161.4,868.9,40.7,19.4,60.1,2528.4
"Total GHG",2014,"Newry, Mourne and Down",86.1,4.3,0,64.8,155.2,30.9,8.2,5.7,44.8,9.3,2.5,4.3,16.1,117.5,3.2,272.5,393.1,256.2,0,189,1.1,5.2,451.5,-43.3,197.6,-144.8,86,59.3,-0.2,-0.5,154.1,3.4,3.5,35.4,508.6,113.4,664.1,68.4,20.2,88.7,1967.7
"Total GHG",2014,"Ards and North Down",47,18.4,0,18.1,83.5,33.4,36.1,2.8,72.3,9.1,14,3.3,26.4,108.6,70.8,197.8,377.2,136.2,0,76,2.9,2.4,217.6,-8.3,151.6,-24.6,15.9,49.1,-0.1,-1.7,181.8,2.3,0.4,14.1,169.3,45.2,231.3,64.1,13,77.1,1267.2
"Total GHG",2014,"Northern Ireland",1247.6,257.4,601.1,729.6,2835.7,512.9,335,58.4,906.3,199.7,289.2,60.4,549.3,1241.2,457.1,2454.6,4152.8,1908.7,317.9,1707.5,30.9,71.6,4036.6,-507.8,842.3,-1106.6,2328.7,673.8,-0.7,11.9,2241.7,24.9,13.8,265.5,4121.1,1013.5,5438.7,585.7,381.6,967.3,21128.3
"Total GHG",2015,"Antrim and Newtownabbey",103.1,9.7,0.7,38.9,152.3,23.9,26.7,3.1,53.8,8.6,26.4,1.9,36.9,79,48.9,186.2,314.1,133.7,94,94.9,3.5,11.7,337.8,-12.1,25.1,-63.9,25.6,57.7,0,0.6,33,1.1,0.2,15.8,207.9,41.3,266.3,57.1,33.6,90.7,1284.9
"Total GHG",2015,"Armagh City, Banbridge and Craigavon",153.2,83.2,11.5,60.1,308,42.3,21.1,4.9,68.3,13.7,15.9,2.8,32.4,115.9,12.3,335.9,464,236.2,63,212.2,4,4,519.5,-23.7,101,-164.6,149.5,79.1,0,2.7,143.9,4.2,2.9,44.9,598.7,137,787.7,34.8,50,84.8,2408.6
"Total GHG",2015,"Belfast",188.6,48.7,2.3,39.5,279,140.6,104,8.9,253.5,69.2,98,12.4,179.7,185.1,261.8,224.5,671.4,209,51.9,79.1,5.2,25.5,370.7,-1.6,1.6,-6.8,0.5,90.7,0,0,84.4,0.1,1.2,1.2,10.8,2.5,15.9,141.3,91.6,232.9,2087.5
"Total GHG",2015,"Causeway Coast and Glens",55.6,8,0.9,32.5,97.1,31.8,24.6,4,60.4,10,8.8,3,21.9,83.4,7.3,227.5,318.3,167.5,0,201.2,5.5,3.9,378.1,-103.9,131,-133.5,428.2,56.6,0,0.4,378.8,2.5,0.9,42.1,517.8,135.6,698.8,58.1,14.1,72.2,2025.5
"Total GHG",2015,"Derry City and Strabane",105.1,23.3,136.5,40.9,305.8,37.8,6.9,3.2,47.8,17.3,20.4,2.8,40.6,76.7,15.4,224.7,316.7,128.1,0,134.9,1,4.3,268.3,-52.2,44.6,-79.5,376.9,60.8,0,0.4,351,1.8,1.2,26.1,308.1,76.6,413.9,48.8,16.1,64.9,1809
"Total GHG",2015,"Fermanagh and Omagh",89.1,0,127,55.9,272,31.8,0,2.7,34.6,11.7,0,3.8,15.5,61.2,0,184.5,245.7,146.9,0,239.6,0,3.8,390.2,-181.5,27.5,-179.2,727.3,63.4,0,1.9,459.4,2.4,0,57.2,688.8,176,924.5,54.3,11.2,65.5,2407.4
"Total GHG",2015,"Lisburn and Castlereagh",63.3,34.2,16.8,46.5,160.8,29.5,32.1,3.6,65.2,12.9,32,3,47.9,80.5,51.2,178.8,310.5,151.2,75.6,88.4,3.6,2.5,321.2,-8.2,44.7,-60.2,3.7,53.8,0,0.6,34.5,1.3,3.5,17.1,176.8,43.1,241.9,54.6,89.4,143.9,1325.9
"Total GHG",2015,"Mid and East Antrim",95.9,27.4,12,160.9,296.3,27.6,30.5,3,61,7.4,35.9,2.1,45.4,79.8,34,192.9,306.7,147,16.7,129.8,4,4,301.5,-30.1,48.7,-82.6,143.1,51.5,0,0.5,131,1.9,1,23.8,339.4,74.1,440.1,58.9,14.8,73.8,1655.8
"Total GHG",2015,"Mid Ulster",138.7,0.1,394.4,97.6,630.8,27.4,0,3.7,31.1,6.3,0,2.1,8.4,75.6,0,218.3,293.9,177.7,11.9,207.3,0,3.3,400.3,-65.9,64.8,-162.9,372.2,54.9,0,2.2,265.2,2.3,0,47.1,685.8,161.9,897,48.4,19.5,67.9,2594.7
"Total GHG",2015,"Newry, Mourne and Down",78.6,5.8,0,53.5,137.9,28.2,11,4.2,43.3,8.5,3.3,3,14.8,99.6,3.9,274.2,377.7,253.3,0,181.6,1.1,5,440.9,-45.1,199.6,-143.3,85.9,58.7,0,-0.6,155.2,3.1,4.6,46.3,521.3,113.2,688.5,60.5,19.8,80.3,1938.6
"Total GHG",2015,"Ards and North Down",44.8,16.3,0,16.8,77.8,31.7,32,2.8,66.5,8.7,12.4,2,23,97.5,81.2,194.7,373.4,134.5,0,73,2.9,2.6,213,-8.6,154,-23.9,15.9,48.2,0,-1.1,184.5,2.1,0.4,19,170.2,45.8,237.5,85.3,13.2,98.4,1274.2
"Total GHG",2015,"Northern Ireland",1116,256.6,702.1,643,2717.8,452.7,288.9,44,785.5,174.4,253.2,38.9,466.4,1034.3,516,2442.1,3992.4,1885.2,313.2,1641.9,30.7,70.5,3941.5,-532.9,842.5,-1100.5,2328.9,675.5,-0.1,7.5,2220.9,22.8,15.9,340.8,4225.6,1007.1,5612.2,702.1,373.3,1075.3,20812.1
"Total GHG",2016,"Antrim and Newtownabbey",86.4,8.1,0.7,38.4,133.6,20.1,22.4,2.4,44.9,7.2,22.2,1.6,30.9,64.7,44.2,189.9,298.9,135.5,95.3,96.2,3.5,12.8,343.2,-12,24.4,-64,26.3,58.2,0,1,33.8,0.9,0.2,14.9,208.8,41.1,265.8,56.6,34.8,91.4,1242.6
"Total GHG",2016,"Armagh City, Banbridge and Craigavon",127.6,64.2,9,58.3,259.1,35.2,16.3,3.7,55.3,11.4,12.3,2.4,26,95.8,14.7,346.9,457.4,239.1,64,215.3,4,3.9,526.4,-23.7,99.2,-164.6,149.7,80.3,-0.1,3.5,144.3,3.5,2.3,41.8,619.7,137.9,805.1,32.5,52.3,84.8,2358.5
"Total GHG",2016,"Belfast",154.5,41.1,2.1,38.2,235.9,115.2,87.8,6.9,209.9,56.7,82.7,10.3,149.7,150.3,223.7,225.7,599.8,210.4,52.6,79.8,5.2,23.3,371.4,-1.5,1.5,-6.8,0.5,91.4,0,0,85.2,0.1,1,1.1,11.5,2.6,16.3,149.6,95.2,244.7,1912.9
"Total GHG",2016,"Causeway Coast and Glens",46.6,7.3,0.9,29.6,84.4,26.6,22.4,3,52.1,8.4,8,2.5,19,68.7,8.4,233.2,310.4,169.7,0,204.3,5.5,3.9,383.4,-104,130.7,-133.2,429.2,57.1,-0.2,2.2,381.8,2.1,0.8,41.1,516.4,136.1,696.5,56.9,14.2,71.1,1998.6
"Total GHG",2016,"Derry City and Strabane",87.7,23.5,126.1,41.1,278.4,31.5,6.9,2.4,40.8,14.5,20.6,2.4,37.4,63.8,17.3,229.2,310.3,129.4,0,136.8,1,4.1,271.3,-52.1,44.1,-79.5,376.5,62,-0.1,1.6,352.5,1.5,1.2,24.3,316.8,77.3,421,39.5,16.3,55.9,1767.8
"Total GHG",2016,"Fermanagh and Omagh",76.4,0,128.7,51.2,256.3,27.3,0,2.1,29.4,10,0,3.3,13.3,50.7,0,188.8,239.5,148.8,0,243.3,0,3.7,395.8,-182.2,25.9,-179.1,726,64.5,0,3.5,458.6,2.1,0,51.6,702.1,179.2,934.9,53.4,11.2,64.5,2392.3
"Total GHG",2016,"Lisburn and Castlereagh",52.3,26.5,23.7,44.1,146.5,24.4,24.9,2.7,52,10.6,24.8,2.4,37.9,66,48.1,181.8,295.8,152.8,76.8,89.6,3.6,2.4,325.2,-8.2,44,-59.9,3.7,54.6,-0.1,0.8,34.8,1.1,2.7,16.2,177.2,42.2,239.4,60.3,94.6,154.9,1286.6
"Total GHG",2016,"Mid and East Antrim",73.3,17.6,12.3,156.7,259.8,21.1,19.6,2.3,42.9,5.6,23,1.7,30.4,65.4,31,196.5,293,148.8,17,131.7,4,3.6,305.2,-30.3,48.4,-82.7,143.6,51.5,-0.1,0.9,131.4,1.4,0.7,23.6,345.1,74.3,445,60.2,14.5,74.7,1582.4
"Total GHG",2016,"Mid Ulster",118.2,0.1,373.8,90.3,582.3,23.3,0,2.8,26.1,5.4,0,1.8,7.2,63.3,0,225.7,289,180.1,12.1,210.5,0,3.3,406,-66.1,63.1,-162.6,373.2,55.3,-0.1,2.9,265.8,1.9,0,44.7,707.4,161.7,915.8,45.6,19.6,65.2,2557.5
"Total GHG",2016,"Newry, Mourne and Down",65.7,5.3,0,53.7,124.7,23.6,10,3.2,36.8,7.1,3,2.5,12.7,82.2,4.5,282.1,368.8,256.6,0,184.4,1.1,4.7,446.8,-45.4,200.5,-142.3,85.9,58.5,-0.3,0.9,157.7,2.6,4.2,47.7,533.1,113.4,701,26.5,19.4,45.9,1894.3
"Total GHG",2016,"Ards and North Down",36.1,12.5,0.1,15.9,64.6,25.6,24.5,2.1,52.2,7,9.5,1.6,18.1,78.9,74.3,197.4,350.5,135.9,0,74,2.9,2.6,215.4,-8.6,155.7,-22.8,15.9,48,-0.2,-1.3,186.7,1.7,0.3,21.1,168.7,45.5,237.3,69.3,13.4,82.7,1207.5
"Total GHG",2016,"Northern Ireland",924.7,206.2,677.4,617.5,2425.9,373.8,234.9,33.6,642.3,144,206.2,32.5,382.7,849.8,466.3,2497.2,3813.4,1907.2,317.8,1666,30.7,68.4,3990.1,-534.3,837.5,-1097.4,2330.5,681.5,-1.1,16,2232.6,18.9,13.3,328,4306.8,1011.2,5678.2,650.3,385.5,1035.8,20200.9
"Total GHG",2017,"Antrim and Newtownabbey",76.8,7.4,0.7,36.3,121.1,17.8,20.5,1.7,40,6.4,20.2,1.5,28.1,57.4,44.9,182.8,285.1,135.5,95.2,94.5,3.5,13.9,342.5,-11.9,23.3,-65.1,26.4,57.6,0,0.8,31,0.8,0.2,14.3,209.9,42.4,267.6,45.5,37.3,82.8,1198.2
"Total GHG",2017,"Armagh City, Banbridge and Craigavon",111.4,59.9,9.3,68,248.6,30.8,15.2,2.6,48.6,9.9,11.5,2.2,23.6,85.5,16,337.8,439.2,261.9,64.1,211.9,4,4.2,546,-23.6,96.3,-166.1,149.6,79.2,-0.1,2.2,137.5,3.1,2.1,39.4,631.5,144.1,820.3,31.6,56.5,88,2351.8
"Total GHG",2017,"Belfast",134.5,39.5,1.7,42.2,217.8,100.3,84.4,4.8,189.5,49.3,79.6,9.2,138.1,131.7,224.7,210.7,567.1,208.2,52.5,77.6,5.2,21.3,364.8,-1.5,1.6,-6.8,0.5,92.3,0,0,86.1,0.1,0.9,1,11.9,2.8,16.7,126.6,102.4,229,1809
"Total GHG",2017,"Causeway Coast and Glens",41.6,6.4,0.9,32.4,81.2,23.7,19.5,2.1,45.3,7.5,7,1.8,16.3,61.3,9,224.5,294.9,169.8,0,201.3,5.5,3.9,380.6,-103.9,129.1,-134.5,428.9,57.2,-0.2,0.6,377.3,1.9,0.7,40.9,517,140.3,700.8,59.3,14.6,73.9,1970.3
"Total GHG",2017,"Derry City and Strabane",77.6,25.9,110.4,44.5,258.4,27.9,7.6,1.6,37.1,12.8,22.7,2.2,37.7,57,18.7,222.5,298.2,129,0,134.4,1,3.9,268.3,-51.7,43.4,-80,376.3,62.5,-0.1,0.6,351.1,1.3,1.4,23,313.5,80.3,419.4,38.9,17,55.8,1726
"Total GHG",2017,"Fermanagh and Omagh",68,0,129.1,58,255.1,24.3,0,1.4,25.6,8.9,0,2.2,11.1,45.7,0,180,225.7,148.7,0,239.7,0,3.8,392.2,-182.3,24.6,-179.8,729.8,64,0,2.6,458.8,1.8,0,47,702.1,185.9,936.8,48.6,11.6,60.2,2365.6
"Total GHG",2017,"Lisburn and Castlereagh",45.9,26.4,26,51.6,149.9,21.4,24.9,1.9,48.1,9.3,24.8,2.2,36.3,58.5,50.9,172.9,282.3,152.3,76.8,88.1,3.5,2.4,323.2,-8.2,43.5,-60.1,3.7,54.6,-0.1,0.1,33.5,1,2.7,15.7,179,44.2,242.6,53.5,102.9,156.3,1272.2
"Total GHG",2017,"Mid and East Antrim",61.5,16,11.9,61.4,150.9,17.7,17.8,1.5,37,4.7,20.9,1.6,27.3,57.7,32.1,188.3,278.2,148.6,17,129.6,3.9,3.5,302.7,-30.2,48,-83,143.7,51.7,-0.1,0.4,130.5,1.2,0.6,23.7,349.8,77.3,452.6,46.9,15.5,62.3,1441.4
"Total GHG",2017,"Mid Ulster",106,1.5,364.9,96.7,569,20.9,0,2,22.9,4.8,0,1.6,6.5,57,0.1,216.9,273.9,180.4,12.1,207.5,0,3.3,403.3,-66.2,60.6,-164,371.3,54.8,-0.1,2.6,259,1.7,0,43,712.2,166.3,923.2,36,20.6,56.7,2514.4
"Total GHG",2017,"Newry, Mourne and Down",57.7,4.8,0,58.5,121,20.7,9,2.1,31.8,6.3,2.7,2.1,11.1,73.5,5.1,272.8,351.4,285.8,0,181.7,1.1,4.8,473.3,-45.4,199.6,-142.5,85.8,58.2,-0.3,-1.5,153.9,2.3,3.8,49.9,544.1,116.8,716.9,11,20.6,31.6,1890.9
"Total GHG",2017,"Ards and North Down",31.3,11.1,0.1,16.1,58.7,22.2,21.9,1.4,45.5,6.1,8.5,1.5,16.1,69.5,76,188,333.6,135.6,0,72.6,2.8,2.5,213.5,-8.6,156.4,-22.4,15.9,48.1,-0.2,-2.8,186.4,1.5,0.3,23.6,171.8,46.8,244,59.4,14.1,73.5,1171.2
"Total GHG",2017,"Northern Ireland",812.1,199,654.9,565.7,2231.7,327.7,220.8,22.9,571.4,126.2,197.8,28.2,352.2,754.8,477.6,2397.1,3629.5,1955.7,317.7,1638.9,30.4,67.6,4010.3,-533.5,826.3,-1104.3,2331.8,680.2,-1.2,5.7,2205.1,16.7,12.6,321.5,4342.9,1047.1,5740.7,557.2,413.1,970.2,19711
"Total GHG",2018,"Antrim and Newtownabbey",65.2,8.7,0.7,37,111.6,18.7,27.3,4.2,50.2,5.6,19.6,2.6,27.9,51.9,53.2,187.4,292.5,133.5,94.2,94.1,3.3,15,340.1,-11.8,22.5,-64.9,26.9,55.9,0,1.2,29.7,0.7,0.2,11.1,205.5,43.2,260.8,51.9,36.7,88.6,1201.2
"Total GHG",2018,"Armagh City, Banbridge and Craigavon",96.5,72.3,10.2,62.1,241.2,34.1,19.9,6.7,60.7,9.8,13.1,3.8,26.6,77.5,20.6,350.8,448.9,257.7,63.4,211.3,3.8,4.3,540.4,-23.5,93,-166.9,149.8,76.3,-0.1,4.2,132.6,2.9,2,30.7,624.1,146.6,806.4,37.1,55.8,92.9,2349.8
"Total GHG",2018,"Belfast",99.4,48.9,3.3,39,190.6,108.9,101.7,11.7,222.4,46.4,85.5,16.4,148.3,118,260.7,208.6,587.3,203.5,52,76.8,4.9,21.9,359.1,-1.3,1.5,-6.6,0.5,89.3,0,0.1,83.5,0.1,0.4,0.8,11.9,2.7,15.8,150.2,109.6,259.8,1866.9
"Total GHG",2018,"Causeway Coast and Glens",35.1,7.4,1.7,28.8,73,24.7,24,5.3,54.1,7.3,9.1,3.2,19.6,55.4,11.1,230.3,296.8,166.2,0,200.9,5.2,4.1,376.4,-104.3,128.8,-134.1,428.9,54.9,-0.1,2.6,376.7,1.9,1,29.4,501.1,142,675.5,62.8,14.4,77.3,1949.2
"Total GHG",2018,"Derry City and Strabane",68.3,32.5,112.5,42.3,255.7,30.3,10.1,4.3,44.7,12,22.6,3.8,38.4,51.4,23.4,230.3,305.2,126.3,0,134,0.9,4.2,265.5,-51.6,42.9,-80.3,376.1,60,0,1.9,349,1.5,1.5,17.4,307.7,82,410.1,44.9,16.8,61.7,1730.2
"Total GHG",2018,"Fermanagh and Omagh",61.1,0,132.9,53.1,247,25.6,0,3.5,29,8.4,0,3.7,12.1,41.6,0,182.6,224.2,146.2,0,239.2,0,3.9,389.3,-182.9,22.9,-180.5,730.1,61.8,0,6,457.4,2.1,0,36.7,678.2,191.2,908.2,57.6,11.6,69.2,2336.5
"Total GHG",2018,"Lisburn and Castlereagh",37.8,28.5,23,52.4,141.7,22.9,35.7,4.6,63.2,9.8,23.5,4.2,37.4,52.8,61,174.9,288.7,149.3,76.1,87.8,3.4,2.5,319,-8.3,42.7,-60.2,3.7,52.3,0,0.8,31,1,2.9,11.8,178.7,44.1,238.5,64.4,101.4,165.8,1285.3
"Total GHG",2018,"Mid and East Antrim",49.8,10.9,11.9,28.6,101.1,17.9,20.5,3.9,42.3,4.6,27.8,2.8,35.2,52,38,192,282,146.5,16.8,129.2,3.7,3.7,300,-30.2,47.6,-82.9,144,50,-0.1,1.2,129.7,1.3,0.8,18.5,339.1,79.7,439.6,59.2,15.7,74.9,1404.8
"Total GHG",2018,"Mid Ulster",95.3,0,385,88,568.4,23.1,0,5.1,28.3,4.7,0,2.7,7.4,51.9,0.1,222,274,177.7,11.9,207.1,0,3.4,400.2,-66.4,58.3,-164.8,372.1,52.7,-0.1,4,255.8,2,0,32.7,691.8,170.3,896.8,33.3,20.5,53.8,2484.7
"Total GHG",2018,"Newry, Mourne and Down",50.7,12.7,0,61.9,125.3,21.8,7.5,5.4,34.8,5.9,2.7,3.7,12.3,66.5,6.5,281.2,354.2,282,0,181.2,1,4.9,469.2,-45.7,200.4,-142.5,85.8,55.8,-0.2,1.2,154.8,2,1.3,38,538.3,119.9,699.4,8.5,21,29.4,1879.4
"Total GHG",2018,"Ards and North Down",25.5,12.1,0.1,13.5,51.2,22.1,26.1,3.6,51.9,5.7,8.6,2.6,16.9,62.6,89.4,190.2,342.2,133.3,0,72.2,2.7,2.6,210.8,-8.6,158.7,-21.7,15.9,45.7,-0.2,-1.6,188.2,1.7,0.2,18,173.7,47.3,240.9,77.1,14.2,91.3,1193.2
"Total GHG",2018,"Northern Ireland",684.8,234.1,681.3,506.6,2106.8,350.2,272.9,58.3,681.3,120.2,212.5,49.6,382.2,681.6,564,2450.3,3695.9,1922.4,314.3,1633.8,28.9,70.5,3969.9,-534.6,819.4,-1105.4,2333.8,654.6,-0.8,21.5,2188.3,17.3,10.3,245.1,4250.2,1069.1,5591.9,646.9,417.9,1064.8,19681.1
"Total GHG",2019,"Antrim and Newtownabbey",56.9,6.7,0.7,33.5,97.8,17.7,18,2.9,38.7,4.9,29.2,2.1,36.2,46.7,59.9,186.4,292.9,129,90.6,90,3.3,16,329,-10.6,21.8,-65.5,27.9,54.3,0,0.7,28.6,0.5,0.4,12.1,207.3,41.7,262.1,50,36.1,86.1,1171.3
"Total GHG",2019,"Armagh City, Banbridge and Craigavon",85.2,68.5,9.9,52.5,216.1,32.8,19.7,4.6,57,9.1,20.8,3.2,33,70.2,26.1,353.1,449.4,249.9,61,202.2,3.9,4.8,521.8,-22.4,90.6,-167.9,150.3,74.2,0,3,127.8,2.2,1.1,33.2,624.3,142.8,803.6,36.3,54.4,90.7,2299.4
"Total GHG",2019,"Belfast",76.7,48.1,3.1,43.3,171.2,102.2,118.2,8.6,228.9,44.4,86.4,14.2,145,105.2,284.2,200.4,589.8,195.9,50.1,73,5,21.9,345.9,-1,1.5,-6.7,0.5,87.2,0,0,81.6,0,0.6,0.8,11.8,2.7,15.9,155.9,110.4,266.4,1844.7
"Total GHG",2019,"Causeway Coast and Glens",31.8,6.9,2.5,25,66.2,21.9,19,3.6,44.5,6.2,13.2,2.6,22,50,14.4,229.3,293.7,162.1,0,192.5,5.3,4.5,364.3,-107.3,128.9,-134.2,430.5,53.2,0,1,372,1.3,1,33.3,511.5,136.1,683.1,55,14.4,69.4,1915.1
"Total GHG",2019,"Derry City and Strabane",60.4,32.5,115.8,38.9,247.7,28.8,13.2,3,45,10.8,23.9,3.1,37.8,46.4,29.8,230.8,306.9,122.5,0,128.1,0.9,4.6,256.2,-55.4,42.3,-80.7,376.2,58.5,0,1.4,342.2,0.8,0.1,19.2,315.6,77.8,413.5,44.8,16.7,61.5,1710.8
"Total GHG",2019,"Fermanagh and Omagh",51.2,0,73.9,42.7,167.8,21.6,0,2.5,24.1,7.4,0,3,10.4,37.2,0.1,180.1,217.4,141.8,0,229.1,0,4.2,375.1,-183.4,21,-181.6,731.9,59.6,0,4.7,452.2,1.7,0,38,682.6,179.6,901.8,63.2,11.6,74.8,2223.8
"Total GHG",2019,"Lisburn and Castlereagh",34.8,25.3,23.2,49.2,132.5,19,39.6,3.3,62,7.9,28.8,3.4,40.1,47.8,67.5,171.6,287,144.9,73.1,83.9,3.4,2.8,308.1,-7.7,42.3,-60.8,3.7,51.1,0,0.2,28.8,0.6,2.9,13,179.1,42.6,238.1,70.6,98.3,168.9,1265.5
"Total GHG",2019,"Mid and East Antrim",41.9,9.8,12,22,85.6,15.8,33.8,2.8,52.3,4,18.8,2.2,25,47,43.5,189.9,280.3,141.5,16.2,123.7,3.8,3.8,288.9,-29.4,47.5,-83.3,145,48.7,0,0.6,129.1,0.8,0.7,19.7,343.7,75.8,440.7,65.5,15.6,81.1,1383.1
"Total GHG",2019,"Mid Ulster",86.2,24,362,67.2,539.4,22.5,2.4,3.5,28.4,4.3,0.3,2.2,6.9,47,0.2,220.6,267.7,172.6,11.5,198.4,0,3.7,386.2,-64.4,56,-165.7,371.6,50.2,0,3.2,250.9,1.1,0,35.3,703.6,166.3,906.3,8.5,20.2,28.7,2414.5
"Total GHG",2019,"Newry, Mourne and Down",45.2,10.3,0.8,31.1,87.4,20.5,8.3,3.8,32.6,5.5,5.3,3,13.7,60.4,8.7,281.2,350.3,273.4,0,173.6,1,5.2,453.2,-41.9,201.6,-142.7,85.8,54.1,0,-1.9,155,1.5,1.3,40.6,525.9,114.9,684.2,11.1,20.5,31.6,1808
"Total GHG",2019,"Ards and North Down",21.4,9.4,0,11.5,42.3,21.2,28.3,2.4,52,5.5,9.6,2,17.1,56.6,99.3,186.3,342.2,129,0,69,2.7,2.7,203.4,-7.6,161,-20.9,15.9,45.7,0,-3.3,190.8,1.2,0.3,19.8,172.7,46.8,240.9,77.5,14.1,91.6,1180.4
"Total GHG",2019,"Northern Ireland",591.8,241.5,603.8,417,1854.1,323.9,300.4,41.2,665.5,109.9,236.3,41,387.2,614.5,633.7,2429.8,3677.9,1862.6,302.4,1563.5,29.4,74.3,3832.1,-531.1,814.5,-1109.9,2339.3,636.9,-0.1,9.4,2159,11.7,8.4,264.9,4278,1027.1,5590.1,638.5,412.3,1050.8,19216.6
"Total GHG",2020,"Antrim and Newtownabbey",52.6,7.3,0.7,34.9,95.5,11.1,17.8,3.9,32.9,3.1,20.8,2.4,26.4,45.2,55.2,188.6,288.9,106.3,95.1,91.4,2.5,7.4,302.7,-11.3,21.1,-66.5,25,56.1,0,1.1,25.4,0.8,0.7,10.8,211.3,43.1,266.6,63.8,36.1,99.9,1138.4
"Total GHG",2020,"Armagh City, Banbridge and Craigavon",75.7,74.5,9.8,54.7,214.7,23,13.6,6.2,42.9,6.5,8.5,3.9,18.8,68,25.3,361.9,455.2,203.9,41.3,205.2,2.9,4.9,458.2,-23.5,88.5,-169.4,152,75.9,0,4.6,128.1,3.8,1.2,28.9,619.5,143.5,797.1,22.3,54.7,77,2191.9
"Total GHG",2020,"Belfast",69.9,43.8,3.2,41.2,158.1,71.3,86.1,11.1,168.5,30.4,81.6,16.5,128.5,100.4,258.8,194.3,553.4,149.2,41.6,74.3,3.7,12.2,281,-1.2,1.4,-6.5,0.5,89.6,0,0.1,83.9,0.1,0.2,0.8,11.8,2.8,15.6,144.2,116.9,261,1650.1
"Total GHG",2020,"Causeway Coast and Glens",27.1,8.6,0.9,29.4,66,14.8,18.9,4.9,38.7,4.2,7.4,3.1,14.7,48,13.7,231.8,293.4,136.9,0,195.2,4,4.3,340.3,-111.9,130.4,-135,432.2,54.6,0,2.5,372.7,2.6,0.4,31.2,518.7,141.5,694.4,27.8,14.3,42.1,1862.3
"Total GHG",2020,"Derry City and Strabane",53.7,31.1,108.2,38.7,231.8,19.4,9.3,4,32.8,7.3,23.6,3.6,34.5,44.7,28.9,236.2,309.8,95.3,0,130.1,0.7,3.3,229.5,-57.4,42.3,-81.3,373.1,60.7,0,1.8,339.2,1.7,0.1,16.9,322.5,80.6,421.9,24.6,16.7,41.3,1640.8
"Total GHG",2020,"Fermanagh and Omagh",43.6,1.2,15,47.1,107,15.3,0.1,3.5,18.8,5.1,0,3.7,8.8,36.2,0.9,179.4,216.5,120.1,0,232.4,0,4.4,356.9,-191.1,20,-181.9,730.8,61.9,0,5.3,444.9,3.6,0,32,703.1,190.1,928.7,72.1,11.4,83.5,2165.2
"Total GHG",2020,"Lisburn and Castlereagh",29.7,34.5,23.5,49.4,137.1,13.1,24.3,4.3,41.8,5.6,21.3,4.2,31.1,46.7,63.6,170.6,280.8,119.7,53.1,85.2,2.6,2.7,263.3,-8.1,42.3,-61.4,3.7,52.3,0,0.8,29.6,0.8,0.9,12.2,186.2,44,244.1,78.1,99.1,177.2,1205
"Total GHG",2020,"Mid and East Antrim",36.2,7.4,12.2,25.5,81.3,11.4,25.7,3.8,40.9,2.9,20.2,2.6,25.8,45.1,41.5,190.9,277.6,114.5,12.2,125.5,2.8,3.5,258.5,-24.9,47.7,-83.7,160.4,50.1,0,1.2,150.9,1.5,0.8,19.9,345.7,78.5,446.4,72.3,15.1,87.4,1368.8
"Total GHG",2020,"Mid Ulster",76.8,0.6,310.9,79.7,468,16.1,0,4.8,20.9,3.2,0,2.7,5.9,45.6,0.9,221.8,268.2,145,7.5,201.3,0,3.9,357.7,-67.3,54.2,-167.1,374.4,51.5,0,4.5,250.1,3.1,0,30.2,702.4,167.8,903.5,8.8,20.1,28.9,2303.2
"Total GHG",2020,"Newry, Mourne and Down",38.3,7,0,36.6,81.9,14.4,7.6,5,27,3.8,5.3,3.7,12.8,58.7,9.9,285.1,353.8,224.9,0,176.1,0.8,5,406.7,-43.9,204.8,-142.6,85.3,55.7,0,0.1,159.4,2.4,2.9,41.5,527.9,116.6,691.3,13.5,20.4,33.9,1766.7
"Total GHG",2020,"Ards and North Down",18.8,12.3,0.2,12.4,43.5,14.1,21.2,3.3,38.6,3.6,7.6,2.4,13.6,54.7,90.3,185.2,330.2,105.6,0,70,2,1.8,179.5,-8.1,164.8,-19.9,15.8,46.4,0,-2.2,196.8,1.6,0.2,21,171.7,45.7,240.2,92.4,14,106.4,1148.9
"Total GHG",2020,"Northern Ireland",522.5,228.5,484.5,449.4,1684.9,224.2,224.6,54.9,503.7,75.7,196.4,48.8,320.8,593.2,589,2445.7,3628,1521.5,250.8,1586.6,22,53.3,3434.2,-548.8,817.4,-1115.3,2353.2,654.8,-0.1,19.8,2181.1,22.1,7.5,245.4,4320.7,1054.2,5649.8,619.9,418.9,1038.8,18441.4
"Total GHG",2021,"Antrim and Newtownabbey",63.9,6.2,0.7,37.8,108.6,9.7,15.5,3.9,29.1,2.8,23.8,2.7,29.3,47.1,60.5,180.4,288.1,118,105.2,100.6,2.7,7.2,333.8,-11.3,21.2,-66.7,23.6,56.2,0,1.4,24.5,0.6,0.9,11.7,221.5,43.4,278.2,50.9,37.9,88.9,1180.4
"Total GHG",2021,"Armagh City, Banbridge and Craigavon",92.2,61.2,9.9,51.5,214.9,24.5,18.1,6.2,48.8,7,20.3,4.5,31.7,70.8,31.1,349.6,451.5,223.6,43.9,223.6,3.2,5.5,499.8,-23.6,89.1,-169.5,150.3,76.1,-0.1,5.2,127.5,3.7,0.7,32.2,647.9,146.2,830.8,28,57.8,85.8,2290.7
"Total GHG",2021,"Belfast",81.3,36.5,2.7,45.6,166.2,87.3,87,10.5,184.8,36.5,79.5,18.3,134.2,103.7,268.5,178.8,550.9,164.2,43.1,86,4.1,13.1,310.5,-1.2,1.4,-6.6,0.5,89.8,0,0.2,84.1,0.1,0.2,0.9,18.1,4,23.2,157.8,113.6,271.5,1725.5
"Total GHG",2021,"Causeway Coast and Glens",34.3,4.6,0.9,26.5,66.3,16.4,29.3,4.9,50.6,4.5,8.8,3.4,16.7,50.4,16.4,222.1,289,147.9,0,211.2,4.3,4.7,368.2,-109.7,131.1,-135.1,432.1,54.6,-0.1,4.5,377.5,2.8,0.6,29.9,539.1,143.9,716.3,44.7,14.7,59.4,1944
"Total GHG",2021,"Derry City and Strabane",67.3,34.7,108.7,37.7,248.4,22.2,16.5,4,42.7,8.2,22.9,4.2,35.3,46.5,34.8,227.5,308.8,106.2,0,142.6,0.8,3.6,253.2,-56,42.6,-81.4,372.5,60.8,0,2.9,341.4,1.8,0.1,18.1,321.5,76.9,418.4,29.6,17.2,46.9,1695.2
"Total GHG",2021,"Fermanagh and Omagh",52.3,0.8,15.9,48.7,117.6,18,0,3.5,21.5,5.8,0,4.1,9.9,37.6,1.3,169.4,208.3,130.3,0,251.5,0,4.9,386.7,-167.5,20.1,-182,737.9,62.1,0,9.2,479.7,3.8,0,33.8,739.9,191.1,968.6,56,11.9,67.8,2260.2
"Total GHG",2021,"Lisburn and Castlereagh",38.3,28.2,22,51.3,139.7,13.7,20.9,4.1,38.6,6,33.8,5,44.8,48.7,68,161.3,278,129.9,56.3,93.4,2.8,3,285.4,-8.2,42.7,-61.5,3.7,52.4,0,1,30.1,0.8,1.1,12.4,185.7,43,243.1,63.5,104.7,168.2,1227.9
"Total GHG",2021,"Mid and East Antrim",41.3,7.6,12.3,23.5,84.8,13.8,27.3,3.8,44.8,3.6,19.3,3.1,26,47.3,45.9,181.6,274.8,122.5,13,137,3.1,3.9,279.5,-30.5,48,-83.8,147.9,50.2,0,1.9,133.7,1.8,0.8,17.5,362.4,78.8,461.4,60.6,15.8,76.3,1381.3
"Total GHG",2021,"Mid Ulster",90.7,0.8,319.2,79.6,490.2,16.5,0,4.8,21.3,3.3,0,3.1,6.3,47.7,1.6,211.8,261,154.3,8,217.4,0,4.3,384.1,-66.9,54.5,-167.3,369.9,51.7,0,6,247.9,2.9,0,33.1,732.6,170.7,939.4,7.1,21.2,28.3,2378.5
"Total GHG",2021,"Newry, Mourne and Down",42.4,5.3,0,33.6,81.3,18.8,8.6,4.9,32.3,4.9,5.8,4.2,14.9,61.2,12.9,274,348.1,242.7,0,190.7,0.8,5.7,439.9,-44,205.9,-142.8,85.2,55.7,-0.2,1,161.1,2.9,3.6,32.4,543.6,116.7,699.3,12.6,21.4,34,1810.8
"Total GHG",2021,"Ards and North Down",26.2,9.6,2.4,12.4,50.6,14.5,20.5,3.2,38.3,3.7,9.6,2.8,16.2,57.1,97.4,174.8,329.3,114.3,0,77.7,2.2,2,196.2,-8.1,165.6,-19.9,15.8,46.3,-0.1,-2,197.6,1.5,0.2,12.2,176.6,46,236.6,85.1,14.4,99.5,1164.1
"Total GHG",2021,"Northern Ireland",630.2,195.4,494.8,448.2,1768.6,255.5,243.6,53.6,552.7,86.2,223.9,55.3,365.4,618.1,638.4,2331.3,3587.7,1654,269.5,1731.7,24.1,58,3737.3,-527,822.4,-1116.5,2339.4,656.1,-0.6,31.3,2205.1,22.7,8.2,234.3,4489,1060.7,5815,596,430.6,1026.6,19058.5
"Total GHG",2022,"Antrim and Newtownabbey",62.1,3.6,0.7,33,99.3,9.3,17.2,3.6,30.1,2.7,22,1.9,26.6,43.3,59.3,143.7,246.3,115.9,104.8,93.5,2.7,12.9,329.7,-11.8,21.4,-67.1,20.9,55.9,0,1.2,20.5,0.3,0.6,7.9,223.4,38.9,271.2,56.3,36.8,93.1,1116.9
"Total GHG",2022,"Armagh City, Banbridge and Craigavon",90.8,61.9,10.3,60.9,223.9,23.2,22.2,5.9,51.3,7,18.6,3.1,28.7,65.7,30.7,277.4,373.8,225,50.2,207.9,3.1,5.9,492,-24.2,89.6,-170.8,147.1,75.7,0,4.7,122.1,1.7,0.4,22.1,638.9,133.6,796.8,20.2,56.4,76.6,2165.3
"Total GHG",2022,"Belfast",80.4,36.1,2.4,36.6,155.6,83,85.1,9.5,177.5,35.9,76.5,12.4,124.7,95.2,252.5,142.2,489.8,162.5,47.2,79.8,4,15.4,308.8,-1.3,1.5,-6.7,0.5,89.1,0,0.1,83.3,0.1,0.2,0.7,13.8,3.1,17.8,119.7,104.6,224.3,1581.9
"Total GHG",2022,"Causeway Coast and Glens",35.1,2.8,0.9,28.3,67.2,15.7,23.9,4.3,43.9,4.5,8.2,2.5,15.2,46.2,16.4,175.9,238.4,145.1,0,196.4,4.2,5.1,350.9,-111.3,131.8,-135.5,425,54.4,-0.1,3.1,367.5,1.1,0.8,20.6,536.9,127.7,687.1,38.9,14.9,53.8,1823.9
"Total GHG",2022,"Derry City and Strabane",66.1,34.6,108.9,36.7,246.3,21.7,15.3,3.7,40.7,8.4,22.8,2.8,34.1,42.9,34.5,181.9,259.3,107.3,0,132.5,0.8,4.4,245,-56.3,42.9,-81.5,371.9,60.5,0,2.2,339.7,0.7,0.1,12.3,323.4,66.9,403.4,29.9,17.6,47.4,1615.9
"Total GHG",2022,"Fermanagh and Omagh",52.5,0.1,17.1,70.5,140.1,17.7,0,3.2,20.9,6.1,0,2.9,9,35,1.8,133.4,170.1,128.9,0,233.9,0,5.1,367.9,-192,20.2,-181.6,724.3,61.7,0,6.8,439.3,1.6,0,24.8,741.2,165.3,932.9,62.6,12,74.7,2155
"Total GHG",2022,"Lisburn and Castlereagh",38.3,18.9,20.9,44.4,122.6,13.8,25.4,3.5,42.8,6.1,29.6,3.5,39.1,44.9,66.5,128.1,239.4,130.5,61.8,86.8,2.7,3.3,285.2,-8.4,43.1,-62,3.7,52.1,0,0.8,29.2,0.6,0.9,8.9,187,39.7,237,62.5,100.5,163,1158.4
"Total GHG",2022,"Mid and East Antrim",40.5,8.3,12.1,24.5,85.4,13.3,23.2,3.3,39.9,3.9,19.8,2.2,25.9,43.3,44.9,144.2,232.4,123.6,14.9,127.3,3,4.2,273,4,48.3,-83.9,151.4,50,0,1.4,171.2,0.8,0.7,11.9,366,70.2,449.7,62.2,16.3,78.5,1355.9
"Total GHG",2022,"Mid Ulster",87.6,0.1,281.2,105,473.8,15.4,0,4.4,19.8,3.2,0,2.5,5.6,44.3,2.2,166.8,213.3,156.2,9.2,202.2,0,4.5,372.1,-68.5,54.9,-167.7,362,51.3,0,5,237,1,0,23.5,736.5,154.1,915,6.9,21.9,28.8,2265.5
"Total GHG",2022,"Newry, Mourne and Down",43.4,2,0,34.3,79.7,17.2,8.8,5,31,4.6,5.3,2.9,12.8,56.4,13.8,215.6,285.8,247.8,0,177.3,0.8,5.7,431.7,-45.6,206.7,-143.3,85.2,55.5,-0.1,0.2,158.6,1.5,5.3,22.6,540,104.3,673.7,11.5,21.1,32.6,1705.8
"Total GHG",2022,"Ards and North Down",26.6,6.5,4,10.7,47.8,13.8,19.5,3.1,36.5,3.6,7.4,1.9,13,52.3,94.6,139.4,286.3,113.1,0,72.2,2.2,2.5,190,-8.5,166.2,-20.1,15.8,46.1,-0.1,-2.3,197.1,1,2.5,9.1,176.4,42.9,231.9,80.3,14.4,94.8,1097.4
"Total GHG",2022,"Northern Ireland",623.6,174.8,458.4,484.9,1741.7,244.3,240.6,49.6,534.4,86,210.3,38.5,334.8,569.4,617.3,1848.3,3035,1655.9,288.2,1609.8,23.4,69.2,3646.4,-523.9,826.4,-1120.1,2307.8,652.3,-0.5,23.4,2165.5,10.3,11.5,164.5,4483.4,946.7,5616.5,551,416.6,967.6,18041.9
"Total GHG",2023,"Antrim and Newtownabbey",52.7,2.8,1.4,32.1,89.1,9,13.9,3.4,26.3,2.5,25.2,1.8,29.4,37.3,56.7,149.2,243.2,116.3,105.4,90.6,2.8,14.8,329.9,-11.3,21.9,-67.3,21,58.1,0,0.9,23.4,0.3,0.6,10.4,223.3,42,276.6,56.1,38.9,95,1112.9
"Total GHG",2023,"Armagh City, Banbridge and Craigavon",73.3,64.1,9.7,54.8,201.9,21,24.7,5.5,51.1,6.2,20,2.7,28.9,55.9,30,288.9,374.7,221.1,50.5,201.1,3.2,7,482.9,-23.7,91.6,-172.1,147.1,78.8,0,4,125.8,1.5,0.6,28.8,638.4,139.8,809.1,13.7,59.6,73.4,2147.9
"Total GHG",2023,"Belfast",63.3,42.7,7.4,34.7,148.1,71.5,79.2,9,159.7,30.7,81.7,12.9,125.3,80.9,243.7,149.4,474,170.9,51.5,77.7,4.2,18.3,322.6,-1.2,1.5,-6.6,0.5,92,0,0.1,86.3,0.1,0.2,0.9,17.9,4,23,69.2,114.3,183.5,1522.5
"Total GHG",2023,"Causeway Coast and Glens",28.4,24.2,0.9,27.4,81,13.9,11.7,3.8,29.4,4,7.9,2.7,14.6,39.3,15.8,184.5,239.6,135.2,0,189.8,4.4,5.7,335.2,-111.7,134.5,-136.1,424.8,56.3,0,1.2,369.1,0.9,0.5,28,532.6,132.3,694.3,49.5,15.2,64.7,1827.8
"Total GHG",2023,"Derry City and Strabane",52.7,37.1,99.3,36.7,225.8,18.6,13.6,3.4,35.7,7.2,21.1,2.8,31,36.5,33.2,186,255.7,107,0,128.3,0.8,5,241.1,-57.4,43.9,-81.8,371.8,62.7,0,1.3,340.5,0.7,0,14.3,312.2,69.3,396.5,21.7,17.9,39.6,1565.9
"Total GHG",2023,"Fermanagh and Omagh",41,0,15.8,61.1,117.9,15.3,0,2.8,18.2,5.1,0,2.8,8,29.6,2.2,141.7,173.6,126.1,0,226.1,0,5.9,358.1,-191,20.6,-181.9,724.1,64.4,0,3.6,439.8,1.6,0,27,726.6,172.1,927.3,72.9,12.3,85.2,2128
"Total GHG",2023,"Lisburn and Castlereagh",32.6,18.5,22.3,42.3,115.6,12.7,24.6,3.3,40.6,5.6,39.4,3.6,48.6,38.6,62.6,134.4,235.6,129.2,62,84.1,2.8,4,282.1,-8.2,44.2,-62.3,3.7,53.9,0,0.6,31.9,0.5,0.8,11.8,185,40.7,238.8,70.4,107.6,178,1171.1
"Total GHG",2023,"Mid and East Antrim",34.7,11.3,12,22.1,80.1,12.3,19,3,34.3,3.6,18.3,2.2,24.1,37,42.5,150.3,229.9,122.1,14.9,123.2,3.2,5,268.4,-30.8,49.4,-84.1,151.2,51.6,0,0.8,138.2,0.8,3.4,16.4,362.7,74.4,457.7,73.9,16.8,90.7,1323.4
"Total GHG",2023,"Mid Ulster",73.1,1.6,272.3,92.1,439.3,13.8,0,3.9,17.7,2.9,0.1,2.2,5.1,37.9,2.5,177.4,217.9,155.3,9.2,195.5,0,5.3,365.3,-67.3,56.1,-168.5,362,53.7,0,3.7,239.6,1,0,27.9,720.4,160.3,909.5,3.5,22.3,25.8,2220.3
"Total GHG",2023,"Newry, Mourne and Down",36,2.1,0,31.3,69.4,15.5,8.9,4.4,28.8,4.1,5.7,2.5,12.3,48.1,13.1,227.8,289.1,243.1,0,171.5,0.8,6.8,422.2,-44,210.7,-143.9,85.1,57.3,0,-1,164.3,1.5,7.4,30.2,534.7,112.5,686.3,7,21.5,28.5,1700.9
"Total GHG",2023,"Ards and North Down",21.3,10.3,0.1,10.7,42.3,12.3,18.7,3,34,3.2,8,2,13.2,44.5,87.7,144.7,276.9,110.4,0,70,2.3,2.9,185.5,-8.1,169.3,-20.3,15.8,46.7,0,-2.8,200.6,0.9,1.9,12.4,173.3,45,233.6,73.3,14.7,88.1,1074.3
"Total GHG",2023,"Northern Ireland",509.2,214.8,441.2,445.3,1610.4,216,214.3,45.5,475.8,74.9,227.5,38.1,340.5,485.7,590.1,1934.3,3010.1,1636.7,293.6,1557.8,24.5,80.7,3593.3,-554.7,843.9,-1124.8,2307.1,675.7,-0.1,12.5,2159.6,9.7,15.4,208.1,4427.1,992.5,5652.7,511.2,441.3,952.5,17794.8
"Total GHG",2024,"Antrim and Newtownabbey",43.4,2.5,1.4,42.5,89.9,8.5,11.7,4.6,24.8,2.2,23.1,3,28.3,32,55.3,164.1,251.4,115.1,108.1,90,2.9,16.9,332.9,-11.4,22,-67.8,21.1,58.3,0,1.3,23.5,0.3,2.1,12.2,219,43.2,276.7,50.5,39.3,89.8,1117.2
"Total GHG",2024,"Armagh City, Banbridge and Craigavon",61.9,61.1,9.4,58.6,191,17.8,25.6,8,51.4,4.8,16.9,5.7,27.5,47.4,29.4,319.4,396.2,215.7,52.5,200.1,3.4,7.9,479.6,-23.9,91.7,-172.8,147.2,79,0,4.9,126.1,2.3,0.4,35.2,639.3,142.3,819.4,36.3,60,96.4,2187.6
"Total GHG",2024,"Belfast",60.6,43.9,2.7,61.6,168.8,54.8,72.2,9.1,136.1,21.7,80.9,10.8,113.4,68.1,231,160,459.1,170.2,51.7,76.9,4.4,18.8,322,-1.2,1.6,-6.8,0.5,92.6,0,0.2,86.8,0,1.9,0.9,16.3,3.9,23,7.2,115.9,123.1,1432.2
"Total GHG",2024,"Causeway Coast and Glens",22.3,3.3,0.9,27.3,53.8,13,22,7.3,42.3,3.5,8.3,4.9,16.6,33.4,15.4,201.9,250.7,130.8,0,189.1,4.7,6.4,330.9,-110.8,134.6,-136.5,424.4,56.8,0,3.9,372.4,0.9,0.3,33.4,531.5,136.8,702.9,37.7,15.3,53,1822.6
"Total GHG",2024,"Derry City and Strabane",44.6,39.2,103.7,37.1,224.5,16.8,12.5,5,34.3,6.1,21.3,4.9,32.3,31,32.7,206.8,270.5,105.2,0,127.6,0.8,5.8,239.4,-56.8,44,-82,371.6,63.1,0,2.7,342.7,0.8,2.4,20.1,320.7,76.5,420.5,34.8,18,52.8,1617.1
"Total GHG",2024,"Fermanagh and Omagh",33.1,0,18.7,68.9,120.7,15.2,0,6.2,21.4,4.6,0,7.6,12.2,25.1,2.6,153.6,181.3,121,0,225.2,0,6.6,352.7,-190.4,20.6,-182.1,724.2,64.4,0,8.6,445.4,1.4,0,39.2,717.7,180.9,939.3,51.6,12.3,63.8,2136.8
"Total GHG",2024,"Lisburn and Castlereagh",26.7,21.2,16.4,36.6,101,12.2,18.4,4.7,35.3,5.1,38.7,2.8,46.6,33,61.5,145.3,239.8,127.4,64.5,83.6,3,4.6,283.1,-8.3,44.4,-62.7,3.7,54.3,0,0.9,32.3,0.6,0.6,14,191.3,43.2,249.6,81.9,108.6,190.5,1178.2
"Total GHG",2024,"Mid and East Antrim",27.5,12.8,11.8,24.2,76.2,11.8,19.9,4.4,36.1,3,17.4,2.6,23,31.3,41.5,164.4,237.3,117.6,15.6,122.6,3.3,5.5,264.5,-30.8,49.5,-84.4,150.5,52,0,1.7,138.5,0.7,1.4,18.6,351.9,75.8,448.4,90.7,16.9,107.6,1331.6
"Total GHG",2024,"Mid Ulster",58.8,2.6,272.8,93.8,428,13.4,0.1,8.4,21.8,2.6,0.2,5.9,8.7,32.3,3,192.5,227.8,148.4,9.6,194.7,0,5.9,358.6,-67.4,56.2,-169,361.9,53.6,0,5.6,241,1.2,0,36.6,722.6,166.4,926.9,28.6,24.3,52.9,2265.7
"Total GHG",2024,"Newry, Mourne and Down",29.1,5.4,0,36.2,70.7,14.3,9,7.3,30.6,3.5,6,6,15.5,40.9,12.9,249.4,303.2,234.8,0,170.7,0.9,7.5,413.9,-44.3,210.8,-144.4,85.1,57.8,0,0.4,165.5,1.6,4.6,35.6,527.1,115.4,684.4,1.2,21.3,22.5,1706.3
"Total GHG",2024,"Ards and North Down",16.1,12.2,0.2,12,40.4,11.9,16.7,4.9,33.5,2.9,7.7,2.4,13.1,37.6,82.2,156.4,276.2,106.9,0,69.5,2.4,3.3,182.1,-8.2,169.5,-20.4,15.8,47.6,0,-2.5,201.9,0.7,2.2,14,175,45.4,237.3,74.1,25.2,99.3,1083.8
"Total GHG",2024,"Northern Ireland",423.9,204.2,438,498.8,1565,189.7,208.1,69.9,467.8,60,220.4,56.6,337,412.1,567.5,2113.8,3093.4,1592.9,302,1550.1,25.8,89,3559.7,-553.4,845,-1128.9,2305.9,679.6,0.1,27.7,2176,10.5,15.9,259.9,4412.3,1029.9,5728.4,494.6,457.2,951.7,17879.1
