"Statistic","Year","Flow","Transaction","Trade partner","All industries","(A) Agriculture, Forestry And Fishing","(B) Mining And Quarrying","(C) Manufacturing","(D) Electricity, Gas, Steam And Air Conditioning Supply","(E) Water Supply; Sewerage, Waste Management And Remediation Activities","(F) Construction","(G) Wholesale And Retail Trade; Repair Of Motor Vehicles And Motorcycles","(H) Transportation And Storage","(I) Accommodation And Food Service Activities","(J) Information And Communication","(L) Real Estate Activities","(M) Professional, Scientific And Technical Activities","(N) Administrative And Support Service Activities","(P) Education","(Q) Human Health And Social Work Activities","(R) Arts, Entertainment And Recreation","(S) Other Service Activities"
"Value of trade",2011,"Sales","Goods","All countries",45168.25945,84.25189033,320.8793631,16163.80616,1104.393581,319.5065758,1783.270855,22780.01455,491.3368732,987.9491363,208.5550294,86.97515782,216.0545864,418.6502061,1.839997807,103.9075846,74.1545536,22.71335272
"Value of trade",2011,"Sales","Goods","Northern Ireland",27958.82217,49.72737039,207.8715759,3540.114809,1040.529099,53.88325268,1494.088733,19401.91061,404.7700948,976.42937,134.5941988,72.45057394,102.0890859,293.1321069,0.313731547,93.73656875,73.73971451,19.44127702
"Value of trade",2011,"Sales","Goods","Great Britain",9221.272523,NA,NA,7198.019247,NA,86.45007452,226.7098929,NA,NA,NA,48.71322135,7.593803104,15.50350858,51.88413054,0.349752786,NA,0.201543686,NA
"Value of trade",2011,"Sales","Goods","Ireland",2764.083483,NA,31.58660804,1311.370557,NA,8.318940532,58.99326052,1212.634528,17.84742033,NA,13.59221825,3.993249336,6.231608388,23.16037888,NA,0.35545558,0.143636083,NA
"Value of trade",2011,"Sales","Goods","Rest of the Europe Union (EU excluding Ireland)",1798.567836,NA,NA,1298.145449,NA,NA,3.220989626,NA,NA,NA,NA,NA,NA,NA,NA,NA,NA,NA
"Value of trade",2011,"Sales","Goods","Rest of the World (all countries outside the UK and EU)",3425.513443,NA,NA,2816.156098,NA,NA,NA,406.447826,NA,NA,NA,NA,NA,NA,NA,NA,NA,NA
"Value of trade",2011,"Sales","Goods","External Sales/Purchases (outside NI)",17209.43729,NA,113.0077871,12623.69135,NA,265.6233231,289.182122,3378.103946,86.56677845,11.51976632,73.96083064,NA,113.9655005,125.5180992,NA,NA,0.414839095,NA
"Value of trade",2011,"Sales","Goods","Exports (outside UK)",7988.164762,23.75631124,37.58711962,5425.672103,NA,179.1732486,62.47222918,1959.322328,NA,NA,25.24760929,6.930780773,98.46199188,73.63396863,NA,NA,0.213295409,NA
"Value of trade",2011,"Sales","Goods","Imports (outside UK)",NA,NA,NA,NA,NA,NA,NA,NA,NA,NA,NA,NA,NA,NA,NA,NA,NA,NA
"Value of trade",2011,"Sales","Services","All countries",16361.47083,16.23419863,34.39041719,417.8122406,919.3371014,139.4053951,3663.426158,1095.433011,2475.201732,266.9176304,1223.292045,805.4881214,1526.887832,1354.784517,244.9119829,831.900534,955.1093487,390.9385606
"Value of trade",2011,"Sales","Services","Northern Ireland",13062.70786,14.07681107,19.26913899,219.2335849,898.6061493,122.9979393,2789.616957,728.0321263,1697.853035,261.5350065,770.9604895,757.2685553,1312.32582,1120.540177,232.2857857,825.5153176,937.5278712,355.0630917
"Value of trade",2011,"Sales","Services","Great Britain",2171.164372,NA,NA,81.25967398,NA,12.07763611,718.297919,NA,NA,NA,230.0092488,40.61616933,76.31685261,137.4814216,1.781816687,NA,12.57127116,NA
"Value of trade",2011,"Sales","Services","Ireland",565.9651767,NA,14.43305537,41.55388804,NA,4.155661668,114.2019146,35.95959054,149.7608684,NA,69.05716408,7.447452118,60.8297905,40.31323708,NA,2.525902539,2.241482983,NA
"Value of trade",2011,"Sales","Services","Rest of the Europe Union (EU excluding Ireland)",245.7869732,NA,NA,31.85424518,NA,NA,NA,NA,NA,NA,NA,NA,30.8498189,NA,NA,NA,NA,NA
"Value of trade",2011,"Sales","Services","Rest of the World (all countries outside the UK and EU)",315.8464471,NA,NA,43.91084857,NA,NA,NA,1.691107183,NA,NA,138.1205656,NA,NA,NA,NA,NA,NA,NA
"Value of trade",2011,"Sales","Services","External Sales/Purchases (outside NI)",3298.762969,NA,15.1212782,198.5786558,NA,16.40745581,873.8092009,367.4008845,777.348697,5.382623965,452.3315552,NA,214.5620118,234.2443402,NA,NA,17.58147747,NA
"Value of trade",2011,"Sales","Services","Exports (outside UK)",1127.598597,NA,NA,117.3189818,NA,4.329819702,155.5112819,NA,NA,NA,222.3223064,7.603396766,138.2451591,96.76291866,NA,2.775740909,5.010206312,NA
"Value of trade",2011,"Sales","Services","Imports (outside UK)",NA,NA,NA,NA,NA,NA,NA,NA,NA,NA,NA,NA,NA,NA,NA,NA,NA,NA
"Value of trade",2011,"Sales","All Transactions","All countries",61529.73028,100.486089,355.2697803,16581.6184,2023.730682,458.9119709,5446.697012,23875.44756,2966.538606,1254.866767,1431.847074,892.4632793,1742.942418,1773.434723,246.7519807,935.8081186,1029.263902,413.6519134
"Value of trade",2011,"Sales","All Transactions","Northern Ireland",41021.53002,63.80418146,227.1407149,3759.348394,1939.135249,176.881192,4283.70569,20129.94273,2102.62313,1237.964376,905.5546883,829.7191293,1414.414906,1413.672284,232.5995173,919.2518863,1011.267586,374.5043687
"Value of trade",2011,"Sales","All Transactions","Great Britain",11392.4369,11.38720869,NA,7279.278921,NA,98.52771063,945.0078119,1728.859488,560.8791703,NA,278.7224702,48.20997243,91.82036119,189.3655521,2.131569473,12.79171511,12.77281484,37.92636472
"Value of trade",2011,"Sales","All Transactions","Ireland",3330.04866,10.85208186,46.01966341,1352.924445,73.33619503,12.4746022,173.1951751,1248.594119,167.6082887,8.582140069,82.64938233,11.44070145,67.06139888,63.47361596,NA,2.881358119,2.385119066,NA
"Value of trade",2011,"Sales","All Transactions","Rest of the Europe Union (EU excluding Ireland)",2044.354809,NA,NA,1329.999694,NA,110.9587381,20.67587662,359.91229,87.30390402,NA,20.3653891,NA,46.48492999,NA,NA,NA,NA,NA
"Value of trade",2011,"Sales","All Transactions","Rest of the World (all countries outside the UK and EU)",3741.35989,NA,NA,2860.066947,NA,60.06972802,24.11245931,408.1389332,48.12411239,NA,144.5551443,NA,123.1608221,NA,4.754776393,NA,NA,NA
"Value of trade",2011,"Sales","All Transactions","External Sales/Purchases (outside NI)",20508.19976,36.68190749,128.1290653,12822.27001,84.59493484,282.0307789,1162.991323,3745.504831,863.9154754,16.90239029,526.2923859,62.74414997,328.5275122,359.7624394,14.15246344,16.55623226,17.99631656,39.14754466
"Value of trade",2011,"Sales","All Transactions","Exports (outside UK)",9115.763206,25.2946988,NA,5542.991085,NA,183.5030683,217.9835111,2016.645342,303.0363051,NA,247.5699157,14.53417754,236.707151,170.3968873,12.02089397,3.764517142,5.223501721,1.221179936
"Value of trade",2011,"Sales","All Transactions","Imports (outside UK)",NA,NA,NA,NA,NA,NA,NA,NA,NA,NA,NA,NA,NA,NA,NA,NA,NA,NA
"Value of trade",2011,"Purchases","Goods","All countries",NA,NA,NA,NA,NA,NA,NA,NA,NA,NA,NA,NA,NA,NA,NA,NA,NA,NA
"Value of trade",2011,"Purchases","Goods","Northern Ireland",NA,NA,NA,NA,NA,NA,NA,NA,NA,NA,NA,NA,NA,NA,NA,NA,NA,NA
"Value of trade",2011,"Purchases","Goods","Great Britain",NA,NA,NA,NA,NA,NA,NA,NA,NA,NA,NA,NA,NA,NA,NA,NA,NA,NA
"Value of trade",2011,"Purchases","Goods","Ireland",1911.216456,NA,NA,583.0444505,3.51962945,33.03230835,37.70568761,1081.950841,65.47335805,25.66143402,14.71364988,1.485923312,7.869193382,28.19557212,NA,NA,1.266199059,NA
"Value of trade",2011,"Purchases","Goods","Rest of the Europe Union (EU excluding Ireland)",1428.26257,2.607635322,4.156765779,608.1873914,NA,NA,NA,690.7969801,NA,NA,NA,NA,NA,NA,NA,NA,NA,NA
"Value of trade",2011,"Purchases","Goods","Rest of the World (all countries outside the UK and EU)",1700.905525,NA,NA,792.9550259,NA,NA,NA,868.958713,NA,NA,NA,NA,NA,NA,NA,NA,NA,NA
"Value of trade",2011,"Purchases","Goods","External Sales/Purchases (outside NI)",NA,NA,NA,NA,NA,NA,NA,NA,NA,NA,NA,NA,NA,NA,NA,NA,NA,NA
"Value of trade",2011,"Purchases","Goods","Exports (outside UK)",NA,NA,NA,NA,NA,NA,NA,NA,NA,NA,NA,NA,NA,NA,NA,NA,NA,NA
"Value of trade",2011,"Purchases","Goods","Imports (outside UK)",5040.384551,NA,NA,1984.186868,4.721622832,37.29203566,72.73799027,2641.706534,103.242326,25.85227744,18.75793347,NA,41.86957116,59.46598903,NA,0.271238193,1.877446718,NA
"Value of trade",2011,"Purchases","Services","All countries",NA,NA,NA,NA,NA,NA,NA,NA,NA,NA,NA,NA,NA,NA,NA,NA,NA,NA
"Value of trade",2011,"Purchases","Services","Northern Ireland",NA,NA,NA,NA,NA,NA,NA,NA,NA,NA,NA,NA,NA,NA,NA,NA,NA,NA
"Value of trade",2011,"Purchases","Services","Great Britain",NA,NA,NA,NA,NA,NA,NA,NA,NA,NA,NA,NA,NA,NA,NA,NA,NA,NA
"Value of trade",2011,"Purchases","Services","Ireland",219.8832175,NA,NA,27.62505673,6.035427824,0.33488964,21.90747685,52.68443993,43.76480846,0.791823575,15.72506478,0.32162185,14.50465782,26.18462685,NA,NA,0.838162884,NA
"Value of trade",2011,"Purchases","Services","Rest of the Europe Union (EU excluding Ireland)",67.12554918,NA,NA,16.53662722,2.542355404,NA,NA,16.21965131,NA,NA,NA,NA,2.244960845,NA,NA,NA,NA,NA
"Value of trade",2011,"Purchases","Services","Rest of the World (all countries outside the UK and EU)",104.2374215,NA,NA,41.51212188,NA,NA,NA,14.97101101,37.42629169,NA,NA,NA,NA,NA,NA,NA,NA,NA
"Value of trade",2011,"Purchases","Services","External Sales/Purchases (outside NI)",NA,NA,NA,NA,NA,NA,NA,NA,NA,NA,NA,NA,NA,NA,NA,NA,NA,NA
"Value of trade",2011,"Purchases","Services","Exports (outside UK)",NA,NA,NA,NA,NA,NA,NA,NA,NA,NA,NA,NA,NA,NA,NA,NA,NA,NA
"Value of trade",2011,"Purchases","Services","Imports (outside UK)",391.2461882,NA,NA,85.67380584,8.783441904,0.989267539,23.33289499,83.87510225,96.58189194,1.374882007,22.8208755,NA,19.65020556,33.14745549,NA,1.016193551,0.928946094,NA
"Value of trade",2011,"Purchases","All Transactions","All countries",40325.26906,53.69922745,232.9706412,8840.629146,1684.849694,353.1500815,3577.983789,18913.59641,1679.961768,645.0175397,632.4375753,419.4028808,740.842226,838.7503358,186.8965715,345.6424587,852.314022,327.1246902
"Value of trade",2011,"Purchases","All Transactions","Northern Ireland",NA,NA,NA,NA,NA,NA,NA,NA,NA,NA,NA,NA,NA,NA,NA,NA,NA,NA
"Value of trade",2011,"Purchases","All Transactions","Great Britain",NA,NA,NA,NA,NA,NA,NA,NA,NA,NA,NA,NA,NA,NA,NA,NA,NA,NA
"Value of trade",2011,"Purchases","All Transactions","Ireland",2131.099674,1.352794967,23.76351024,610.6695073,9.555057274,33.36719799,59.61316446,1134.635281,109.2381665,26.4532576,30.43871466,1.807545161,22.3738512,54.38019897,NA,0.724326935,2.104361942,NA
"Value of trade",2011,"Purchases","All Transactions","Rest of the Europe Union (EU excluding Ireland)",1495.38812,NA,NA,624.7240186,3.15879125,NA,30.96803246,707.0166314,51.87409419,NA,6.245178882,NA,18.30310931,33.50836342,NA,NA,0.383704701,NA
"Value of trade",2011,"Purchases","All Transactions","Rest of the World (all countries outside the UK and EU)",1805.142946,NA,NA,834.4671477,0.791216212,NA,5.489688337,883.929724,38.71195724,NA,4.894915425,NA,20.8428162,4.724882133,3.464,NA,0.318326168,NA
"Value of trade",2011,"Purchases","All Transactions","External Sales/Purchases (outside NI)",NA,NA,NA,NA,NA,NA,NA,NA,NA,NA,NA,NA,NA,NA,NA,NA,NA,NA
"Value of trade",2011,"Purchases","All Transactions","Exports (outside UK)",NA,NA,NA,NA,NA,NA,NA,NA,NA,NA,NA,NA,NA,NA,NA,NA,NA,NA
"Value of trade",2011,"Purchases","All Transactions","Imports (outside UK)",5431.630739,4.31078961,34.54043832,2069.860674,13.50506474,38.2813032,96.07088526,2725.581637,199.8242179,27.22715945,41.57880897,3.390484021,61.51977672,92.61344452,9.09,1.287431743,2.806392812,10.14223182
"Value of trade",2012,"Sales","Goods","All countries",44660.51502,92.2104623,315.9948574,16375.60465,1047.087469,235.3420046,1355.575372,23071.97923,232.0569849,953.6250678,192.3268048,82.69300592,270.1937397,257.6437248,4.601086214,75.15633274,65.09721034,33.32701894
"Value of trade",2012,"Sales","Goods","Northern Ireland",27071.87231,59.29605069,NA,3441.518482,NA,59.57899492,1149.679226,19502.43521,161.4049599,NA,117.8454549,54.97393055,105.6955714,100.1005105,NA,NA,62.53601993,NA
"Value of trade",2012,"Sales","Goods","Great Britain",9651.307802,4.30617749,NA,7473.867863,NA,NA,132.0647871,1705.602561,NA,NA,49.39854125,NA,62.34850179,41.58924103,NA,NA,0.443980355,NA
"Value of trade",2012,"Sales","Goods","Ireland",2758.014927,NA,29.67459619,1291.099268,NA,9.408738748,46.12907339,1184.413519,19.38616495,NA,13.03027801,NA,6.807109729,93.17619021,NA,NA,0.114359354,0.579067633
"Value of trade",2012,"Sales","Goods","Rest of the Europe Union (EU excluding Ireland)",1660.919605,NA,NA,1217.191824,NA,NA,NA,288.981373,NA,NA,NA,NA,NA,NA,NA,NA,NA,NA
"Value of trade",2012,"Sales","Goods","Rest of the World (all countries outside the UK and EU)",3518.400379,NA,NA,2951.927212,NA,NA,NA,NA,NA,NA,NA,NA,NA,NA,NA,NA,NA,NA
"Value of trade",2012,"Sales","Goods","External Sales/Purchases (outside NI)",17588.64271,32.91441161,NA,12934.08617,NA,175.7630096,205.8961459,3569.54402,NA,NA,74.48134989,27.71907538,164.4981683,157.5432143,NA,NA,2.56119041,NA
"Value of trade",2012,"Sales","Goods","Exports (outside UK)",7937.334912,NA,34.62816985,5460.218305,NA,136.9881821,73.83135875,1863.94146,NA,NA,25.08280864,NA,102.1496666,115.9539733,NA,NA,2.117210055,0.594352783
"Value of trade",2012,"Sales","Goods","Imports (outside UK)",NA,NA,NA,NA,NA,NA,NA,NA,NA,NA,NA,NA,NA,NA,NA,NA,NA,NA
"Value of trade",2012,"Sales","Services","All countries",17406.09952,19.66719379,63.73532278,456.907391,1025.974865,593.3629456,3798.915014,1096.402762,2506.549842,361.7171599,1310.336225,809.8765159,1428.660679,1468.745005,225.4826152,941.3746588,998.5463053,299.8450214
"Value of trade",2012,"Sales","Services","Northern Ireland",14087.49828,16.78912131,41.744867,205.6937869,1015.761244,567.5551004,2818.450843,895.4991992,1788.445434,340.79005,879.2104345,721.9206977,1183.937861,1198.591752,202.0726132,937.5924094,985.3454688,288.0973937
"Value of trade",2012,"Sales","Services","Great Britain",1960.562255,NA,NA,51.13309515,NA,NA,757.4420381,100.5181412,NA,NA,203.7891266,75.07502848,97.80787279,161.5143553,NA,NA,6.601147446,NA
"Value of trade",2012,"Sales","Services","Ireland",670.4076391,NA,19.79102903,73.54264769,NA,4.119085424,172.3886343,26.1556505,195.8610057,NA,68.07522256,NA,66.88100857,14.69331014,NA,NA,2.642143116,1.603754979
"Value of trade",2012,"Sales","Services","Rest of the Europe Union (EU excluding Ireland)",250.1695706,NA,NA,30.71406537,NA,NA,NA,NA,NA,NA,NA,NA,35.98551784,NA,NA,NA,NA,NA
"Value of trade",2012,"Sales","Services","Rest of the World (all countries outside the UK and EU)",437.4617813,NA,NA,95.82379586,NA,NA,NA,NA,NA,NA,143.5144594,NA,NA,NA,NA,NA,NA,NA
"Value of trade",2012,"Sales","Services","External Sales/Purchases (outside NI)",3318.601246,2.878072479,21.99045577,251.2136041,10.2136212,25.8078452,980.4641707,200.9035629,NA,NA,431.1257909,87.95581818,244.7228182,270.1532533,NA,NA,13.20083647,11.7476277
"Value of trade",2012,"Sales","Services","Exports (outside UK)",1358.038991,NA,NA,200.0805089,NA,NA,223.0221325,100.3854217,NA,NA,227.3366642,NA,146.9149454,108.6388979,NA,NA,6.599689021,NA
"Value of trade",2012,"Sales","Services","Imports (outside UK)",NA,NA,NA,NA,NA,NA,NA,NA,NA,NA,NA,NA,NA,NA,NA,NA,NA,NA
"Value of trade",2012,"Sales","All Transactions","All countries",62066.61454,111.8776561,379.7301801,16832.51204,2073.062334,828.7049502,5154.490386,24168.38199,2738.606827,1315.342228,1502.66303,892.5695218,1698.854419,1726.38873,230.0837014,1016.530992,1063.643516,333.1720403
"Value of trade",2012,"Sales","All Transactions","Northern Ireland",41159.37058,76.08517199,249.2902539,3647.212269,2017.89374,627.1340953,3968.130069,20397.93441,1949.850394,1288.284001,997.0558893,776.8946282,1289.633433,1298.692262,205.0366761,1002.114201,1047.881489,320.247601
"Value of trade",2012,"Sales","All Transactions","Great Britain",11611.87006,7.063366177,73.95090238,7525.000958,10.67220176,60.46358732,889.5068252,1806.120702,482.1885993,13.18484526,253.1876679,91.95839952,160.1563746,203.1035964,8.448535503,NA,7.045127801,NA
"Value of trade",2012,"Sales","All Transactions","Ireland",3428.422566,5.756025883,49.46562522,1364.641916,41.28239228,13.52782417,218.5177076,1210.56917,215.2471706,10.82312521,81.10550057,19.52067359,73.6881183,107.8695004,7.147779953,4.320712003,2.756502471,2.182822612
"Value of trade",2012,"Sales","All Transactions","Rest of the Europe Union (EU excluding Ireland)",1911.089176,NA,NA,1247.905889,NA,77.3885696,39.15906811,319.2978782,63.47568395,2.216851602,20.91359803,NA,53.13819632,NA,1.316387952,NA,NA,NA
"Value of trade",2012,"Sales","All Transactions","Rest of the World (all countries outside the UK and EU)",3955.862161,NA,NA,3047.751008,NA,50.19087374,39.17671555,434.4598335,27.84497847,0.833404463,150.4003743,NA,122.2382973,NA,8.134321958,NA,NA,NA
"Value of trade",2012,"Sales","All Transactions","External Sales/Purchases (outside NI)",20907.24396,35.79248409,130.4399262,13185.29977,55.16859404,201.5708548,1186.360317,3770.447583,788.7564324,27.05822654,505.6071407,115.6748936,409.2209865,427.6964676,25.04702537,14.41679035,15.76202688,12.92443931
"Value of trade",2012,"Sales","All Transactions","Exports (outside UK)",9295.373903,28.72911791,56.48902386,5660.298813,44.49639228,141.1072675,296.8534913,1964.326881,306.5678331,13.87338128,252.4194728,23.71649404,249.064612,224.5928712,16.59848986,NA,8.716899076,NA
"Value of trade",2012,"Sales","All Transactions","Imports (outside UK)",NA,NA,NA,NA,NA,NA,NA,NA,NA,NA,NA,NA,NA,NA,NA,NA,NA,NA
"Value of trade",2012,"Purchases","Goods","All countries",NA,NA,NA,NA,NA,NA,NA,NA,NA,NA,NA,NA,NA,NA,NA,NA,NA,NA
"Value of trade",2012,"Purchases","Goods","Northern Ireland",NA,NA,NA,NA,NA,NA,NA,NA,NA,NA,NA,NA,NA,NA,NA,NA,NA,NA
"Value of trade",2012,"Purchases","Goods","Great Britain",NA,NA,NA,NA,NA,NA,NA,NA,NA,NA,NA,NA,NA,NA,NA,NA,NA,NA
"Value of trade",2012,"Purchases","Goods","Ireland",1900.003625,NA,13.84886121,663.0318304,NA,21.73031117,46.21599452,931.02577,59.65540628,29.85443162,16.25158642,NA,29.3880984,20.59255907,NA,NA,0.844829773,NA
"Value of trade",2012,"Purchases","Goods","Rest of the Europe Union (EU excluding Ireland)",1580.610611,1.912647212,NA,669.0368996,3.916890754,NA,27.22163883,766.6455334,NA,NA,NA,NA,6.539764403,NA,NA,NA,NA,NA
"Value of trade",2012,"Purchases","Goods","Rest of the World (all countries outside the UK and EU)",1806.660338,NA,NA,734.589615,NA,NA,5.176793935,1032.306823,NA,NA,NA,NA,16.701876,NA,NA,NA,NA,NA
"Value of trade",2012,"Purchases","Goods","External Sales/Purchases (outside NI)",NA,NA,NA,NA,NA,NA,NA,NA,NA,NA,NA,NA,NA,NA,NA,NA,NA,NA
"Value of trade",2012,"Purchases","Goods","Exports (outside UK)",NA,NA,NA,NA,NA,NA,NA,NA,NA,NA,NA,NA,NA,NA,NA,NA,NA,NA
"Value of trade",2012,"Purchases","Goods","Imports (outside UK)",5287.274573,NA,NA,2066.658345,65.956011,23.93529658,78.61442728,2729.978126,122.088276,30.39725855,22.6583977,NA,52.6297388,49.08488622,NA,NA,1.204554183,NA
"Value of trade",2012,"Purchases","Services","All countries",NA,NA,NA,NA,NA,NA,NA,NA,NA,NA,NA,NA,NA,NA,NA,NA,NA,NA
"Value of trade",2012,"Purchases","Services","Northern Ireland",NA,NA,NA,NA,NA,NA,NA,NA,NA,NA,NA,NA,NA,NA,NA,NA,NA,NA
"Value of trade",2012,"Purchases","Services","Great Britain",NA,NA,NA,NA,NA,NA,NA,NA,NA,NA,NA,NA,NA,NA,NA,NA,NA,NA
"Value of trade",2012,"Purchases","Services","Ireland",169.4568722,NA,NA,28.50662367,NA,0.324092109,22.1535955,21.93250046,40.80060348,0.88276754,9.082926515,NA,10.04605867,17.12673271,NA,NA,1.548967168,NA
"Value of trade",2012,"Purchases","Services","Rest of the Europe Union (EU excluding Ireland)",86.39838203,NA,NA,17.55341957,1.962886239,NA,3.581290905,11.75096756,NA,NA,NA,NA,12.95684779,NA,NA,NA,NA,NA
"Value of trade",2012,"Purchases","Services","Rest of the World (all countries outside the UK and EU)",71.61928901,NA,NA,42.37573966,NA,NA,1.002526819,4.252740731,NA,NA,3.345356226,NA,9.710949989,NA,NA,NA,NA,NA
"Value of trade",2012,"Purchases","Services","External Sales/Purchases (outside NI)",NA,NA,NA,NA,NA,NA,NA,NA,NA,NA,NA,NA,NA,NA,NA,NA,NA,NA
"Value of trade",2012,"Purchases","Services","Exports (outside UK)",NA,NA,NA,NA,NA,NA,NA,NA,NA,NA,NA,NA,NA,NA,NA,NA,NA,NA
"Value of trade",2012,"Purchases","Services","Imports (outside UK)",327.4745432,NA,NA,88.4357829,8.354493148,0.463171126,26.73741322,37.93620874,67.74483615,1.281436289,17.83660249,NA,32.71385645,24.29227209,NA,NA,2.060062421,NA
"Value of trade",2012,"Purchases","All Transactions","All countries",40116.14689,59.41736569,266.2200766,8865.018726,1706.688209,410.6876241,3358.514822,19032.23383,1665.054549,663.7293973,626.6882311,373.6742292,699.748454,718.9243493,173.9895168,336.1783178,859.3239174,300.0552764
"Value of trade",2012,"Purchases","All Transactions","Northern Ireland",NA,NA,NA,NA,NA,NA,NA,NA,NA,NA,NA,NA,NA,NA,NA,NA,NA,NA
"Value of trade",2012,"Purchases","All Transactions","Great Britain",NA,NA,NA,NA,NA,NA,NA,NA,NA,NA,NA,NA,NA,NA,NA,NA,NA,NA
"Value of trade",2012,"Purchases","All Transactions","Ireland",2069.460497,1.318309457,20.59658154,691.538454,62.23140488,22.05440328,68.36959001,952.9582704,100.4560098,30.73719916,25.33451294,10.67670708,39.43415706,37.71929178,1.226669173,0.655067118,2.39379694,1.760072167
"Value of trade",2012,"Purchases","All Transactions","Rest of the Europe Union (EU excluding Ireland)",1667.008993,NA,NA,686.5903192,5.879776993,NA,30.80292973,778.3965009,83.66939759,NA,7.853532792,NA,19.49661219,NA,3.521419315,NA,0.497074916,NA
"Value of trade",2012,"Purchases","All Transactions","Rest of the World (all countries outside the UK and EU)",1878.279627,NA,NA,776.9653546,6.199322281,NA,6.179320754,1036.559563,5.70770485,NA,7.306954455,NA,26.41282599,NA,2.412878327,NA,0.373744747,NA
"Value of trade",2012,"Purchases","All Transactions","External Sales/Purchases (outside NI)",NA,NA,NA,NA,NA,NA,NA,NA,NA,NA,NA,NA,NA,NA,NA,NA,NA,NA
"Value of trade",2012,"Purchases","All Transactions","Exports (outside UK)",NA,NA,NA,NA,NA,NA,NA,NA,NA,NA,NA,NA,NA,NA,NA,NA,NA,NA
"Value of trade",2012,"Purchases","All Transactions","Imports (outside UK)",5614.749116,3.276298881,26.39011069,2155.094128,74.31050415,24.39846771,105.3518405,2767.914335,189.8331122,31.67869484,40.49500018,13.54938319,85.34359525,73.37715831,7.160966815,1.096284988,3.264616603,12.21461966
"Value of trade",2013,"Sales","Goods","All countries",46885.36631,106.125882,310.1761942,17369.82765,1145.957194,343.3786861,1211.355526,24487.39749,283.8456093,872.5505648,159.0390099,38.94343106,183.6232986,252.6347284,10.0507946,40.82760693,40.16523152,29.46740829
"Value of trade",2013,"Sales","Goods","Northern Ireland",28739.03065,58.83534465,202.2887634,3629.023487,1097.158786,197.0773901,1092.788779,20900.34615,223.5159378,862.040642,104.324512,38.38184051,101.78982,117.148041,NA,NA,38.15301826,NA
"Value of trade",2013,"Sales","Goods","Great Britain",9735.445323,NA,71.9095945,7795.569778,NA,39.45030557,71.76991384,1597.926817,NA,1.061340082,25.55946813,NA,34.73940707,24.41658447,NA,NA,NA,NA
"Value of trade",2013,"Sales","Goods","Ireland",3021.899871,NA,33.58154234,1371.313147,NA,10.47335667,45.96381155,1367.676628,14.73496507,NA,26.84653757,NA,3.589930812,87.91917999,0.212244344,NA,1.734455254,NA
"Value of trade",2013,"Sales","Goods","Rest of the Europe Union (EU excluding Ireland)",1869.070106,NA,NA,1488.725503,NA,NA,NA,280.2124202,NA,NA,0.646492258,NA,NA,NA,NA,NA,NA,NA
"Value of trade",2013,"Sales","Goods","Rest of the World (all countries outside the UK and EU)",3519.920359,NA,NA,3085.195737,NA,NA,NA,NA,NA,NA,1.662,NA,NA,NA,NA,NA,NA,NA
"Value of trade",2013,"Sales","Goods","External Sales/Purchases (outside NI)",18146.33566,NA,107.8874309,13740.80417,NA,146.3012959,118.5667466,3587.051343,60.3296715,10.50992276,54.71449796,NA,81.83347859,135.4866875,NA,NA,NA,NA
"Value of trade",2013,"Sales","Goods","Exports (outside UK)",8410.890336,NA,35.97783637,5945.234388,NA,106.8509904,46.7968328,1989.124526,NA,9.44858268,29.15502983,NA,47.09407151,111.070103,NA,NA,NA,0.197521324
"Value of trade",2013,"Sales","Goods","Imports (outside UK)",NA,NA,NA,NA,NA,NA,NA,NA,NA,NA,NA,NA,NA,NA,NA,NA,NA,NA
"Value of trade",2013,"Sales","Services","All countries",17628.24798,23.49769582,53.15521084,451.2408155,1091.13299,482.5354955,3872.588553,759.1641773,2517.87324,499.4325977,1693.400859,745.4223864,1599.621499,1417.611478,191.9764765,966.6960044,969.635657,293.2628448
"Value of trade",2013,"Sales","Services","Northern Ireland",13777.59852,16.98438349,39.03489151,233.267269,1074.715075,448.6080205,2678.732419,615.9379902,1742.361129,470.2870976,997.3350575,638.7448975,1279.131051,1178.77459,157.2733601,957.0623872,966.723336,282.6255666
"Value of trade",2013,"Sales","Services","Great Britain",2315.504779,NA,NA,54.42979112,NA,24.72517232,988.422924,87.52384774,NA,21.38197449,250.2767318,NA,162.1764274,122.835425,12.6680807,NA,NA,5.377674537
"Value of trade",2013,"Sales","Services","Ireland",694.2563506,NA,9.750532007,38.19180073,NA,5.083041214,177.8908912,39.54664865,176.454787,NA,135.8413999,NA,60.43431214,19.01504055,7.036887652,NA,1.498961026,NA
"Value of trade",2013,"Sales","Services","Rest of the Europe Union (EU excluding Ireland)",308.2526765,NA,NA,38.06899377,NA,NA,20.71044684,NA,NA,NA,30.22464457,NA,41.22851588,NA,NA,NA,NA,NA
"Value of trade",2013,"Sales","Services","Rest of the World (all countries outside the UK and EU)",532.6356536,NA,NA,87.28296084,NA,NA,NA,NA,NA,NA,279.7230249,NA,NA,NA,NA,NA,NA,NA
"Value of trade",2013,"Sales","Services","External Sales/Purchases (outside NI)",3850.64946,NA,14.12031933,217.9735465,NA,33.927475,1193.856134,143.2261871,775.5121111,29.1455001,696.0658012,NA,320.4904485,238.8368876,34.70311638,NA,NA,NA
"Value of trade",2013,"Sales","Services","Exports (outside UK)",1535.144681,NA,12.89572541,163.5437553,NA,9.202302679,205.4332102,55.70233935,309.0474471,7.763525612,445.7890694,NA,158.3140211,116.0014626,NA,NA,NA,5.259603699
"Value of trade",2013,"Sales","Services","Imports (outside UK)",NA,NA,NA,NA,NA,NA,NA,NA,NA,NA,NA,NA,NA,NA,NA,NA,NA,NA
"Value of trade",2013,"Sales","All Transactions","All countries",64513.61429,129.6235778,363.3314051,17821.06847,2237.090184,825.9141816,5083.944079,25246.56167,2801.718849,1371.983162,1852.439869,784.3658175,1783.244798,1670.246206,202.0272711,1007.523611,1009.800889,322.7302531
"Value of trade",2013,"Sales","All Transactions","Northern Ireland",42516.62917,75.81972814,241.3236549,3862.290756,2171.873861,645.6854106,3771.521198,21516.28414,1965.877067,1332.32774,1101.659569,677.1267381,1380.920871,1295.922631,165.4856268,996.1373119,1004.876354,311.496515
"Value of trade",2013,"Sales","All Transactions","Great Britain",12050.9501,20.6162426,NA,7849.999569,NA,64.17547789,1060.192838,1685.450665,511.5439072,NA,275.8361999,91.79211503,196.9158344,147.2520095,13.41293629,NA,NA,5.776613026
"Value of trade",2013,"Sales","All Transactions","Ireland",3716.156221,13.39000473,43.33207435,1409.504948,37.4402847,15.55639789,223.8547027,1407.223277,191.189752,11.17012182,162.6879375,9.868150272,64.02424296,106.9342205,7.249131996,4.213176392,3.23341628,5.284382477
"Value of trade",2013,"Sales","All Transactions","Rest of the Europe Union (EU excluding Ireland)",2177.322783,NA,NA,1526.794497,NA,71.0144312,21.50975168,291.6132306,91.4057786,NA,30.87113682,NA,49.63545672,NA,NA,NA,NA,NA
"Value of trade",2013,"Sales","All Transactions","Rest of the World (all countries outside the UK and EU)",4052.556012,NA,NA,3172.478698,NA,29.48246395,6.865588607,345.9903577,41.70234474,NA,281.3850249,NA,91.74839295,NA,NA,NA,NA,NA
"Value of trade",2013,"Sales","All Transactions","External Sales/Purchases (outside NI)",21996.98512,53.80384965,122.0077502,13958.77771,65.21632262,180.2287709,1312.422881,3730.27753,835.8417826,39.65542286,750.7802991,107.2390794,402.3239271,374.3235751,36.54164427,11.38629952,4.92453432,11.23373805
"Value of trade",2013,"Sales","All Transactions","Exports (outside UK)",9946.035017,33.18760705,NA,6108.778143,NA,116.053293,252.230043,2044.826865,324.2978754,NA,474.9440992,15.44696438,205.4080926,227.0715656,23.12870798,NA,NA,5.457125023
"Value of trade",2013,"Sales","All Transactions","Imports (outside UK)",NA,NA,NA,NA,NA,NA,NA,NA,NA,NA,NA,NA,NA,NA,NA,NA,NA,NA
"Value of trade",2013,"Purchases","Goods","All countries",32997.79777,52.01733663,182.2372597,8320.524246,735.4763094,193.7628705,1699.194306,19054.48528,775.2716504,562.3116787,280.8439335,143.6755911,218.3480998,278.2073204,69.76229684,127.048154,177.2562879,127.3751514
"Value of trade",2013,"Purchases","Goods","Northern Ireland",16639.83759,43.56863628,156.1389242,4009.357952,365.2355852,126.8814941,1336.147712,8828.388568,407.0914297,505.3690483,52.25980075,134.526797,152.4541218,99.18967756,34.68255641,121.3371608,154.3999267,112.8082016
"Value of trade",2013,"Purchases","Goods","Great Britain",11164.36673,6.118871742,11.98316048,2444.289297,339.4906596,31.55308328,243.5915726,7451.594028,220.523562,25.27448795,194.2101105,4.000257853,50.10425217,74.76435398,NA,NA,NA,10.71490666
"Value of trade",2013,"Purchases","Goods","Ireland",1891.448212,NA,NA,523.9671751,NA,32.35544902,60.94139202,1018.232089,100.4555807,31.27123597,8.183162814,NA,5.65199425,78.48447508,NA,NA,1.58376371,2.226490077
"Value of trade",2013,"Purchases","Goods","Rest of the Europe Union (EU excluding Ireland)",1517.349888,NA,NA,636.0207444,NA,NA,49.30463263,750.6082042,30.11950644,NA,NA,NA,5.474403688,21.41923886,NA,NA,NA,NA
"Value of trade",2013,"Purchases","Goods","Rest of the World (all countries outside the UK and EU)",1784.795351,NA,NA,706.8890776,NA,NA,NA,1005.662389,17.08157153,NA,NA,NA,4.663327948,NA,NA,0.219826824,NA,NA
"Value of trade",2013,"Purchases","Goods","External Sales/Purchases (outside NI)",16357.96018,8.448700355,26.0983354,4311.166294,370.2407242,66.88137635,363.0465943,10226.09671,368.1802206,56.94263038,228.5841328,9.148794037,65.89397806,179.0176428,NA,5.710993221,NA,14.56694975
"Value of trade",2013,"Purchases","Goods","Exports (outside UK)",NA,NA,NA,NA,NA,NA,NA,NA,NA,NA,NA,NA,NA,NA,NA,NA,NA,NA
"Value of trade",2013,"Purchases","Goods","Imports (outside UK)",5193.593451,NA,14.11517492,1866.876997,30.75006455,NA,119.4550216,2774.502682,147.6566586,31.66814242,34.37402227,NA,15.78972589,104.2532889,NA,NA,NA,3.852043088
"Value of trade",2013,"Purchases","Services","All countries",9381.185939,16.73742037,66.91143911,1212.104864,1074.657158,209.7005062,1828.784521,1218.343826,851.2076216,180.1294469,551.3593039,139.2087929,483.7701006,359.3955706,113.8632114,196.9071441,723.2683798,154.8366327
"Value of trade",2013,"Purchases","Services","Northern Ireland",6401.655321,14.37732833,45.32194553,635.2370276,999.3918629,161.2742109,1083.300858,706.0536949,527.2708109,170.0191538,273.7799105,111.2712444,401.1512259,250.2174599,100.8882807,190.5235131,583.0733894,148.5034043
"Value of trade",2013,"Purchases","Services","Great Britain",2575.788759,NA,7.554068603,503.4162225,NA,NA,699.616559,468.8338208,257.7435295,6.405177176,234.0686513,21.33918331,49.5060095,80.16212292,NA,NA,NA,4.033697424
"Value of trade",2013,"Purchases","Services","Ireland",214.9712581,NA,NA,21.3474901,34.0745438,0.559675544,35.3036547,24.23983166,32.7991903,2.496219203,23.48772063,NA,10.3713258,11.57297618,NA,NA,1.570876807,0.805423775
"Value of trade",2013,"Purchases","Services","Rest of the Europe Union (EU excluding Ireland)",96.87160658,NA,NA,22.03547585,NA,NA,NA,8.930299919,17.40610985,NA,NA,NA,14.99690032,NA,NA,NA,NA,NA
"Value of trade",2013,"Purchases","Services","Rest of the World (all countries outside the UK and EU)",91.89899457,NA,NA,30.06864741,NA,NA,NA,10.28617884,15.98798107,NA,10.61163061,NA,7.744639065,NA,NA,NA,NA,NA
"Value of trade",2013,"Purchases","Services","External Sales/Purchases (outside NI)",2979.530618,2.360092041,21.58949358,576.8678359,75.26529538,48.42629523,745.4836632,512.2901312,323.9368107,10.11029305,277.5793934,27.93754846,82.61887468,109.1781107,NA,6.383631032,NA,6.33322834
"Value of trade",2013,"Purchases","Services","Exports (outside UK)",NA,NA,NA,NA,NA,NA,NA,NA,NA,NA,NA,NA,NA,NA,NA,NA,NA,NA
"Value of trade",2013,"Purchases","Services","Imports (outside UK)",403.7418592,NA,14.03542497,73.45161337,NA,NA,45.8671042,43.45631041,66.19328123,3.705115872,43.51074208,NA,33.11286518,29.01598773,NA,NA,NA,2.299530915
"Value of trade",2013,"Purchases","All Transactions","All countries",42378.98371,68.754757,249.1486988,9532.62911,1810.133468,403.4633767,3527.978827,20272.8291,1626.479272,742.4411255,832.2032374,282.884384,702.1182004,637.602891,183.6255083,323.9552981,900.5246677,282.211784
"Value of trade",2013,"Purchases","All Transactions","Northern Ireland",23041.49291,57.94596461,201.4608698,4644.59498,1364.627448,288.1557051,2419.448569,9534.442263,934.3622406,675.3882021,326.0397112,245.7980415,553.6053477,349.4071375,135.5708371,311.8606738,737.4733161,261.3116059
"Value of trade",2013,"Purchases","All Transactions","Great Britain",13740.15549,8.025561991,19.53722908,2947.705519,378.2895941,79.1548009,943.2081316,7920.427849,478.2670915,31.67966513,428.2787618,25.33944116,99.61026167,154.9264769,NA,NA,NA,14.74860409
"Value of trade",2013,"Purchases","All Transactions","Ireland",2106.41947,1.931648265,17.82157802,545.3146652,45.94958195,32.91512456,96.24504671,1042.471921,133.254771,33.76745517,31.67088345,9.674043141,16.02332005,90.05745126,2.183414178,0.952012107,3.154640517,3.031913852
"Value of trade",2013,"Purchases","All Transactions","Rest of the Europe Union (EU excluding Ireland)",1614.221494,NA,NA,658.0562202,NA,NA,59.05509793,759.5385041,47.52561629,1.527465381,11.02798468,NA,20.47130401,NA,NA,NA,1.431814819,NA
"Value of trade",2013,"Purchases","All Transactions","Rest of the World (all countries outside the UK and EU)",1876.694345,NA,NA,736.957725,NA,NA,10.02198116,1015.948568,33.0695526,0.078337743,35.18589622,NA,12.40796701,NA,1.824,NA,NA,NA
"Value of trade",2013,"Purchases","All Transactions","External Sales/Purchases (outside NI)",19337.4908,10.8087924,47.68782898,4888.03413,445.5060196,115.3076716,1108.530257,10738.38684,692.1170313,67.05292342,506.1635262,37.08634249,148.5128527,288.1957535,48.05467121,12.09462425,163.0513516,20.90017809
"Value of trade",2013,"Purchases","All Transactions","Exports (outside UK)",NA,NA,NA,NA,NA,NA,NA,NA,NA,NA,NA,NA,NA,NA,NA,NA,NA,NA
"Value of trade",2013,"Purchases","All Transactions","Imports (outside UK)",5597.33531,2.783230404,28.1505999,1940.32861,67.21642543,36.15287069,165.3221258,2817.958993,213.8499399,35.3732583,77.88476435,11.74690133,48.90259107,133.2692766,NA,NA,NA,6.151574003
"Value of trade",2014,"Sales","Goods","All countries",48520.3092,88.98185254,350.8304617,17481.32029,1724.981578,440.2403707,1544.356368,24278.52697,356.7593166,1078.777136,266.5276227,71.37952806,467.9693527,244.1509195,5.866559173,24.03825159,52.43666515,43.16595472
"Value of trade",2014,"Sales","Goods","Northern Ireland",30163.76861,57.08986311,255.9401101,3646.336533,1691.137495,237.9768344,1175.476067,21023.50587,282.9981649,1070.294521,178.6178414,52.89365965,282.4094332,95.5809227,3.703918066,23.88751966,47.28983645,38.63002357
"Value of trade",2014,"Sales","Goods","Great Britain",10352.28588,NA,NA,8299.593872,NA,72.15406766,300.1520732,NA,61.96944525,NA,70.64427329,NA,69.83159211,43.66488985,0.375171104,NA,NA,3.171254407
"Value of trade",2014,"Sales","Goods","Ireland",2831.925779,NA,28.27560267,1326.163014,NA,4.176545758,64.91600741,1243.14686,11.05447572,NA,14.96973967,NA,22.86162124,75.79285825,NA,NA,NA,0.33056041
"Value of trade",2014,"Sales","Goods","Rest of the Europe Union (EU excluding Ireland)",1764.705792,NA,NA,1344.616372,NA,NA,NA,299.765743,NA,NA,0.498621535,NA,22.40098134,NA,NA,NA,NA,NA
"Value of trade",2014,"Sales","Goods","Rest of the World (all countries outside the UK and EU)",3407.623145,NA,NA,2864.610502,NA,NA,NA,NA,NA,NA,1.797146797,NA,70.46572478,NA,NA,NA,NA,NA
"Value of trade",2014,"Sales","Goods","External Sales/Purchases (outside NI)",18356.54059,NA,94.89035158,13834.98376,NA,202.2635363,368.8803019,3255.021106,73.76115162,8.48261481,87.90978128,18.48586841,185.5599195,148.5699968,NA,NA,5.146828698,4.535931155
"Value of trade",2014,"Sales","Goods","Exports (outside UK)",8004.254715,NA,29.39921543,5535.389888,NA,130.1094687,68.72822869,1927.670765,11.79170637,NA,17.265508,NA,115.7283274,104.905107,NA,NA,NA,1.364676748
"Value of trade",2014,"Sales","Goods","Imports (outside UK)",NA,NA,NA,NA,NA,NA,NA,NA,NA,NA,NA,NA,NA,NA,NA,NA,NA,NA
"Value of trade",2014,"Sales","Services","All countries",17722.14023,30.69737907,43.90828775,585.9629174,329.3978254,410.192738,3951.065672,1402.492628,2664.440229,475.0574276,1473.388906,751.6847852,1697.039829,1461.745416,211.1149556,957.8142929,983.957448,292.179489
"Value of trade",2014,"Sales","Services","Northern Ireland",13414.77679,NA,NA,249.5980868,NA,393.4016222,2747.217931,1053.757857,1880.251133,454.5042871,811.3083978,681.1041234,1225.418379,1152.528365,171.8420247,946.2608742,975.4977764,283.3345715
"Value of trade",2014,"Sales","Services","Great Britain",2722.422269,NA,NA,158.0431398,NA,11.10043889,962.5157921,NA,490.3074987,NA,228.8678334,58.14463057,272.9630795,190.9775492,17.64879654,NA,NA,5.03543007
"Value of trade",2014,"Sales","Services","Ireland",688.3681687,NA,5.835191404,58.05244726,NA,5.603464049,191.3912414,26.99772338,184.0675998,NA,75.94468543,NA,76.38446656,31.62019543,NA,NA,NA,2.221261514
"Value of trade",2014,"Sales","Services","Rest of the Europe Union (EU excluding Ireland)",325.1133164,NA,NA,38.15239695,NA,NA,38.72937241,11.02872772,NA,NA,31.42396947,NA,55.62594365,NA,NA,NA,NA,NA
"Value of trade",2014,"Sales","Services","Rest of the World (all countries outside the UK and EU)",571.4596864,NA,NA,82.11684653,NA,NA,NA,NA,NA,NA,325.8440204,NA,66.64795984,NA,NA,NA,NA,NA
"Value of trade",2014,"Sales","Services","External Sales/Purchases (outside NI)",4307.363441,NA,NA,336.3648306,NA,16.79111581,1203.84774,348.7347716,784.1890966,20.55314047,662.0805087,70.58066182,471.6214496,309.2170513,NA,NA,8.459671557,8.84491749
"Value of trade",2014,"Sales","Services","Exports (outside UK)",1584.941171,NA,8.040464227,178.3216907,NA,5.690676925,241.3319483,NA,293.881598,7.835966512,433.2126753,NA,198.6583701,118.2395021,NA,NA,NA,3.80948742
"Value of trade",2014,"Sales","Services","Imports (outside UK)",NA,NA,NA,NA,NA,NA,NA,NA,NA,NA,NA,NA,NA,NA,NA,NA,NA,NA
"Value of trade",2014,"Sales","All Transactions","All countries",66242.44943,119.6792316,394.7387495,18067.28321,2054.379404,850.4331088,5495.42204,25681.0196,3021.199546,1553.834563,1739.916529,823.0643133,2165.009182,1705.896336,216.9815148,981.8525445,1036.394113,335.3454437
"Value of trade",2014,"Sales","All Transactions","Northern Ireland",43578.54539,87.11489182,290.5636095,3895.934619,2015.240324,631.3784567,3922.693998,22077.26372,2163.249298,1524.798808,989.9262392,733.9977831,1507.827813,1248.109288,175.5459428,970.1483939,1022.787613,321.9645951
"Value of trade",2014,"Sales","All Transactions","Great Britain",13074.70815,8.430602386,66.73546035,8457.637012,13.34873745,83.25450655,1262.667865,1628.620847,552.2769439,14.34017476,299.5121067,71.62642897,342.7946716,234.6424391,18.02396765,2.408213994,10.18148586,8.206684477
"Value of trade",2014,"Sales","All Transactions","Ireland",3520.293947,8.222978851,34.11079408,1384.215461,NA,9.780009807,256.3072488,1270.144584,195.1220755,NA,90.9144251,13.82335996,99.2460878,107.4130537,6.987947773,7.641124144,2.278535574,2.551821925
"Value of trade",2014,"Sales","All Transactions","Rest of the Europe Union (EU excluding Ireland)",2089.819108,NA,NA,1382.768769,NA,72.8023625,41.32602184,310.7944707,92.56384691,NA,31.92259101,NA,78.02692499,NA,11.33008508,NA,NA,NA
"Value of trade",2014,"Sales","All Transactions","Rest of the World (all countries outside the UK and EU)",3979.082831,NA,NA,2946.727348,NA,53.21777329,12.42690635,394.1959761,17.98738186,NA,327.6411672,NA,137.1136846,NA,5.093571491,NA,NA,NA
"Value of trade",2014,"Sales","All Transactions","External Sales/Purchases (outside NI)",22663.90403,32.56433978,104.17514,14171.34859,39.13907979,219.0546521,1572.728042,3603.755878,857.9502483,29.03575528,749.99029,89.06653022,657.1813691,457.7870481,41.43557199,11.70415056,13.60650025,13.38084865
"Value of trade",2014,"Sales","All Transactions","Exports (outside UK)",9589.195887,24.1337374,37.43967965,5713.711579,25.79034234,135.8001456,310.060177,1975.135031,305.6733043,14.69558051,450.4781833,17.44010125,314.3866974,223.1446091,23.41160435,9.295936567,3.425014399,5.174164168
"Value of trade",2014,"Sales","All Transactions","Imports (outside UK)",NA,NA,NA,NA,NA,NA,NA,NA,NA,NA,NA,NA,NA,NA,NA,NA,NA,NA
"Value of trade",2014,"Purchases","Goods","All countries",34406.29669,42.13301076,187.8973869,8602.834811,1087.575746,199.4321664,2035.640667,19510.92094,568.5691368,639.0060904,283.6621075,180.7417841,397.9807384,323.0247217,56.44927108,127.2587206,93.95837926,69.21100684
"Value of trade",2014,"Purchases","Goods","Northern Ireland",17540.22915,34.20951942,126.1733149,3832.583511,NA,122.9515246,1497.583119,9470.337873,269.44323,557.3135483,79.63109692,NA,233.0945047,160.1634773,NA,120.0071411,NA,54.35661276
"Value of trade",2014,"Purchases","Goods","Great Britain",11372.05283,5.172915073,NA,2668.187092,NA,NA,394.1261258,7218.09552,191.0976553,35.6314016,183.696931,20.46508233,109.8166251,68.10432947,NA,NA,NA,10.13873527
"Value of trade",2014,"Purchases","Goods","Ireland",2022.747543,1.743652483,26.48861916,618.7886805,NA,NA,91.17893072,1015.688148,61.30013664,44.99508776,10.05198021,NA,34.34486397,63.35236466,NA,NA,1.449088387,0.984097953
"Value of trade",2014,"Purchases","Goods","Rest of the Europe Union (EU excluding Ireland)",1666.995944,NA,NA,742.8094448,1.003124028,NA,41.8889718,802.7097836,NA,NA,6.024423447,NA,15.54981872,NA,NA,NA,0.538576751,NA
"Value of trade",2014,"Purchases","Goods","Rest of the World (all countries outside the UK and EU)",1804.271219,NA,NA,740.4660828,NA,NA,NA,1004.089617,NA,NA,4.257675883,NA,5.174925933,6.707758034,NA,NA,NA,NA
"Value of trade",2014,"Purchases","Goods","External Sales/Purchases (outside NI)",16866.06753,7.923491347,61.724072,4770.2513,NA,76.4806418,538.0575482,10040.58307,299.1259068,81.69254213,204.0310106,NA,164.8862337,162.8612444,NA,7.251579475,NA,14.85439408
"Value of trade",2014,"Purchases","Goods","Exports (outside UK)",NA,NA,NA,NA,NA,NA,NA,NA,NA,NA,NA,NA,NA,NA,NA,NA,NA,NA
"Value of trade",2014,"Purchases","Goods","Imports (outside UK)",5494.014706,2.750576273,32.86057168,2102.064208,NA,NA,143.9314224,2822.487549,108.0282515,46.06114054,20.33407954,NA,55.06960863,94.75691489,NA,NA,NA,4.715658804
"Value of trade",2014,"Purchases","Services","All countries",9343.419221,27.36742945,91.64047816,1316.178328,641.1325736,174.2071648,1604.585654,1176.257058,1115.496517,205.0280809,560.6197952,159.599331,499.101145,338.7800134,122.3674256,228.6487948,875.1332666,207.2761653
"Value of trade",2014,"Purchases","Services","Northern Ireland",6453.374876,25.45252604,84.11126943,762.4725256,NA,113.3010005,907.2503583,824.563355,681.730175,186.4506337,327.4712239,NA,355.9065627,177.2714382,NA,211.444002,NA,200.9487188
"Value of trade",2014,"Purchases","Services","Great Britain",2307.200946,NA,NA,414.8903395,NA,NA,630.5399196,288.3284032,298.1200631,12.90007823,203.2102963,14.80749305,124.458445,125.1876721,NA,12.50067972,NA,4.084548962
"Value of trade",2014,"Purchases","Services","Ireland",311.3882045,NA,2.400363796,48.88952476,37.47394966,NA,56.55037377,40.43464458,59.74585732,2.874938438,12.39829517,NA,8.685057506,8.604447102,NA,NA,1.878529847,0.47909685
"Value of trade",2014,"Purchases","Services","Rest of the Europe Union (EU excluding Ireland)",143.2523447,NA,NA,46.14317021,NA,NA,NA,12.63369848,39.465868,2.575935308,7.722265981,NA,8.281689246,NA,NA,NA,0.222990659,NA
"Value of trade",2014,"Purchases","Services","Rest of the World (all countries outside the UK and EU)",128.2028499,NA,NA,43.78276756,NA,NA,NA,10.2969563,NA,NA,9.817713873,NA,1.769390653,NA,NA,NA,0.872361039,NA
"Value of trade",2014,"Purchases","Services","External Sales/Purchases (outside NI)",2890.044345,1.914903407,7.529208731,553.7058021,97.49893498,60.90616431,697.3352959,351.6937026,433.7663425,18.5774472,233.1485713,20.48186359,143.1945824,161.5085753,NA,17.20479286,NA,6.32744645
"Value of trade",2014,"Purchases","Services","Exports (outside UK)",NA,NA,NA,NA,NA,NA,NA,NA,NA,NA,NA,NA,NA,NA,NA,NA,NA,NA
"Value of trade",2014,"Purchases","Services","Imports (outside UK)",582.8433991,NA,NA,138.8154625,38.68394966,NA,66.79537623,63.36529937,135.6462793,5.677368965,29.93827502,NA,18.7361374,36.32090324,NA,NA,2.973881545,2.242897488
"Value of trade",2014,"Purchases","All Transactions","All countries",43749.71591,69.50044021,279.537865,9919.013138,1728.70832,373.6393312,3640.226321,20687.178,1684.065654,844.0341713,844.2819027,340.3411151,897.0818835,661.8047351,178.8166967,355.9075154,969.0916458,276.4871721
"Value of trade",2014,"Purchases","All Transactions","Northern Ireland",23993.60403,59.66204545,210.2845843,4595.056036,1264.469386,236.2525251,2404.833477,10294.90123,951.173405,743.764182,407.1023208,295.4302395,589.0010674,337.4349155,136.7342577,331.4511431,880.7478829,255.3053316
"Value of trade",2014,"Purchases","All Transactions","Great Britain",13679.25377,6.076541598,33.7692499,3083.077432,420.2267625,65.53724368,1024.666045,7506.423923,489.2177185,48.53147983,386.9072273,35.27257537,234.2750701,193.2920015,NA,NA,NA,14.22328424
"Value of trade",2014,"Purchases","All Transactions","Ireland",2334.135747,2.448308999,28.88898295,667.6782053,41.79904721,66.09633138,147.7293045,1056.122793,121.045994,47.8700262,22.45027538,8.18986811,43.02992148,71.95681177,3.358161878,0.680902076,3.327618234,1.463194803
"Value of trade",2014,"Purchases","All Transactions","Rest of the Europe Union (EU excluding Ireland)",1810.248289,NA,NA,788.952615,NA,NA,52.13397427,815.3434821,56.24311798,3.641988081,13.74668943,NA,23.83150797,29.65635075,NA,NA,0.761567411,NA
"Value of trade",2014,"Purchases","All Transactions","Rest of the World (all countries outside the UK and EU)",1932.474069,NA,NA,784.2488503,NA,NA,10.86351989,1014.386574,66.3854189,0.226495219,14.07538976,NA,6.944316586,29.46465561,NA,NA,NA,NA
"Value of trade",2014,"Purchases","All Transactions","External Sales/Purchases (outside NI)",19756.11188,9.838394754,69.25328073,5323.957102,464.2389337,137.3868061,1235.392844,10392.27677,732.8922493,100.2699893,437.1795819,44.91087562,308.0808161,324.3698196,42.08243896,24.45637233,88.34376292,21.18184053
"Value of trade",2014,"Purchases","All Transactions","Exports (outside UK)",NA,NA,NA,NA,NA,NA,NA,NA,NA,NA,NA,NA,NA,NA,NA,NA,NA,NA
"Value of trade",2014,"Purchases","All Transactions","Imports (outside UK)",6076.858105,3.761853156,35.48403084,2240.879671,44.01217124,71.84956244,210.7267986,2885.852849,243.6745308,51.7385095,50.27235456,9.638300249,73.80574604,131.0778181,NA,NA,NA,6.958556292
"Value of trade",2015,"Sales","Goods","All countries",48241.36741,89.23687247,331.1826596,17565.56042,1373.24334,386.868416,1840.170396,23969.47755,315.4452558,1138.950065,266.0919551,35.95034497,430.5433404,340.5242576,11.09925439,20.82535901,89.42486622,36.7730661
"Value of trade",2015,"Sales","Goods","Northern Ireland",29948.09465,64.43367761,229.7598547,3657.894849,1334.651696,242.1231862,1443.207387,20900.36726,239.0781112,1133.763487,130.8839444,30.01380612,214.8871596,178.5806981,6.38782416,NA,NA,35.70050363
"Value of trade",2015,"Sales","Goods","Great Britain",10442.00373,NA,NA,8269.063817,NA,NA,338.50864,NA,68.04338771,NA,99.04015278,5.589642795,87.38522073,24.42869649,1.452430233,NA,NA,NA
"Value of trade",2015,"Sales","Goods","Ireland",2678.697317,NA,26.74528656,1233.23687,NA,7.132393219,54.06836424,1180.334817,7.273766869,NA,24.3862516,0.334331937,39.02884288,70.41609241,NA,NA,1.101809851,NA
"Value of trade",2015,"Sales","Goods","Rest of the Europe Union (EU excluding Ireland)",1807.429762,NA,NA,1486.027238,NA,NA,NA,225.6661158,NA,NA,0.814065116,NA,10.35,NA,NA,NA,NA,NA
"Value of trade",2015,"Sales","Goods","Rest of the World (all countries outside the UK and EU)",3365.141954,NA,NA,2919.33764,NA,NA,NA,262.4642976,NA,NA,10.9675412,NA,78.89211721,NA,NA,NA,NA,NA
"Value of trade",2015,"Sales","Goods","External Sales/Purchases (outside NI)",18293.27276,24.80319486,101.4228049,13907.66557,38.59164401,144.7452299,396.9630087,NA,76.36714456,NA,135.2080107,5.936538848,215.6561808,161.9435595,4.711430233,NA,NA,1.072562471
"Value of trade",2015,"Sales","Goods","Exports (outside UK)",7851.269034,NA,28.10684677,5638.601749,NA,98.31346849,58.45436872,1668.465231,8.323756843,NA,36.16785792,0.346896054,128.2709601,137.514863,NA,NA,1.321685172,NA
"Value of trade",2015,"Sales","Goods","Imports (outside UK)",NA,NA,NA,NA,NA,NA,NA,NA,NA,NA,NA,NA,NA,NA,NA,NA,NA,NA
"Value of trade",2015,"Sales","Services","All countries",18844.04548,16.12237947,76.30877863,681.0330337,544.0912449,435.5721184,4170.036068,1085.337992,2878.941705,474.8905978,1777.635896,806.6602017,1815.366999,1604.488485,230.9756628,1025.63053,880.845443,340.108344
"Value of trade",2015,"Sales","Services","Northern Ireland",13969.90957,14.29218804,72.37739683,315.0437436,535.9885204,415.4836254,2765.914254,721.1586772,1953.461969,468.5612981,1003.44193,745.608524,1343.934732,1222.638335,192.3608813,1005.909543,869.0979836,324.6359733
"Value of trade",2015,"Sales","Services","Great Britain",3285.59736,NA,NA,199.1907874,4.922421939,NA,1237.87526,NA,640.1932229,NA,308.1428495,52.87285283,252.4383118,239.8653194,16.71941231,NA,NA,NA
"Value of trade",2015,"Sales","Services","Ireland",649.6314412,NA,2.185767238,58.45362212,NA,7.029993332,114.7562133,47.84331043,144.4923685,NA,126.3830836,5.263144358,69.21138093,47.05649552,NA,NA,1.728544526,NA
"Value of trade",2015,"Sales","Services","Rest of the Europe Union (EU excluding Ireland)",326.6240986,NA,NA,31.09472882,NA,NA,40.96925543,9.649707075,NA,NA,14.46912031,NA,60.61178878,NA,NA,NA,NA,NA
"Value of trade",2015,"Sales","Services","Rest of the World (all countries outside the UK and EU)",612.2830056,NA,NA,77.25015174,NA,NA,NA,NA,NA,NA,325.1989125,NA,89.17078625,NA,NA,NA,NA,NA
"Value of trade",2015,"Sales","Services","External Sales/Purchases (outside NI)",4874.135905,1.830191434,3.931381804,365.9892901,8.102724475,20.08849294,1404.121815,NA,925.4797357,NA,774.193966,61.05167773,471.4322678,381.8501495,38.61478154,NA,NA,15.47237061
"Value of trade",2015,"Sales","Services","Exports (outside UK)",1588.538545,NA,NA,166.7985027,NA,NA,166.2465545,NA,285.2865128,NA,466.0511164,8.178824898,218.993956,141.9848301,NA,NA,NA,NA
"Value of trade",2015,"Sales","Services","Imports (outside UK)",NA,NA,NA,NA,NA,NA,NA,NA,NA,NA,NA,NA,NA,NA,NA,NA,NA,NA
"Value of trade",2015,"Sales","All Transactions","All countries",67085.41295,105.3592519,407.4914382,18246.59345,1917.334585,822.4405344,6010.206464,25054.81554,3194.38696,1613.840663,2043.727851,842.6105467,2245.910398,1945.012742,242.0749172,1046.455889,970.2703092,376.8814101
"Value of trade",2015,"Sales","All Transactions","Northern Ireland",43918.00422,78.72586565,302.1372516,3972.938593,1870.640216,657.6068116,4209.121641,21621.52594,2192.54008,1602.324785,1134.325875,775.6223301,1558.821891,1401.219033,198.7487054,1026.5142,954.8545265,360.336477
"Value of trade",2015,"Sales","All Transactions","Great Britain",13727.60109,9.082268625,75.01022741,8468.254605,NA,59.49026097,1576.3839,1697.091804,708.2366106,NA,407.1830023,58.46249562,339.8235325,264.2940159,18.17184255,NA,NA,NA
"Value of trade",2015,"Sales","All Transactions","Ireland",3328.328758,10.95656876,28.9310538,1291.690492,NA,14.16238655,168.8245775,1228.178128,151.7661354,NA,150.7693352,5.597476295,108.2402238,117.4725879,8.363114481,11.22971436,2.830354377,3.342312935
"Value of trade",2015,"Sales","All Transactions","Rest of the Europe Union (EU excluding Ireland)",2134.053861,NA,NA,1517.121967,NA,47.29030507,43.09025992,235.3158228,106.1827108,NA,15.28318543,NA,70.96178878,NA,NA,NA,NA,NA
"Value of trade",2015,"Sales","All Transactions","Rest of the World (all countries outside the UK and EU)",3977.42496,NA,NA,2996.587792,NA,43.8907702,12.78608573,272.7038455,35.66142348,NA,336.1664537,NA,168.0629035,NA,NA,NA,NA,NA
"Value of trade",2015,"Sales","All Transactions","External Sales/Purchases (outside NI)",23167.40873,26.63338629,105.3541867,14273.65486,46.69436848,164.8337228,1801.084823,3433.2896,1001.84688,11.51587808,909.4019767,66.98821657,687.0885071,543.793709,43.32621178,19.94168848,15.41578274,16.54493308
"Value of trade",2015,"Sales","All Transactions","Exports (outside UK)",9439.807386,17.55111767,30.34395925,5805.400252,NA,105.3434618,224.7009232,1736.197796,293.6102697,NA,502.2189744,8.525720951,347.2647233,279.4996931,25.15436923,NA,NA,NA
"Value of trade",2015,"Sales","All Transactions","Imports (outside UK)",NA,NA,NA,NA,NA,NA,NA,NA,NA,NA,NA,NA,NA,NA,NA,NA,NA,NA
"Value of trade",2015,"Purchases","Goods","All countries",34067.77116,32.03375424,174.5606012,8168.851514,944.6826807,206.9710024,2268.827864,19231.48797,680.5995375,602.5561033,302.212575,170.8282243,330.5577109,383.5720792,69.14327106,135.1550799,294.9425389,70.78865557
"Value of trade",2015,"Purchases","Goods","Northern Ireland",17503.52964,NA,NA,3486.485058,NA,121.4970751,1721.9126,9344.675736,355.7096658,511.3630385,99.33353942,161.4155701,227.4768718,198.0675627,NA,127.3444713,NA,53.09585524
"Value of trade",2015,"Purchases","Goods","Great Britain",11058.93359,NA,NA,2415.563644,294.3630212,NA,440.9653504,7170.693527,197.2779269,45.80193245,186.9078817,8.295843747,70.50375672,89.54505667,NA,NA,NA,13.57327515
"Value of trade",2015,"Purchases","Goods","Ireland",1677.109255,NA,19.72696292,472.7223132,4.644551098,NA,62.20409747,894.7124614,60.35436716,44.53816436,9.608840047,0.911864113,13.88550426,54.31652528,NA,NA,1.639258329,0.888950418
"Value of trade",2015,"Purchases","Goods","Rest of the Europe Union (EU excluding Ireland)",1920.529997,1.145424125,NA,881.7114287,NA,6.575388658,37.40107353,895.9691675,NA,NA,2.411489135,NA,13.06939924,31.28240369,NA,NA,1.960850259,NA
"Value of trade",2015,"Purchases","Goods","Rest of the World (all countries outside the UK and EU)",1907.668679,NA,NA,912.3690704,NA,NA,NA,925.4370756,NA,NA,NA,NA,5.622178927,10.36053085,1.605504459,NA,NA,NA
"Value of trade",2015,"Purchases","Goods","External Sales/Purchases (outside NI)",16564.24152,NA,NA,4682.366456,NA,85.47392722,546.9152634,9886.812231,324.8898717,91.19306473,202.8790356,9.41265415,103.0808392,185.5045165,NA,7.810608589,NA,17.69280033
"Value of trade",2015,"Purchases","Goods","Exports (outside UK)",NA,NA,NA,NA,NA,NA,NA,NA,NA,NA,NA,NA,NA,NA,NA,NA,NA,NA
"Value of trade",2015,"Purchases","Goods","Imports (outside UK)",5505.30793,NA,24.69429107,2266.802812,NA,37.50236261,105.949913,2716.118704,127.6119448,45.39113229,15.97115391,1.116810403,32.57708243,95.95945982,3.423812231,NA,NA,4.119525178
"Value of trade",2015,"Purchases","Services","All countries",9379.97545,25.02512318,86.82812313,1383.819909,664.7974974,168.369863,1844.99415,1018.604933,1180.732027,221.3676114,685.5965938,175.7336311,545.4832071,428.7191757,108.2258748,226.4422698,521.4075166,93.82794482
"Value of trade",2015,"Purchases","Services","Northern Ireland",6203.299528,21.20374299,NA,833.6959866,NA,115.0644488,1066.8025,717.3285314,736.9697112,190.7479762,306.8803536,155.810861,385.9208653,152.6320758,NA,200.346481,NA,86.79553212
"Value of trade",2015,"Purchases","Services","Great Britain",2557.974043,NA,NA,420.6071789,58.52545848,NA,719.7615853,250.011512,324.8808941,25.29545144,273.0228347,13.62949429,121.809037,234.0357017,NA,19.50685855,NA,5.981094423
"Value of trade",2015,"Purchases","Services","Ireland",284.1965974,NA,2.199046355,40.6852401,6.405150034,NA,50.80863612,37.1009976,69.53411931,2.267935742,13.84874708,5.941210617,21.11678694,14.02416061,NA,NA,1.953153858,0.193382177
"Value of trade",2015,"Purchases","Services","Rest of the Europe Union (EU excluding Ireland)",118.1683946,NA,NA,29.29793757,NA,1.455308423,NA,8.348410256,24.45971058,2.676243604,NA,NA,5.297044901,4.84474716,NA,NA,1.856785024,NA
"Value of trade",2015,"Purchases","Services","Rest of the World (all countries outside the UK and EU)",216.3368874,NA,NA,59.53356563,NA,NA,NA,5.815482093,NA,0.380004425,NA,NA,11.33947294,23.18249048,0.749294994,NA,2.50949771,NA
"Value of trade",2015,"Purchases","Services","External Sales/Purchases (outside NI)",3176.675923,3.821380186,6.926467446,550.1239222,84.51131909,53.30541419,778.1916493,301.276402,443.7623155,30.61963521,378.7162403,19.92277003,159.5623417,276.0870999,NA,26.0957888,NA,7.032412699
"Value of trade",2015,"Purchases","Services","Exports (outside UK)",NA,NA,NA,NA,NA,NA,NA,NA,NA,NA,NA,NA,NA,NA,NA,NA,NA,NA
"Value of trade",2015,"Purchases","Services","Imports (outside UK)",618.7018794,NA,NA,129.5167433,25.98586061,NA,58.430064,51.26488995,118.8814213,5.324183771,105.6934056,6.293275741,37.75330478,42.05139825,3.83200719,6.588930252,6.319436593,1.051318276
"Value of trade",2015,"Purchases","All Transactions","All countries",43447.74661,57.05887742,261.3887244,9552.671423,1609.480178,375.3408654,4113.822013,20250.0929,1861.331564,823.9237147,987.8091688,346.5618553,876.040918,812.2912548,177.3691459,361.5973497,816.3500556,164.6166004
"Value of trade",2015,"Purchases","All Transactions","Northern Ireland",23706.82916,45.8508004,197.1744658,4320.181045,1214.110279,236.5615239,2788.715101,10062.00427,1092.679377,702.1110147,406.213893,317.2264312,613.3977371,350.6996384,124.8977761,327.6909523,767.4234762,139.8913874
"Value of trade",2015,"Purchases","All Transactions","Great Britain",13616.90763,2.403785869,37.02456875,2836.170823,352.8884797,86.78453132,1160.726936,7420.705039,522.1588211,71.09738389,459.9307163,21.92533804,192.3127937,323.5807583,45.21555031,27.04499372,37.38274713,19.55436957
"Value of trade",2015,"Purchases","All Transactions","Ireland",1961.305852,7.468038539,21.92600928,513.4075533,11.04970113,43.87158227,113.0127336,931.813459,129.8884865,46.8061001,23.45758713,6.853074729,35.0022912,68.34068589,3.411102005,0.322702981,3.592412187,1.082332595
"Value of trade",2015,"Purchases","All Transactions","Rest of the Europe Union (EU excluding Ireland)",2038.698391,NA,3.888951049,911.0093663,NA,8.030697081,44.941383,904.3175778,54.67397821,NA,15.17688043,NA,18.36644414,36.12715085,1.489917964,NA,3.817635283,NA
"Value of trade",2015,"Purchases","All Transactions","Rest of the World (all countries outside the UK and EU)",2124.005566,NA,1.374729508,971.902636,NA,0.092530738,6.425860399,931.2525577,61.93090141,NA,83.03009194,NA,16.96165187,33.54302133,2.354799453,NA,4.133784747,NA
"Value of trade",2015,"Purchases","All Transactions","External Sales/Purchases (outside NI)",19740.91744,11.20807702,64.21425859,5232.490378,395.3698994,138.7793414,1325.106913,10188.08863,768.6521872,121.8126999,581.5952758,29.33542418,262.6431809,461.5916164,52.47136973,33.90639739,48.92657935,24.72521303
"Value of trade",2015,"Purchases","All Transactions","Exports (outside UK)",NA,NA,NA,NA,NA,NA,NA,NA,NA,NA,NA,NA,NA,NA,NA,NA,NA,NA
"Value of trade",2015,"Purchases","All Transactions","Imports (outside UK)",6124.00981,8.804291149,27.18968983,2396.319556,42.48141971,51.99481009,164.379977,2767.383594,246.4933661,50.71531606,121.6645595,7.410086143,70.33038722,138.0108581,7.255819421,6.86140367,11.54383222,5.170843454
"Value of trade",2016,"Sales","Goods","All countries",48618.19523,71.19390544,334.6026247,17386.45745,1753.387233,391.6270098,1888.798171,23690.48242,531.4761166,1367.542278,196.6995633,32.83645706,522.0616087,281.1396707,5.598060464,37.3790234,87.22730437,39.68633598
"Value of trade",2016,"Sales","Goods","Northern Ireland",30146.29793,56.82460056,214.9827922,3441.806183,NA,NA,1409.653599,20567.2049,418.3075161,NA,135.416709,32.34674074,239.1104743,111.4988277,1.621903924,34.11037116,85.30232954,35.53131641
"Value of trade",2016,"Sales","Goods","Great Britain",10664.85076,9.063605962,NA,8234.187546,NA,NA,398.8562472,NA,96.6510805,NA,39.45230966,NA,NA,20.0217186,NA,NA,NA,2.3779903
"Value of trade",2016,"Sales","Goods","Ireland",2643.780679,NA,NA,1244.941946,NA,1.929350796,74.12425296,1101.284896,7.717534517,NA,16.28535723,NA,52.85162676,NA,NA,NA,NA,NA
"Value of trade",2016,"Sales","Goods","Rest of the Europe Union (EU excluding Ireland)",1813.808313,NA,NA,1526.905458,NA,NA,NA,184.8832318,NA,NA,1.225122298,NA,NA,NA,NA,NA,NA,NA
"Value of trade",2016,"Sales","Goods","Rest of the World (all countries outside the UK and EU)",3349.45755,NA,NA,2938.616315,NA,NA,NA,NA,NA,NA,4.32006513,NA,59.65674116,NA,NA,NA,NA,NA
"Value of trade",2016,"Sales","Goods","External Sales/Purchases (outside NI)",18471.8973,14.36930488,119.6198325,13944.65127,NA,NA,479.1445717,NA,113.1686005,NA,61.28285433,0.489716319,282.9511345,169.6408429,NA,3.26865224,NA,4.155019576
"Value of trade",2016,"Sales","Goods","Exports (outside UK)",7807.046542,NA,29.91674388,5710.463719,NA,68.00015807,80.28832451,1545.010933,16.51752,NA,21.83054466,NA,NA,149.6191243,NA,NA,NA,1.777029276
"Value of trade",2016,"Sales","Goods","Imports (outside UK)",NA,NA,NA,NA,NA,NA,NA,NA,NA,NA,NA,NA,NA,NA,NA,NA,NA,NA
"Value of trade",2016,"Sales","Services","All countries",19112.01238,37.90160535,52.78277616,650.5024852,152.3418774,491.4587008,4769.804781,974.740045,2658.842064,382.8221296,1773.288174,824.1645368,2041.868365,1702.202706,203.7129791,1084.007334,967.1842373,344.3875769
"Value of trade",2016,"Sales","Services","Northern Ireland",13771.8763,35.3936445,46.34735297,338.0640171,NA,478.8811671,3157.46273,NA,1796.209263,376.564842,800.6905173,765.2795962,1375.295284,1375.766128,164.7646481,1074.361932,950.7573643,307.2246467
"Value of trade",2016,"Sales","Services","Great Britain",3508.762214,NA,NA,129.1823489,NA,8.656317757,1419.855034,NA,530.4587476,3.723165751,409.6521395,NA,NA,188.1979129,NA,NA,NA,31.00573495
"Value of trade",2016,"Sales","Services","Ireland",697.1676573,NA,NA,58.75989412,NA,3.760215874,143.1960971,26.06632493,191.9173549,NA,117.3113611,NA,84.65290811,NA,NA,NA,NA,NA
"Value of trade",2016,"Sales","Services","Rest of the Europe Union (EU excluding Ireland)",412.2959795,NA,NA,36.64773886,NA,NA,NA,NA,NA,NA,57.96637966,NA,78.58895283,NA,NA,NA,NA,NA
"Value of trade",2016,"Sales","Services","Rest of the World (all countries outside the UK and EU)",721.9102221,NA,NA,87.84848622,NA,NA,NA,NA,NA,NA,387.6677769,NA,147.5813413,NA,NA,NA,NA,NA
"Value of trade",2016,"Sales","Services","External Sales/Purchases (outside NI)",5340.136072,2.507960846,6.435423192,312.4384681,NA,12.57753363,1612.342051,NA,862.6328014,NA,972.5976571,58.88494066,666.5730811,326.4365786,NA,9.645402275,NA,37.16293019
"Value of trade",2016,"Sales","Services","Exports (outside UK)",1831.373859,NA,NA,183.2561192,NA,3.921215874,192.4870165,32.28295282,332.1740538,NA,562.9455176,NA,310.8232022,138.2386657,NA,6.80535069,NA,6.157195232
"Value of trade",2016,"Sales","Services","Imports (outside UK)",NA,NA,NA,NA,NA,NA,NA,NA,NA,NA,NA,NA,NA,NA,NA,NA,NA,NA
"Value of trade",2016,"Sales","All Transactions","All countries",67730.20761,109.0955108,387.3854009,18036.95993,1905.729111,883.0857105,6658.602952,24665.22247,3190.318181,1750.364407,1969.987738,857.0009939,2563.929974,1983.342377,209.3110396,1121.386358,1054.411542,384.0739129
"Value of trade",2016,"Sales","All Transactions","Northern Ireland",43918.17423,92.21824506,261.3301452,3779.8702,1822.548225,776.6370006,4567.11633,21177.01929,2214.516779,1737.83923,936.1072263,797.6263369,1614.405759,1487.264955,166.386552,1108.472303,1036.059694,342.7559631
"Value of trade",2016,"Sales","All Transactions","Great Britain",14173.61298,11.22541432,93.98290397,8363.369895,NA,34.52733595,1818.711281,1910.909292,627.1098281,NA,449.1044491,57.41027624,512.2740476,208.2196315,20.96883645,6.039410047,6.234154634,33.38372526
"Value of trade",2016,"Sales","All Transactions","Ireland",3340.948336,1.820745973,30.74157957,1303.70184,NA,5.689566671,217.3203501,1127.351221,199.6348894,NA,133.5967184,1.403261128,137.5045349,120.3346579,6.866122672,5.066625534,3.430038444,3.665058716
"Value of trade",2016,"Sales","All Transactions","Rest of the Europe Union (EU excluding Ireland)",2226.104293,NA,NA,1563.553197,NA,40.92323248,45.14652715,189.4493256,115.6789983,NA,59.19150196,NA,92.50755062,NA,8.632,NA,NA,NA
"Value of trade",2016,"Sales","All Transactions","Rest of the World (all countries outside the UK and EU)",4071.367772,NA,NA,3026.464801,NA,25.3085748,10.30846374,260.4933391,33.37768607,NA,391.987842,NA,207.2380825,NA,6.457528482,NA,NA,NA
"Value of trade",2016,"Sales","All Transactions","External Sales/Purchases (outside NI)",23812.03338,16.87726573,126.0552557,14257.08973,83.18088622,106.4487099,2091.486622,3488.203178,975.8014019,12.52517748,1033.880511,59.37465698,949.5242156,496.0774216,42.9244876,12.91405451,18.35184789,41.31794976
"Value of trade",2016,"Sales","All Transactions","Exports (outside UK)",9638.420401,5.65185141,32.07235172,5893.719838,NA,71.92137395,272.775341,1577.293886,348.6915738,NA,584.7760623,1.964380738,437.250168,287.85779,21.95565115,6.874644467,12.11769326,7.934224508
"Value of trade",2016,"Sales","All Transactions","Imports (outside UK)",NA,NA,NA,NA,NA,NA,NA,NA,NA,NA,NA,NA,NA,NA,NA,NA,NA,NA
"Value of trade",2016,"Purchases","Goods","All countries",34017.45568,30.67962934,150.8903501,8030.322498,NA,179.1433648,2521.932355,18713.77599,623.881802,693.8942565,277.777138,NA,416.8561268,308.4456589,35.57263887,142.5780382,294.5076991,80.12715997
"Value of trade",2016,"Purchases","Goods","Northern Ireland",17978.73127,22.07326004,91.4257445,3402.919323,NA,113.5472288,1753.510237,9162.662541,407.960585,596.6941041,167.9821167,NA,290.8495851,175.1362387,26.55029601,129.4125942,285.1110268,60.98540203
"Value of trade",2016,"Purchases","Goods","Great Britain",10163.9689,NA,30.82150481,2140.228262,NA,NA,629.6732917,6711.453841,135.0197594,43.14963225,94.44621858,2.341746989,77.53607438,49.83451779,NA,NA,NA,15.38460832
"Value of trade",2016,"Purchases","Goods","Ireland",1939.874191,2.513454047,24.76460584,569.513595,NA,18.88610062,115.0527352,987.2716615,42.0451239,53.17591862,7.063888149,NA,10.84613262,63.21185673,0.618,0.067378669,2.620994785,0.966134595
"Value of trade",2016,"Purchases","Goods","Rest of the Europe Union (EU excluding Ireland)",1942.136714,NA,NA,965.3795727,NA,NA,19.52484859,877.5685309,NA,NA,4.004224711,NA,16.38760682,NA,NA,NA,NA,NA
"Value of trade",2016,"Purchases","Goods","Rest of the World (all countries outside the UK and EU)",1992.744608,NA,NA,952.2817445,NA,NA,NA,974.8194121,NA,NA,NA,NA,21.23672787,8.61521847,1.573476041,NA,0.473456293,NA
"Value of trade",2016,"Purchases","Goods","External Sales/Purchases (outside NI)",16038.72441,8.606369297,59.46460555,4627.403174,221.4221946,65.59613604,768.4221175,9551.113445,215.921217,97.20015248,109.7950213,3.737796802,126.0065417,133.3094202,9.022342861,13.16544396,9.396672321,19.14175793
"Value of trade",2016,"Purchases","Goods","Exports (outside UK)",NA,NA,NA,NA,NA,NA,NA,NA,NA,NA,NA,NA,NA,NA,NA,NA,NA,NA
"Value of trade",2016,"Purchases","Goods","Imports (outside UK)",5874.755514,4.568515039,28.64310074,2487.174912,NA,22.58375802,138.7488257,2839.659604,80.90145756,54.05052023,15.34880269,NA,48.47046731,83.47490241,NA,NA,NA,3.757149614
"Value of trade",2016,"Purchases","Services","All countries",8901.865704,22.69221832,83.52648194,1138.234489,NA,227.3898609,1955.707773,1036.089323,1053.313812,171.7152406,664.3844386,NA,633.1078771,522.2156738,150.7835583,263.0523814,546.3210783,93.88253519
"Value of trade",2016,"Purchases","Services","Northern Ireland",5834.057727,21.07137876,74.90980838,661.0828817,NA,180.7116957,1158.618113,722.5217429,688.7056738,154.7216936,252.7547823,NA,394.3948995,252.970798,136.6543489,254.1742455,519.6834239,79.76667302
"Value of trade",2016,"Purchases","Services","Great Britain",2375.14738,NA,4.724366764,364.0583473,NA,NA,756.9548986,242.6313708,226.2369044,12.50849379,280.1432986,8.944947909,139.5359571,209.2193537,NA,8.554461442,NA,NA
"Value of trade",2016,"Purchases","Services","Ireland",290.4920428,0.569316557,3.740711337,50.11677075,2.428229047,3.426132493,34.47877108,42.41360419,66.8145021,2.303533988,18.97516671,1.945330483,43.33461638,13.67026755,1.904361665,0.29934097,3.055057126,1.016330404
"Value of trade",2016,"Purchases","Services","Rest of the Europe Union (EU excluding Ireland)",158.9954335,NA,NA,38.85450407,NA,NA,NA,24.34309768,50.99804875,1.886516077,NA,NA,5.141741571,NA,NA,NA,NA,NA
"Value of trade",2016,"Purchases","Services","Rest of the World (all countries outside the UK and EU)",243.1731207,NA,NA,24.12198488,NA,NA,NA,4.179507476,NA,NA,NA,NA,50.70066253,NA,NA,NA,2.689343714,NA
"Value of trade",2016,"Purchases","Services","External Sales/Purchases (outside NI)",3067.807977,1.620839564,8.616673564,477.151607,NA,46.67816526,797.0896593,313.5675801,364.6081378,16.99354695,411.6296563,NA,238.7129776,269.2448758,14.12920935,8.878135916,26.63765438,14.11586216
"Value of trade",2016,"Purchases","Services","Exports (outside UK)",NA,NA,NA,NA,NA,NA,NA,NA,NA,NA,NA,NA,NA,NA,NA,NA,NA,NA
"Value of trade",2016,"Purchases","Services","Imports (outside UK)",692.6605971,0.575347289,3.8923068,113.0932597,NA,NA,40.13476066,70.93620934,138.3712334,4.485053169,131.4863577,NA,99.17702049,60.02552206,NA,0.323674474,NA,NA
"Value of trade",2016,"Purchases","All Transactions","All countries",42919.32139,53.37184766,234.416832,9168.556987,1523.390121,406.5332258,4477.640127,19749.86531,1677.195614,865.6094971,942.1615766,333.1298238,1049.964004,830.6613326,186.3561971,405.6304196,840.8287774,174.0096952
"Value of trade",2016,"Purchases","All Transactions","Northern Ireland",23812.789,43.1446388,166.3355529,4064.002205,1254.836708,294.2589245,2912.128351,9885.184284,1096.666259,751.4157977,420.736899,318.3898488,685.2444846,428.1070367,163.2046449,383.5868397,804.7944507,140.7520751
"Value of trade",2016,"Purchases","All Transactions","Great Britain",12539.11628,5.083346533,35.54587157,2504.286609,201.539,85.70033205,1386.62819,6954.085212,361.2566638,55.65812604,374.5895172,11.2866949,217.0720315,259.0538715,NA,NA,NA,27.04765024
"Value of trade",2016,"Purchases","All Transactions","Ireland",2230.366234,3.082770604,28.50531718,619.6303658,NA,22.31223311,149.5315063,1029.685266,108.859626,55.47945261,26.03905486,NA,54.180749,76.88212427,2.522361665,0.366719639,5.676051911,1.982464999
"Value of trade",2016,"Purchases","All Transactions","Rest of the Europe Union (EU excluding Ireland)",2101.132148,NA,NA,1004.234077,NA,3.686747075,21.86945688,901.9116286,66.55198153,2.761117685,NA,NA,21.52934839,28.69559755,NA,NA,NA,NA
"Value of trade",2016,"Purchases","All Transactions","Rest of the World (all countries outside the UK and EU)",2235.917729,NA,NA,976.4037293,NA,0.574989066,7.482623257,978.9989196,43.8610834,0.295003104,NA,NA,71.93739041,37.92270265,NA,NA,3.162800007,NA
"Value of trade",2016,"Purchases","All Transactions","External Sales/Purchases (outside NI)",19106.53239,10.22720886,68.08127911,5104.554781,268.5534129,112.2743013,1565.511777,9864.681025,580.5293547,114.1936994,521.4246775,14.73997503,364.7195193,402.554296,23.15155221,22.04357988,36.0343267,33.2576201
"Value of trade",2016,"Purchases","All Transactions","Exports (outside UK)",NA,NA,NA,NA,NA,NA,NA,NA,NA,NA,NA,NA,NA,NA,NA,NA,NA,NA
"Value of trade",2016,"Purchases","All Transactions","Imports (outside UK)",6567.416111,5.143862328,32.53540754,2600.268172,67.0144129,26.57396925,178.8835864,2910.595814,219.2726909,58.5355734,146.8351604,3.453280127,147.6474878,143.5004245,NA,NA,NA,6.209969857
"Value of trade",2017,"Sales","Goods","All countries",45792.19696,109.8231204,292.9546318,15009.80226,1748.117432,445.1731429,1966.511576,23601.16439,308.0013498,1263.723068,249.5393395,38.34090677,302.750143,285.7798494,8.870002686,43.37034744,72.58881128,45.68658217
"Value of trade",2017,"Sales","Goods","Northern Ireland",29510.69524,79.24084238,212.4451675,3753.183235,NA,248.5552511,1497.87928,19858.88601,184.987576,1256.562728,173.2760421,NA,193.5296404,155.2805421,NA,NA,64.78199106,NA
"Value of trade",2017,"Sales","Goods","Great Britain",8099.535481,2.485093425,NA,5331.021305,NA,68.45352741,406.0607423,2002.855581,107.9410161,NA,46.77408718,NA,22.9287196,31.1614482,NA,NA,3.630141113,NA
"Value of trade",2017,"Sales","Goods","Ireland",2957.37967,NA,26.69384805,1497.243861,NA,9.166334713,50.26550845,1201.251333,13.22291082,NA,20.82694989,NA,12.9277947,77.83985909,NA,NA,3.668385838,6.197624151
"Value of trade",2017,"Sales","Goods","Rest of the Europe Union (EU excluding Ireland)",1676.461419,NA,NA,1378.315524,NA,NA,NA,181.6475118,NA,NA,3.318402166,NA,12.40429989,NA,NA,NA,NA,NA
"Value of trade",2017,"Sales","Goods","Rest of the World (all countries outside the UK and EU)",3548.125151,NA,NA,3050.038337,NA,NA,NA,NA,NA,NA,5.343858113,NA,60.95968845,NA,NA,NA,NA,NA
"Value of trade",2017,"Sales","Goods","External Sales/Purchases (outside NI)",16281.50172,30.58227806,80.50946435,11256.61903,NA,196.6178918,468.6322964,3742.278381,123.0137738,7.16034004,76.26329735,NA,109.2205026,130.4993073,NA,NA,7.806820219,NA
"Value of trade",2017,"Sales","Goods","Exports (outside UK)",8181.966241,NA,27.17733835,5925.597722,NA,128.1643644,62.57155418,1739.422799,15.07275771,NA,29.48921017,NA,86.29178303,99.33785909,NA,NA,4.176679106,NA
"Value of trade",2017,"Sales","Goods","Imports (outside UK)",NA,NA,NA,NA,NA,NA,NA,NA,NA,NA,NA,NA,NA,NA,NA,NA,NA,NA
"Value of trade",2017,"Sales","Services","All countries",20348.84706,36.28781607,77.23674449,784.9023245,262.6389508,479.5048965,5356.220196,904.5228921,2786.74714,467.0724882,1691.580972,730.3386071,2143.65919,2000.553211,233.8034102,1100.333246,993.4924443,299.952533
"Value of trade",2017,"Sales","Services","Northern Ireland",14672.69514,32.88614122,69.59272122,324.8555601,238.9402622,465.7830759,3423.169367,813.8076788,1891.404089,455.5652606,734.7967962,671.2697328,1413.297758,1580.700209,202.6696342,1094.813917,967.3932959,291.7496447
"Value of trade",2017,"Sales","Services","Great Britain",3534.690375,NA,NA,142.2849184,NA,9.046441515,1675.257463,42.28822987,561.0466627,6.736928466,390.4537328,NA,389.5638007,208.8600682,13.29024231,NA,17.60105573,NA
"Value of trade",2017,"Sales","Services","Ireland",882.1333296,NA,7.604900506,59.79649416,NA,4.675379177,221.0959232,44.47456118,209.7224023,NA,123.3056491,NA,139.7561548,44.64636522,NA,NA,2.414176731,2.521945729
"Value of trade",2017,"Sales","Services","Rest of the Europe Union (EU excluding Ireland)",357.8363488,NA,NA,53.25740429,NA,NA,NA,NA,NA,NA,34.6424125,NA,59.83810208,NA,NA,NA,NA,NA
"Value of trade",2017,"Sales","Services","Rest of the World (all countries outside the UK and EU)",901.4918653,NA,NA,204.7079475,NA,NA,NA,NA,NA,NA,408.3823816,NA,141.2033744,NA,NA,NA,NA,NA
"Value of trade",2017,"Sales","Services","External Sales/Purchases (outside NI)",5676.151918,3.401674851,7.644023263,460.0467644,NA,13.72182069,1933.050829,90.71521336,895.343051,11.5072276,956.784176,NA,730.361432,419.8530014,NA,NA,26.09914843,NA
"Value of trade",2017,"Sales","Services","Exports (outside UK)",2141.461544,NA,NA,317.761846,NA,4.675379177,257.7933658,48.42698349,334.2963883,NA,566.3304432,NA,340.7976313,210.9929332,NA,NA,8.498092696,2.857945729
"Value of trade",2017,"Sales","Services","Imports (outside UK)",NA,NA,NA,NA,NA,NA,NA,NA,NA,NA,NA,NA,NA,NA,NA,NA,NA,NA
"Value of trade",2017,"Sales","All Transactions","All countries",66141.04402,146.1109365,370.1913763,15794.70459,2010.756383,924.6780394,7322.731772,24505.68729,3094.74849,1730.795556,1941.120312,768.6795138,2446.409333,2286.33306,242.6734129,1143.703593,1066.081256,345.6391152
"Value of trade",2017,"Sales","All Transactions","Northern Ireland",44183.39038,112.1269836,282.0378887,4078.038795,1958.20443,714.338327,4921.048647,20672.69369,2076.391665,1712.127988,908.0728383,709.5106396,1606.827399,1735.980751,204.187393,1135.220517,1032.175287,324.4071408
"Value of trade",2017,"Sales","All Transactions","Great Britain",11634.22586,4.641102635,53.36904764,5473.306224,15.22500187,77.49996892,2081.318205,2045.143811,668.9876788,13.62852765,437.22782,56.57987691,412.4925203,240.0215164,17.65248621,6.229466897,21.23119684,9.671404543
"Value of trade",2017,"Sales","All Transactions","Ireland",3839.512999,NA,34.29874855,1557.040356,29.24796567,13.84171389,271.3614317,1245.725894,222.9453131,NA,144.132599,2.223328291,152.6839495,122.4862243,11.0156985,1.527778867,6.082562569,8.71956988
"Value of trade",2017,"Sales","All Transactions","Rest of the Europe Union (EU excluding Ireland)",2034.297768,NA,NA,1431.572928,NA,71.69387039,36.36074291,185.4921007,94.95186721,NA,37.96081467,NA,72.24240196,NA,2.748,NA,NA,NA
"Value of trade",2017,"Sales","All Transactions","Rest of the World (all countries outside the UK and EU)",4449.617017,NA,NA,3254.746285,NA,47.30415928,12.6427454,356.6317876,31.47196568,NA,413.7262397,NA,202.1630629,NA,7.069835164,NA,NA,NA
"Value of trade",2017,"Sales","All Transactions","External Sales/Purchases (outside NI)",21957.65364,33.98395291,88.15348761,11716.66579,52.55195276,210.3397125,2401.683125,3832.993594,1018.356825,18.66756764,1033.047473,59.16887421,839.5819346,550.3523087,38.48601988,8.483076762,33.90596865,21.23197442
"Value of trade",2017,"Sales","All Transactions","Exports (outside UK)",10323.42778,29.34285028,34.78443998,6243.359568,37.32695089,132.8397436,320.36492,1787.849783,349.369146,5.039039988,595.8196533,2.5889973,427.0894143,310.3307923,20.83353367,2.253609865,12.6747718,11.56056988
"Value of trade",2017,"Sales","All Transactions","Imports (outside UK)",NA,NA,NA,NA,NA,NA,NA,NA,NA,NA,NA,NA,NA,NA,NA,NA,NA,NA
"Value of trade",2017,"Purchases","Goods","All countries",33583.93686,42.6113515,145.297282,8715.592086,1384.176281,216.1721292,2331.155503,17890.97687,710.6523639,633.4605169,245.6731558,159.7247438,338.8655017,299.8105157,81.54813733,139.0523134,180.7368549,68.43125309
"Value of trade",2017,"Purchases","Goods","Northern Ireland",16919.7098,34.35913266,109.2510541,3718.073189,NA,160.7955831,1620.078684,8298.800147,316.9781625,533.1135732,118.6283383,NA,258.1949145,167.6943291,54.08802226,111.6997414,167.5844203,47.90077151
"Value of trade",2017,"Purchases","Goods","Great Britain",10424.27823,1.535216856,NA,2308.201739,NA,22.60845691,577.0556782,6622.408518,254.5587505,40.47514204,103.5210864,NA,51.51647189,65.04735378,NA,NA,NA,13.09640823
"Value of trade",2017,"Purchases","Goods","Ireland",2374.490465,2.559827797,16.97404614,816.8735358,NA,31.2760772,86.49880487,1189.977833,49.21607971,58.12701909,11.31132645,NA,6.752733337,NA,NA,NA,3.815127436,NA
"Value of trade",2017,"Purchases","Goods","Rest of the Europe Union (EU excluding Ireland)",2010.217229,NA,NA,1060.733415,NA,NA,27.05367274,844.971334,NA,NA,NA,NA,15.03946707,NA,NA,NA,1.349647748,NA
"Value of trade",2017,"Purchases","Goods","Rest of the World (all countries outside the UK and EU)",1855.241128,NA,NA,811.7102067,NA,NA,NA,934.8190358,NA,NA,NA,NA,7.361914917,3.215190175,1.758149338,NA,NA,NA
"Value of trade",2017,"Purchases","Goods","External Sales/Purchases (outside NI)",16664.22706,8.252218845,36.04622785,4997.518897,NA,55.37654609,711.0768189,9592.176721,393.6742014,100.3469437,127.0448175,NA,80.67058722,132.1161866,NA,27.35257205,NA,20.53048158
"Value of trade",2017,"Purchases","Goods","Exports (outside UK)",NA,NA,NA,NA,NA,NA,NA,NA,NA,NA,NA,NA,NA,NA,NA,NA,NA,NA
"Value of trade",2017,"Purchases","Goods","Imports (outside UK)",6239.948823,NA,19.39628142,2689.317157,NA,32.76808918,134.0211407,2969.768203,139.1154509,59.87180167,23.5237311,NA,29.15411533,67.06883284,NA,NA,NA,NA
"Value of trade",2017,"Purchases","Services","All countries",10319.53089,26.69923425,98.47307162,1373.530248,257.7983,215.7758928,2542.532512,1626.20939,945.1284047,249.9566427,614.8868664,134.1702251,553.4853769,562.9992344,121.5696102,284.0610241,640.3042966,71.95055796
"Value of trade",2017,"Purchases","Services","Northern Ireland",6715.748724,25.54188427,83.92118496,738.675253,NA,168.5538673,1466.326412,1179.256174,468.0485157,210.7400331,296.6971255,NA,398.42569,328.1945766,100.2245785,259.2759014,605.9986377,65.58247063
"Value of trade",2017,"Purchases","Services","Great Britain",2763.514792,0.73499558,NA,376.9738787,NA,44.51179555,1037.660468,357.114446,316.8293051,28.24232678,225.1773473,NA,74.62849879,160.1460434,NA,24.14593814,NA,NA
"Value of trade",2017,"Purchases","Services","Ireland",286.6220717,NA,6.274210647,90.88367923,1.047057958,1.69060382,31.47693931,38.66904248,45.77803385,4.831033437,17.46981062,NA,30.31275959,NA,NA,NA,2.719465138,NA
"Value of trade",2017,"Purchases","Services","Rest of the Europe Union (EU excluding Ireland)",220.8243987,NA,NA,95.45931518,NA,NA,NA,23.71668343,36.11539181,4.861664933,NA,NA,6.837828213,NA,NA,NA,NA,NA
"Value of trade",2017,"Purchases","Services","Rest of the World (all countries outside the UK and EU)",332.8209018,NA,NA,71.53812227,NA,NA,NA,27.45304443,NA,NA,63.17645275,NA,43.28060028,NA,NA,NA,0.537179308,NA
"Value of trade",2017,"Purchases","Services","External Sales/Purchases (outside NI)",3603.782164,1.157349984,14.55188666,634.8549953,NA,47.22202551,1076.2061,446.9532164,477.079889,39.21660955,318.1897409,NA,155.0596869,234.8046578,NA,24.78512272,NA,6.368087332
"Value of trade",2017,"Purchases","Services","Exports (outside UK)",NA,NA,NA,NA,NA,NA,NA,NA,NA,NA,NA,NA,NA,NA,NA,NA,NA,NA
"Value of trade",2017,"Purchases","Services","Imports (outside UK)",840.2673721,NA,10.11341735,257.8811167,7.425549704,2.710229959,38.5456318,89.83877034,160.250584,10.97428277,93.01239357,NA,80.43118809,74.65861441,NA,NA,NA,NA
"Value of trade",2017,"Purchases","All Transactions","All countries",43903.46774,69.31058576,243.7703536,10089.12233,1641.974581,431.948022,4873.688015,19517.18626,1655.780769,883.4171596,860.5600221,293.894969,892.3508786,862.8097501,203.1177475,423.1133376,821.0411515,140.3818111
"Value of trade",2017,"Purchases","All Transactions","Northern Ireland",23635.45853,59.90101693,193.1722391,4456.748442,1254.842534,329.3494504,3086.405096,9478.056321,785.0266781,743.8536063,415.3254637,267.9136237,656.6206045,495.8889057,154.3126008,370.9756428,773.5830581,113.4832421
"Value of trade",2017,"Purchases","All Transactions","Great Britain",13187.79302,2.270212435,21.08841573,2685.175618,329.2292784,67.12025246,1614.716146,6979.522964,571.3880555,68.71746883,328.6984337,24.63595848,126.1449707,225.1933972,NA,NA,NA,16.58257795
"Value of trade",2017,"Purchases","All Transactions","Ireland",2661.112537,2.659386277,23.24825679,907.757215,NA,32.96668102,117.9757442,1228.646875,94.99411355,62.95805253,28.78113707,NA,37.06549293,68.7797203,2.3660301,0.611138566,6.534592574,5.847339617
"Value of trade",2017,"Purchases","All Transactions","Rest of the Europe Union (EU excluding Ireland)",2231.041628,NA,NA,1156.19273,NA,NA,27.87055353,868.6880174,56.79108689,6.418881717,20.24296179,NA,21.87729529,38.24438021,NA,NA,3.131457021,NA
"Value of trade",2017,"Purchases","All Transactions","Rest of the World (all countries outside the UK and EU)",2188.06203,NA,NA,883.2483289,NA,NA,26.72047479,962.2720802,147.5808345,1.469150189,67.51202581,NA,50.6425152,34.70334674,NA,NA,NA,NA
"Value of trade",2017,"Purchases","All Transactions","External Sales/Purchases (outside NI)",20268.00922,9.409568829,50.59811451,5632.373892,387.1320466,102.5985716,1787.282919,10039.12994,870.7540904,139.5635533,445.2345584,25.98134528,235.7302741,366.9208444,48.80514674,52.13769477,47.45809341,26.89856891
"Value of trade",2017,"Purchases","All Transactions","Exports (outside UK)",NA,NA,NA,NA,NA,NA,NA,NA,NA,NA,NA,NA,NA,NA,NA,NA,NA,NA
"Value of trade",2017,"Purchases","All Transactions","Imports (outside UK)",7080.216195,7.139356394,29.50969878,2947.198274,57.90276822,35.47831914,172.5667725,3059.606973,299.3660349,70.84608443,116.5361247,1.345386802,109.5853034,141.7274472,NA,NA,NA,10.31599096
"Value of trade",2018,"Sales","Goods","All countries",46370.60455,140.6108459,382.5677473,14636.9796,1868.956697,471.6993795,2044.03404,24052.45244,241.0253866,1377.613131,217.6015209,71.36010175,257.3359909,380.430284,2.513331218,98.44873867,60.80165698,66.17366532
"Value of trade",2018,"Sales","Goods","Northern Ireland",30761.80393,96.25999827,286.5858581,3958.78853,NA,NA,1534.857346,20557.13692,164.9083734,1365.576945,112.5316846,NA,179.6850779,124.663718,1.799268714,98.15329955,60.68765698,63.86124371
"Value of trade",2018,"Sales","Goods","Great Britain",6511.551441,NA,NA,4304.892857,NA,NA,418.7484683,1463.624383,63.39991757,NA,73.89978765,NA,26.35196799,23.48558189,NA,0.218582313,NA,0.497811351
"Value of trade",2018,"Sales","Goods","Ireland",3030.105766,NA,36.03156525,1511.703375,NA,1.957692837,88.24110721,1246.994316,8.33397662,NA,12.32645803,NA,16.89359698,57.77262498,NA,0.07685681,NA,1.437535472
"Value of trade",2018,"Sales","Goods","Rest of the Europe Union (EU excluding Ireland)",2287.748845,NA,NA,1654.779089,NA,NA,NA,NA,1.762593424,NA,10.14579585,NA,13.4986296,NA,NA,NA,NA,NA
"Value of trade",2018,"Sales","Goods","Rest of the World (all countries outside the UK and EU)",3779.394564,NA,NA,3206.815744,NA,NA,NA,NA,2.620525606,NA,8.69779477,NA,20.90671839,NA,NA,NA,NA,NA
"Value of trade",2018,"Sales","Goods","External Sales/Purchases (outside NI)",15608.80062,NA,95.98188921,10678.19107,NA,NA,509.1766941,3495.315516,76.11701321,12.03618585,105.0698363,NA,77.65091297,255.766566,NA,0.295439122,NA,2.312421615
"Value of trade",2018,"Sales","Goods","Exports (outside UK)",9097.249176,NA,37.54683533,6373.298208,NA,165.157833,90.42822579,2031.691133,12.71709565,NA,31.17004865,NA,51.29894497,232.2809841,NA,0.07685681,NA,1.814610264
"Value of trade",2018,"Sales","Goods","Imports (outside UK)",NA,NA,NA,NA,NA,NA,NA,NA,NA,NA,NA,NA,NA,NA,NA,NA,NA,NA
"Value of trade",2018,"Sales","Services","All countries",22402.85058,33.04913161,47.97807239,903.5834264,533.1900586,439.6990356,5623.060792,1386.362088,2937.959473,503.5907117,1923.916394,996.2921632,2254.951012,2411.57381,203.8156209,935.168077,973.9203949,294.7403208
"Value of trade",2018,"Sales","Services","Northern Ireland",15769.81594,NA,NA,308.9707704,NA,423.1853447,3416.435039,1292.041551,1901.899971,498.4071162,843.4734253,948.2686363,1404.649192,1810.645166,177.3898546,910.2566445,953.2380096,282.12785
"Value of trade",2018,"Sales","Services","Great Britain",4067.828112,NA,NA,157.1851839,NA,10.35192701,1839.445641,65.35400101,710.6902619,NA,371.722048,NA,514.0060088,288.4830454,NA,23.89512084,NA,5.129990414
"Value of trade",2018,"Sales","Services","Ireland",1066.899879,NA,4.444693024,83.5718733,NA,6.161763883,290.5957621,19.07316675,160.6144599,NA,115.7947927,NA,129.8138928,233.0669236,NA,0.787954396,NA,7.332436286
"Value of trade",2018,"Sales","Services","Rest of the Europe Union (EU excluding Ireland)",418.9397399,NA,NA,61.26000887,NA,NA,NA,NA,133.9834427,NA,55.58964921,NA,71.98667425,NA,NA,NA,NA,NA
"Value of trade",2018,"Sales","Services","Rest of the World (all countries outside the UK and EU)",1079.366907,NA,NA,292.59559,NA,NA,18.31946364,NA,30.77133764,NA,537.3364784,NA,134.4952443,NA,NA,NA,NA,NA
"Value of trade",2018,"Sales","Services","External Sales/Purchases (outside NI)",6633.034638,NA,NA,594.612656,NA,16.51369089,2206.625753,94.32053672,1036.059502,5.183595448,1080.442968,NA,850.30182,600.9286443,NA,24.91143255,NA,12.61247081
"Value of trade",2018,"Sales","Services","Exports (outside UK)",2565.206526,NA,4.444693024,437.4274722,NA,6.161763883,367.1801116,28.96653571,325.3692402,NA,708.7209203,NA,336.2958113,312.4455989,NA,1.016311705,NA,7.482480398
"Value of trade",2018,"Sales","Services","Imports (outside UK)",NA,NA,NA,NA,NA,NA,NA,NA,NA,NA,NA,NA,NA,NA,NA,NA,NA,NA
"Value of trade",2018,"Sales","All Transactions","All countries",68773.45513,173.6599775,430.5458197,15540.56302,2402.146756,911.3984151,7667.094832,25438.81453,3178.98486,1881.203842,2141.517915,1067.652265,2512.287003,2792.004094,206.3289521,1033.616816,1034.722052,360.9139861
"Value of trade",2018,"Sales","All Transactions","Northern Ireland",46531.61988,127.7959449,NA,4267.759301,NA,670.3489198,4951.292385,21849.17848,2066.808345,NA,956.0051099,1018.685172,1584.33427,1935.308884,179.1891233,1008.409944,1013.925667,345.9890937
"Value of trade",2018,"Sales","All Transactions","Great Britain",10579.37955,8.542885994,NA,4462.078041,NA,69.72989845,2258.194109,1528.978384,774.0901795,NA,445.6218357,45.02873953,540.3579767,311.9686273,10.26722586,24.11370315,13.17277478,5.627801765
"Value of trade",2018,"Sales","All Transactions","Ireland",4097.005646,15.95454476,40.47625827,1595.275249,NA,8.11945672,378.8368693,1266.067483,168.9484365,NA,128.1212507,3.876341229,146.7074897,290.8395486,9.335563504,0.864811206,2.661811991,8.769971758
"Value of trade",2018,"Sales","All Transactions","Rest of the Europe Union (EU excluding Ireland)",2706.688585,NA,NA,1716.039098,NA,105.130444,59.66667561,428.2172864,135.7460361,NA,65.73544507,NA,85.48530385,90.70780794,1.334337905,0.072125271,NA,NA
"Value of trade",2018,"Sales","All Transactions","Rest of the World (all countries outside the UK and EU)",4858.761471,NA,NA,3499.411334,NA,58.06969615,19.10479254,366.372899,33.39186325,NA,546.0342732,NA,155.4019627,163.1792265,6.202701547,0.156232037,NA,NA
"Value of trade",2018,"Sales","All Transactions","External Sales/Purchases (outside NI)",22241.83526,45.86403259,NA,11272.80372,NA,241.0494953,2715.802447,3589.636052,1112.176515,NA,1185.512805,48.96709288,927.952733,856.6952103,27.13982882,25.20687167,20.79638535,14.92489243
"Value of trade",2018,"Sales","All Transactions","Exports (outside UK)",11662.4557,37.3211466,41.99152835,6810.72568,NA,171.3195969,457.6083374,2060.657668,338.0863359,NA,739.890969,3.938353355,387.5947563,544.726583,16.87260296,1.093168514,7.623610568,9.297090663
"Value of trade",2018,"Sales","All Transactions","Imports (outside UK)",NA,NA,NA,NA,NA,NA,NA,NA,NA,NA,NA,NA,NA,NA,NA,NA,NA,NA
"Value of trade",2018,"Purchases","Goods","All countries",35383.15506,45.61268852,173.0658744,9388.95849,1551.805397,267.9593137,2436.680575,18676.36008,721.120755,684.4666743,191.4119734,186.1411317,293.3186925,338.5806286,45.31662125,137.5735246,169.5656516,75.21699557
"Value of trade",2018,"Purchases","Goods","Northern Ireland",17560.36066,37.08976729,127.0005689,3869.672598,1147.46092,204.8419544,1677.80137,8614.244781,294.0253377,571.9235675,82.53302795,185.7844321,175.7124957,210.7505659,33.06319304,109.3706277,163.4838877,55.60156141
"Value of trade",2018,"Purchases","Goods","Great Britain",10867.74942,1.273097672,NA,2489.652538,NA,NA,585.8726935,6857.72773,279.9547458,26.87492872,69.15089285,NA,86.2920892,53.4432495,NA,26.25407686,NA,16.97032695
"Value of trade",2018,"Purchases","Goods","Ireland",2373.233708,3.898395486,25.35142768,749.7679986,NA,28.37353392,103.5174172,1148.780094,68.88330107,84.14953586,27.93499821,NA,9.440768971,30.94136104,NA,1.685028709,0.866820151,NA
"Value of trade",2018,"Purchases","Goods","Rest of the Europe Union (EU excluding Ireland)",2540.239491,NA,NA,1321.527424,NA,NA,61.59523783,1070.874103,48.80202375,1.238782775,6.422781425,NA,10.8513904,3.090288846,NA,0.058732115,0.151233106,NA
"Value of trade",2018,"Purchases","Goods","Rest of the World (all countries outside the UK and EU)",2041.571783,NA,NA,958.3379304,NA,NA,NA,984.7333687,29.4553467,0.279859473,5.370272957,NA,11.02194816,40.35516332,NA,0.205059215,NA,NA
"Value of trade",2018,"Purchases","Goods","External Sales/Purchases (outside NI)",17822.79441,8.522921232,NA,5519.285891,404.3444765,NA,758.8792043,10062.1153,427.0954174,112.5431068,108.8789454,NA,117.6061967,127.8300627,NA,28.2028969,NA,NA
"Value of trade",2018,"Purchases","Goods","Exports (outside UK)",NA,NA,NA,NA,NA,NA,NA,NA,NA,NA,NA,NA,NA,NA,NA,NA,NA,NA
"Value of trade",2018,"Purchases","Goods","Imports (outside UK)",6955.044982,7.24982356,28.87263457,3029.633353,NA,32.80043541,173.0065108,3204.387566,147.1406715,85.6681781,39.72805259,NA,31.31410753,74.3868132,NA,1.948820038,NA,NA
"Value of trade",2018,"Purchases","Services","All countries",10727.54638,53.95285591,95.51241905,1596.244358,327.0840944,188.9312715,2576.721831,1358.404192,956.5176566,245.7375175,663.6544484,265.792235,551.1008264,770.8344527,116.5354004,209.7625694,668.6769407,82.08331035
"Value of trade",2018,"Purchases","Services","Northern Ireland",6653.101877,47.57207372,77.75750865,864.5660194,253.2668338,96.48871959,1360.047021,950.247803,537.7453514,211.7769074,363.5929257,251.5158554,394.3716512,259.6754574,105.0438792,174.603081,639.0140867,65.81670185
"Value of trade",2018,"Purchases","Services","Great Britain",3021.202887,1.964199979,NA,443.6958279,47.53552137,NA,1160.13031,336.9679038,269.3885494,14.7004359,205.4990303,NA,94.66747356,271.9244028,NA,34.21971948,NA,6.179945886
"Value of trade",2018,"Purchases","Services","Ireland",415.6823189,2.820624611,7.2400243,59.4080088,NA,4.294519723,51.01743554,33.93680822,47.31601091,10.61181862,12.22624881,NA,29.60263311,134.1993653,NA,0.845274295,1.761336653,NA
"Value of trade",2018,"Purchases","Services","Rest of the Europe Union (EU excluding Ireland)",279.2341419,NA,NA,78.44283563,NA,0.667844081,NA,22.21362571,76.44505228,4.525406616,13.71519865,0.306717268,4.871310394,56.62019541,NA,0.010250914,3.235126935,NA
"Value of trade",2018,"Purchases","Services","Rest of the World (all countries outside the UK and EU)",358.3251552,NA,NA,150.1316657,NA,NA,NA,15.03805171,25.62269262,4.122949019,68.62104496,NA,27.5877581,48.41503173,NA,0.084243654,0.527568774,NA
"Value of trade",2018,"Purchases","Services","External Sales/Purchases (outside NI)",4074.444503,6.380782191,NA,731.6783381,73.81726061,NA,1216.67481,408.1563894,418.7723052,33.96061016,300.0615228,NA,156.7291752,511.1589952,NA,35.15948835,NA,NA
"Value of trade",2018,"Purchases","Services","Exports (outside UK)",NA,NA,NA,NA,NA,NA,NA,NA,NA,NA,NA,NA,NA,NA,NA,NA,NA,NA
"Value of trade",2018,"Purchases","Services","Imports (outside UK)",1053.241616,4.416582212,NA,287.9825101,NA,NA,56.54449976,71.18848565,149.3837558,19.26017426,94.56249242,NA,62.0617016,239.2345925,NA,0.939768863,NA,NA
"Value of trade",2018,"Purchases","All Transactions","All countries",46110.70144,99.56554443,268.5782935,10985.20285,1878.889491,456.8905852,5013.402406,20034.76427,1677.638412,930.2041918,855.0664218,451.9333668,844.4195188,1109.415081,161.8520216,347.3360939,838.2425924,157.3003059
"Value of trade",2018,"Purchases","All Transactions","Northern Ireland",24213.46253,84.66184101,204.7580775,4734.238618,1400.727754,301.330674,3037.848392,9564.492584,831.7706891,783.7004748,446.1259536,437.3002875,570.084147,470.4260233,138.1070723,283.9737087,802.4979744,121.4182633
"Value of trade",2018,"Purchases","All Transactions","Great Britain",13888.95231,3.237297651,23.62382753,2933.348366,359.4753962,115.9824705,1746.003004,7194.695633,549.3432952,41.57536462,274.6499232,10.95944286,180.9595628,325.3676523,NA,60.47379634,NA,NA
"Value of trade",2018,"Purchases","All Transactions","Ireland",2788.916027,6.719020097,32.59145198,809.1760074,NA,32.66805365,154.5348528,1182.716902,116.199312,94.76135448,40.16124702,NA,39.04340208,165.1407264,NA,2.530303004,2.628156804,NA
"Value of trade",2018,"Purchases","All Transactions","Rest of the Europe Union (EU excluding Ireland)",2819.473633,NA,NA,1399.97026,13.87584568,3.471387798,66.58859447,1093.087728,125.247076,5.76418939,20.13798008,NA,15.7227008,59.71048426,NA,0.068983029,3.386360041,NA
"Value of trade",2018,"Purchases","All Transactions","Rest of the World (all countries outside the UK and EU)",2399.896938,NA,NA,1108.469596,NA,3.437999163,8.427563323,999.7714204,55.07803932,4.402808491,73.99131791,NA,38.60970625,88.77019505,NA,0.289302869,NA,NA
"Value of trade",2018,"Purchases","All Transactions","External Sales/Purchases (outside NI)",21897.23891,14.90370342,63.82021599,6250.964229,478.1617371,155.5599111,1975.554014,10470.27168,845.8677225,146.503717,408.9404682,14.63307929,274.3353719,638.9890579,23.74494935,63.36238525,35.74461794,35.88204266
"Value of trade",2018,"Purchases","All Transactions","Exports (outside UK)",NA,NA,NA,NA,NA,NA,NA,NA,NA,NA,NA,NA,NA,NA,NA,NA,NA,NA
"Value of trade",2018,"Purchases","All Transactions","Imports (outside UK)",8008.286598,11.66640577,40.19638845,3317.615863,118.6863409,39.57744061,229.5510106,3275.576051,296.5244273,104.9283524,134.290545,3.67363643,93.37580913,313.6214057,NA,2.888588901,NA,NA
"Value of trade",2019,"Sales","Goods","All countries",48289.00776,130.665715,433.3327185,14676.42142,1996.462074,488.1198543,1970.698341,25562.01214,322.2265325,1416.47696,199.0407261,73.9731018,273.2247308,578.0051393,1.26945907,32.93667364,62.91776817,71.22440578
"Value of trade",2019,"Sales","Goods","Northern Ireland",32198.46391,88.37381644,341.6559235,3942.9272,NA,262.1415647,1356.853102,21559.71022,296.3821759,1409.351781,133.037537,NA,187.8269184,437.7476527,NA,27.96694814,NA,NA
"Value of trade",2019,"Sales","Goods","Great Britain",6856.548582,NA,NA,4192.83723,NA,103.6532031,448.7722955,1876.506392,10.4995869,NA,40.15842487,NA,38.95250913,62.13745433,NA,3.381025481,NA,NA
"Value of trade",2019,"Sales","Goods","Ireland",3400.093008,16.78876752,32.14704345,1590.019606,NA,4.879870247,156.440303,1494.401598,11.37119259,NA,12.27650502,NA,16.86580303,21.03292187,NA,0.091801593,NA,NA
"Value of trade",2019,"Sales","Goods","Rest of the Europe Union (EU excluding Ireland)",2052.542622,NA,NA,1665.166896,NA,NA,NA,267.8122188,NA,NA,6.252793008,NA,6.701181219,NA,NA,NA,NA,NA
"Value of trade",2019,"Sales","Goods","Rest of the World (all countries outside the UK and EU)",3781.359636,NA,NA,3285.470486,NA,NA,NA,363.5817076,NA,NA,7.315466166,NA,22.87831895,NA,NA,NA,NA,NA
"Value of trade",2019,"Sales","Goods","External Sales/Purchases (outside NI)",16090.54385,42.29189854,91.67679498,10733.49422,NA,225.9782896,613.8452389,4002.301917,25.84435652,NA,66.00318906,NA,85.39781232,140.2574866,NA,4.969725503,NA,NA
"Value of trade",2019,"Sales","Goods","Exports (outside UK)",9233.995266,36.5613943,32.46216563,6540.656987,NA,122.3250865,165.0729434,2125.795525,15.34476962,NA,25.84476419,NA,46.4453032,78.12003225,NA,1.588700022,NA,NA
"Value of trade",2019,"Sales","Goods","Imports (outside UK)",NA,NA,NA,NA,NA,NA,NA,NA,NA,NA,NA,NA,NA,NA,NA,NA,NA,NA
"Value of trade",2019,"Sales","Services","All countries",23043.34839,42.13486583,47.19063082,878.4797829,817.3476257,489.298772,5328.607756,1894.878986,3142.510814,540.0145472,1615.878108,1117.876443,2434.240101,2287.457809,211.3739078,1106.465922,717.8409485,371.7513716
"Value of trade",2019,"Sales","Services","Northern Ireland",16533.49366,38.44021595,NA,362.6100077,NA,439.1380422,3511.731688,1706.926349,2008.447721,NA,499.852709,1065.953484,1495.346273,1721.771841,180.4275991,1096.931241,705.5444871,337.4743224
"Value of trade",2019,"Sales","Services","Great Britain",3987.617233,NA,NA,153.2467114,NA,35.97813601,1413.730246,128.615952,750.0301977,NA,489.7002733,NA,536.7776591,349.7809022,NA,5.678971963,NA,NA
"Value of trade",2019,"Sales","Services","Ireland",1136.73952,2.265950601,4.403667538,112.9748921,NA,14.18259379,392.257721,37.40284093,211.601484,NA,85.84972846,NA,151.3806734,89.5452869,NA,3.655477633,NA,NA
"Value of trade",2019,"Sales","Services","Rest of the Europe Union (EU excluding Ireland)",394.261771,NA,NA,76.26568096,NA,NA,NA,4.062245211,NA,NA,65.29385001,NA,80.60293687,NA,NA,NA,NA,NA
"Value of trade",2019,"Sales","Services","Rest of the World (all countries outside the UK and EU)",991.2362075,NA,NA,173.3824908,NA,NA,3.544216697,17.87159849,49.38045596,NA,475.1815475,NA,170.1325585,NA,NA,NA,NA,NA
"Value of trade",2019,"Sales","Services","External Sales/Purchases (outside NI)",6509.854731,3.694649878,NA,515.8697752,NA,50.1607298,1816.876068,187.9526366,1134.063093,NA,1116.025399,NA,938.8938279,565.6859687,NA,9.534680911,12.29646146,NA
"Value of trade",2019,"Sales","Services","Exports (outside UK)",2522.237498,NA,4.403974775,362.6230638,NA,14.18259379,403.1458219,59.33668463,384.0328951,NA,626.3251259,NA,402.1161688,215.9050664,NA,3.855708948,NA,NA
"Value of trade",2019,"Sales","Services","Imports (outside UK)",NA,NA,NA,NA,NA,NA,NA,NA,NA,NA,NA,NA,NA,NA,NA,NA,NA,NA
"Value of trade",2019,"Sales","All Transactions","All countries",71332.35615,172.8005808,480.5233493,15554.9012,2813.809699,977.4186263,7299.306097,27456.89113,3464.737346,1956.491507,1814.918834,1191.849545,2707.464832,2865.462949,212.6433669,1139.402595,780.7587167,442.9757773
"Value of trade",2019,"Sales","All Transactions","Northern Ireland",48731.95757,126.8140324,NA,4305.537208,NA,701.2796069,4868.58479,23266.63657,2304.829897,NA,632.890246,1137.086657,1683.173191,2159.519493,181.5810582,1124.898189,763.4854426,405.0197263
"Value of trade",2019,"Sales","All Transactions","Great Britain",10844.16582,7.159203515,NA,4346.083941,NA,139.6313391,1862.502542,2005.122344,760.5297846,NA,529.8586981,47.26406527,575.7301682,411.9183566,12.63595747,9.059997444,13.82534803,21.74557181
"Value of trade",2019,"Sales","All Transactions","Ireland",4536.832527,19.05471812,36.55071098,1702.994498,NA,19.06246404,548.698024,1531.804439,222.9726766,NA,98.12623348,7.226922793,168.2464765,110.5782088,7.279695232,3.747279226,2.614712695,16.14947919
"Value of trade",2019,"Sales","All Transactions","Rest of the Europe Union (EU excluding Ireland)",2446.804393,NA,NA,1741.432577,NA,70.51208757,12.54056929,271.874464,123.5336629,NA,71.54664302,NA,87.30411809,55.64145376,1.667748525,1.469270117,NA,NA
"Value of trade",2019,"Sales","All Transactions","Rest of the World (all countries outside the UK and EU)",4772.595844,NA,NA,3458.852976,NA,46.93312867,6.980172006,381.4533061,52.87132523,NA,482.4970136,NA,193.0108775,127.8054362,9.478907478,0.227859627,NA,NA
"Value of trade",2019,"Sales","All Transactions","External Sales/Purchases (outside NI)",22600.39858,45.98654842,NA,11249.36399,NA,276.1390194,2430.721307,4190.254553,1159.907449,NA,1182.028588,54.76288818,1024.29164,705.9434553,31.0623087,14.50440641,17.27327413,37.95605099
"Value of trade",2019,"Sales","All Transactions","Exports (outside UK)",11756.23276,38.82734491,36.8661404,6903.280051,NA,136.5076803,568.2187653,2185.132209,399.3776647,NA,652.1698901,7.498822916,448.561472,294.0250987,18.42635124,5.44440897,3.447926095,16.21047919
"Value of trade",2019,"Sales","All Transactions","Imports (outside UK)",NA,NA,NA,NA,NA,NA,NA,NA,NA,NA,NA,NA,NA,NA,NA,NA,NA,NA
"Value of trade",2019,"Purchases","Goods","All countries",36931.17916,53.47934781,204.5668209,9377.226048,1715.567282,246.0125201,2372.29198,19821.1655,962.6275155,750.9130589,138.1561929,189.9617957,261.3396388,322.3506381,49.74460994,155.3797299,215.9803316,94.41615284
"Value of trade",2019,"Purchases","Goods","Northern Ireland",18975.85671,43.49417794,146.5126206,3965.773922,1190.200204,191.8766254,1669.438579,9498.520987,578.9902845,609.1329315,60.17790929,189.6921888,173.8452816,204.1430889,35.25055944,133.4493216,206.6820649,78.67596171
"Value of trade",2019,"Purchases","Goods","Great Britain",11148.64795,2.711292286,19.65189909,2465.160408,NA,23.90122841,544.6617631,7205.556128,264.1901535,26.75213539,43.04361721,NA,65.61210923,74.60824291,NA,21.00870613,8.844075858,NA
"Value of trade",2019,"Purchases","Goods","Ireland",2482.240923,4.266677737,28.20260032,760.8834488,NA,NA,96.78120426,1165.460514,95.52480436,111.1192404,7.318548241,NA,9.666767983,15.51216266,NA,0.835402721,0.285626805,NA
"Value of trade",2019,"Purchases","Goods","Rest of the Europe Union (EU excluding Ireland)",2379.530589,NA,NA,1007.773334,NA,NA,41.75733649,1246.128372,20.46341214,NA,22.59692505,NA,5.229828747,3.995732526,NA,0.041418563,NA,NA
"Value of trade",2019,"Purchases","Goods","Rest of the World (all countries outside the UK and EU)",1944.902992,NA,NA,1177.634935,NA,NA,NA,705.4994951,3.458861065,NA,5.01919307,NA,6.985651216,24.09141116,NA,0.04488088,NA,NA
"Value of trade",2019,"Purchases","Goods","External Sales/Purchases (outside NI)",17955.32245,9.985169866,58.05420028,5411.452126,525.367078,54.13589476,702.8534009,10322.64451,383.6372311,141.7801275,77.97828358,0.269606913,87.49435717,118.2075493,NA,21.93040829,9.298266731,NA
"Value of trade",2019,"Purchases","Goods","Exports (outside UK)",NA,NA,NA,NA,NA,NA,NA,NA,NA,NA,NA,NA,NA,NA,NA,NA,NA,NA
"Value of trade",2019,"Purchases","Goods","Imports (outside UK)",6806.674504,7.273877579,38.40230119,2946.291718,NA,30.23466635,158.1916379,3117.088381,119.4470776,115.0279921,34.93466636,NA,21.88224795,43.59930635,NA,0.921702163,0.454190873,NA
"Value of trade",2019,"Purchases","Services","All countries",9708.055175,44.31227802,98.72673934,1524.967069,491.432075,214.042461,1918.798097,1426.357004,952.9874748,198.6347656,460.9904132,262.6168864,671.4572598,637.3550344,148.4377659,201.8660935,372.3354072,82.73835034
"Value of trade",2019,"Purchases","Services","Northern Ireland",6600.567521,39.4584679,87.71918716,943.1919508,428.4932327,176.1662914,1248.857524,1013.353614,540.8331934,152.0304593,156.8575086,249.2597639,502.0762215,339.7277152,134.7685355,167.7246077,350.2804324,69.76881568
"Value of trade",2019,"Purchases","Services","Great Britain",2321.115833,2.14103432,6.559305435,368.2955723,33.80238421,30.50824644,635.2624542,326.4256107,273.9721959,25.26728201,250.3561537,12.14117456,106.9310902,183.5743848,NA,32.32560138,18.7603798,NA
"Value of trade",2019,"Purchases","Services","Ireland",321.2620555,2.094759021,4.418497679,49.94473767,2.229850399,NA,30.8081933,57.80836707,75.31894144,12.79450439,11.36153128,NA,29.1540807,28.49288746,NA,1.059501329,0.717859973,NA
"Value of trade",2019,"Purchases","Services","Rest of the Europe Union (EU excluding Ireland)",188.4798423,NA,NA,52.25967056,NA,NA,NA,17.65699644,27.79226605,3.840621972,9.286737272,NA,6.438565378,36.12886049,NA,0.087698103,0.838481226,NA
"Value of trade",2019,"Purchases","Services","Rest of the World (all countries outside the UK and EU)",276.6299239,NA,NA,111.2751379,NA,NA,NA,11.11241619,35.07087803,NA,33.1284823,NA,26.85730211,49.4311864,NA,0.668684984,NA,NA
"Value of trade",2019,"Purchases","Services","External Sales/Purchases (outside NI)",3107.487654,4.853810118,11.00755218,581.7751184,62.93884234,37.87616958,669.9405731,413.0033904,412.1542814,46.60430635,304.1329046,13.35712248,169.3810383,297.6273192,NA,34.1414858,22.0549748,NA
"Value of trade",2019,"Purchases","Services","Exports (outside UK)",NA,NA,NA,NA,NA,NA,NA,NA,NA,NA,NA,NA,NA,NA,NA,NA,NA,NA
"Value of trade",2019,"Purchases","Services","Imports (outside UK)",786.3718217,2.712775798,4.448246745,213.4795461,NA,7.367923135,34.67811885,86.5777797,138.1820855,21.33702435,53.77675086,NA,62.44994818,114.0529344,NA,1.815884416,3.294595007,NA
"Value of trade",2019,"Purchases","All Transactions","All countries",46639.23433,97.79162583,303.2935603,10902.19312,2206.999357,460.0549811,4291.090076,21247.5225,1915.61499,949.5478245,599.1466061,452.5786821,932.7968986,959.7056725,198.1823759,357.2458234,588.3157388,177.1545032
"Value of trade",2019,"Purchases","All Transactions","Northern Ireland",25576.42423,82.95264585,234.2318078,4908.965873,1618.693437,368.0429168,2918.296102,10511.8746,1119.823478,761.1633907,217.0354179,438.9519527,675.9215031,543.870804,170.019095,301.1739293,556.9624973,148.4447774
"Value of trade",2019,"Purchases","All Transactions","Great Britain",13469.76378,4.852326606,26.21120453,2833.45598,392.6941838,54.40947486,1179.924217,7531.981739,538.1623494,52.01941739,293.3997709,12.35041225,172.5431994,258.1826277,NA,53.33430751,27.60445566,NA
"Value of trade",2019,"Purchases","All Transactions","Ireland",2803.502979,6.361436758,32.621098,810.8281865,NA,35.48768669,127.5893976,1223.268881,170.8437458,123.9137448,18.68007952,NA,38.82084868,44.00505013,NA,1.89490405,1.003486779,NA
"Value of trade",2019,"Purchases","All Transactions","Rest of the Europe Union (EU excluding Ireland)",2568.010431,NA,NA,1060.033005,39.02589988,NA,45.54641734,1263.785368,48.25567818,7.749373598,31.88366232,NA,11.66839412,40.12459302,NA,0.129116666,0.973163665,NA
"Value of trade",2019,"Purchases","All Transactions","Rest of the World (all countries outside the UK and EU)",2221.532916,NA,NA,1288.910073,NA,NA,19.73394183,716.6119113,38.52973909,4.701897981,38.14767538,NA,33.84295332,73.52259756,NA,0.713565914,1.772135436,NA
"Value of trade",2019,"Purchases","All Transactions","External Sales/Purchases (outside NI)",21062.8101,14.83897998,69.06175246,5993.227244,588.3059203,92.01206433,1372.793974,10735.6479,795.7915125,188.3844338,382.1111882,13.62672939,256.8753955,415.8348684,28.16328092,56.07189414,31.35324154,28.70972579
"Value of trade",2019,"Purchases","All Transactions","Exports (outside UK)",NA,NA,NA,NA,NA,NA,NA,NA,NA,NA,NA,NA,NA,NA,NA,NA,NA,NA
"Value of trade",2019,"Purchases","All Transactions","Imports (outside UK)",7593.046326,9.986653377,42.85054793,3159.771264,195.6117366,37.60258948,192.8697567,3203.66616,257.6291631,136.3650164,88.71141722,1.276317137,84.33219613,157.6522407,NA,2.73758663,3.74878588,NA
"Value of trade",2020,"Sales","Goods","All countries",45083.6736,107.2991066,392.4979056,13911.91412,1371.967501,363.0558189,1583.581036,24856.39593,471.0507249,979.6026243,253.7321392,40.48527091,296.2952414,361.2922614,2.805822832,25.67591941,27.37481129,38.64737453
"Value of trade",2020,"Sales","Goods","Northern Ireland",30049.18228,69.61583383,NA,3612.627799,NA,NA,1182.407204,21239.47595,449.1195764,979.2034901,115.8812033,33.39505394,189.2930895,207.7335636,NA,24.53153939,NA,37.14773267
"Value of trade",2020,"Sales","Goods","Great Britain",6921.94027,4.42440103,NA,4501.574983,NA,NA,271.3133253,1792.292832,11.82786923,NA,86.18453687,NA,61.04405925,102.7814728,NA,1.030368331,NA,0.560279338
"Value of trade",2020,"Sales","Goods","Ireland",3152.906129,9.335063035,29.9132961,1554.2901,NA,2.443069034,100.6091533,1340.41747,8.886513909,NA,25.81439627,NA,13.54239065,22.77326262,NA,0.114011689,NA,NA
"Value of trade",2020,"Sales","Goods","Rest of the Europe Union (EU excluding Ireland)",1853.950391,NA,NA,1544.608493,NA,NA,NA,172.4741254,NA,NA,10.9831345,NA,8.148270398,NA,NA,NA,NA,NA
"Value of trade",2020,"Sales","Goods","Rest of the World (all countries outside the UK and EU)",3105.694527,NA,NA,2698.81274,NA,NA,NA,311.735544,NA,NA,14.86886822,NA,24.26743155,NA,NA,NA,NA,NA
"Value of trade",2020,"Sales","Goods","External Sales/Purchases (outside NI)",15034.49132,37.68327279,73.76575673,10299.28632,NA,NA,401.1738323,3616.919972,21.93114851,NA,137.8509359,7.090216967,107.0021519,153.5586978,NA,1.14438002,NA,1.499641861
"Value of trade",2020,"Sales","Goods","Exports (outside UK)",8112.551046,NA,32.00970802,5797.711334,NA,91.51560682,129.8605069,1824.62714,10.10327928,NA,51.66639899,NA,45.9580926,50.77722505,NA,NA,NA,0.939362523
"Value of trade",2020,"Sales","Goods","Imports (outside UK)",NA,NA,NA,NA,NA,NA,NA,NA,NA,NA,NA,NA,NA,NA,NA,NA,NA,NA
"Value of trade",2020,"Sales","Services","All countries",22754.00903,44.92477928,78.90186637,870.111143,992.8578316,472.7136934,5883.432909,1319.820534,2655.430635,560.5775367,1874.33041,1140.499105,2566.138553,2173.953256,185.7234934,1178.742375,529.7325958,226.1183087
"Value of trade",2020,"Sales","Services","Northern Ireland",16011.04694,NA,NA,379.8447754,NA,NA,3698.365774,1101.348548,1756.822166,554.151227,645.1938004,1101.026362,1552.487638,1644.569977,161.6772893,1152.682944,516.282457,206.0385496
"Value of trade",2020,"Sales","Services","Great Britain",4354.124817,NA,NA,128.4576622,NA,23.07987421,1839.716925,125.0144381,555.1923301,NA,587.9180644,NA,632.7458292,346.2619218,NA,NA,NA,19.40285984
"Value of trade",2020,"Sales","Services","Ireland",1052.179782,NA,5.504657334,108.5047741,NA,6.476621685,317.4737222,87.46033323,161.2477777,NA,130.2715356,NA,155.7669978,61.61981069,NA,NA,NA,NA
"Value of trade",2020,"Sales","Services","Rest of the Europe Union (EU excluding Ireland)",379.4074439,NA,NA,58.55635102,NA,NA,22.06491966,2.110733338,133.3945508,NA,48.79676567,NA,70.24571024,NA,NA,NA,NA,NA
"Value of trade",2020,"Sales","Services","Rest of the World (all countries outside the UK and EU)",957.2500386,NA,NA,194.7475804,NA,NA,NA,3.886481648,NA,NA,462.1502444,NA,154.8923781,NA,NA,NA,NA,NA
"Value of trade",2020,"Sales","Services","External Sales/Purchases (outside NI)",6742.962082,NA,NA,490.2663676,NA,29.55649589,2185.067135,218.4719863,898.608469,NA,1229.13661,39.47274324,1013.650915,529.383279,NA,26.05943075,NA,20.07975917
"Value of trade",2020,"Sales","Services","Exports (outside UK)",2388.837265,NA,5.622300149,361.8087055,NA,6.476621685,345.3502102,93.45754822,343.4161389,NA,641.2185456,1.688169878,380.9050861,183.1213572,NA,NA,NA,0.676899327
"Value of trade",2020,"Sales","Services","Imports (outside UK)",NA,NA,NA,NA,NA,NA,NA,NA,NA,NA,NA,NA,NA,NA,NA,NA,NA,NA
"Value of trade",2020,"Sales","All Transactions","All countries",67837.68263,152.2238859,471.399772,14782.02526,2364.825332,835.7695123,7467.013945,26176.21646,3126.48136,1540.180161,2128.06255,1180.984376,2862.433795,2535.245518,188.5293162,1204.418294,557.1074071,264.7656833
"Value of trade",2020,"Sales","All Transactions","Northern Ireland",46060.22923,NA,NA,3992.472574,NA,674.7810821,4880.772977,22340.8245,2205.941743,1533.354717,761.0750038,1134.421416,1741.780727,1852.303541,164.4121121,1177.214483,543.6044479,243.1862822
"Value of trade",2020,"Sales","All Transactions","Great Britain",11276.06509,NA,NA,4630.032645,NA,62.99620162,2111.030251,1917.30727,567.0201993,6.150636076,674.1026013,NA,693.7898885,449.0433945,9.318041444,NA,NA,19.96313918
"Value of trade",2020,"Sales","All Transactions","Ireland",4205.085911,NA,35.41795343,1662.794874,NA,8.919690719,418.0828755,1427.877804,170.1342916,0.327858868,156.0859318,NA,169.3093884,84.39307331,6.488821514,NA,NA,1.499923519
"Value of trade",2020,"Sales","All Transactions","Rest of the Europe Union (EU excluding Ireland)",2233.357835,NA,NA,1603.164844,NA,58.34998909,49.47282265,174.5848587,134.1856747,0.257180376,59.77990017,NA,78.39398064,NA,1.120961257,NA,NA,0.05898697
"Value of trade",2020,"Sales","All Transactions","Rest of the World (all countries outside the UK and EU)",4062.944565,NA,NA,2893.560321,NA,30.7225487,7.655018955,315.6220257,49.19945182,0.089768512,477.0191126,NA,179.1598096,NA,7.189379882,NA,NA,0.057351361
"Value of trade",2020,"Sales","All Transactions","External Sales/Purchases (outside NI)",21777.4534,NA,NA,10789.55268,NA,160.9884301,2586.240968,3835.391958,920.5396175,6.825443833,1366.987546,46.5629602,1120.653067,682.9419768,24.1172041,27.20381077,13.50295921,21.57940103
"Value of trade",2020,"Sales","All Transactions","Exports (outside UK)",10501.38831,33.72598828,37.63200817,6159.52004,NA,97.99222851,475.2107171,1918.084688,353.5194181,0.674807757,692.8849446,NA,426.8631787,233.8985823,14.79916265,NA,NA,1.61626185
"Value of trade",2020,"Sales","All Transactions","Imports (outside UK)",NA,NA,NA,NA,NA,NA,NA,NA,NA,NA,NA,NA,NA,NA,NA,NA,NA,NA
"Value of trade",2020,"Purchases","Goods","All countries",34121.04129,45.9731358,172.3771884,8506.489718,1079.974781,175.2124681,2428.203984,18713.6158,1137.660626,564.0375349,182.3967523,106.5795149,368.081018,279.5021935,34.94089079,163.9811719,101.1306793,60.8838396
"Value of trade",2020,"Purchases","Goods","Northern Ireland",17286.40789,39.3430339,133.665262,3973.681567,657.7703468,126.4159968,1714.545352,8641.767438,607.0990304,469.820134,80.12858087,105.9124782,253.6022013,189.9879556,21.44148981,131.9132967,90.95853252,48.35519793
"Value of trade",2020,"Purchases","Goods","Great Britain",10839.10022,NA,20.79714808,2065.134837,NA,NA,561.9020834,7140.346072,421.923257,34.64505507,73.47812355,NA,63.79098411,70.58743777,NA,28.25503886,NA,9.966776969
"Value of trade",2020,"Purchases","Goods","Ireland",2188.826352,4.517107663,13.56451377,635.3088177,NA,22.76515549,109.0966783,1089.341368,99.15673593,58.01387054,17.11583968,NA,9.537451776,7.889859734,NA,NA,0.940299403,NA
"Value of trade",2020,"Purchases","Goods","Rest of the Europe Union (EU excluding Ireland)",1898.943498,NA,NA,883.5173736,NA,NA,31.41042638,940.940598,NA,NA,NA,NA,10.61240669,5.970516869,NA,0.028974977,NA,NA
"Value of trade",2020,"Purchases","Goods","Rest of the World (all countries outside the UK and EU)",1907.763327,NA,NA,948.8471236,NA,NA,11.24944411,901.2203195,NA,NA,NA,NA,30.53797415,5.0664235,NA,NA,NA,NA
"Value of trade",2020,"Purchases","Goods","External Sales/Purchases (outside NI)",16834.6334,6.630101898,38.71192639,4532.808152,422.2044342,48.79647135,713.6586322,10071.84836,530.5615952,94.21740092,102.2681714,0.667036621,114.4788167,89.51423788,NA,32.06787517,NA,12.52864167
"Value of trade",2020,"Purchases","Goods","Exports (outside UK)",NA,NA,NA,NA,NA,NA,NA,NA,NA,NA,NA,NA,NA,NA,NA,NA,NA,NA
"Value of trade",2020,"Purchases","Goods","Imports (outside UK)",5995.533176,NA,17.91477831,2467.673315,NA,25.73306363,151.7565488,2931.502285,108.6383381,59.57234585,28.79004787,NA,50.68783261,18.9268001,NA,3.812836311,NA,NA
"Value of trade",2020,"Purchases","Services","All countries",9941.951048,39.99599094,103.4848133,1529.817197,449.4573731,182.2409406,2508.420141,1505.647499,1003.955289,180.5416803,399.507243,238.318396,635.3860392,505.2399143,143.1118872,212.9175755,232.5817746,71.32729443
"Value of trade",2020,"Purchases","Services","Northern Ireland",6511.568455,36.00065068,77.27958526,928.5891559,402.9473366,137.7156865,1467.805671,1008.026599,548.0506895,149.7819935,204.8397019,226.0389889,403.9373065,356.5446288,125.6439422,186.5822003,191.5287723,60.25554686
"Value of trade",2020,"Purchases","Services","Great Britain",2584.904928,NA,8.77147273,368.5932691,35.43338534,NA,955.9254794,367.5573624,296.7130396,19.04480147,135.0658411,NA,165.6274898,100.1484736,NA,25.31577637,NA,NA
"Value of trade",2020,"Purchases","Services","Ireland",324.2338237,2.701665543,2.225685337,59.14304706,4.652013863,6.460441445,57.87443196,42.602938,68.8967175,6.766445504,18.61699989,0.304851599,31.70109602,17.47638094,NA,NA,1.088645786,1.627639834
"Value of trade",2020,"Purchases","Services","Rest of the Europe Union (EU excluding Ireland)",245.6256301,0.963382707,NA,44.11002411,NA,0.11946966,25.48138316,72.84391319,50.36816226,NA,NA,0.428751997,5.852734813,3.716531357,NA,NA,0.399469263,NA
"Value of trade",2020,"Purchases","Services","Rest of the World (all countries outside the UK and EU)",275.6182104,NA,NA,129.3817007,NA,NA,1.333175356,14.61668653,NA,NA,24.96808722,NA,28.26741208,27.3538996,NA,0.057679872,NA,NA
"Value of trade",2020,"Purchases","Services","External Sales/Purchases (outside NI)",3430.382592,3.995340257,26.20522808,601.228041,46.51003648,44.52525408,1040.61447,497.6209001,455.9045991,30.75968684,194.667541,12.27940714,231.4487327,148.6952855,NA,26.33537522,NA,11.07174757
"Value of trade",2020,"Purchases","Services","Exports (outside UK)",NA,NA,NA,NA,NA,NA,NA,NA,NA,NA,NA,NA,NA,NA,NA,NA,NA,NA
"Value of trade",2020,"Purchases","Services","Imports (outside UK)",845.4776642,NA,17.43375535,232.6347719,NA,NA,84.68899048,130.0635377,159.1915596,11.71488537,59.60169994,NA,65.82124291,48.5468119,NA,1.019598853,NA,NA
"Value of trade",2020,"Purchases","All Transactions","All countries",44062.99234,85.96912673,275.8620017,10036.30692,1529.432154,357.4534087,4936.624124,20219.26329,2141.615914,744.5792153,581.9039953,344.8979109,1003.467057,784.7421078,178.052778,376.8987474,333.7124539,132.211134
"Value of trade",2020,"Purchases","All Transactions","Northern Ireland",23797.97635,75.34368458,210.9448473,4902.270723,1060.717683,264.1316832,3182.351022,9649.794037,1155.14972,619.6021275,284.9682828,331.9514671,657.5395078,546.5325844,147.085432,318.495497,282.4873048,108.6107448
"Value of trade",2020,"Purchases","All Transactions","Great Britain",13424.00515,NA,29.56862081,2433.728106,NA,59.66971783,1517.827563,7507.903434,718.6362966,53.68985654,208.5439646,NA,229.4184739,170.7359114,NA,53.57081522,NA,18.81521344
"Value of trade",2020,"Purchases","All Transactions","Ireland",2513.060176,7.218773207,15.79019911,694.4518647,NA,29.22559694,166.9711102,1131.944306,168.0534534,64.78031604,35.73283957,NA,41.2385478,25.36624068,2.325733082,4.523571143,2.028945188,2.748842314
"Value of trade",2020,"Purchases","All Transactions","Rest of the Europe Union (EU excluding Ireland)",2144.569128,NA,16.07881958,927.6273977,NA,NA,56.89180955,1013.784511,59.03890483,3.487031125,22.6114763,NA,16.4651415,9.687048226,NA,NA,NA,NA
"Value of trade",2020,"Purchases","All Transactions","Rest of the World (all countries outside the UK and EU)",2183.381537,NA,3.479514964,1078.228824,NA,NA,12.58261947,915.8370061,40.73753946,3.019884052,30.04743193,NA,58.80538623,32.4203231,4.200664506,NA,NA,NA
"Value of trade",2020,"Purchases","All Transactions","External Sales/Purchases (outside NI)",20265.01599,10.62544215,64.91715447,5134.036193,468.7144707,93.32172544,1754.273102,10569.46926,986.4661943,124.9770878,296.9357125,12.94644376,345.9275494,238.2095234,30.96734599,58.40325039,51.2251491,23.60038924
"Value of trade",2020,"Purchases","All Transactions","Exports (outside UK)",NA,NA,NA,NA,NA,NA,NA,NA,NA,NA,NA,NA,NA,NA,NA,NA,NA,NA
"Value of trade",2020,"Purchases","All Transactions","Imports (outside UK)",6841.010841,NA,35.34853366,2700.308087,NA,33.6520076,236.4455392,3061.565823,267.8298977,71.28723122,88.39174781,NA,116.5090755,67.473612,NA,4.832435164,NA,4.785175798
"Value of trade",2021,"Sales","Goods","All countries",51681.66761,117.3510093,466.0324668,14915.98718,1085.350184,622.6557852,2341.053187,29180.58939,569.2345752,1195.858688,278.0764207,75.80886759,359.0212173,344.6751273,NA,46.90722661,NA,43.20512553
"Value of trade",2021,"Sales","Goods","Northern Ireland",34625.57337,69.98517466,338.2085288,4213.180579,NA,308.0689008,1992.250348,24101.73734,525.1354623,1194.65164,112.1979022,NA,227.5227558,260.323123,NA,45.07489412,NA,41.93480937
"Value of trade",2021,"Sales","Goods","Great Britain",8247.122462,5.982466897,75.55850341,5303.611805,NA,181.3154373,262.4148753,2235.575317,18.51608159,NA,70.06873528,NA,48.06327493,37.29975796,NA,1.741439813,NA,0.396060819
"Value of trade",2021,"Sales","Goods","Ireland",4035.782544,NA,51.01763406,1767.513577,NA,5.724559643,72.23415183,2066.108509,25.44334898,NA,16.58235579,0.256820753,10.41736229,12.58674107,NA,0.090892679,NA,0.780302714
"Value of trade",2021,"Sales","Goods","Rest of the Europe Union (EU excluding Ireland)",2172.263693,NA,NA,1764.468686,NA,NA,NA,266.2756373,NA,NA,9.498432346,NA,7.863915717,NA,NA,NA,NA,NA
"Value of trade",2021,"Sales","Goods","Rest of the World (all countries outside the UK and EU)",2600.925543,NA,NA,1867.212538,NA,NA,NA,NA,NA,NA,69.72899514,NA,65.15390857,NA,NA,NA,NA,NA
"Value of trade",2021,"Sales","Goods","External Sales/Purchases (outside NI)",17056.09424,NA,127.8239381,10702.80661,NA,314.5868844,348.8028384,5078.852045,44.09911291,1.207048187,165.8785185,NA,131.4984615,84.35200432,NA,1.832332492,NA,1.270316165
"Value of trade",2021,"Sales","Goods","Exports (outside UK)",8808.971779,NA,52.26543465,5399.194801,NA,133.2714471,86.38796316,2843.276728,25.58303132,NA,95.80978327,0.256820753,83.43518657,47.05224636,NA,0.090892679,NA,0.874255346
"Value of trade",2021,"Sales","Goods","Imports (outside UK)",NA,NA,NA,NA,NA,NA,NA,NA,NA,NA,NA,NA,NA,NA,NA,NA,NA,NA
"Value of trade",2021,"Sales","Services","All countries",27029.94846,55.76139437,104.2646165,1363.309082,1019.695719,481.2125489,7212.421819,1546.466941,3569.576796,864.9965542,2082.348922,995.4415977,3090.251535,2254.575405,NA,1323.034418,NA,282.6250969
"Value of trade",2021,"Sales","Services","Northern Ireland",18712.59852,NA,NA,369.1901826,NA,454.4438562,4582.29789,1330.263632,2438.760926,844.8421648,651.2229113,934.2319352,1892.589667,1800.332275,NA,1283.610564,NA,NA
"Value of trade",2021,"Sales","Services","Great Britain",5430.933824,2.831480399,NA,620.5961632,NA,20.18998172,2222.14762,133.6414695,631.6307911,NA,655.5227113,NA,676.1323773,282.4134863,NA,37.44643707,NA,20.87362351
"Value of trade",2021,"Sales","Services","Ireland",1344.405675,NA,3.667874997,173.6076439,NA,6.578710933,386.2006505,55.92252133,251.240893,14.44419094,197.8317732,1.202780621,214.9291636,29.88152992,NA,0.747929686,NA,1.923928479
"Value of trade",2021,"Sales","Services","Rest of the Europe Union (EU excluding Ireland)",511.2621075,NA,NA,70.96721947,NA,NA,19.92250302,NA,184.4795804,NA,57.9524394,NA,98.3542575,NA,NA,NA,NA,NA
"Value of trade",2021,"Sales","Services","Rest of the World (all countries outside the UK and EU)",1030.748325,NA,NA,128.9478729,NA,NA,NA,NA,NA,NA,519.819087,NA,208.2460698,NA,NA,NA,NA,NA
"Value of trade",2021,"Sales","Services","External Sales/Purchases (outside NI)",8317.349932,NA,NA,994.1188995,NA,26.76869266,2630.123929,216.2033088,1130.81587,20.1543894,1431.126011,61.20966252,1197.661868,454.2431293,NA,39.42385327,NA,NA
"Value of trade",2021,"Sales","Services","Exports (outside UK)",2886.416107,NA,3.773400178,373.5227363,NA,6.578710933,407.9763087,82.56183929,499.1850791,17.67033325,775.6032996,1.317626295,521.5294908,171.829643,NA,1.977416198,NA,NA
"Value of trade",2021,"Sales","Services","Imports (outside UK)",NA,NA,NA,NA,NA,NA,NA,NA,NA,NA,NA,NA,NA,NA,NA,NA,NA,NA
"Value of trade",2021,"Sales","All Transactions","All countries",78711.61606,173.1124037,570.2970834,16279.29627,2105.045903,1103.868334,9553.475006,30727.05633,4138.811371,2060.855242,2360.425343,1071.250465,3449.272752,2599.250532,220.5559294,1369.941644,603.2712357,325.8302224
"Value of trade",2021,"Sales","All Transactions","Northern Ireland",53338.17189,122.5879062,NA,4582.370761,NA,762.5127571,6574.548238,25432.00098,2963.896388,2039.493805,763.4208134,NA,2120.112422,2060.655398,194.5129615,1328.685458,574.3676301,301.1518591
"Value of trade",2021,"Sales","All Transactions","Great Britain",13678.05629,8.813947295,NA,5924.207968,NA,201.5054191,2484.562496,2369.216787,650.1468727,3.618029047,725.5914466,65.2589765,724.1956522,319.7132442,10.1295514,39.18787689,25.08465834,21.26968433
"Value of trade",2021,"Sales","All Transactions","Ireland",5380.188218,7.263648325,54.68550906,1941.121221,NA,12.30327058,458.4348023,2122.031031,276.684242,NA,214.414129,1.459601374,225.3465259,42.46827098,NA,0.838822365,NA,2.704231193
"Value of trade",2021,"Sales","All Transactions","Rest of the Europe Union (EU excluding Ireland)",2683.5258,NA,NA,1835.435906,NA,71.1304396,34.07631434,292.1459081,184.5012797,NA,67.45087174,NA,106.2181732,NA,NA,NA,NA,NA
"Value of trade",2021,"Sales","All Transactions","Rest of the World (all countries outside the UK and EU)",3631.673868,NA,NA,1996.160411,NA,56.41644781,1.853155226,511.6616287,63.58258871,NA,589.5480821,NA,273.3999783,NA,NA,NA,NA,NA
"Value of trade",2021,"Sales","All Transactions","External Sales/Purchases (outside NI)",25373.44417,50.5244975,NA,11696.92551,NA,341.3555771,2978.926767,5295.055354,1174.914983,21.36143759,1597.004529,NA,1329.16033,538.5951336,26.04296786,41.25618576,28.90360567,24.67836331
"Value of trade",2021,"Sales","All Transactions","Exports (outside UK)",11695.38789,41.71055021,56.03883483,5772.717537,NA,139.850158,494.3642719,2925.838567,524.7681104,NA,871.4130829,NA,604.9646774,218.8818894,15.91341647,2.068308878,3.818947327,3.408678974
"Value of trade",2021,"Sales","All Transactions","Imports (outside UK)",NA,NA,NA,NA,NA,NA,NA,NA,NA,NA,NA,NA,NA,NA,NA,NA,NA,NA
"Value of trade",2021,"Purchases","Goods","All countries",39947.43299,63.20779697,248.8530657,9688.562734,584.1918853,386.9457429,3456.852959,22113.17667,1285.122417,744.8515078,192.7081259,53.34242351,432.235417,352.7365779,46.41598744,151.3241549,79.6718194,67.23370612
"Value of trade",2021,"Purchases","Goods","Northern Ireland",21440.97737,52.17396566,NA,5018.312254,NA,333.0552608,2665.796488,10483.64934,680.0962972,655.0221345,85.05963156,NA,273.2555694,255.1501273,31.12994556,132.7402901,74.22112271,53.27316174
"Value of trade",2021,"Purchases","Goods","Great Britain",11280.10223,NA,NA,2174.816702,NA,20.17905718,657.2538818,7461.769955,450.9368377,38.33632091,71.6499692,0.907153568,85.9928498,61.23012655,NA,17.02233002,NA,NA
"Value of trade",2021,"Purchases","Goods","Ireland",2832.224765,NA,12.08264853,893.3413663,NA,32.14556283,94.99518412,1547.666529,148.7543155,50.45856591,18.27590413,NA,8.957598207,8.467507363,NA,1.273021955,NA,NA
"Value of trade",2021,"Purchases","Goods","Rest of the Europe Union (EU excluding Ireland)",2048.246025,NA,NA,746.8567737,NA,NA,33.02205711,1229.692544,NA,NA,8.123357882,NA,4.512643787,11.23862942,NA,NA,0.129501654,NA
"Value of trade",2021,"Purchases","Goods","Rest of the World (all countries outside the UK and EU)",2345.882605,NA,NA,855.2356378,NA,NA,5.785347544,1390.398301,NA,NA,9.599263095,NA,59.51675577,16.65018726,NA,0.240076369,NA,NA
"Value of trade",2021,"Purchases","Goods","External Sales/Purchases (outside NI)",18506.45562,NA,NA,4670.25048,NA,53.8904822,791.0564706,11629.52733,605.0261199,89.82937333,107.6484943,NA,158.9798476,97.58645059,NA,18.5838648,NA,13.96054438
"Value of trade",2021,"Purchases","Goods","Exports (outside UK)",NA,NA,NA,NA,NA,NA,NA,NA,NA,NA,NA,NA,NA,NA,NA,NA,NA,NA
"Value of trade",2021,"Purchases","Goods","Imports (outside UK)",7226.353395,NA,20.54872208,2495.433778,NA,33.71142502,133.8025888,4167.757373,154.0892822,51.49305242,35.99852511,NA,72.98699776,36.35632404,NA,1.561534784,NA,NA
"Value of trade",2021,"Purchases","Services","All countries",10460.82934,37.86661845,124.4706752,1514.758995,626.0173052,166.1233561,2656.446071,1506.861201,1158.058836,239.2110512,444.1171798,227.8897073,566.3112662,438.1128822,134.2592774,195.9059916,348.3449754,76.07395509
"Value of trade",2021,"Purchases","Services","Northern Ireland",7900.608586,33.46320548,112.545499,1013.73878,606.7808689,118.6197116,2132.288312,1063.717471,775.7969847,225.1375316,233.9033797,215.471784,415.7135882,255.8697885,121.5945565,171.1737622,338.893351,65.90001279
"Value of trade",2021,"Purchases","Services","Great Britain",1776.393992,NA,8.803799254,319.2584106,NA,41.24744099,478.4366877,306.524591,184.5545439,9.150385713,123.3856884,12.02721993,90.5846567,139.1682289,NA,22.72467917,NA,NA
"Value of trade",2021,"Purchases","Services","Ireland",324.5849411,NA,2.975071028,64.89564492,NA,6.256203582,25.81602282,75.3057569,63.7310613,3.484394002,30.76333805,NA,29.34871896,12.2079643,NA,NA,NA,NA
"Value of trade",2021,"Purchases","Services","Rest of the Europe Union (EU excluding Ireland)",212.0841256,1.418156321,NA,52.55338376,NA,NA,19.44705455,38.6493912,NA,1.370153453,5.49767738,NA,7.779241578,1.648124939,NA,NA,0.516109907,NA
"Value of trade",2021,"Purchases","Services","Rest of the World (all countries outside the UK and EU)",247.1576988,NA,NA,64.3127758,NA,NA,0.457994162,22.66399083,52.76296005,NA,50.56709623,NA,22.88506076,29.2187756,NA,0.086343255,NA,NA
"Value of trade",2021,"Purchases","Services","External Sales/Purchases (outside NI)",2560.220758,NA,11.92517621,501.0202151,NA,47.50364457,524.1577592,443.1437299,382.2618517,14.0735196,210.2138001,12.41792337,150.597678,182.2430937,NA,24.73222936,NA,10.1739423
"Value of trade",2021,"Purchases","Services","Exports (outside UK)",NA,NA,NA,NA,NA,NA,NA,NA,NA,NA,NA,NA,NA,NA,NA,NA,NA,NA
"Value of trade",2021,"Purchases","Services","Imports (outside UK)",783.8267655,NA,3.121376955,181.7618045,NA,6.256203582,45.72107153,136.6191389,197.7073078,4.92313389,86.82811166,NA,60.01302131,43.07486484,NA,2.007550192,NA,NA
"Value of trade",2021,"Purchases","All Transactions","All countries",50408.26233,101.0744154,373.3237408,11203.32173,1210.209191,553.0690991,6113.299029,23620.03787,2443.181254,984.062559,636.8253056,281.2321308,998.5466832,790.8494601,180.6752648,347.2301464,428.0167948,143.3076612
"Value of trade",2021,"Purchases","All Transactions","Northern Ireland",29341.58595,85.63717114,303.0996688,6032.051034,1012.412085,451.6749723,4798.0848,11547.36681,1455.893282,880.1596661,318.9630113,267.3281753,688.9691576,511.0199158,152.7245021,303.9140523,413.1144737,119.1731745
"Value of trade",2021,"Purchases","All Transactions","Great Britain",13056.49622,NA,46.55397304,2494.075113,NA,61.42649817,1135.690569,7768.294546,635.4913816,47.48670663,195.0356576,NA,176.5775065,200.3983554,NA,39.74700919,NA,NA
"Value of trade",2021,"Purchases","All Transactions","Ireland",3156.809706,6.92060816,15.05771955,958.2370112,NA,38.40176641,120.8112069,1622.972286,212.4853768,53.94295991,49.03924218,NA,38.30631717,20.67547166,NA,3.193228891,NA,2.684492828
"Value of trade",2021,"Purchases","All Transactions","Rest of the Europe Union (EU excluding Ireland)",2260.330151,NA,NA,799.4101575,NA,NA,52.46911166,1268.341935,86.43697975,2.289765002,13.62103526,NA,12.29188537,12.88675436,NA,0.04943646,0.645611561,NA
"Value of trade",2021,"Purchases","All Transactions","Rest of the World (all countries outside the UK and EU)",2593.040304,NA,NA,919.5484136,NA,NA,6.243341706,1413.062291,52.87423348,0.183461388,60.16635932,NA,82.40181653,45.86896286,NA,0.326419624,NA,NA
"Value of trade",2021,"Purchases","All Transactions","External Sales/Purchases (outside NI)",21066.67638,15.43724427,70.22407207,5171.270695,197.7971058,101.3941268,1315.21423,12072.67106,987.2879716,103.9028929,317.8622944,13.90395559,309.5775256,279.8295443,27.95076276,43.31609416,14.90232109,24.13448668
"Value of trade",2021,"Purchases","All Transactions","Exports (outside UK)",NA,NA,NA,NA,NA,NA,NA,NA,NA,NA,NA,NA,NA,NA,NA,NA,NA,NA
"Value of trade",2021,"Purchases","All Transactions","Imports (outside UK)",8010.180161,NA,23.67009903,2677.195582,NA,39.9676286,179.5236603,4304.376512,351.79659,56.41618631,122.8266368,NA,133.0000191,79.43118889,NA,3.569084976,NA,NA
"Value of trade",2022,"Sales","Goods","All countries",58483.61962,145.0961312,419.672227,18337.61622,3059.769705,656.3636495,2000.372683,30212.88947,607.0761463,1471.1389,291.4799736,64.99888836,506.8871449,516.6457949,6.406241072,76.65002144,50.72080092,59.83562043
"Value of trade",2022,"Sales","Goods","Northern Ireland",38261.99985,89.42591785,257.6912869,5550.607614,NA,350.2643374,1701.546378,24361.31108,472.3959367,NA,142.5515789,63.63977017,385.1928214,240.641868,NA,NA,47.26909821,55.68146278
"Value of trade",2022,"Sales","Goods","Great Britain",10011.9152,NA,121.4442677,6385.79638,NA,113.3560685,213.6897605,2861.35444,93.94153593,NA,68.88458316,NA,60.54630515,50.26915314,NA,NA,1.263529208,NA
"Value of trade",2022,"Sales","Goods","Ireland",5675.637824,NA,39.71609784,3218.514795,NA,17.04644451,79.66633358,2005.991515,28.50464021,NA,48.53189852,NA,9.271673635,169.0466213,NA,NA,NA,2.609835185
"Value of trade",2022,"Sales","Goods","Rest of the Europe Union (EU excluding Ireland)",1754.049218,NA,NA,1262.413546,NA,NA,NA,309.8241076,0.355610864,NA,7.613327934,NA,12.10624753,NA,NA,NA,NA,NA
"Value of trade",2022,"Sales","Goods","Rest of the World (all countries outside the UK and EU)",2780.017529,NA,NA,1920.283886,NA,NA,NA,674.4083227,11.87842258,NA,23.89858509,NA,39.77009719,NA,NA,NA,NA,NA
"Value of trade",2022,"Sales","Goods","External Sales/Purchases (outside NI)",20221.61977,NA,161.9809401,12787.00861,NA,306.0993121,298.8263049,5851.578386,134.6802096,NA,148.9283947,1.359118184,121.6943235,276.0039269,NA,NA,3.451702705,4.154157647
"Value of trade",2022,"Sales","Goods","Exports (outside UK)",10209.70457,NA,40.53667245,6401.212227,NA,192.7432436,85.1365444,2990.223946,40.73867365,NA,80.04381154,NA,61.14801835,225.7347737,NA,NA,2.188173497,NA
"Value of trade",2022,"Sales","Goods","Imports (outside UK)",NA,NA,NA,NA,NA,NA,NA,NA,NA,NA,NA,NA,NA,NA,NA,NA,NA,NA
"Value of trade",2022,"Sales","Services","All countries",28559.3384,51.28268644,82.25938625,823.6251299,1052.330394,608.0684087,6731.767637,1696.452239,3632.29233,1069.341335,2732.334512,1008.042738,3468.293566,3091.347333,273.6872739,1399.907108,532.2856552,306.0206683
"Value of trade",2022,"Sales","Services","Northern Ireland",20012.39138,NA,57.42560599,425.614479,NA,563.0618342,4161.292702,1447.681019,2482.816088,NA,1016.141795,975.7125225,2051.905543,2230.718237,NA,NA,NA,292.751154
"Value of trade",2022,"Sales","Services","Great Britain",5223.440408,NA,21.4857912,204.9268308,NA,34.48446421,1826.120241,167.8492043,757.0073827,NA,813.0511794,NA,841.945173,496.6924686,NA,NA,NA,NA
"Value of trade",2022,"Sales","Services","Ireland",1689.676571,NA,3.29779879,49.92116256,NA,10.51527532,726.2564543,70.50655748,185.4097927,NA,198.1330874,NA,249.5360188,159.537145,9.94229379,NA,NA,4.321470364
"Value of trade",2022,"Sales","Services","Rest of the Europe Union (EU excluding Ireland)",435.0769577,NA,NA,28.92916885,NA,NA,NA,6.922560188,146.9161984,NA,44.63206625,NA,90.64258918,NA,NA,NA,NA,0.673983461
"Value of trade",2022,"Sales","Services","Rest of the World (all countries outside the UK and EU)",1198.753086,NA,NA,114.2334887,NA,NA,NA,3.492897941,60.14286818,NA,660.3763836,NA,234.2642421,NA,NA,NA,NA,NA
"Value of trade",2022,"Sales","Services","External Sales/Purchases (outside NI)",8546.947023,NA,24.83378026,398.0106509,NA,45.00657454,2570.474935,248.7712199,1149.476242,NA,1716.192717,32.33021503,1416.388023,860.6290964,NA,NA,NA,13.26951424
"Value of trade",2022,"Sales","Services","Exports (outside UK)",3323.506615,NA,3.347989063,193.0838201,NA,10.52211033,744.3546942,80.92201561,392.4688594,NA,903.1415373,NA,574.4428501,363.9366278,NA,NA,3.709361327,NA
"Value of trade",2022,"Sales","Services","Imports (outside UK)",NA,NA,NA,NA,NA,NA,NA,NA,NA,NA,NA,NA,NA,NA,NA,NA,NA,NA
"Value of trade",2022,"Sales","All Transactions","All countries",87042.95802,196.3788176,501.9316133,19161.24135,4112.100098,1264.432058,8732.14032,31909.34171,4239.368476,2540.480236,3023.814485,1073.041626,3975.180711,3607.993128,280.093515,1476.55713,583.0064561,365.8562887
"Value of trade",2022,"Sales","All Transactions","Northern Ireland",58274.39123,139.6984282,315.1168929,5976.222093,4055.190742,913.3261716,5862.83908,25808.9921,2955.212024,2532.926843,1158.693374,1039.352293,2437.098364,2471.360105,243.889379,1451.904041,564.1366782,348.4326168
"Value of trade",2022,"Sales","All Transactions","Great Britain",15235.3556,14.48395651,142.9300589,6590.723211,NA,147.8405327,2039.810001,3029.203644,850.9489186,NA,881.9357626,28.7020569,902.4914782,546.9616217,8.735776177,NA,NA,NA
"Value of trade",2022,"Sales","All Transactions","Ireland",7365.314395,10.75977676,43.01389663,3268.435958,NA,27.56171983,805.9227878,2076.498073,213.9144329,NA,246.664986,4.592516757,258.8076924,328.5837663,NA,NA,4.06622833,6.931305549
"Value of trade",2022,"Sales","All Transactions","Rest of the Europe Union (EU excluding Ireland)",2189.126176,NA,NA,1291.342715,NA,118.1007137,NA,316.7466678,147.2718093,NA,52.24539419,NA,102.7488367,NA,NA,NA,1.342266427,NA
"Value of trade",2022,"Sales","All Transactions","Rest of the World (all countries outside the UK and EU)",3978.770615,NA,NA,2034.517374,NA,57.60292045,NA,677.9012207,72.02129076,NA,684.2749687,NA,274.0343393,NA,NA,0.371193189,NA,NA
"Value of trade",2022,"Sales","All Transactions","External Sales/Purchases (outside NI)",28768.56679,56.68038935,186.8147204,13185.01926,56.90935594,351.1058867,2869.30124,6100.349606,1284.156452,7.553392865,1865.121111,33.68933321,1538.082347,1136.633023,36.20413603,24.6530891,18.86977784,17.42367189
"Value of trade",2022,"Sales","All Transactions","Exports (outside UK)",13533.21119,42.19643284,43.88466152,6594.296047,NA,203.2653539,829.4912386,3071.145961,433.207533,NA,983.1853488,4.987276312,635.5908685,589.6714015,27.46835985,NA,NA,NA
"Value of trade",2022,"Sales","All Transactions","Imports (outside UK)",NA,NA,NA,NA,NA,NA,NA,NA,NA,NA,NA,NA,NA,NA,NA,NA,NA,NA
"Value of trade",2022,"Purchases","Goods","All countries",45857.12082,58.80338177,198.0462069,12162.58056,1951.034541,353.6464937,3347.571685,23227.48699,1302.344792,910.5675494,358.8412586,84.78056033,541.0253747,943.3963343,67.1787632,161.982797,93.0198636,94.81365916
"Value of trade",2022,"Purchases","Goods","Northern Ireland",25317.03948,42.61027115,152.6369508,6435.607211,1291.822382,266.6865281,2265.366863,11966.83117,601.7880436,795.0958837,202.8361497,79.17410848,336.0377875,535.9826944,44.46385773,155.1141219,84.76320706,60.22224569
"Value of trade",2022,"Purchases","Goods","Great Britain",11890.06871,7.806595705,21.73660941,2823.289917,NA,34.51465559,905.7606443,6531.26485,618.230742,49.73443136,100.8144511,NA,164.7696682,124.8087456,16.90074476,5.74129197,5.513066464,15.35311614
"Value of trade",2022,"Purchases","Goods","Ireland",2887.878377,NA,10.17094472,783.998473,NA,46.64472432,150.2319882,1568.822266,57.99259233,64.58133092,14.52057681,NA,12.81960927,147.3104432,NA,NA,1.279216049,0.716429631
"Value of trade",2022,"Purchases","Goods","Rest of the Europe Union (EU excluding Ireland)",2717.822264,NA,NA,1060.73656,NA,5.674964958,19.01676261,1402.292481,22.10231284,0.229038258,NA,NA,11.32313354,128.4714288,NA,NA,1.038029337,NA
"Value of trade",2022,"Purchases","Goods","Rest of the World (all countries outside the UK and EU)",3044.311987,NA,NA,1058.948402,NA,0.125620688,NA,1758.276221,2.231101686,0.926865209,NA,NA,16.07517613,6.823022212,NA,0.056991456,NA,NA
"Value of trade",2022,"Purchases","Goods","External Sales/Purchases (outside NI)",20540.08134,16.19311062,45.4092561,5726.973351,659.2121594,86.95996555,1082.204823,11260.65582,700.5567489,115.4716657,156.0051089,5.606451847,204.9875872,407.4136398,NA,6.868675104,NA,34.59141347
"Value of trade",2022,"Purchases","Goods","Exports (outside UK)",NA,NA,NA,NA,NA,NA,NA,NA,NA,NA,NA,NA,NA,NA,NA,NA,NA,NA
"Value of trade",2022,"Purchases","Goods","Imports (outside UK)",8650.012629,8.386514919,23.67264669,2903.683435,NA,52.44530997,176.4441784,4729.390969,82.32600686,65.73723439,55.19065783,NA,40.21791893,282.6048942,NA,NA,2.743590067,19.23829733
"Value of trade",2022,"Purchases","Services","All countries",11216.12254,44.54486994,100.61035,1804.43488,1521.925996,283.0930744,1738.068301,1568.313622,1334.14904,246.8306708,505.5782953,190.1237203,633.9321248,518.6436058,161.769909,194.8153175,297.8359077,71.45285946
"Value of trade",2022,"Purchases","Services","Northern Ireland",8168.648861,37.90992321,85.77415274,1148.389022,1480.933522,235.8216091,1136.171774,1214.83846,751.3235983,199.0699408,225.820977,183.3122087,463.3087205,368.2559836,124.1085856,185.4498564,275.0580972,53.10242927
"Value of trade",2022,"Purchases","Services","Great Britain",2050.990934,NA,11.66151354,383.9978216,NA,41.76305507,537.3449929,247.7382013,260.9239201,33.81966643,228.1705536,NA,117.1963144,101.4092004,24.96711217,9.17623093,16.29274289,6.382359993
"Value of trade",2022,"Purchases","Services","Ireland",404.9493542,NA,3.067503256,100.6463103,NA,4.934313911,59.34881479,44.04405857,83.31313974,7.977161135,15.78219795,NA,28.90845311,24.3289089,NA,NA,4.58775513,NA
"Value of trade",2022,"Purchases","Services","Rest of the Europe Union (EU excluding Ireland)",233.6489529,NA,NA,58.18961245,NA,0.181405586,NA,38.39398932,95.38917287,5.73692281,NA,NA,7.165871974,1.80880064,NA,NA,NA,NA
"Value of trade",2022,"Purchases","Services","Rest of the World (all countries outside the UK and EU)",357.8844427,NA,NA,113.2121133,NA,0.392690802,NA,23.29891284,143.1992086,0.226979618,20.03974299,NA,17.35276479,22.84071227,NA,0.02994921,NA,NA
"Value of trade",2022,"Purchases","Services","External Sales/Purchases (outside NI)",3047.473683,6.634946732,14.83619723,656.0458576,40.99247373,47.27146537,601.8965277,353.4751621,582.8254413,47.76072999,279.7573183,6.811511626,170.6234043,150.3876222,NA,9.365461137,NA,18.35043019
"Value of trade",2022,"Purchases","Services","Exports (outside UK)",NA,NA,NA,NA,NA,NA,NA,NA,NA,NA,NA,NA,NA,NA,NA,NA,NA,NA
"Value of trade",2022,"Purchases","Services","Imports (outside UK)",996.4827497,3.106052125,3.174683686,272.048036,20.75286864,5.5084103,64.55153476,105.7369607,321.9015212,13.94106356,51.5867647,0.43276309,53.42708988,48.97842181,NA,NA,6.485067643,11.9680702
"Value of trade",2022,"Purchases","All Transactions","All countries",57073.24336,103.3482517,298.6565569,13967.01544,3472.960537,636.7395681,5085.639987,24795.80061,2636.493832,1157.39822,864.4195538,274.9042807,1174.9575,1462.03994,228.9486722,356.7981145,390.8557713,166.2665186
"Value of trade",2022,"Purchases","All Transactions","Northern Ireland",33485.68834,80.52019436,238.4111035,7583.996234,2772.755904,502.5081372,3401.538636,13181.66963,1353.111642,994.1658245,428.6571267,262.4863172,799.3465081,904.238678,168.5724433,340.5639783,359.8213043,113.324675
"Value of trade",2022,"Purchases","All Transactions","Great Britain",13941.05964,NA,33.39812295,3207.287738,NA,76.27771066,1443.105637,6779.003051,879.1546621,83.55409778,328.9850046,NA,281.9659826,226.217946,41.86785693,14.9175229,21.80580935,21.73547613
"Value of trade",2022,"Purchases","All Transactions","Ireland",3292.827731,7.145035844,13.23844797,884.6447833,37.89219877,51.57903823,209.580803,1612.866325,141.3057321,72.55849206,30.30277475,0.710279706,41.72806238,171.6393521,NA,1.22077573,5.866971179,NA
"Value of trade",2022,"Purchases","All Transactions","Rest of the Europe Union (EU excluding Ireland)",2951.471217,3.724977151,6.132245641,1118.926172,NA,5.856370544,23.63435628,1440.686471,117.4914857,5.965961068,50.1648196,NA,18.48900551,130.2802295,NA,0.008896945,1.699460479,NA
"Value of trade",2022,"Purchases","All Transactions","Rest of the World (all countries outside the UK and EU)",3402.19643,NA,7.476636765,1172.160516,NA,0.51831149,7.780553884,1781.575134,145.4303102,1.153844827,26.30982818,NA,33.42794092,29.66373448,NA,0.086940666,1.662226052,NA
"Value of trade",2022,"Purchases","All Transactions","External Sales/Purchases (outside NI)",23587.55502,22.82805736,60.24545333,6383.019209,700.2046331,134.2314309,1684.10135,11614.13098,1283.38219,163.2323957,435.7624272,12.41796347,375.6109914,557.8012621,60.37622889,16.23413624,31.03446706,52.94184366
"Value of trade",2022,"Purchases","All Transactions","Exports (outside UK)",NA,NA,NA,NA,NA,NA,NA,NA,NA,NA,NA,NA,NA,NA,NA,NA,NA,NA
"Value of trade",2022,"Purchases","All Transactions","Imports (outside UK)",9646.495379,NA,26.84733038,3175.731471,NA,57.95372027,240.9957131,4835.12793,404.227528,79.67829795,106.7774225,NA,93.64500881,331.583316,18.50837196,1.316613341,9.22865771,31.20636753
"Value of trade",2023,"Sales","Goods","All countries",65934.82045,163.4349897,455.1261566,19416.14125,1821.575657,542.2660748,3143.791686,35786.86362,523.2246257,1896.800756,435.2514341,109.0950906,457.0420176,913.8921217,2.667118179,62.39483953,87.5929712,117.6600474
"Value of trade",2023,"Sales","Goods","Northern Ireland",42934.35651,113.8100911,253.6941575,5469.030811,NA,316.6414956,2345.648723,29054.57126,465.3483919,1886.954086,205.5315994,NA,260.1454052,546.3410926,NA,NA,83.22852176,101.1578857
"Value of trade",2023,"Sales","Goods","Great Britain",10800.88949,NA,NA,6200.184829,NA,69.11090856,696.363767,3304.026149,22.46061643,NA,88.26555691,1.679112204,130.4511472,104.1062785,NA,NA,NA,NA
"Value of trade",2023,"Sales","Goods","Ireland",6358.583508,6.486605407,38.50632789,3216.382522,NA,6.160927065,95.66320981,2487.357285,26.27488343,NA,NA,NA,8.536560108,227.9933518,NA,NA,NA,NA
"Value of trade",2023,"Sales","Goods","Rest of the Europe Union (EU excluding Ireland)",2100.681846,NA,NA,1736.716588,NA,NA,3.180853023,209.8815683,NA,NA,NA,NA,12.64447075,NA,NA,NA,NA,NA
"Value of trade",2023,"Sales","Goods","Rest of the World (all countries outside the UK and EU)",3740.309091,NA,NA,2793.826499,NA,NA,2.935132297,731.0273541,NA,NA,45.89908342,NA,45.26443431,NA,NA,NA,NA,NA
"Value of trade",2023,"Sales","Goods","External Sales/Purchases (outside NI)",23000.46394,49.62489861,201.4319992,13947.11044,NA,225.6245792,798.1429622,6732.292356,57.87623383,9.846670413,229.7198347,NA,196.8966124,367.5510291,NA,NA,NA,NA
"Value of trade",2023,"Sales","Goods","Exports (outside UK)",12199.57445,37.68478144,55.13225925,7746.925609,NA,156.5136707,101.7791951,3428.266208,35.41561741,NA,141.4542778,NA,66.44546517,263.4447505,NA,NA,NA,NA
"Value of trade",2023,"Sales","Goods","Imports (outside UK)",NA,NA,NA,NA,NA,NA,NA,NA,NA,NA,NA,NA,NA,NA,NA,NA,NA,NA
"Value of trade",2023,"Sales","Services","All countries",35732.73502,56.14495841,47.83639057,927.4963019,1427.478787,713.1848245,9740.310776,1598.464364,4988.234308,1417.902387,2796.314176,1176.865771,3791.439463,3838.771333,324.7086785,1898.992661,540.7604299,447.8294066
"Value of trade",2023,"Sales","Services","Northern Ireland",23967.14708,49.16404295,NA,452.4673699,NA,609.6095603,5324.048704,1230.611914,3703.143539,1413.611724,895.9160011,1119.608906,2180.025325,2850.600368,250.4004184,1592.263953,518.4853103,348.901236
"Value of trade",2023,"Sales","Services","Great Britain",6834.58917,NA,NA,147.2083227,NA,88.17051558,2916.290756,143.935145,815.4687473,NA,807.2841699,53.2584122,892.6802438,600.2028705,NA,NA,NA,NA
"Value of trade",2023,"Sales","Services","Ireland",2378.978072,0.925817565,3.540700038,87.91740139,NA,15.39870077,1314.699743,128.0420991,203.1013643,NA,NA,NA,243.8827005,119.7924846,NA,NA,NA,NA
"Value of trade",2023,"Sales","Services","Rest of the Europe Union (EU excluding Ireland)",831.1674031,NA,NA,95.37899289,NA,NA,132.0611325,67.40514531,NA,NA,NA,NA,121.2576382,NA,NA,NA,NA,NA
"Value of trade",2023,"Sales","Services","Rest of the World (all countries outside the UK and EU)",1720.853296,NA,NA,144.5242149,NA,NA,53.21044021,28.47006023,NA,NA,888.0396377,NA,353.5935552,NA,NA,3.817793356,NA,NA
"Value of trade",2023,"Sales","Services","External Sales/Purchases (outside NI)",11765.58794,6.980915459,NA,475.0289319,NA,103.5752642,4416.262072,367.8524496,1285.090769,4.290662857,1900.398175,NA,1611.414138,988.1709645,NA,NA,NA,NA
"Value of trade",2023,"Sales","Services","Exports (outside UK)",4930.998771,NA,3.561818148,327.8206092,NA,15.40474865,1499.971315,223.9173047,469.6220222,NA,1093.114005,NA,718.733894,387.968094,NA,NA,NA,NA
"Value of trade",2023,"Sales","Services","Imports (outside UK)",NA,NA,NA,NA,NA,NA,NA,NA,NA,NA,NA,NA,NA,NA,NA,NA,NA,NA
"Value of trade",2023,"Sales","All Transactions","All countries",101667.5555,219.5799481,502.9625472,20343.63755,3249.054445,1255.450899,12884.10246,37385.32798,5511.458934,3314.703143,3231.56561,1285.960861,4248.481481,4752.663454,327.3757967,1961.387501,628.3534011,565.489454
"Value of trade",2023,"Sales","All Transactions","Northern Ireland",66901.50359,162.974134,293.9022771,5921.498181,3092.295642,926.2510559,7669.697428,30285.18317,4168.491931,3300.56581,1101.4476,1190.953069,2440.17073,3396.941461,253.0675366,1646.290606,601.713832,450.0591216
"Value of trade",2023,"Sales","All Transactions","Great Britain",17635.47866,17.92609294,150.3661928,6347.393152,NA,157.2814241,3612.654523,3447.961294,837.9293637,NA,895.5497268,54.9375244,1023.131391,704.3091491,14.86382491,247.7690719,10.34102823,89.20921921
"Value of trade",2023,"Sales","All Transactions","Ireland",8737.56158,7.412422972,42.04702793,3304.299923,NA,21.55962784,1410.362952,2615.399384,229.3762478,NA,238.984679,39.35077521,252.4192606,347.7858364,29.4835047,53.03608133,14.74575532,24.14197594
"Value of trade",2023,"Sales","All Transactions","Rest of the Europe Union (EU excluding Ireland)",2931.849249,NA,NA,1832.095581,NA,76.27617648,135.2419856,277.2867136,198.8975399,NA,61.64488306,NA,133.902109,147.6087121,NA,NA,NA,NA
"Value of trade",2023,"Sales","All Transactions","Rest of the World (all countries outside the UK and EU)",5461.162387,NA,NA,2938.350714,NA,74.08261499,56.1455725,759.4974143,76.76385196,NA,933.9387211,NA,398.8579896,156.0182959,NA,NA,NA,NA
"Value of trade",2023,"Sales","All Transactions","External Sales/Purchases (outside NI)",34766.05188,56.60581407,209.0602702,14422.13937,156.7588023,329.1998434,5214.405034,7100.144806,1342.967003,14.13733327,2130.11801,95.00779248,1808.31075,1355.721994,74.30826013,315.0968943,26.63956908,115.4303324
"Value of trade",2023,"Sales","All Transactions","Exports (outside UK)",17130.57322,38.67972113,58.69407739,8074.746219,NA,171.9184193,1601.75051,3652.183512,505.0376396,NA,1234.568283,40.07026807,785.1793592,651.4128445,59.44443521,67.3278224,16.29854086,26.22111315
"Value of trade",2023,"Sales","All Transactions","Imports (outside UK)",NA,NA,NA,NA,NA,NA,NA,NA,NA,NA,NA,NA,NA,NA,NA,NA,NA,NA
"Value of trade",2023,"Purchases","Goods","All countries",50490.11217,80.94180089,214.0308694,11927.72958,1493.702227,229.909915,4236.387372,27138.07064,1236.539953,1408.641506,317.2842188,173.6199886,435.9487949,1087.920276,60.89445205,168.0708143,138.6544891,141.7652669
"Value of trade",2023,"Purchases","Goods","Northern Ireland",28676.5856,69.03629534,176.117299,6448.629647,816.9402131,185.222571,3223.21015,13982.61699,846.5645424,1277.800624,121.6343933,105.2912112,287.9566056,768.4507888,34.32150663,134.8686391,123.5059048,74.41821882
"Value of trade",2023,"Purchases","Goods","Great Britain",13876.04741,6.033144657,NA,2619.814738,NA,17.57708185,846.1847545,8829.905026,259.5862204,53.99882514,131.2834253,NA,112.9119621,199.0811307,NA,31.52807938,13.82054912,NA
"Value of trade",2023,"Purchases","Goods","Ireland",3267.075311,3.126945843,24.49477489,970.8650576,21.47574957,25.19264693,147.0369416,1845.690565,65.32956822,67.68268823,53.19067797,0.833850542,18.15157639,19.11124738,NA,NA,0.682637666,NA
"Value of trade",2023,"Purchases","Goods","Rest of the Europe Union (EU excluding Ireland)",2598.197515,NA,NA,848.0041236,NA,NA,NA,1544.316036,NA,8.673561994,5.22369435,NA,7.042054508,NA,NA,NA,NA,NA
"Value of trade",2023,"Purchases","Goods","Rest of the World (all countries outside the UK and EU)",2072.206323,NA,NA,1040.416014,NA,NA,NA,935.5420229,NA,0.485806238,5.952027847,NA,9.886596278,18.73955406,NA,0.099242665,NA,NA
"Value of trade",2023,"Purchases","Goods","External Sales/Purchases (outside NI)",21813.52656,11.90550555,37.91357049,5479.099933,676.7620138,44.68734408,1013.177222,13155.45365,389.9754103,130.8408816,195.6498255,68.32877741,147.9921893,319.4694868,NA,33.20217515,15.14858427,NA
"Value of trade",2023,"Purchases","Goods","Exports (outside UK)",NA,NA,NA,NA,NA,NA,NA,NA,NA,NA,NA,NA,NA,NA,NA,NA,NA,NA
"Value of trade",2023,"Purchases","Goods","Imports (outside UK)",7937.479149,NA,NA,2859.285195,NA,27.11026224,166.9924677,4325.548624,130.3891898,76.84205646,64.36640016,NA,35.08022718,120.388356,NA,1.674095763,1.328035154,NA
"Value of trade",2023,"Purchases","Services","All countries",13355.57672,36.47314767,93.85760984,1844.468972,672.9465617,251.6873556,3392.930116,1545.977871,1495.519976,325.9257369,655.8607024,232.7253754,915.5452611,1081.422488,193.8695137,270.4781833,225.4976721,120.3901809
"Value of trade",2023,"Purchases","Services","Northern Ireland",8578.783457,27.20466421,82.66598988,1207.856619,630.2178572,217.8607326,2075.425092,1080.323309,731.8903091,265.2641811,384.4263989,209.6695287,645.051057,370.5315937,127.3376627,248.849633,201.2248831,72.98394715
"Value of trade",2023,"Purchases","Services","Great Britain",3268.015066,6.769482966,6.414563327,389.8888588,19.05533222,28.93999662,1213.154315,266.1936288,617.0583644,47.86604938,177.8497677,22.22989612,160.2230584,194.0657633,NA,12.77083512,21.04975536,NA
"Value of trade",2023,"Purchases","Services","Ireland",485.0227788,1.800964365,4.583881076,79.12233449,20.7883583,4.754344155,48.12849907,86.5943439,95.82892247,7.370340983,32.60682091,0.5820269,57.49039771,27.65227122,NA,NA,1.230194029,NA
"Value of trade",2023,"Purchases","Services","Rest of the Europe Union (EU excluding Ireland)",227.9383546,NA,NA,55.232669,NA,NA,NA,45.26834449,24.09234934,4.991129368,18.83223567,NA,15.7795909,NA,NA,NA,NA,NA
"Value of trade",2023,"Purchases","Services","Rest of the World (all countries outside the UK and EU)",795.8170665,NA,NA,112.3684906,NA,NA,NA,67.59824524,NA,0.434036077,42.14547926,NA,37.00115711,NA,NA,0.016843745,NA,NA
"Value of trade",2023,"Purchases","Services","External Sales/Purchases (outside NI)",4776.793266,9.26848346,11.19161996,636.612353,42.72870446,33.82662306,1317.505025,465.6545625,763.6296668,60.6615558,271.4343035,23.05584677,270.4942041,710.8908938,NA,21.6285503,24.27278903,NA
"Value of trade",2023,"Purchases","Services","Exports (outside UK)",NA,NA,NA,NA,NA,NA,NA,NA,NA,NA,NA,NA,NA,NA,NA,NA,NA,NA
"Value of trade",2023,"Purchases","Services","Imports (outside UK)",1508.7782,NA,4.777056633,246.7234941,NA,4.88662644,104.3507102,199.4609336,146.5713023,12.79550643,93.58453584,NA,110.2711457,516.8251304,NA,8.857715181,3.223033673,NA
"Value of trade",2023,"Purchases","All Transactions","All countries",63845.68889,117.4149486,307.8884793,13772.19855,2166.648789,481.5972707,7629.317489,28684.04851,2732.059929,1734.567243,973.1449212,406.345364,1351.494056,2169.342763,254.7639657,438.5489976,364.1521612,262.1554478
"Value of trade",2023,"Purchases","All Transactions","Northern Ireland",37255.36906,96.24095956,258.7832888,7656.486266,1447.15807,403.0833035,5298.635242,15062.9403,1578.454852,1543.064805,506.0607922,314.9607398,933.0076626,1138.982383,161.6591693,383.7182721,324.7307879,147.402166
"Value of trade",2023,"Purchases","All Transactions","Great Britain",17144.06248,12.80262762,16.50954182,3009.703597,641.4680137,46.51707847,2059.339069,9096.098655,876.6445849,101.8648745,309.133193,89.69113136,273.1350204,393.1468941,NA,44.2989145,NA,NA
"Value of trade",2023,"Purchases","All Transactions","Ireland",3752.09809,4.927910207,29.07865596,1049.987392,42.26410787,29.94699109,195.1654406,1932.284908,161.1584907,75.05302921,85.79749888,1.415877442,75.64197411,46.7635186,4.94338421,10.02500115,1.912831696,5.731077782
"Value of trade",2023,"Purchases","All Transactions","Rest of the Europe Union (EU excluding Ireland)",2826.13587,NA,NA,903.2367926,NA,NA,73.62433736,1589.584381,69.16231055,13.66469136,24.05593002,NA,22.82164541,87.74066335,NA,0.390723387,NA,NA
"Value of trade",2023,"Purchases","All Transactions","Rest of the World (all countries outside the UK and EU)",2868.02339,NA,NA,1152.784505,NA,NA,2.553399854,1003.140268,46.63969093,0.919842315,48.09750711,NA,46.88775339,502.7093045,NA,0.11608641,1.90257916,NA
"Value of trade",2023,"Purchases","All Transactions","External Sales/Purchases (outside NI)",26590.31983,21.17398901,49.10519045,6115.712286,719.4907182,78.51396714,2330.682247,13621.10821,1153.605077,191.5024374,467.084129,91.38462418,418.4863933,1030.360381,93.10479642,54.83072544,39.4213733,114.7532818
"Value of trade",2023,"Purchases","All Transactions","Exports (outside UK)",NA,NA,NA,NA,NA,NA,NA,NA,NA,NA,NA,NA,NA,NA,NA,NA,NA,NA
"Value of trade",2023,"Purchases","All Transactions","Imports (outside UK)",9446.257349,8.371361387,32.59564864,3106.008689,78.02270452,31.99688868,271.3431778,4525.009557,276.9604922,89.63756289,157.950936,1.693492829,145.3513729,637.2134865,NA,10.53181094,NA,NA
"Value of trade",2024,"Sales","Goods","All countries",69404.23183,183.429573,590.5851329,19144.3265,1748.570127,567.3261543,4162.257307,38409.40998,545.9625035,1942.421897,366.3748419,98.40238265,472.0764359,872.3763354,0.356927758,49.2562963,130.2642142,120.8352229
"Value of trade",2024,"Sales","Goods","Northern Ireland",45017.82457,108.2497363,NA,5491.100182,1692.905476,NA,3419.782464,29866.41967,484.4350083,NA,228.7119278,NA,283.162453,527.5544052,NA,48.26923317,NA,89.89989849
"Value of trade",2024,"Sales","Goods","Great Britain",10889.39772,NA,NA,6176.943541,NA,NA,543.9976645,3535.762,20.06389499,NA,67.48996637,NA,107.4614875,78.05233192,NA,0.668826909,NA,16.73008484
"Value of trade",2024,"Sales","Goods","Ireland",7755.559985,11.18949352,71.37141639,3202.310304,NA,14.02874029,194.444536,3993.779222,33.91902979,NA,9.968504107,NA,20.69881538,173.6003552,NA,0.304762593,NA,2.494675506
"Value of trade",2024,"Sales","Goods","Rest of the Europe Union (EU excluding Ireland)",2554.721598,NA,NA,1883.350631,NA,NA,2.439050742,458.2510435,NA,NA,9.6555304,NA,15.02859667,NA,NA,NA,0.651702606,NA
"Value of trade",2024,"Sales","Goods","Rest of the World (all countries outside the UK and EU)",3186.72796,NA,NA,2390.621842,NA,NA,1.593591416,555.1980448,NA,NA,50.54891325,NA,45.7250833,NA,NA,NA,NA,NA
"Value of trade",2024,"Sales","Goods","External Sales/Purchases (outside NI)",24386.40727,75.17983676,265.2142331,13653.22632,55.66465138,NA,742.4748426,8542.99031,61.52749522,NA,137.6629141,NA,188.9139829,344.8219303,NA,NA,NA,30.93532438
"Value of trade",2024,"Sales","Goods","Exports (outside UK)",13497.00954,NA,81.65043282,7476.282776,NA,180.4878169,198.4771782,5007.22831,41.46360024,NA,70.17294776,NA,81.45249535,266.7695983,NA,0.318236225,NA,14.20523954
"Value of trade",2024,"Sales","Goods","Imports (outside UK)",NA,NA,NA,NA,NA,NA,NA,NA,NA,NA,NA,NA,NA,NA,NA,NA,NA,NA
"Value of trade",2024,"Sales","Services","All countries",39857.78813,77.53030654,44.83027021,1250.112971,740.7395079,739.3963949,12506.84459,2076.537117,4651.453851,1379.838308,2041.96858,1885.773414,4817.313432,3871.12401,384.4861049,2103.203944,787.8121009,498.8232296
"Value of trade",2024,"Sales","Services","Northern Ireland",24483.12931,66.55050688,NA,558.5769615,691.9659362,NA,6089.928705,1573.100711,2856.252207,1311.678751,709.3052925,NA,2384.17301,2527.022531,303.2348078,1834.800382,747.7661006,468.0646402
"Value of trade",2024,"Sales","Services","Great Britain",9257.819698,NA,NA,202.1760501,20.05936666,69.09010656,4870.356189,240.3433163,949.892377,NA,476.4733715,NA,953.5432421,903.7186839,NA,NA,NA,NA
"Value of trade",2024,"Sales","Services","Ireland",2696.38753,2.123404129,6.404034883,89.80853667,NA,20.34287433,1477.395188,170.3530015,260.4686863,NA,101.3968306,2.849452495,350.6810195,122.6238608,NA,NA,NA,12.19848352
"Value of trade",2024,"Sales","Services","Rest of the Europe Union (EU excluding Ireland)",1065.682298,NA,NA,185.4514548,NA,NA,57.11945877,87.76078978,NA,NA,45.07131092,NA,162.5121873,NA,NA,NA,0.658108991,NA
"Value of trade",2024,"Sales","Services","Rest of the World (all countries outside the UK and EU)",2354.769287,NA,NA,214.0999681,NA,NA,12.04504375,4.979298773,NA,NA,709.7217742,NA,966.4039733,NA,NA,NA,NA,NA
"Value of trade",2024,"Sales","Services","External Sales/Purchases (outside NI)",15374.65881,10.97979966,NA,691.5360096,48.77357179,89.43620838,6416.91588,503.4364064,1795.201644,NA,1332.663287,NA,2433.140422,1344.10148,NA,NA,NA,30.75858948
"Value of trade",2024,"Sales","Services","Exports (outside UK)",6116.839116,NA,6.404034883,489.3599595,NA,20.34610182,1546.55969,263.09309,845.3092665,NA,856.1899158,3.879487531,1479.59718,440.3827958,NA,NA,NA,NA
"Value of trade",2024,"Sales","Services","Imports (outside UK)",NA,NA,NA,NA,NA,NA,NA,NA,NA,NA,NA,NA,NA,NA,NA,NA,NA,NA
"Value of trade",2024,"Sales","All Transactions","All countries",109262.02,260.9598796,635.4154031,20394.43947,2489.309635,1306.722549,16669.10189,40485.9471,5197.416354,3322.260205,2408.343422,1984.175796,5289.389868,4743.500346,384.8430326,2152.46024,918.0763151,619.6584525
"Value of trade",2024,"Sales","All Transactions","Northern Ireland",69500.95388,174.8002432,NA,6049.677144,2384.871412,938.414873,9509.711169,31439.52038,3340.687215,NA,938.0172203,NA,2667.335463,3054.576936,303.5199421,1883.069615,872.164743,557.9645386
"Value of trade",2024,"Sales","All Transactions","Great Britain",20147.21742,34.03197662,NA,6379.119591,51.00486187,167.4737575,5414.353854,3776.105316,969.956272,NA,543.9633378,NA,1061.00473,981.7710158,NA,NA,27.48365401,33.03992242
"Value of trade",2024,"Sales","All Transactions","Ireland",10451.94752,13.31289765,77.77545127,3292.11884,28.5130867,34.37161462,1671.839724,4164.132223,294.3877161,NA,111.3653347,NA,371.3798349,296.2242159,NA,NA,12.07447851,14.69315902
"Value of trade",2024,"Sales","All Transactions","Rest of the Europe Union (EU excluding Ireland)",3620.403896,NA,NA,2068.802085,NA,113.7297629,59.55850951,546.0118333,404.197127,NA,54.72684132,NA,177.540784,NA,NA,NA,1.309811597,12.7793402
"Value of trade",2024,"Sales","All Transactions","Rest of the World (all countries outside the UK and EU)",5541.497247,NA,NA,2604.72181,NA,52.73254116,13.63863517,560.1773436,188.1880237,NA,760.2706875,NA,1012.129057,NA,NA,NA,5.043628042,1.181492212
"Value of trade",2024,"Sales","All Transactions","External Sales/Purchases (outside NI)",39761.06608,86.15963642,NA,14344.76233,104.4382232,368.3076762,7159.390722,9046.426716,1856.729139,NA,1470.326201,NA,2622.054405,1688.92341,81.32309059,269.3906252,45.91157217,61.69391386
"Value of trade",2024,"Sales","All Transactions","Exports (outside UK)",19613.84866,52.1276598,88.0544677,7965.642735,53.43336129,200.8339187,1745.036869,5270.3214,886.7728667,NA,926.3628635,NA,1561.049675,707.1523942,NA,NA,18.42791815,28.65399144
"Value of trade",2024,"Sales","All Transactions","Imports (outside UK)",NA,NA,NA,NA,NA,NA,NA,NA,NA,NA,NA,NA,NA,NA,NA,NA,NA,NA
"Value of trade",2024,"Purchases","Goods","All countries",52423.2149,87.7209805,262.3937839,12005.58471,1081.597652,292.0181478,5667.998673,28171.20234,969.050106,1189.671504,278.5918871,340.3157401,461.0441133,1041.575415,62.14297035,219.9699913,128.0904197,164.2464624
"Value of trade",2024,"Purchases","Goods","Northern Ireland",30525.05125,75.91423338,210.7475473,6700.756942,564.7522452,209.4316745,4288.282131,14814.81298,788.8298832,1014.921442,169.953452,309.6409301,338.0777989,550.826888,38.77629312,203.7552138,108.2922949,137.2793004
"Value of trade",2024,"Purchases","Goods","Great Britain",12949.53466,NA,26.23129166,2338.572987,493.1056873,29.31414198,1237.099397,8128.68786,130.1601219,115.8735192,74.68490908,NA,83.72466851,190.1492881,NA,16.11328592,NA,NA
"Value of trade",2024,"Purchases","Goods","Ireland",3165.613197,NA,18.15051402,1066.038,NA,51.49187609,113.1484659,1753.774994,38.92444082,57.36121408,17.28207114,NA,13.53346855,13.54728443,NA,0.026312178,6.79542255,NA
"Value of trade",2024,"Purchases","Goods","Rest of the Europe Union (EU excluding Ireland)",2241.867367,3.088951993,NA,916.2096891,NA,NA,22.20840366,1106.220734,NA,0.649198132,5.072225562,NA,3.702686544,154.6154679,NA,NA,NA,NA
"Value of trade",2024,"Purchases","Goods","Rest of the World (all countries outside the UK and EU)",3541.148435,NA,NA,984.0070924,NA,NA,7.260274949,2367.70578,NA,0.866131088,11.59922935,NA,22.00549078,132.4364863,NA,NA,NA,1.706257474
"Value of trade",2024,"Purchases","Goods","External Sales/Purchases (outside NI)",21898.16366,11.80674712,NA,5304.827768,516.8454072,82.58647322,1379.716542,13356.38937,180.2202228,174.7500625,108.6384351,NA,122.9663144,490.7485267,NA,16.21477751,NA,NA
"Value of trade",2024,"Purchases","Goods","Exports (outside UK)",NA,NA,NA,NA,NA,NA,NA,NA,NA,NA,NA,NA,NA,NA,NA,NA,NA,NA
"Value of trade",2024,"Purchases","Goods","Imports (outside UK)",8948.628999,NA,NA,2966.254782,23.7397199,53.27233124,142.6171445,5227.701509,50.06010093,58.8765433,33.95352605,NA,39.24164587,300.5992386,NA,0.101491585,NA,NA
"Value of trade",2024,"Purchases","Services","All countries",14425.49195,46.61744678,130.4687716,1939.805702,387.4905605,316.9198329,3831.810952,1938.147254,1552.428293,316.4240279,488.8209683,438.0748779,1262.922288,946.6269795,222.0995122,316.6428081,163.9868738,126.2047988
"Value of trade",2024,"Purchases","Services","Northern Ireland",8777.649305,35.56404367,118.2876371,1104.669874,353.249747,265.3745166,2228.738563,1401.815408,871.1250852,260.2062026,218.8445088,375.7139638,599.6560825,257.3605674,163.190412,276.174982,135.4608814,112.2168304
"Value of trade",2024,"Purchases","Services","Great Britain",3409.730573,NA,7.11383247,345.1350515,28.54109138,45.7909312,1382.328771,382.3238789,397.5807901,44.39337951,151.3081009,NA,183.2869584,268.6147392,NA,40.02386269,NA,NA
"Value of trade",2024,"Purchases","Services","Ireland",914.0180058,NA,4.228005656,328.6666853,NA,5.641279686,217.6009805,47.52942702,61.90261133,4.993482202,61.04546128,NA,153.8725757,9.56397634,NA,0.416662647,2.607076596,NA
"Value of trade",2024,"Purchases","Services","Rest of the Europe Union (EU excluding Ireland)",442.5822462,NA,NA,52.46448208,NA,NA,1.106719229,26.58435194,113.960516,5.228750303,28.33039632,0.298278974,176.6377009,32.428625,NA,NA,0.231581341,NA
"Value of trade",2024,"Purchases","Services","Rest of the World (all countries outside the UK and EU)",881.5118179,NA,NA,108.8696095,NA,NA,2.035918583,79.89418842,NA,1.602213312,29.29250094,NA,149.4689705,378.6590715,NA,NA,NA,3.047861046
"Value of trade",2024,"Purchases","Services","External Sales/Purchases (outside NI)",5647.842643,11.05340311,NA,835.1358284,34.24081358,51.54531634,1603.072389,536.3318462,681.3032079,56.21782533,269.9764595,NA,663.2662055,689.2664121,NA,40.46782611,NA,NA
"Value of trade",2024,"Purchases","Services","Exports (outside UK)",NA,NA,NA,NA,NA,NA,NA,NA,NA,NA,NA,NA,NA,NA,NA,NA,NA,NA
"Value of trade",2024,"Purchases","Services","Imports (outside UK)",2238.11207,NA,NA,490.0007769,5.6997222,5.754385143,220.7436183,154.0079674,283.7224179,11.82444582,118.6683585,NA,479.9792471,420.6516729,NA,0.443963416,NA,NA
"Value of trade",2024,"Purchases","All Transactions","All countries",66848.70685,134.3384273,392.8625555,13945.39041,1469.088213,608.9379807,9499.809624,30109.3496,2521.478399,1506.095532,767.4128554,778.3906179,1723.966401,1988.202394,284.2424825,536.6127994,292.0772934,290.4512612
"Value of trade",2024,"Purchases","All Transactions","Northern Ireland",39302.70055,111.478277,329.0351844,7805.426816,918.0019921,474.8061911,6517.020693,16216.62838,1659.954968,1275.127644,388.7979608,685.3548939,937.7338814,808.1874554,201.9667051,479.9301958,243.7531763,249.4961308
"Value of trade",2024,"Purchases","All Transactions","Great Britain",16359.26523,NA,33.34512413,2683.708038,521.6467787,75.10507318,2619.428168,8511.011739,527.7409119,160.2668987,225.99301,NA,267.0116269,458.7640273,NA,56.13714862,NA,NA
"Value of trade",2024,"Purchases","All Transactions","Ireland",4079.631203,6.857973771,NA,1394.704686,12.6811815,57.13315578,330.7494463,1801.304421,100.8270521,62.35469628,78.32753242,NA,167.4060443,23.11126077,4.865637164,0.442974825,9.402499147,4.012981312
"Value of trade",2024,"Purchases","All Transactions","Rest of the Europe Union (EU excluding Ireland)",2684.449613,NA,4.891754986,968.6741712,NA,NA,23.31512289,1132.805086,119.7398683,5.877948435,33.40262188,NA,180.3403874,187.0440929,NA,NA,NA,0.516737773
"Value of trade",2024,"Purchases","All Transactions","Rest of the World (all countries outside the UK and EU)",4422.660253,NA,NA,1092.876702,NA,NA,9.296193532,2447.599969,113.2155984,2.4683444,40.89173028,NA,171.4744613,511.0955578,NA,NA,NA,NA
"Value of trade",2024,"Purchases","All Transactions","External Sales/Purchases (outside NI)",27546.0063,22.86015023,63.82737111,6139.963597,551.0862208,134.1317896,2982.788931,13892.72122,861.5234307,230.9678878,378.6148946,93.03572406,786.2325199,1180.014939,82.27577738,56.68260362,48.32411713,40.95513039
"Value of trade",2024,"Purchases","All Transactions","Exports (outside UK)",NA,NA,NA,NA,NA,NA,NA,NA,NA,NA,NA,NA,NA,NA,NA,NA,NA,NA
"Value of trade",2024,"Purchases","All Transactions","Imports (outside UK)",11186.74107,NA,30.48224698,3456.255559,29.4394421,59.02671638,363.3607628,5381.709476,333.7825188,70.70098912,152.6218846,NA,519.220893,721.2509114,NA,0.545455001,NA,NA
"95% Confidence Interval - Lower",2011,"Sales","Goods","All countries",44285.68162,64.5294403,299.7311777,15960.18004,1026.509448,266.0011914,1520.608426,22001.0774,412.0530305,894.7936202,187.4169513,50.55850998,125.0908057,279.8926616,1.659193735,27.66584761,22.88595989,11.79610519
"95% Confidence Interval - Lower",2011,"Sales","Goods","Northern Ireland",27234.62539,30.71310898,169.5949565,3411.102604,962.7423061,34.24701694,1272.913019,18763.55598,330.8520843,884.2527538,116.65426,39.46634903,63.74757349,160.6693747,0.132836895,17.65474281,22.46892473,10.17292992
"95% Confidence Interval - Lower",2011,"Sales","Goods","Great Britain",8935.418033,NA,NA,7096.397845,NA,68.89084136,123.3621886,NA,NA,NA,44.18737171,0.125011595,8.861733784,32.58576692,0.348605876,NA,0.195111739,NA
"95% Confidence Interval - Lower",2011,"Sales","Goods","Ireland",2633.778344,NA,27.32100825,1238.695185,NA,4.840808181,31.93686159,1108.923524,11.86806936,NA,11.15814363,1.634785555,3.623166931,14.32411567,NA,0.148758594,0.108642663,NA
"95% Confidence Interval - Lower",2011,"Sales","Goods","Rest of the Europe Union (EU excluding Ireland)",1682.670632,NA,NA,1243.586069,NA,NA,-0.351820307,NA,NA,NA,NA,NA,NA,NA,NA,NA,NA,NA
"95% Confidence Interval - Lower",2011,"Sales","Goods","Rest of the World (all countries outside the UK and EU)",3189.024873,NA,NA,2751.08244,NA,NA,NA,190.8677626,NA,NA,NA,NA,NA,NA,NA,NA,NA,NA
"95% Confidence Interval - Lower",2011,"Sales","Goods","External Sales/Purchases (outside NI)",16733.29984,NA,74.51564137,12458.00919,NA,224.3035203,182.3773239,2958.495741,67.66190043,6.025682576,64.12507044,NA,32.10140868,102.300931,NA,NA,0.374265271,NA
"95% Confidence Interval - Lower",2011,"Sales","Goods","Exports (outside UK)",7633.953259,17.38835965,34.09184096,5298.210294,NA,152.1475497,35.18298107,1641.910342,NA,NA,19.78628671,-0.551298267,17.55632091,63.96050713,NA,NA,0.175913919,NA
"95% Confidence Interval - Lower",2011,"Sales","Goods","Imports (outside UK)",NA,NA,NA,NA,NA,NA,NA,NA,NA,NA,NA,NA,NA,NA,NA,NA,NA,NA
"95% Confidence Interval - Lower",2011,"Sales","Services","All countries",15739.27559,10.50922505,22.05443315,381.5289842,906.428673,98.41844039,3334.041122,946.7097442,2100.90564,219.3195974,1150.618769,720.8051569,1393.122634,1114.666586,186.2421059,765.4599709,868.9171732,318.4171374
"95% Confidence Interval - Lower",2011,"Sales","Services","Northern Ireland",12535.31724,8.510637736,13.75294807,192.8743872,892.8008091,86.50488826,2479.572832,587.9644058,1464.893522,214.0127107,711.7126716,672.9246915,1186.538598,883.3731267,173.8540883,759.2786598,853.1140311,284.6503142
"95% Confidence Interval - Lower",2011,"Sales","Services","Great Britain",1991.707977,NA,NA,66.72599377,NA,-0.623776224,623.2234845,NA,NA,NA,193.5637261,34.2702668,54.51279714,105.0943836,1.780265664,NA,5.95239302,NA
"95% Confidence Interval - Lower",2011,"Sales","Services","Ireland",488.6996773,NA,7.896560446,33.34995495,NA,0.857210062,71.58783913,22.31094469,101.19259,NA,46.69739674,0.162162532,39.08636909,19.00390714,NA,2.155805697,-0.116288841,NA
"95% Confidence Interval - Lower",2011,"Sales","Services","Rest of the Europe Union (EU excluding Ireland)",208.9901287,NA,NA,22.52357301,NA,NA,NA,NA,NA,NA,NA,NA,11.09204267,NA,NA,NA,NA,NA
"95% Confidence Interval - Lower",2011,"Sales","Services","Rest of the World (all countries outside the UK and EU)",261.5460126,NA,NA,37.58210619,NA,NA,NA,1.25601477,NA,NA,113.5138711,NA,NA,NA,NA,NA,NA,NA
"95% Confidence Interval - Lower",2011,"Sales","Services","External Sales/Purchases (outside NI)",3061.358979,NA,8.234292265,176.2362966,NA,3.367652717,766.3193605,320.0224611,592.9759268,3.61172601,398.7337532,NA,164.3632921,194.9415412,NA,NA,5.612620453,NA
"95% Confidence Interval - Lower",2011,"Sales","Services","Exports (outside UK)",1007.863856,NA,NA,101.9396667,NA,1.0036696,109.6117304,NA,NA,NA,188.3690154,0.318105298,93.12600173,75.25588792,NA,2.387917828,-0.557547407,NA
"95% Confidence Interval - Lower",2011,"Sales","Services","Imports (outside UK)",NA,NA,NA,NA,NA,NA,NA,NA,NA,NA,NA,NA,NA,NA,NA,NA,NA,NA
"95% Confidence Interval - Lower",2011,"Sales","All Transactions","All countries",60478.03053,81.15870314,328.4003107,16378.62263,1946.874639,384.7359751,5046.840275,23098.70999,2584.14841,1165.183229,1357.869754,803.4722232,1588.396377,1501.653827,188.0445313,858.227828,937.6119968,340.8141952
"95% Confidence Interval - Lower",2011,"Sales","All Transactions","Northern Ireland",40150.24503,44.81546663,183.4305122,3628.941873,1861.580267,131.1091562,3921.212294,19487.63125,1861.184523,1149.372526,844.9951678,741.9708526,1286.287427,1146.215057,174.1292886,843.664795,921.0494979,304.4130011
"95% Confidence Interval - Lower",2011,"Sales","All Transactions","Great Britain",11045.83881,8.35840802,NA,7176.32658,NA,76.60464807,794.3923796,1480.478127,423.7720439,NA,242.2608325,38.48150842,66.8440546,151.6474526,2.12887154,7.719953129,6.152353235,13.1331025
"95% Confidence Interval - Lower",2011,"Sales","All Transactions","Ireland",3175.79415,7.489788726,35.49700602,1279.856694,67.81000843,6.113084743,116.637262,1143.236323,118.4135497,4.797601172,60.32920502,3.777388964,45.0898522,40.49752876,NA,2.431711419,-0.001169243,NA
"95% Confidence Interval - Lower",2011,"Sales","All Transactions","Rest of the Europe Union (EU excluding Ireland)",1919.998619,NA,NA,1273.601113,NA,94.38276715,15.51694981,256.4358544,61.81654998,NA,15.03115338,NA,22.98001104,NA,NA,NA,NA,NA
"95% Confidence Interval - Lower",2011,"Sales","All Transactions","Rest of the World (all countries outside the UK and EU)",3498.720184,NA,NA,2794.610383,NA,50.03665,10.14135168,192.5461241,11.56582375,NA,119.4187317,NA,47.21082496,NA,4.751259871,NA,NA,NA
"95% Confidence Interval - Lower",2011,"Sales","All Transactions","External Sales/Purchases (outside NI)",19970.06681,29.44101138,95.6236162,12654.58009,75.17018918,238.3235268,1001.299344,3320.774197,674.0629933,10.01502485,471.9040077,47.08757466,233.1002359,313.5473378,12.32180159,10.84485663,6.018969563,14.22105571
"95% Confidence Interval - Lower",2011,"Sales","All Transactions","Exports (outside UK)",8740.112442,18.65434196,NA,5414.203317,NA,155.6000851,158.8459484,1697.670588,214.1383363,NA,213.0999839,4.07552455,144.8173282,146.4447961,10.19008123,3.020597036,-0.357095748,0.336220024
"95% Confidence Interval - Lower",2011,"Sales","All Transactions","Imports (outside UK)",NA,NA,NA,NA,NA,NA,NA,NA,NA,NA,NA,NA,NA,NA,NA,NA,NA,NA
"95% Confidence Interval - Lower",2011,"Purchases","Goods","All countries",NA,NA,NA,NA,NA,NA,NA,NA,NA,NA,NA,NA,NA,NA,NA,NA,NA,NA
"95% Confidence Interval - Lower",2011,"Purchases","Goods","Northern Ireland",NA,NA,NA,NA,NA,NA,NA,NA,NA,NA,NA,NA,NA,NA,NA,NA,NA,NA
"95% Confidence Interval - Lower",2011,"Purchases","Goods","Great Britain",NA,NA,NA,NA,NA,NA,NA,NA,NA,NA,NA,NA,NA,NA,NA,NA,NA,NA
"95% Confidence Interval - Lower",2011,"Purchases","Goods","Ireland",1824.33373,NA,NA,547.8200068,1.897248005,31.23802811,22.76111813,1006.590119,49.86489857,17.91758596,9.986479596,-0.8246322,3.438999845,21.44278659,NA,NA,0.511524763,NA
"95% Confidence Interval - Lower",2011,"Purchases","Goods","Rest of the Europe Union (EU excluding Ireland)",1317.272503,1.433004486,1.64246431,564.9759563,NA,NA,NA,589.9428968,NA,NA,NA,NA,NA,NA,NA,NA,NA,NA
"95% Confidence Interval - Lower",2011,"Purchases","Goods","Rest of the World (all countries outside the UK and EU)",1587.079555,NA,NA,748.1038745,NA,NA,NA,765.6152815,NA,NA,NA,NA,NA,NA,NA,NA,NA,NA
"95% Confidence Interval - Lower",2011,"Purchases","Goods","External Sales/Purchases (outside NI)",NA,NA,NA,NA,NA,NA,NA,NA,NA,NA,NA,NA,NA,NA,NA,NA,NA,NA
"95% Confidence Interval - Lower",2011,"Purchases","Goods","Exports (outside UK)",NA,NA,NA,NA,NA,NA,NA,NA,NA,NA,NA,NA,NA,NA,NA,NA,NA,NA
"95% Confidence Interval - Lower",2011,"Purchases","Goods","Imports (outside UK)",4838.042507,NA,NA,1902.812262,2.870536214,33.24329305,55.66123457,2460.567848,86.4629628,18.10623434,14.01508706,NA,14.33128495,50.99908193,NA,0.088446923,1.036764293,NA
"95% Confidence Interval - Lower",2011,"Purchases","Services","All countries",NA,NA,NA,NA,NA,NA,NA,NA,NA,NA,NA,NA,NA,NA,NA,NA,NA,NA
"95% Confidence Interval - Lower",2011,"Purchases","Services","Northern Ireland",NA,NA,NA,NA,NA,NA,NA,NA,NA,NA,NA,NA,NA,NA,NA,NA,NA,NA
"95% Confidence Interval - Lower",2011,"Purchases","Services","Great Britain",NA,NA,NA,NA,NA,NA,NA,NA,NA,NA,NA,NA,NA,NA,NA,NA,NA,NA
"95% Confidence Interval - Lower",2011,"Purchases","Services","Ireland",179.3320297,NA,NA,26.30889678,5.793092713,0.127073908,8.937623895,36.2514967,30.56210073,0.463349612,3.770271574,0.126357379,4.387224493,-1.594709943,NA,NA,0.797137263,NA
"95% Confidence Interval - Lower",2011,"Purchases","Services","Rest of the Europe Union (EU excluding Ireland)",51.93196852,NA,NA,11.52823598,2.542355404,NA,NA,5.262174345,NA,NA,NA,NA,1.078809527,NA,NA,NA,NA,NA
"95% Confidence Interval - Lower",2011,"Purchases","Services","Rest of the World (all countries outside the UK and EU)",48.1144409,NA,NA,37.77142414,NA,NA,NA,8.26262682,-17.98356205,NA,NA,NA,NA,NA,NA,NA,NA,NA
"95% Confidence Interval - Lower",2011,"Purchases","Services","External Sales/Purchases (outside NI)",NA,NA,NA,NA,NA,NA,NA,NA,NA,NA,NA,NA,NA,NA,NA,NA,NA,NA
"95% Confidence Interval - Lower",2011,"Purchases","Services","Exports (outside UK)",NA,NA,NA,NA,NA,NA,NA,NA,NA,NA,NA,NA,NA,NA,NA,NA,NA,NA
"95% Confidence Interval - Lower",2011,"Purchases","Services","Imports (outside UK)",310.1570624,NA,NA,78.08143254,8.541057239,0.497312577,10.36192755,58.00577703,28.83106189,0.920325645,10.41715366,NA,7.256875695,5.379882718,NA,0.187265444,0.8850238,NA
"95% Confidence Interval - Lower",2011,"Purchases","All Transactions","All countries",39372.3649,37.65307848,197.7499002,8667.677629,1619.296342,291.085206,3268.828604,18152.53023,1355.940853,589.0518297,576.7377031,354.7336787,625.9310461,597.7444437,165.6913516,306.0184356,784.1177742,289.8544495
"95% Confidence Interval - Lower",2011,"Purchases","All Transactions","Northern Ireland",NA,NA,NA,NA,NA,NA,NA,NA,NA,NA,NA,NA,NA,NA,NA,NA,NA,NA
"95% Confidence Interval - Lower",2011,"Purchases","All Transactions","Great Britain",NA,NA,NA,NA,NA,NA,NA,NA,NA,NA,NA,NA,NA,NA,NA,NA,NA,NA
"95% Confidence Interval - Lower",2011,"Purchases","All Transactions","Ireland",2031.983971,0.339664922,18.66064468,575.4274773,7.698438421,31.556375,38.29234161,1054.439999,87.29939367,18.59828433,18.09680468,-0.510949288,11.34206141,25.61370851,NA,0.213069085,1.342262172,NA
"95% Confidence Interval - Lower",2011,"Purchases","All Transactions","Rest of the Europe Union (EU excluding Ireland)",1383.291845,NA,NA,581.0288392,3.15879125,NA,26.21753226,605.6168909,41.2689718,NA,4.606253415,NA,4.373041443,28.5284298,NA,NA,0.054742894,NA
"95% Confidence Interval - Lower",2011,"Purchases","All Transactions","Rest of the World (all countries outside the UK and EU)",1677.975393,NA,NA,788.8428007,-0.15316334,NA,0.816868782,780.3707543,-16.73202667,NA,1.930164564,NA,4.620669994,4.351113684,3.464,NA,0.241664179,NA
"95% Confidence Interval - Lower",2011,"Purchases","All Transactions","External Sales/Purchases (outside NI)",NA,NA,NA,NA,NA,NA,NA,NA,NA,NA,NA,NA,NA,NA,NA,NA,NA,NA
"95% Confidence Interval - Lower",2011,"Purchases","All Transactions","Exports (outside UK)",NA,NA,NA,NA,NA,NA,NA,NA,NA,NA,NA,NA,NA,NA,NA,NA,NA,NA
"95% Confidence Interval - Lower",2011,"Purchases","All Transactions","Imports (outside UK)",5211.290039,2.77412678,31.06132365,1987.148747,11.44251938,34.23621031,73.21065561,2540.648651,129.3570287,19.31401302,28.91982205,-0.818369006,31.11665877,63.45565987,9.09,0.337402633,1.960410832,8.725054633
"95% Confidence Interval - Lower",2012,"Sales","Goods","All countries",43804.41853,72.82070167,309.7682768,16163.48978,1016.842632,202.9106519,1138.751877,22287.05627,160.56132,873.0220822,159.8660248,64.32761424,188.1347531,198.2632923,2.146087303,68.30651754,43.00290804,22.31051724
"95% Confidence Interval - Lower",2012,"Sales","Goods","Northern Ireland",26336.84955,40.56636176,NA,3296.525338,NA,35.96607412,939.1202583,18826.00902,93.78651609,NA,89.26611774,43.98084044,61.08363194,77.95920877,NA,NA,40.34990642,NA
"95% Confidence Interval - Lower",2012,"Sales","Goods","Great Britain",9352.495252,2.645466702,NA,7359.650376,NA,NA,107.6238193,1434.096932,NA,NA,40.44199156,NA,28.78814636,25.6395221,NA,NA,-0.041686282,NA
"95% Confidence Interval - Lower",2012,"Sales","Goods","Ireland",2605.729343,NA,25.68809618,1225.600042,NA,4.530605168,37.18753616,1055.591672,9.31960081,NA,9.027889239,NA,3.808523411,47.9114111,NA,NA,0.113928074,-0.162075922
"95% Confidence Interval - Lower",2012,"Sales","Goods","Rest of the Europe Union (EU excluding Ireland)",1575.633953,NA,NA,1158.228188,NA,NA,NA,229.2348503,NA,NA,NA,NA,NA,NA,NA,NA,NA,NA
"95% Confidence Interval - Lower",2012,"Sales","Goods","Rest of the World (all countries outside the UK and EU)",3330.430602,NA,NA,2886.477895,NA,NA,NA,NA,NA,NA,NA,NA,NA,NA,NA,NA,NA,NA
"95% Confidence Interval - Lower",2012,"Sales","Goods","External Sales/Purchases (outside NI)",17165.75196,26.3902792,NA,12769.09776,NA,161.9930249,179.774779,3191.137802,NA,NA,58.74339588,12.97101253,98.99125712,109.4985036,NA,NA,-1.615500582,NA
"95% Confidence Interval - Lower",2012,"Sales","Goods","Exports (outside UK)",7664.970896,NA,30.67465621,5344.936443,NA,129.6613585,64.86228201,1628.498923,NA,NA,17.79903867,NA,47.5326155,70.43711029,NA,NA,-1.573814303,-0.147797345
"95% Confidence Interval - Lower",2012,"Sales","Goods","Imports (outside UK)",NA,NA,NA,NA,NA,NA,NA,NA,NA,NA,NA,NA,NA,NA,NA,NA,NA,NA
"95% Confidence Interval - Lower",2012,"Sales","Services","All countries",16976.2836,13.00008061,61.68500735,417.2451574,1010.312104,564.3987706,3601.248677,987.5550547,2313.547747,309.8701045,1227.982118,744.6239128,1301.87279,1250.639339,206.1669206,886.1790556,880.7838943,265.3524083
"95% Confidence Interval - Lower",2012,"Sales","Services","Northern Ireland",13705.31429,10.56368226,40.16370427,177.7765701,1000.364791,539.3285674,2661.01937,801.3280651,1655.556613,289.0221528,800.3055674,662.2158579,1053.470313,978.8459698,183.3571982,882.440154,867.9386735,254.9008553
"95% Confidence Interval - Lower",2012,"Sales","Services","Great Britain",1798.254032,NA,NA,43.34358742,NA,NA,643.3846705,66.11512424,NA,NA,170.4083115,58.35229201,76.49389477,134.1981862,NA,NA,1.938500922,NA
"95% Confidence Interval - Lower",2012,"Sales","Services","Ireland",561.4305379,NA,19.32414422,50.17465427,NA,2.678607893,133.6752857,13.84322295,103.4015196,NA,45.88723383,NA,43.30679708,10.10782225,NA,NA,1.050123029,-0.335233019
"95% Confidence Interval - Lower",2012,"Sales","Services","Rest of the Europe Union (EU excluding Ireland)",211.4766705,NA,NA,28.50057271,NA,NA,NA,NA,NA,NA,NA,NA,9.532676306,NA,NA,NA,NA,NA
"95% Confidence Interval - Lower",2012,"Sales","Services","Rest of the World (all countries outside the UK and EU)",381.4598406,NA,NA,90.33553719,NA,NA,NA,NA,NA,NA,99.87570497,NA,NA,NA,NA,NA,NA,NA
"95% Confidence Interval - Lower",2012,"Sales","Services","External Sales/Purchases (outside NI)",3102.206746,0.286628858,21.52127778,225.5894584,6.714335152,24.04191437,859.7977661,146.9843164,NA,NA,375.7080245,65.29360254,197.0251655,241.3003087,NA,NA,4.109524432,4.897758759
"95% Confidence Interval - Lower",2012,"Sales","Services","Exports (outside UK)",1227.389577,NA,NA,176.0444425,NA,NA,184.2180137,59.03927308,NA,NA,181.9372384,NA,106.1150249,103.6721628,NA,NA,1.684826173,NA
"95% Confidence Interval - Lower",2012,"Sales","Services","Imports (outside UK)",NA,NA,NA,NA,NA,NA,NA,NA,NA,NA,NA,NA,NA,NA,NA,NA,NA,NA
"95% Confidence Interval - Lower",2012,"Sales","All Transactions","All countries",61140.46891,92.51224374,372.2413547,16611.67891,2039.087174,780.7874864,4891.339581,23394.07541,2538.269688,1243.644916,1418.10233,825.428934,1566.55392,1502.320482,210.659137,961.2547201,946.7386431,298.1910234
"95% Confidence Interval - Lower",2012,"Sales","All Transactions","Northern Ireland",40359.032,57.42941403,246.862035,3502.393224,1983.920374,588.2602431,3731.730473,19729.04578,1803.768063,1218.018018,913.5727625,716.7024578,1158.573851,1078.9333,186.3231156,947.0986612,930.7856229,286.506879
"95% Confidence Interval - Lower",2012,"Sales","All Transactions","Great Britain",11268.26663,3.964218461,67.42047084,7409.497229,7.209846073,51.12874765,772.862421,1528.75387,385.4072114,6.149711794,220.1218634,69.6966767,115.5563558,171.3231922,4.22463556,NA,2.135212195,NA
"95% Confidence Interval - Lower",2012,"Sales","All Transactions","Ireland",3241.302005,4.238542186,45.52134753,1297.252873,39.82134508,8.065237236,178.2138959,1081.154569,121.7060015,5.588454357,56.39495284,13.14530738,49.86188649,62.54882739,4.297159455,1.242426846,1.164434411,0.093238747
"95% Confidence Interval - Lower",2012,"Sales","All Transactions","Rest of the Europe Union (EU excluding Ireland)",1817.49756,NA,NA,1188.765836,NA,76.40604327,38.04843472,258.0711256,39.1727762,2.080984419,19.4357152,NA,23.40255806,NA,1.151651723,NA,NA,NA
"95% Confidence Interval - Lower",2012,"Sales","All Transactions","Rest of the World (all countries outside the UK and EU)",3759.508771,NA,NA,2981.973931,NA,46.35293451,37.58026929,262.581116,10.62366976,0.783935379,106.0901919,NA,74.07193749,NA,6.968421926,NA,NA,NA
"95% Confidence Interval - Lower",2012,"Sales","All Transactions","External Sales/Purchases (outside NI)",20430.87283,28.77958148,120.9466964,13017.2016,51.37269561,187.0261545,1062.85199,3386.075841,640.6772073,18.07415603,447.3737814,88.55286555,329.8254439,371.4579913,19.60794187,11.09196401,3.561926574,6.022039139
"95% Confidence Interval - Lower",2012,"Sales","All Transactions","Exports (outside UK)",8991.84838,22.74656576,52.54310282,5538.947014,43.03534508,133.0243316,256.4586729,1725.743684,208.4359648,8.605113668,204.3967999,14.85624951,181.5351744,178.9255995,13.5226607,NA,0.675745573,NA
"95% Confidence Interval - Lower",2012,"Sales","All Transactions","Imports (outside UK)",NA,NA,NA,NA,NA,NA,NA,NA,NA,NA,NA,NA,NA,NA,NA,NA,NA,NA
"95% Confidence Interval - Lower",2012,"Purchases","Goods","All countries",NA,NA,NA,NA,NA,NA,NA,NA,NA,NA,NA,NA,NA,NA,NA,NA,NA,NA
"95% Confidence Interval - Lower",2012,"Purchases","Goods","Northern Ireland",NA,NA,NA,NA,NA,NA,NA,NA,NA,NA,NA,NA,NA,NA,NA,NA,NA,NA
"95% Confidence Interval - Lower",2012,"Purchases","Goods","Great Britain",NA,NA,NA,NA,NA,NA,NA,NA,NA,NA,NA,NA,NA,NA,NA,NA,NA,NA
"95% Confidence Interval - Lower",2012,"Purchases","Goods","Ireland",1796.715422,NA,10.12120744,633.9886977,NA,21.02475955,34.7837916,838.1657342,36.50276645,19.78525898,5.488283281,NA,13.53056723,17.03953686,NA,NA,0.479700152,NA
"95% Confidence Interval - Lower",2012,"Purchases","Goods","Rest of the Europe Union (EU excluding Ireland)",1482.550924,0.910171593,NA,639.9118728,-0.175938724,NA,19.34627109,673.8486153,NA,NA,NA,NA,1.688305181,NA,NA,NA,NA,NA
"95% Confidence Interval - Lower",2012,"Purchases","Goods","Rest of the World (all countries outside the UK and EU)",1708.337671,NA,NA,708.3179086,NA,NA,1.327977161,938.270711,NA,NA,NA,NA,5.769246168,NA,NA,NA,NA,NA
"95% Confidence Interval - Lower",2012,"Purchases","Goods","External Sales/Purchases (outside NI)",NA,NA,NA,NA,NA,NA,NA,NA,NA,NA,NA,NA,NA,NA,NA,NA,NA,NA
"95% Confidence Interval - Lower",2012,"Purchases","Goods","Exports (outside UK)",NA,NA,NA,NA,NA,NA,NA,NA,NA,NA,NA,NA,NA,NA,NA,NA,NA,NA
"95% Confidence Interval - Lower",2012,"Purchases","Goods","Imports (outside UK)",5100.378397,NA,NA,2012.39923,61.06096147,22.63926725,63.865642,2555.499642,98.12393619,20.31819152,11.5038554,NA,29.91292345,44.11298391,NA,NA,0.733923845,NA
"95% Confidence Interval - Lower",2012,"Purchases","Services","All countries",NA,NA,NA,NA,NA,NA,NA,NA,NA,NA,NA,NA,NA,NA,NA,NA,NA,NA
"95% Confidence Interval - Lower",2012,"Purchases","Services","Northern Ireland",NA,NA,NA,NA,NA,NA,NA,NA,NA,NA,NA,NA,NA,NA,NA,NA,NA,NA
"95% Confidence Interval - Lower",2012,"Purchases","Services","Great Britain",NA,NA,NA,NA,NA,NA,NA,NA,NA,NA,NA,NA,NA,NA,NA,NA,NA,NA
"95% Confidence Interval - Lower",2012,"Purchases","Services","Ireland",142.1739401,NA,NA,26.37583677,NA,0.016308633,14.58903823,10.01070308,25.70976503,0.696123936,7.675404919,NA,2.49286361,1.601516865,NA,NA,-0.251592203,NA
"95% Confidence Interval - Lower",2012,"Purchases","Services","Rest of the Europe Union (EU excluding Ireland)",73.4053716,NA,NA,13.88226122,1.943094056,NA,2.987689038,7.311166436,NA,NA,NA,NA,4.69526085,NA,NA,NA,NA,NA
"95% Confidence Interval - Lower",2012,"Purchases","Services","Rest of the World (all countries outside the UK and EU)",66.66007152,NA,NA,39.5865643,NA,NA,0.759946428,2.657993773,NA,NA,2.543382971,NA,8.149274936,NA,NA,NA,NA,NA
"95% Confidence Interval - Lower",2012,"Purchases","Services","External Sales/Purchases (outside NI)",NA,NA,NA,NA,NA,NA,NA,NA,NA,NA,NA,NA,NA,NA,NA,NA,NA,NA
"95% Confidence Interval - Lower",2012,"Purchases","Services","Exports (outside UK)",NA,NA,NA,NA,NA,NA,NA,NA,NA,NA,NA,NA,NA,NA,NA,NA,NA,NA
"95% Confidence Interval - Lower",2012,"Purchases","Services","Imports (outside UK)",295.034577,NA,NA,82.63304471,8.125954708,0.155387651,19.09174921,24.61577251,48.85822131,0.882038883,14.72155793,NA,21.13540048,8.747938243,NA,NA,-0.097639434,NA
"95% Confidence Interval - Lower",2012,"Purchases","All Transactions","All countries",39280.23086,45.18491481,264.0133724,8670.968882,1692.007587,374.0201212,3171.016402,18311.62326,1494.156213,616.3956289,558.8281861,338.2764591,590.9999342,511.2478135,164.2859545,309.6357984,754.4823167,258.4635042
"95% Confidence Interval - Lower",2012,"Purchases","All Transactions","Northern Ireland",NA,NA,NA,NA,NA,NA,NA,NA,NA,NA,NA,NA,NA,NA,NA,NA,NA,NA
"95% Confidence Interval - Lower",2012,"Purchases","All Transactions","Great Britain",NA,NA,NA,NA,NA,NA,NA,NA,NA,NA,NA,NA,NA,NA,NA,NA,NA,NA
"95% Confidence Interval - Lower",2012,"Purchases","All Transactions","Ireland",1962.278099,0.914900896,16.92829311,662.2971406,59.89521984,21.27485882,52.20632707,859.3399677,73.10508653,20.64382914,13.79750789,4.527372074,21.97759992,21.73233783,0.397122484,-0.018986021,0.552692335,1.000120843
"95% Confidence Interval - Lower",2012,"Purchases","All Transactions","Rest of the Europe Union (EU excluding Ireland)",1567.896682,NA,NA,657.1736555,1.785857239,NA,22.75256776,685.3581598,72.96982722,NA,5.561144117,NA,9.935776626,NA,3.464097873,NA,0.076311644,NA
"95% Confidence Interval - Lower",2012,"Purchases","All Transactions","Rest of the World (all countries outside the UK and EU)",1779.48602,NA,NA,749.446484,3.970724448,NA,2.32335607,942.4873979,2.921161219,NA,5.37701693,NA,15.25466535,NA,2.131008654,NA,0.227583521,NA
"95% Confidence Interval - Lower",2012,"Purchases","All Transactions","External Sales/Purchases (outside NI)",NA,NA,NA,NA,NA,NA,NA,NA,NA,NA,NA,NA,NA,NA,NA,NA,NA,NA
"95% Confidence Interval - Lower",2012,"Purchases","All Transactions","Exports (outside UK)",NA,NA,NA,NA,NA,NA,NA,NA,NA,NA,NA,NA,NA,NA,NA,NA,NA,NA
"95% Confidence Interval - Lower",2012,"Purchases","All Transactions","Imports (outside UK)",5424.347124,2.079182887,23.30566422,2099.436813,69.34400252,22.98122735,86.58538681,2592.885613,159.4285279,21.53943335,28.10569337,5.684478874,59.09959949,56.89432555,6.283858285,0.422831372,1.075537726,8.831806107
"95% Confidence Interval - Lower",2013,"Sales","Goods","All countries",45888.957,86.55421676,290.0704328,17165.54595,1095.266237,307.9941174,1052.153285,23547.335,147.0946692,796.6010392,84.91087854,24.27998726,127.0625832,200.327393,2.459486629,33.74362363,20.9269447,21.20645603
"95% Confidence Interval - Lower",2013,"Sales","Goods","Northern Ireland",27803.74968,42.19198088,188.1671927,3494.715794,1046.476788,187.2256506,943.8183966,20006.91499,90.13486873,786.3270621,62.82024787,23.84975131,45.67816347,86.9548027,NA,NA,19.56180599,NA
"95% Confidence Interval - Lower",2013,"Sales","Goods","Great Britain",9518.957526,NA,65.44287141,7694.387755,NA,22.94853796,42.43881973,1410.219559,NA,0.378695112,20.38881474,NA,28.43121445,22.37976309,NA,NA,NA,NA
"95% Confidence Interval - Lower",2013,"Sales","Goods","Ireland",2827.120832,NA,24.45310155,1289.913443,NA,7.022047106,33.13595684,1198.156401,3.337508396,NA,-4.649012266,NA,2.659697712,54.08925176,-0.034564143,NA,-1.07509526,NA
"95% Confidence Interval - Lower",2013,"Sales","Goods","Rest of the Europe Union (EU excluding Ireland)",1780.936259,NA,NA,1419.182704,NA,NA,NA,228.5181326,NA,NA,0.646492258,NA,NA,NA,NA,NA,NA,NA
"95% Confidence Interval - Lower",2013,"Sales","Goods","Rest of the World (all countries outside the UK and EU)",3460.777928,NA,NA,3043.734136,NA,NA,NA,NA,NA,NA,1.662,NA,NA,NA,NA,NA,NA,NA
"95% Confidence Interval - Lower",2013,"Sales","Goods","External Sales/Purchases (outside NI)",17822.77239,NA,92.83217412,13577.88688,NA,115.9707357,86.06800829,3316.003751,45.9723576,8.407522299,21.65760043,NA,69.07320007,101.5330642,NA,NA,NA,NA
"95% Confidence Interval - Lower",2013,"Sales","Goods","Exports (outside UK)",8187.196324,NA,26.88796414,5826.214367,NA,91.83033278,33.87162988,1807.290444,NA,7.61294314,-2.340520008,NA,37.41944653,77.22678777,NA,NA,NA,-0.047260437
"95% Confidence Interval - Lower",2013,"Sales","Goods","Imports (outside UK)",NA,NA,NA,NA,NA,NA,NA,NA,NA,NA,NA,NA,NA,NA,NA,NA,NA,NA
"95% Confidence Interval - Lower",2013,"Sales","Services","All countries",17210.84276,13.92750834,49.02632961,413.1964074,1062.729755,449.2411641,3648.739572,625.8384952,2315.363455,434.491246,1554.362282,697.5431583,1486.776501,1290.801626,167.0799312,916.9958989,913.0959229,265.0327455
"95% Confidence Interval - Lower",2013,"Sales","Services","Northern Ireland",13427.82033,10.57265088,35.13725803,201.1237868,1046.927032,416.1224444,2521.699966,491.6929443,1585.372192,402.5534267,882.5454017,602.7516877,1169.189035,1050.701028,133.6878841,908.0679119,910.0799806,255.38889
"95% Confidence Interval - Lower",2013,"Sales","Services","Great Britain",2135.287129,NA,NA,39.73601701,NA,23.47329032,872.6183659,50.71668251,NA,10.15797962,198.9531761,NA,127.8804401,106.1749632,6.966194014,NA,NA,3.465023977
"95% Confidence Interval - Lower",2013,"Sales","Services","Ireland",593.8293307,NA,9.485106639,31.70126185,NA,-0.209683845,127.3046395,19.17212057,139.4152147,NA,63.02910215,NA,45.2266607,14.21732456,6.120777367,NA,0.168878307,NA
"95% Confidence Interval - Lower",2013,"Sales","Services","Rest of the Europe Union (EU excluding Ireland)",249.7054163,NA,NA,31.52307858,NA,NA,20.45715208,NA,NA,NA,21.59582876,NA,8.007098513,NA,NA,NA,NA,NA
"95% Confidence Interval - Lower",2013,"Sales","Services","Rest of the World (all countries outside the UK and EU)",495.1811768,NA,NA,79.76361681,NA,NA,NA,NA,NA,NA,262.2099017,NA,NA,NA,NA,NA,NA,NA
"95% Confidence Interval - Lower",2013,"Sales","Services","External Sales/Purchases (outside NI)",3627.613794,NA,13.85196386,198.6770477,NA,27.94559511,1067.062238,98.46293785,641.1909393,15.6891838,601.4896182,NA,266.4783993,220.1757509,28.27775768,NA,NA,NA
"95% Confidence Interval - Lower",2013,"Sales","Services","Exports (outside UK)",1408.172292,NA,12.63030004,151.2321631,NA,3.308679971,154.5901085,34.85213507,234.6751344,-0.561984776,371.2181267,NA,118.7531102,110.3409731,NA,NA,NA,-1.294293971
"95% Confidence Interval - Lower",2013,"Sales","Services","Imports (outside UK)",NA,NA,NA,NA,NA,NA,NA,NA,NA,NA,NA,NA,NA,NA,NA,NA,NA,NA
"95% Confidence Interval - Lower",2013,"Sales","All Transactions","All countries",63460.82837,109.2491387,345.0123311,17619.34545,2181.193282,794.313396,4847.037531,24311.4651,2569.351285,1301.297832,1676.949431,734.3268929,1668.097424,1534.656219,175.3784945,957.1580296,954.052404,293.6388577
"95% Confidence Interval - Lower",2013,"Sales","All Transactions","Northern Ireland",41541.94639,58.62684943,229.7724969,3726.930041,2115.69859,613.0166156,3595.179098,20625.95579,1763.573891,1258.635405,976.2876098,638.9049405,1266.637863,1165.246049,140.3744083,946.7939764,948.8912241,283.6377886
"95% Confidence Interval - Lower",2013,"Sales","All Transactions","Great Britain",11764.89608,11.92212016,NA,7746.918908,NA,47.65834142,940.2038855,1489.608317,397.8647946,NA,220.8083635,72.61364547,161.7119092,130.4769855,7.156909173,NA,NA,3.848694543
"95% Confidence Interval - Lower",2013,"Sales","All Transactions","Ireland",3494.296157,12.13717814,34.25602333,1327.823295,36.1533267,9.344905933,171.5465382,1236.79299,152.5146639,8.348277499,75.97192056,2.058482251,48.84459169,72.1517778,6.304759768,0.832515891,0.003304976,-1.270143181
"95% Confidence Interval - Lower",2013,"Sales","All Transactions","Rest of the Europe Union (EU excluding Ireland)",2071.721886,NA,NA,1457.119871,NA,58.78615332,20.58387389,239.9056031,44.99846624,NA,22.24232102,NA,16.3281528,NA,NA,NA,NA,NA
"95% Confidence Interval - Lower",2013,"Sales","All Transactions","Rest of the World (all countries outside the UK and EU)",3981.660771,NA,NA,3130.025031,NA,24.26229457,1.678102991,304.7955438,13.80263146,NA,263.8719017,NA,71.80398152,NA,NA,NA,NA,NA
"95% Confidence Interval - Lower",2013,"Sales","All Transactions","External Sales/Purchases (outside NI)",21598.75475,40.29626324,106.949535,13793.89616,51.59934425,149.6429434,1181.17655,3452.135166,701.1983946,25.68673484,640.5329046,82.2603546,343.7784752,334.9949827,29.62530526,6.383327926,1.297304915,4.213848812
"95% Confidence Interval - Lower",2013,"Sales","All Transactions","Exports (outside UK)",9686.113668,24.56509895,NA,5988.974509,NA,100.251654,199.6569079,1862.17446,249.3214647,NA,385.7916725,4.825878564,161.997404,192.1543203,21.37992298,NA,NA,-1.100492579
"95% Confidence Interval - Lower",2013,"Sales","All Transactions","Imports (outside UK)",NA,NA,NA,NA,NA,NA,NA,NA,NA,NA,NA,NA,NA,NA,NA,NA,NA,NA
"95% Confidence Interval - Lower",2013,"Purchases","Goods","All countries",32086.09571,36.92249031,170.395774,8152.652145,726.4140809,171.145446,1572.037977,18189.20375,635.9286161,516.9022334,206.7632987,131.1326269,170.6844883,232.2931204,65.73728242,104.7591751,156.563519,115.9837772
"95% Confidence Interval - Lower",2013,"Purchases","Goods","Northern Ireland",15849.23067,29.0281814,150.5473948,3891.724441,359.6695982,115.4200241,1219.267441,8070.598659,279.2803642,460.7965835,41.00379787,127.2730905,105.8489715,81.17847968,31.21336385,99.64553766,138.3349815,101.8664863
"95% Confidence Interval - Lower",2013,"Purchases","Goods","Great Britain",10788.68443,2.933673851,5.510122088,2368.350964,338.0588805,17.92716545,214.144136,7090.888018,181.7567783,20.50291611,149.0328946,1.759759681,38.39575056,53.21589468,NA,NA,NA,7.782900954
"95% Confidence Interval - Lower",2013,"Purchases","Goods","Ireland",1722.800116,NA,NA,480.5161837,NA,28.02537838,46.74594926,863.1217797,64.93208849,25.36690159,7.619878634,NA,3.780123254,48.68907845,NA,NA,1.384862459,0.957869764
"95% Confidence Interval - Lower",2013,"Purchases","Goods","Rest of the Europe Union (EU excluding Ireland)",1425.976644,NA,NA,608.3868505,NA,NA,35.20164234,665.7588371,13.40917593,NA,NA,NA,4.353318391,20.70217205,NA,NA,NA,NA
"95% Confidence Interval - Lower",2013,"Purchases","Goods","Rest of the World (all countries outside the UK and EU)",1699.466887,NA,NA,660.7468792,NA,NA,NA,947.0259405,15.74109321,NA,NA,NA,3.868126645,NA,NA,0.131961652,NA,NA
"95% Confidence Interval - Lower",2013,"Purchases","Goods","External Sales/Purchases (outside NI)",15924.81152,5.114098667,18.13917834,4198.526181,363.4543112,51.28768262,325.5580286,9820.778338,312.5821816,49.00595229,160.2187027,1.106292289,52.82893753,138.6717384,NA,3.662717697,NA,11.02856793
"95% Confidence Interval - Lower",2013,"Purchases","Goods","Exports (outside UK)",NA,NA,NA,NA,NA,NA,NA,NA,NA,NA,NA,NA,NA,NA,NA,NA,NA,NA
"95% Confidence Interval - Lower",2013,"Purchases","Goods","Imports (outside UK)",4983.38766,NA,11.44235092,1794.537991,24.93505093,NA,98.56070158,2588.452611,109.8084224,25.74740033,-8.167134424,NA,12.93824716,74.3701881,NA,NA,NA,1.660767244
"95% Confidence Interval - Lower",2013,"Purchases","Services","All countries",9101.717881,12.65237064,62.57251592,1176.148224,1053.953858,197.8501389,1683.371362,1100.577282,758.1033027,148.5966747,452.4306263,124.5771124,421.6934504,241.4145277,99.0694383,182.3706515,675.1278031,134.4927085
"95% Confidence Interval - Lower",2013,"Purchases","Services","Northern Ireland",6202.419082,10.40595665,42.5556699,607.076195,981.2914305,150.0231676,1014.910645,605.3613449,448.4848329,137.9731204,225.7000651,101.3374655,342.1087121,164.7811796,86.60322373,176.2797131,535.2741426,128.6278429
"95% Confidence Interval - Lower",2013,"Purchases","Services","Great Britain",2432.385757,NA,6.623515217,483.9795992,NA,NA,601.2059081,426.126908,216.7120641,4.551948079,167.6752475,14.94453437,40.19063911,39.67737172,NA,NA,NA,1.651200421
"95% Confidence Interval - Lower",2013,"Purchases","Services","Ireland",176.5588563,NA,NA,19.38134018,33.35735436,0.261876314,13.01233924,14.88960435,27.71415052,1.381199584,-5.029708828,NA,6.361627226,6.157700391,NA,NA,1.412468847,0.599319236
"95% Confidence Interval - Lower",2013,"Purchases","Services","Rest of the Europe Union (EU excluding Ireland)",76.21072967,NA,NA,20.06755195,NA,NA,NA,7.045119104,7.345277171,NA,NA,NA,0.28080294,NA,NA,NA,NA,NA
"95% Confidence Interval - Lower",2013,"Purchases","Services","Rest of the World (all countries outside the UK and EU)",86.64426756,NA,NA,28.6217888,NA,NA,NA,8.406088553,12.16607423,NA,9.467902468,NA,5.721205386,NA,NA,NA,NA,NA
"95% Confidence Interval - Lower",2013,"Purchases","Services","External Sales/Purchases (outside NI)",2828.681081,1.822624542,18.89514191,556.944293,67.21281312,43.02913014,640.8583891,467.209683,280.7411166,7.850705524,209.8743857,19.93977374,62.49334978,68.37186777,NA,5.39004839,NA,3.871578154
"95% Confidence Interval - Lower",2013,"Purchases","Services","Exports (outside UK)",NA,NA,NA,NA,NA,NA,NA,NA,NA,NA,NA,NA,NA,NA,NA,NA,NA,NA
"95% Confidence Interval - Lower",2013,"Purchases","Services","Imports (outside UK)",359.3336404,NA,12.12196334,70.06865688,NA,NA,21.84563919,33.68799932,53.43785644,2.499031873,14.95892395,NA,17.02108743,23.40784714,NA,NA,NA,1.790793195
"95% Confidence Interval - Lower",2013,"Purchases","All Transactions","All countries",41414.30255,52.13879316,234.9056458,9353.864732,1787.21176,373.1288255,3317.4737,19392.74254,1443.482136,692.7278045,723.4208186,259.0786936,617.7791055,510.2791091,167.3900554,297.6483603,844.5544822,257.1388537
"95% Confidence Interval - Lower",2013,"Purchases","All Transactions","Northern Ireland",22219.84573,41.94821337,195.6895067,4521.094898,1345.311346,269.2401322,2277.366242,8768.709315,770.5598522,625.7612379,272.6075748,232.2810903,471.3804024,261.061149,120.3169647,286.2652742,684.8564384,237.1211044
"95% Confidence Interval - Lower",2013,"Purchases","All Transactions","Great Britain",13335.57971,4.508444015,12.48610713,2868.592998,370.3325767,61.56299088,831.6533259,7553.348904,421.6468673,26.16258402,364.1729555,18.2160201,82.99338912,109.2399728,NA,NA,NA,10.95252122
"95% Confidence Interval - Lower",2013,"Purchases","All Transactions","Ireland",1932.184457,1.001657895,15.45703817,501.8218463,44.32970603,28.57490444,65.47462397,886.5511268,97.61632883,27.68200691,3.036107829,1.783615813,11.62474945,59.72852107,2.176785551,0.403830808,2.880070663,1.746962063
"95% Confidence Interval - Lower",2013,"Purchases","All Transactions","Rest of the Europe Union (EU excluding Ireland)",1520.430748,NA,NA,630.1857415,NA,NA,42.35020092,674.6484167,27.81062618,0.943391156,7.780313877,NA,5.579993986,NA,NA,NA,1.196820638,NA
"95% Confidence Interval - Lower",2013,"Purchases","All Transactions","Rest of the World (all countries outside the UK and EU)",1790.774764,NA,NA,690.6428306,NA,NA,8.622361774,956.9070135,29.0808182,0.059687851,-7.339477249,NA,9.63509521,NA,1.824,NA,NA,NA
"95% Confidence Interval - Lower",2013,"Purchases","All Transactions","External Sales/Purchases (outside NI)",18874.42506,7.178981864,37.3681529,4772.702103,435.1821703,96.09805757,988.4633248,10324.89399,614.4532528,58.25245682,426.6629643,22.50755526,122.2714852,230.9447889,44.1372245,9.764002258,143.5575016,16.58467474
"95% Confidence Interval - Lower",2013,"Purchases","All Transactions","Exports (outside UK)",NA,NA,NA,NA,NA,NA,NA,NA,NA,NA,NA,NA,NA,NA,NA,NA,NA,NA
"95% Confidence Interval - Lower",2013,"Purchases","All Transactions","Imports (outside UK)",5381.435731,1.415954773,24.19164434,1867.70373,61.37594318,31.7474545,129.6925841,2630.55131,174.2264099,29.15895585,28.9030048,2.907745799,32.0528813,102.8222276,NA,NA,NA,3.902918562
"95% Confidence Interval - Lower",2014,"Sales","Goods","All countries",47770.3991,72.51295278,339.9231355,17284.9147,1692.503704,392.7533228,1352.665146,23648.36728,272.1156593,953.1145068,242.1343516,58.15582941,211.8423488,211.2454229,0.81790275,8.074596018,37.90382974,31.34591409
"95% Confidence Interval - Lower",2014,"Sales","Goods","Northern Ireland",29477.89096,41.82234591,232.3515344,3500.700351,1658.645095,200.9424935,1007.705358,20439.58565,203.6517675,944.6521532,159.528357,39.94845114,54.72209849,68.49176768,-1.12329525,7.92971401,35.98476094,27.5576545
"95% Confidence Interval - Lower",2014,"Sales","Goods","Great Britain",10177.11073,NA,NA,8218.422438,NA,55.28002022,246.6907379,NA,25.9126929,NA,55.76317639,NA,38.45635474,37.61272544,0.365101283,NA,NA,-0.427689951
"95% Confidence Interval - Lower",2014,"Sales","Goods","Ireland",2618.955255,NA,16.37039313,1251.817259,NA,3.711106185,36.68820151,1047.244999,7.414455313,NA,12.80764695,NA,-1.68116574,69.18793385,NA,NA,NA,0.243001712
"95% Confidence Interval - Lower",2014,"Sales","Goods","Rest of the Europe Union (EU excluding Ireland)",1661.959683,NA,NA,1284.600302,NA,NA,NA,217.0677498,NA,NA,0.367933084,NA,17.0402348,NA,NA,NA,NA,NA
"95% Confidence Interval - Lower",2014,"Sales","Goods","Rest of the World (all countries outside the UK and EU)",3346.052995,NA,NA,2831.311924,NA,NA,NA,NA,NA,NA,0.872498256,NA,38.64414146,NA,NA,NA,NA,NA
"95% Confidence Interval - Lower",2014,"Sales","Goods","External Sales/Purchases (outside NI)",18039.57463,NA,80.63757295,13695.84023,NA,174.1174795,307.698915,2988.664148,34.27005372,5.668558097,72.77484273,16.0632971,128.0675835,138.8210127,NA,NA,-2.972607001,-0.001270688
"95% Confidence Interval - Lower",2014,"Sales","Goods","Exports (outside UK)",7755.343527,NA,17.39318809,5426.987489,NA,111.2708699,40.39667423,1710.303508,8.151487246,NA,14.64781175,NA,74.0185451,98.17053439,NA,NA,NA,-0.456332817
"95% Confidence Interval - Lower",2014,"Sales","Goods","Imports (outside UK)",NA,NA,NA,NA,NA,NA,NA,NA,NA,NA,NA,NA,NA,NA,NA,NA,NA,NA
"95% Confidence Interval - Lower",2014,"Sales","Services","All countries",17269.43896,20.14415834,39.35670475,541.7007448,321.2301968,379.8647211,3726.625939,1185.450094,2444.232181,396.1643919,1354.02612,707.0121343,1593.648529,1351.787874,189.1171417,904.4247561,909.6302195,262.0794403
"95% Confidence Interval - Lower",2014,"Sales","Services","Northern Ireland",13013.98911,NA,NA,212.7394017,NA,364.8095666,2564.616975,837.5409993,1723.128058,377.104132,684.3297939,643.7447776,1129.176698,1046.220363,152.2554118,893.4586276,901.1038086,253.9552671
"95% Confidence Interval - Lower",2014,"Sales","Services","Great Britain",2587.48287,NA,NA,143.9747768,NA,0.959641694,874.5286021,NA,417.2100968,NA,201.3213796,43.65124016,235.2524041,144.0426078,7.850068731,NA,NA,-1.797474662
"95% Confidence Interval - Lower",2014,"Sales","Services","Ireland",624.7837231,NA,5.732556171,46.52660629,NA,4.434076136,153.8685294,21.24948259,141.4023222,NA,59.55935324,NA,59.92942321,23.68333853,NA,NA,NA,0.627435954
"95% Confidence Interval - Lower",2014,"Sales","Services","Rest of the Europe Union (EU excluding Ireland)",294.017197,NA,NA,32.26682203,NA,NA,33.61604696,6.954061423,NA,NA,26.6699478,NA,30.39323198,NA,NA,NA,NA,NA
"95% Confidence Interval - Lower",2014,"Sales","Services","Rest of the World (all countries outside the UK and EU)",535.7669789,NA,NA,75.0703559,NA,NA,NA,NA,NA,NA,297.4163335,NA,50.45539682,NA,NA,NA,NA,NA
"95% Confidence Interval - Lower",2014,"Sales","Services","External Sales/Purchases (outside NI)",4134.492628,NA,NA,314.9678365,NA,6.306854744,1105.947465,336.688656,679.8390093,3.402174141,613.616971,53.5369368,416.9219285,257.017192,NA,NA,2.371711806,1.645371062
"95% Confidence Interval - Lower",2014,"Sales","Services","Exports (outside UK)",1501.003986,NA,7.929547692,163.6080021,NA,4.436639856,201.6781943,NA,247.6597441,-2.127105217,394.1899499,NA,163.5355842,107.9170841,NA,NA,NA,1.281760502
"95% Confidence Interval - Lower",2014,"Sales","Services","Imports (outside UK)",NA,NA,NA,NA,NA,NA,NA,NA,NA,NA,NA,NA,NA,NA,NA,NA,NA,NA
"95% Confidence Interval - Lower",2014,"Sales","All Transactions","All countries",65391.34336,99.94855329,386.0926109,17873.19203,2021.758421,804.2238358,5211.314215,25023.67263,2787.983739,1444.941874,1622.830732,776.7286032,1899.235766,1591.743783,194.2979753,917.801751,962.7737526,302.492143
"95% Confidence Interval - Lower",2014,"Sales","All Transactions","Northern Ireland",42815.60605,68.48796151,270.4304253,3748.616304,1983.18552,590.0398389,3687.75219,21473.57308,1995.662047,1416.477407,866.574088,695.0509587,1267.136725,1138.745048,155.4825543,906.6348581,948.4835119,290.4307406
"95% Confidence Interval - Lower",2014,"Sales","All Transactions","Great Britain",12848.82459,6.115211016,64.18637445,8374.555485,8.064498508,65.04893909,1157.146326,1493.350841,466.2491056,4.485098743,261.2242623,56.7806338,291.8991773,187.2593551,8.225340097,-0.259496669,0.445549768,-1.987978227
"95% Confidence Interval - Lower",2014,"Sales","All Transactions","Ireland",3297.897546,4.520866229,22.11735754,1309.267932,NA,8.505308673,209.3236072,1074.017799,151.9774965,NA,74.04605469,8.791784721,69.80770318,97.04007808,6.636107591,6.755229659,1.146880902,0.933381117
"95% Confidence Interval - Lower",2014,"Sales","All Transactions","Rest of the Europe Union (EU excluding Ireland)",1982.657827,NA,NA,1322.810479,NA,72.45647437,36.18457299,228.0132559,78.47129437,NA,27.1823422,NA,52.21275877,NA,10.86897415,NA,NA,NA
"95% Confidence Interval - Lower",2014,"Sales","All Transactions","Rest of the World (all countries outside the UK and EU)",3907.854196,NA,NA,2912.044369,NA,34.69615679,3.957228318,356.8425096,14.45101389,NA,299.0829251,NA,101.4243904,NA,5.079177999,NA,NA,NA
"95% Confidence Interval - Lower",2014,"Sales","All Transactions","External Sales/Purchases (outside NI)",22300.33862,26.94705376,89.81877207,14031.09707,31.44842688,189.6605714,1454.433033,3336.556138,741.6551015,10.76119518,698.4174747,71.67910302,578.0003933,404.6321244,31.46048462,5.942709675,3.827737092,2.185145144
"95% Confidence Interval - Lower",2014,"Sales","All Transactions","Exports (outside UK)",9326.461328,19.03545109,25.33820931,5604.560842,23.36657629,116.3842558,261.2919791,1757.368059,258.9625796,4.432547155,410.8663044,9.730473217,260.688759,210.8052279,22.80530186,6.136683069,1.30132322,1.194317727
"95% Confidence Interval - Lower",2014,"Sales","All Transactions","Imports (outside UK)",NA,NA,NA,NA,NA,NA,NA,NA,NA,NA,NA,NA,NA,NA,NA,NA,NA,NA
"95% Confidence Interval - Lower",2014,"Purchases","Goods","All countries",33745.40053,31.23918824,180.0200839,8443.536732,1072.893631,167.170527,1873.480796,18928.78121,472.9078309,570.5366459,244.4116704,170.9021943,228.4340098,287.0919696,53.72028517,109.9679121,73.34747842,59.4412977
"95% Confidence Interval - Lower",2014,"Purchases","Goods","Northern Ireland",17018.94576,24.65692531,117.2168093,3726.884816,NA,106.7101672,1362.505962,8992.047467,218.9670569,487.1495043,65.54755525,NA,169.4129839,138.2947674,NA,102.990578,NA,46.42793896
"95% Confidence Interval - Lower",2014,"Purchases","Goods","Great Britain",11008.6008,0.149258204,NA,2598.810995,NA,NA,331.7558675,6894.2768,113.684562,30.19205945,151.2818381,18.71507646,7.740404261,54.18102752,NA,NA,NA,3.80397296
"95% Confidence Interval - Lower",2014,"Purchases","Goods","Ireland",1887.205441,0.095609078,24.76617381,571.8313811,NA,NA,61.21341886,899.0859327,43.05301885,20.63559468,7.108195535,NA,11.62011482,56.39741594,NA,NA,1.31860897,0.355888596
"95% Confidence Interval - Lower",2014,"Purchases","Goods","Rest of the Europe Union (EU excluding Ireland)",1600.445457,NA,NA,710.6448217,0.556806427,NA,21.09139464,747.874764,NA,NA,5.349745879,NA,14.23166535,NA,NA,NA,0.348950587,NA
"95% Confidence Interval - Lower",2014,"Purchases","Goods","Rest of the World (all countries outside the UK and EU)",1743.629717,NA,NA,713.1758448,NA,NA,NA,953.4536879,NA,NA,3.333731621,NA,4.792919772,3.509361676,NA,NA,NA,NA
"95% Confidence Interval - Lower",2014,"Purchases","Goods","External Sales/Purchases (outside NI)",16443.61168,2.566859213,58.81029278,4664.362062,NA,50.87643282,458.1890372,9671.737492,218.0795765,55.85793316,171.2199872,NA,39.70340736,136.3641486,NA,5.989478909,NA,8.146556926
"95% Confidence Interval - Lower",2014,"Purchases","Goods","Exports (outside UK)",NA,NA,NA,NA,NA,NA,NA,NA,NA,NA,NA,NA,NA,NA,NA,NA,NA,NA
"95% Confidence Interval - Lower",2014,"Purchases","Goods","Imports (outside UK)",5319.709821,0.817678326,31.07055217,2028.356664,NA,NA,105.0459899,2675.96437,80.37224396,21.45231147,17.17748001,NA,31.4626292,81.84526893,NA,NA,NA,2.256398404
"95% Confidence Interval - Lower",2014,"Purchases","Services","All countries",9107.622936,19.39627731,82.76923273,1276.245389,635.8772171,160.6606066,1480.999879,1108.094946,981.9242158,161.0707374,525.6131777,139.6313714,447.8194164,264.8000649,110.7058376,193.2384859,822.990937,195.3999058
"95% Confidence Interval - Lower",2014,"Purchases","Services","Northern Ireland",6272.926489,17.47887088,74.80832265,730.7331984,NA,101.1272301,828.0749637,771.8332132,571.386889,153.4655108,296.5242797,NA,311.9960793,131.6741013,NA,185.4303871,NA,189.3059685
"95% Confidence Interval - Lower",2014,"Purchases","Services","Great Britain",2213.377642,NA,NA,395.0999389,NA,NA,565.0603254,252.1450165,274.0299115,2.295194618,188.1437541,10.78872262,101.8936602,93.99389752,NA,4.667460159,NA,2.803043591
"95% Confidence Interval - Lower",2014,"Purchases","Services","Ireland",288.804198,NA,2.230160196,44.72087375,37.39421899,NA,45.68229795,28.81614492,45.11962375,1.572897268,8.479489982,NA,7.00611757,7.338880852,NA,NA,1.474641574,0.254210768
"95% Confidence Interval - Lower",2014,"Purchases","Services","Rest of the Europe Union (EU excluding Ireland)",120.4167054,NA,NA,41.88337064,NA,NA,NA,9.859985327,20.89869938,1.063503972,6.820051232,NA,2.104775826,NA,NA,NA,-0.116752404,NA
"95% Confidence Interval - Lower",2014,"Purchases","Services","Rest of the World (all countries outside the UK and EU)",86.0061659,NA,NA,42.62775462,NA,NA,NA,0.876199559,NA,NA,9.294753094,NA,1.169062535,NA,NA,NA,0.688781168,NA
"95% Confidence Interval - Lower",2014,"Purchases","Services","External Sales/Purchases (outside NI)",2775.336055,1.276010117,6.942077194,532.6903601,97.17133022,53.49356875,626.5757692,311.3986736,373.7842656,5.636906085,218.3009479,15.51880173,119.2647393,130.2599552,NA,2.956440566,NA,4.997114564
"95% Confidence Interval - Lower",2014,"Purchases","Services","Exports (outside UK)",NA,NA,NA,NA,NA,NA,NA,NA,NA,NA,NA,NA,NA,NA,NA,NA,NA,NA
"95% Confidence Interval - Lower",2014,"Purchases","Services","Imports (outside UK)",524.3645216,NA,NA,132.3860503,38.60421899,NA,53.67108091,47.62335969,82.46644947,3.031997581,25.94687822,NA,12.21372041,34.98909016,NA,NA,2.076868106,2.01726957
"95% Confidence Interval - Lower",2014,"Purchases","All Transactions","All countries",43024.37342,53.23411224,263.7191899,9745.858884,1712.554152,337.2173339,3412.198139,20087.62444,1511.40508,759.2274364,784.1015754,314.8404855,719.6948764,579.3005063,166.01296,308.5228082,908.1276853,260.0377484
"95% Confidence Interval - Lower",2014,"Purchases","All Transactions","Northern Ireland",23428.04842,44.40384208,192.6048282,4482.10857,1248.404916,217.7876624,2229.389945,9807.601781,822.6009965,671.7302456,372.9493081,274.7642475,511.0222457,285.91763,124.8686043,291.2270919,819.3804757,240.342637
"95% Confidence Interval - Lower",2014,"Purchases","All Transactions","Great Britain",13298.14444,0.976072709,31.82988378,3010.402156,417.9311478,35.12004442,927.6818697,7176.348781,409.5062372,35.87238274,343.4378009,30.67349695,129.3106162,159.1523273,NA,NA,NA,7.69573929
"95% Confidence Interval - Lower",2014,"Purchases","All Transactions","Ireland",2190.665551,0.438872468,27.09889275,619.2999385,41.67845032,56.76410711,115.0079697,933.5917148,93.43004901,22.65883486,17.70945934,1.571635389,20.20991081,64.9181161,3.344698837,0.484648071,2.859258665,0.619997566
"95% Confidence Interval - Lower",2014,"Purchases","All Transactions","Rest of the Europe Union (EU excluding Ireland)",1739.659752,NA,NA,756.1525211,NA,NA,30.07397002,760.430461,36.77973909,1.661211245,12.60762156,NA,17.50545189,26.45654445,NA,NA,0.370558159,NA
"95% Confidence Interval - Lower",2014,"Purchases","All Transactions","Rest of the World (all countries outside the UK and EU)",1858.602192,NA,NA,756.862865,NA,NA,2.549765503,962.9099161,21.63760699,0.053981361,12.98123464,NA,6.025181182,26.25719575,NA,NA,NA,NA
"95% Confidence Interval - Lower",2014,"Purchases","All Transactions","External Sales/Purchases (outside NI)",19307.55606,4.260552679,66.17773537,5214.755684,461.9031796,105.0627128,1122.99504,10012.03093,629.6130952,62.10558966,394.1355863,36.46796356,180.331687,283.5159643,39.02544229,10.09866344,68.98421886,14.24747477
"95% Confidence Interval - Lower",2014,"Purchases","All Transactions","Exports (outside UK)",NA,NA,NA,NA,NA,NA,NA,NA,NA,NA,NA,NA,NA,NA,NA,NA,NA,NA
"95% Confidence Interval - Lower",2014,"Purchases","All Transactions","Imports (outside UK)",5887.892637,1.456699045,33.61534454,2165.584745,43.53868785,62.24690306,169.2275869,2734.21601,180.8864614,24.88546347,45.4208309,2.551275407,49.24096915,118.1439361,NA,NA,NA,4.435048046
"95% Confidence Interval - Lower",2015,"Sales","Goods","All countries",47465.02879,74.38733708,320.1569253,17374.42353,1364.671444,357.5283885,1584.256615,23328.95292,226.3137545,1011.444018,143.7527669,25.03267403,214.9003975,297.6752417,6.65553201,15.20227501,71.42334377,22.87486085
"95% Confidence Interval - Lower",2015,"Sales","Goods","Northern Ireland",29247.93399,50.70083753,220.3187151,3527.492303,1326.079533,220.6524476,1198.885493,20316.03866,150.377171,1006.279349,96.71746865,19.37385296,17.39547688,141.406881,1.944454421,NA,NA,21.80275057
"95% Confidence Interval - Lower",2015,"Sales","Goods","Great Britain",10197.87893,NA,NA,8191.780786,NA,NA,301.2333201,NA,61.75813164,NA,-15.74656003,3.218705338,77.63182103,21.67968378,1.301702095,NA,NA,NA
"95% Confidence Interval - Lower",2015,"Sales","Goods","Ireland",2472.5529,NA,21.76337189,1174.354968,NA,5.170945138,22.26733251,986.5133467,5.810722937,NA,5.809944404,0.113767705,25.80369226,63.4165205,NA,NA,-0.959092311,NA
"95% Confidence Interval - Lower",2015,"Sales","Goods","Rest of the Europe Union (EU excluding Ireland)",1727.482107,NA,NA,1447.190575,NA,NA,NA,156.207826,NA,NA,0.229318689,NA,10.35,NA,NA,NA,NA,NA
"95% Confidence Interval - Lower",2015,"Sales","Goods","Rest of the World (all countries outside the UK and EU)",3267.820295,NA,NA,2851.493906,NA,NA,NA,220.3886995,NA,NA,-1.192763974,NA,27.01642463,NA,NA,NA,NA,NA
"95% Confidence Interval - Lower",2015,"Sales","Goods","External Sales/Purchases (outside NI)",17929.22924,18.56471739,95.39756134,13753.84303,38.54933886,124.4966826,346.5152683,NA,69.1822729,NA,16.69182508,3.553211755,161.4098917,152.2933278,4.560702095,NA,NA,0.802586488
"95% Confidence Interval - Lower",2015,"Sales","Goods","Exports (outside UK)",7599.253545,NA,23.1094878,5521.885521,NA,79.93354664,26.62526132,1454.653923,6.655309711,NA,13.7301226,0.115468698,74.82957,129.1304525,NA,NA,-0.739530083,NA
"95% Confidence Interval - Lower",2015,"Sales","Goods","Imports (outside UK)",NA,NA,NA,NA,NA,NA,NA,NA,NA,NA,NA,NA,NA,NA,NA,NA,NA,NA
"95% Confidence Interval - Lower",2015,"Sales","Services","All countries",18326.10813,10.27301649,70.26570434,628.937631,539.1395146,360.8747631,3837.389577,958.7715388,2582.409674,406.6707163,1681.781765,777.6677189,1695.089582,1505.415624,211.6115732,977.025196,829.6922547,303.7314784
"95% Confidence Interval - Lower",2015,"Sales","Services","Northern Ireland",13536.757,8.636552139,66.91705769,274.924369,531.9196949,344.2211989,2476.867292,599.1774196,1740.228576,400.32434,940.2214548,717.7802586,1243.568047,1115.533793,173.7712383,960.2555157,818.5295086,288.4784598
"95% Confidence Interval - Lower",2015,"Sales","Services","Great Britain",3068.315767,NA,NA,172.5100965,2.023410937,NA,1121.191436,NA,479.9961387,NA,269.6617877,44.8942766,211.0822107,178.4437302,10.2899046,NA,NA,NA
"95% Confidence Interval - Lower",2015,"Sales","Services","Ireland",563.5258408,NA,1.206513135,49.59548976,NA,1.205521615,87.24317072,19.87057216,97.5114473,NA,70.20325483,4.26040335,55.93610565,32.62360094,NA,NA,1.008218348,NA
"95% Confidence Interval - Lower",2015,"Sales","Services","Rest of the Europe Union (EU excluding Ireland)",252.0845861,NA,NA,25.16378002,NA,NA,28.77122086,7.906229303,NA,NA,13.32379344,NA,17.97023109,NA,NA,NA,NA,NA
"95% Confidence Interval - Lower",2015,"Sales","Services","Rest of the World (all countries outside the UK and EU)",561.2625174,NA,NA,69.05028193,NA,NA,NA,NA,NA,NA,293.3939496,NA,67.32556267,NA,NA,NA,NA,NA
"95% Confidence Interval - Lower",2015,"Sales","Services","External Sales/Purchases (outside NI)",4600.842086,0.117666642,2.982181985,335.0148401,5.195707442,3.303721097,1276.745305,NA,725.0413558,NA,701.6467528,51.65480519,402.9529304,302.9922994,30.90476096,NA,NA,7.458293599
"95% Confidence Interval - Lower",2015,"Sales","Services","Exports (outside UK)",1452.862324,NA,NA,153.1745712,NA,NA,127.2915959,NA,194.2920513,NA,404.0027642,3.56315631,168.3503084,112.1345573,NA,NA,NA,NA
"95% Confidence Interval - Lower",2015,"Sales","Services","Imports (outside UK)",NA,NA,NA,NA,NA,NA,NA,NA,NA,NA,NA,NA,NA,NA,NA,NA,NA,NA
"95% Confidence Interval - Lower",2015,"Sales","All Transactions","All countries",66196.37197,89.37976321,397.8181259,18056.5689,1907.886676,756.2751962,5631.232013,24419.57965,2889.528041,1508.84274,1886.87708,812.7349208,2007.038532,1841.502843,222.582948,997.8004726,918.2708147,338.2746817
"95% Confidence Interval - Lower",2015,"Sales","All Transactions","Northern Ireland",43134.04984,64.000026,293.6805211,3840.530773,1861.515471,593.7987884,3868.80168,21041.25238,1958.062445,1497.356587,1060.842588,746.8661317,1342.112398,1290.291979,179.9493031,980.8360103,903.1035234,321.6736334
"95% Confidence Interval - Lower",2015,"Sales","All Transactions","Great Britain",13397.42846,6.30735608,72.22506581,8383.866012,NA,41.40290469,1450.742985,1499.219678,547.1933499,NA,284.752927,49.96630145,293.1413947,202.7604929,11.73535353,NA,NA,NA
"95% Confidence Interval - Lower",2015,"Sales","All Transactions","Ireland",3105.511443,4.550242602,24.25858124,1232.343376,NA,8.011989455,126.7905947,1032.502086,104.8888137,NA,92.93963957,4.54570496,89.3747388,101.575216,6.606906659,9.294794162,0.642200659,0.837987564
"95% Confidence Interval - Lower",2015,"Sales","All Transactions","Rest of the Europe Union (EU excluding Ireland)",2024.821211,NA,NA,1477.746023,NA,46.84109854,30.81165219,165.8407972,50.65989039,NA,14.00265692,NA,28.32023109,NA,NA,NA,NA,NA
"95% Confidence Interval - Lower",2015,"Sales","All Transactions","Rest of the World (all countries outside the UK and EU)",3865.967936,NA,NA,2927.78659,NA,26.29692241,6.799155674,229.3561574,8.647110387,NA,300.8436324,NA,109.3456491,NA,NA,NA,NA,NA
"95% Confidence Interval - Lower",2015,"Sales","All Transactions","External Sales/Purchases (outside NI)",22709.80772,19.23433452,99.66751754,14116.11475,43.78749704,137.8588391,1661.667101,3130.636255,800.8804133,6.199761125,768.7282718,57.14334865,596.7995999,463.393682,35.61106441,5.763627642,7.678259629,8.448607179
"95% Confidence Interval - Lower",2015,"Sales","All Transactions","Exports (outside UK)",9154.316319,10.71644521,25.66248862,5687.866101,NA,86.00092849,174.5431191,1520.400199,202.7293497,NA,438.7661108,3.897800948,272.4649741,247.4984351,22.88937745,NA,NA,NA
"95% Confidence Interval - Lower",2015,"Sales","All Transactions","Imports (outside UK)",NA,NA,NA,NA,NA,NA,NA,NA,NA,NA,NA,NA,NA,NA,NA,NA,NA,NA
"95% Confidence Interval - Lower",2015,"Purchases","Goods","All countries",33391.04571,23.65417227,168.5306812,8018.119547,937.9864093,142.6248555,2050.56094,18653.57577,567.8256375,535.4203185,263.8937986,163.9475186,160.0071495,337.0414785,62.37831695,119.8437683,281.2590287,57.02349787
"95% Confidence Interval - Lower",2015,"Purchases","Goods","Northern Ireland",16942.88198,NA,NA,3391.842983,NA,88.62233217,1527.130267,8862.369707,284.9429274,442.6754307,67.36032112,155.0144491,80.67798358,166.9726723,NA,112.063114,NA,40.27851431
"95% Confidence Interval - Lower",2015,"Purchases","Goods","Great Britain",10697.49524,NA,NA,2346.820869,291.6958619,NA,361.786968,6840.534562,112.025708,37.40926833,168.511827,7.567432588,51.00206918,66.38824458,NA,NA,NA,8.875868428
"95% Confidence Interval - Lower",2015,"Purchases","Goods","Ireland",1559.672575,NA,17.80156878,429.7996246,4.586533016,NA,45.59770688,792.8289112,35.51890645,24.36614065,7.669639144,0.136076361,2.697534338,47.02710225,NA,NA,0.450443798,0.504391956
"95% Confidence Interval - Lower",2015,"Purchases","Goods","Rest of the Europe Union (EU excluding Ireland)",1823.399364,0.33476874,NA,849.4475008,NA,0.169445449,16.2502515,807.678429,NA,NA,1.481973531,NA,9.944156853,27.60436805,NA,NA,-0.144446022,NA
"95% Confidence Interval - Lower",2015,"Purchases","Goods","Rest of the World (all countries outside the UK and EU)",1830.548322,NA,NA,889.8309567,NA,NA,NA,851.7819046,NA,NA,NA,NA,5.038959117,7.525269585,1.525257145,NA,NA,NA
"95% Confidence Interval - Lower",2015,"Purchases","Goods","External Sales/Purchases (outside NI)",16140.87748,NA,NA,4579.845287,NA,28.9252772,450.2369065,9504.387923,235.2269525,70.01041875,183.2206222,7.99352925,75.23272595,153.3954001,NA,6.226029933,NA,12.30115067
"95% Confidence Interval - Lower",2015,"Purchases","Goods","Exports (outside UK)",NA,NA,NA,NA,NA,NA,NA,NA,NA,NA,NA,NA,NA,NA,NA,NA,NA,NA
"95% Confidence Interval - Lower",2015,"Purchases","Goods","Imports (outside UK)",5326.160017,NA,22.37504992,2204.771441,NA,25.42100539,76.93390741,2555.346625,98.16739511,25.20622207,13.51409767,0.239011033,20.88597788,82.97523179,3.340329347,NA,NA,1.231187789
"95% Confidence Interval - Lower",2015,"Purchases","Services","All countries",9062.322696,17.76857098,83.26435352,1347.645749,659.8849323,155.0532375,1642.473379,947.3760847,978.524936,184.4824117,643.6357472,163.9103484,488.0779166,377.5262956,97.48193447,197.5889325,474.9321219,80.15198853
"95% Confidence Interval - Lower",2015,"Purchases","Services","Northern Ireland",5940.03096,13.95537691,NA,802.7752366,NA,101.1057075,902.6321898,657.5231033,568.5871539,160.1873148,275.6220412,145.018963,331.4925689,113.3877522,NA,183.792442,NA,73.36741169
"95% Confidence Interval - Lower",2015,"Purchases","Services","Great Britain",2446.458116,NA,NA,411.2550172,57.51582968,NA,637.181959,216.778889,268.9685656,15.90870684,258.4947278,10.90049027,102.3877678,211.0111153,NA,10.70449412,NA,4.051974574
"95% Confidence Interval - Lower",2015,"Purchases","Services","Ireland",255.6696025,NA,0.953116873,36.4193061,6.113744215,NA,36.35527467,33.2338057,46.40439839,1.297505819,10.8896627,2.836146028,18.0313977,12.0726032,NA,NA,1.541052252,0.151218615
"95% Confidence Interval - Lower",2015,"Purchases","Services","Rest of the Europe Union (EU excluding Ireland)",102.5013752,NA,NA,26.95103267,NA,1.217390228,NA,3.006376818,20.17435915,0.832329033,NA,NA,-0.320958808,3.773701024,NA,NA,-0.260332744,NA
"95% Confidence Interval - Lower",2015,"Purchases","Services","Rest of the World (all countries outside the UK and EU)",205.8423892,NA,NA,58.46059312,NA,NA,NA,4.923211186,NA,0.14116638,NA,NA,10.50710565,18.06756083,0.739772567,NA,0.560744151,NA
"95% Confidence Interval - Lower",2015,"Purchases","Services","External Sales/Purchases (outside NI)",3049.135399,3.081233964,5.650072829,538.1475473,83.0873094,44.9805092,693.602236,266.9912937,367.2896906,20.85485399,362.711456,15.41837233,138.7891167,248.0356106,NA,8.102237981,NA,4.614019628
"95% Confidence Interval - Lower",2015,"Purchases","Services","Exports (outside UK)",NA,NA,NA,NA,NA,NA,NA,NA,NA,NA,NA,NA,NA,NA,NA,NA,NA,NA
"95% Confidence Interval - Lower",2015,"Purchases","Services","Imports (outside UK)",581.3955501,NA,NA,124.2881202,24.9529162,NA,43.76646036,44.56625737,90.64958614,3.244457188,101.4994225,2.731132415,30.96203773,34.21606221,2.574498475,-5.317210223,2.053059699,-0.422604424
"95% Confidence Interval - Lower",2015,"Purchases","All Transactions","All countries",42677.66106,45.8483699,254.4499039,9385.034709,1600.291895,312.1772192,3784.636245,19659.33013,1633.215924,743.3942331,932.8249759,331.9172872,696.6852906,740.9189501,162.1599925,327.8063669,767.5669844,144.3311954
"95% Confidence Interval - Lower",2015,"Purchases","All Transactions","Northern Ireland",23074.54574,35.99759901,192.3345192,4215.811179,1207.640927,209.4205788,2513.885776,9569.312882,914.4175643,626.9527058,363.9675152,303.6122674,457.9728671,301.6179752,110.564247,303.5089053,721.8208107,120.5848695
"95% Confidence Interval - Lower",2015,"Purchases","All Transactions","Great Britain",13230.46418,1.493384917,35.48079653,2763.793622,349.5707341,31.70471707,1033.764502,7086.525213,421.7210747,58.9001815,435.2163555,19.0349353,160.7507846,285.4487535,41.7125357,18.06900562,31.3760579,14.31524815
"95% Confidence Interval - Lower",2015,"Purchases","All Transactions","Ireland",1836.342823,2.457701299,19.33141831,469.0103717,10.74144971,35.29174317,89.1838283,829.7017845,85.97274762,26.58586786,19.74567074,3.656229348,23.44660253,60.86439271,2.153637808,0.273049034,2.351028694,0.692470343
"95% Confidence Interval - Lower",2015,"Purchases","All Transactions","Rest of the Europe Union (EU excluding Ireland)",1939.929101,NA,3.336444735,877.8822639,NA,1.617366225,23.68242834,815.6922667,43.96876793,NA,13.09046203,NA,11.9609463,32.2969528,1.482478568,NA,0.624154917,NA
"95% Confidence Interval - Lower",2015,"Purchases","All Transactions","Rest of the World (all countries outside the UK and EU)",2046.003025,NA,1.354005498,949.0963971,NA,0.076330082,3.152924276,857.5128289,52.46943277,NA,81.23906317,NA,15.76814172,27.70203655,2.26532709,NA,1.861357782,NA
"95% Confidence Interval - Lower",2015,"Purchases","All Transactions","External Sales/Purchases (outside NI)",19288.38237,5.428362737,60.22151873,5124.06168,390.1027118,74.13079591,1185.297989,9800.588148,649.1095612,93.31025652,554.8758879,24.59188875,224.4451563,414.3660099,47.88079543,15.83735152,38.64975321,18.63121603
"95% Confidence Interval - Lower",2015,"Purchases","All Transactions","Exports (outside UK)",NA,NA,NA,NA,NA,NA,NA,NA,NA,NA,NA,NA,NA,NA,NA,NA,NA,NA
"95% Confidence Interval - Lower",2015,"Purchases","All Transactions","Imports (outside UK)",5936.463613,3.122329544,24.28204537,2332.319114,38.36500465,39.62357482,130.4163566,2604.512137,197.7673031,30.12209909,116.2065252,3.745400182,56.85580196,122.918165,5.994270289,-5.048126831,6.183075773,1.924694837
"95% Confidence Interval - Lower",2016,"Sales","Goods","All countries",47533.34826,59.63497535,320.4326215,17195.57997,1723.329975,297.4513923,1631.004717,22678.64335,425.0746914,1252.144711,161.1296865,7.996465962,435.6155939,259.9198418,4.300831126,29.22164994,50.3133399,27.14808355
"95% Confidence Interval - Lower",2016,"Sales","Goods","Northern Ireland",29111.38305,45.2609216,201.8688224,3328.165963,NA,NA,1177.281987,19588.03565,311.2348637,NA,100.6298625,7.558494789,158.1902447,94.06908034,0.366578566,25.97327328,48.42484895,24.00520845
"95% Confidence Interval - Lower",2016,"Sales","Goods","Great Britain",10349.46487,8.49508891,NA,8127.514319,NA,NA,329.9491348,NA,57.64835034,NA,35.18238205,NA,NA,15.12472507,NA,NA,NA,0.186262238
"95% Confidence Interval - Lower",2016,"Sales","Goods","Ireland",2391.573928,NA,NA,1183.72533,NA,-0.756862256,25.92064597,861.794607,6.897174428,NA,12.12145312,NA,46.31741827,NA,NA,NA,NA,NA
"95% Confidence Interval - Lower",2016,"Sales","Goods","Rest of the Europe Union (EU excluding Ireland)",1752.097958,NA,NA,1495.960054,NA,NA,NA,134.2222854,NA,NA,0.62661125,NA,NA,NA,NA,NA,NA,NA
"95% Confidence Interval - Lower",2016,"Sales","Goods","Rest of the World (all countries outside the UK and EU)",3281.387104,NA,NA,2877.263658,NA,NA,NA,NA,NA,NA,3.50500547,NA,52.92116643,NA,NA,NA,NA,NA
"95% Confidence Interval - Lower",2016,"Sales","Goods","External Sales/Purchases (outside NI)",18047.12666,11.39233331,113.9379464,13783.05501,NA,NA,394.9394452,NA,74.19519412,NA,55.69697187,-0.132165206,269.1450838,161.9656865,NA,3.210631968,NA,-0.010078041
"95% Confidence Interval - Lower",2016,"Sales","Goods","Exports (outside UK)",7532.884831,NA,25.10387873,5605.16117,NA,60.17005007,32.05435329,1297.970402,14.41175275,NA,18.00248799,NA,NA,143.7163836,NA,NA,NA,-0.583730062
"95% Confidence Interval - Lower",2016,"Sales","Goods","Imports (outside UK)",NA,NA,NA,NA,NA,NA,NA,NA,NA,NA,NA,NA,NA,NA,NA,NA,NA,NA
"95% Confidence Interval - Lower",2016,"Sales","Services","All countries",18593.62828,29.33457053,46.88642529,594.4492042,118.6442149,339.3265031,4457.375752,886.737195,2394.922234,334.1160988,1610.876395,745.7469883,1942.804119,1597.585061,173.1352276,1004.411809,910.2370814,304.5970298
"95% Confidence Interval - Lower",2016,"Sales","Services","Northern Ireland",13327.98656,26.77828113,41.11722639,286.8269828,NA,327.5061185,2896.356513,NA,1570.973906,327.8952015,678.8600474,713.7382006,1297.641085,1277.728049,135.4128224,995.4678209,895.6028172,268.3455559
"95% Confidence Interval - Lower",2016,"Sales","Services","Great Britain",3303.773981,NA,NA,115.1548096,NA,1.79562053,1265.013878,NA,436.0817677,2.43904235,339.4265972,NA,NA,178.0440971,NA,NA,NA,19.69557773
"95% Confidence Interval - Lower",2016,"Sales","Services","Ireland",602.2885154,NA,NA,53.16801569,NA,2.156478274,110.9625347,4.738544692,128.1543579,NA,68.52082449,NA,72.72966618,NA,NA,NA,NA,NA
"95% Confidence Interval - Lower",2016,"Sales","Services","Rest of the Europe Union (EU excluding Ireland)",337.0249683,NA,NA,29.89483617,NA,NA,NA,NA,NA,NA,13.08540531,NA,38.22741049,NA,NA,NA,NA,NA
"95% Confidence Interval - Lower",2016,"Sales","Services","Rest of the World (all countries outside the UK and EU)",665.9660457,NA,NA,76.30651064,NA,NA,NA,NA,NA,NA,352.1082044,NA,107.7528664,NA,NA,NA,NA,NA
"95% Confidence Interval - Lower",2016,"Sales","Services","External Sales/Purchases (outside NI)",5087.775341,1.722945078,4.385158747,289.8228205,NA,4.268919272,1453.787559,NA,731.3009967,NA,869.2567575,19.88453379,589.9831262,294.890791,NA,4.882505893,NA,24.59331388
"95% Confidence Interval - Lower",2016,"Sales","Services","Exports (outside UK)",1693.581934,NA,NA,168.1699301,NA,2.317478274,159.8279924,10.95334339,247.6979929,NA,494.4497576,NA,251.4674513,107.9367421,NA,2.037750117,NA,1.775783448
"95% Confidence Interval - Lower",2016,"Sales","Services","Imports (outside UK)",NA,NA,NA,NA,NA,NA,NA,NA,NA,NA,NA,NA,NA,NA,NA,NA,NA,NA
"95% Confidence Interval - Lower",2016,"Sales","All Transactions","All countries",66573.38997,97.14479145,370.9377959,17852.72032,1861.649497,717.4242036,6314.405249,23662.85567,2944.393869,1638.286735,1798.352356,776.095226,2444.102206,1877.756493,178.6763603,1042.685718,993.8421885,342.6987791
"95% Confidence Interval - Lower",2016,"Sales","All Transactions","Northern Ireland",42825.86197,79.74237425,246.9531057,3661.915031,1801.641669,612.9123674,4277.928254,20201.40138,1992.22815,1625.838622,802.6081087,742.0989679,1505.519301,1389.437875,136.9461629,1030.434818,976.9130625,302.7490765
"95% Confidence Interval - Lower",2016,"Sales","All Transactions","Great Britain",13795.16319,10.31766033,90.10086548,8257.038628,NA,15.79263791,1641.065707,1628.40815,530.9204241,NA,378.6550704,18.47733209,466.4412594,196.3358003,8.652957943,5.905161364,1.561561727,21.41369034
"95% Confidence Interval - Lower",2016,"Sales","All Transactions","Ireland",3069.45958,0.56567622,25.93374011,1242.062323,NA,1.990527444,159.894811,884.531787,135.9510221,NA,84.45603634,0.509620257,124.1937718,90.3781916,5.184175487,0.294727926,0.037124033,1.446124553
"95% Confidence Interval - Lower",2016,"Sales","All Transactions","Rest of the Europe Union (EU excluding Ireland)",2128.868462,NA,NA,1531.905225,NA,36.19865446,41.69310972,138.7900156,83.3695823,NA,14.30261575,NA,52.14611293,NA,8.632,NA,NA,NA
"95% Confidence Interval - Lower",2016,"Sales","All Transactions","Rest of the World (all countries outside the UK and EU)",3982.205009,NA,NA,2963.103908,NA,24.34994017,9.469386477,231.4818438,25.06313503,NA,356.4092793,NA,166.1850408,NA,6.329866133,NA,NA,NA
"95% Confidence Interval - Lower",2016,"Sales","All Transactions","External Sales/Purchases (outside NI)",23314.09521,13.81525103,119.1859489,14094.06291,49.62081658,79.34721762,1905.728939,3113.53102,832.9368289,5.762038566,929.8764164,20.36779931,871.5794176,463.4754702,30.30023186,8.161102511,9.800468227,26.55353276
"95% Confidence Interval - Lower",2016,"Sales","All Transactions","Exports (outside UK)",9329.125987,2.930638333,27.26200822,5786.490243,NA,63.32991117,215.1735984,1327.047886,264.3672601,NA,516.1339921,0.830589616,376.9449517,257.0120535,20.25518291,2.107575447,5.498108421,1.74067912
"95% Confidence Interval - Lower",2016,"Sales","All Transactions","Imports (outside UK)",NA,NA,NA,NA,NA,NA,NA,NA,NA,NA,NA,NA,NA,NA,NA,NA,NA,NA
"95% Confidence Interval - Lower",2016,"Purchases","Goods","All countries",33062.41577,24.19712805,144.1110672,7896.369719,NA,121.3921565,2307.302417,17814.8621,495.0035744,608.3343268,233.5050327,NA,350.4176836,288.0885483,27.85057084,118.6580228,273.229561,68.36546786
"95% Confidence Interval - Lower",2016,"Purchases","Goods","Northern Ireland",17289.81932,16.3526384,86.2027613,3313.409086,NA,70.12801494,1575.354825,8527.474303,282.9833878,509.8081592,137.8256468,NA,230.5339008,160.5321628,18.8607034,105.6793356,263.9852453,50.17773746
"95% Confidence Interval - Lower",2016,"Purchases","Goods","Great Britain",9437.935488,NA,29.62496966,2077.670337,NA,NA,538.7023806,5996.385339,112.6136708,33.37934505,67.71691507,0.422847973,62.93804533,44.55181077,NA,NA,NA,11.37768798
"95% Confidence Interval - Lower",2016,"Purchases","Goods","Ireland",1793.648042,2.244814033,22.24751361,546.8902591,NA,18.37516519,71.37285072,852.9188304,16.26756006,43.77135854,2.001140581,NA,9.55390144,54.49497275,0.618,0.047331233,1.311047605,-0.130622865
"95% Confidence Interval - Lower",2016,"Purchases","Goods","Rest of the Europe Union (EU excluding Ireland)",1797.627877,NA,NA,921.7942447,NA,NA,13.15734457,740.6361818,NA,NA,2.465682356,NA,12.904476,NA,NA,NA,NA,NA
"95% Confidence Interval - Lower",2016,"Purchases","Goods","Rest of the World (all countries outside the UK and EU)",1726.445781,NA,NA,911.3770937,NA,NA,NA,712.0772095,NA,NA,NA,NA,14.32184827,8.499395294,0.889117922,NA,-0.085149181,NA
"95% Confidence Interval - Lower",2016,"Purchases","Goods","External Sales/Purchases (outside NI)",15224.89088,6.2700793,55.83323566,4517.008686,213.8719317,26.09440483,662.5220167,8756.7549,174.3032422,82.77303156,82.03264484,-0.017567333,108.5446571,122.4473307,8.083158711,11.89489339,5.062360959,14.67098428
"95% Confidence Interval - Lower",2016,"Purchases","Goods","Exports (outside UK)",NA,NA,NA,NA,NA,NA,NA,NA,NA,NA,NA,NA,NA,NA,NA,NA,NA,NA
"95% Confidence Interval - Lower",2016,"Purchases","Goods","Imports (outside UK)",5530.211662,3.366028026,25.85695172,2414.941233,NA,19.83187809,93.60420333,2508.710588,54.40607486,44.62474462,9.979258892,NA,40.01105223,74.20565087,NA,NA,NA,1.907407993
"95% Confidence Interval - Lower",2016,"Purchases","Services","All countries",8603.811669,16.69166605,78.56030662,1105.082864,NA,121.0685556,1794.844606,950.1831592,899.5747199,153.9241169,590.223777,NA,580.5646957,453.0326954,133.7921962,228.9374912,492.6102539,72.86918893
"95% Confidence Interval - Lower",2016,"Purchases","Services","Northern Ireland",5571.03711,15.06927791,70.5721189,631.7629374,NA,74.88695345,1017.987679,641.9699269,555.7788188,137.6360103,221.8777041,NA,354.6460987,184.8879209,119.6111049,220.0128565,469.2299855,58.91133949
"95% Confidence Interval - Lower",2016,"Purchases","Services","Great Britain",2282.121491,NA,4.395789872,353.7244633,NA,NA,697.2136774,224.289516,196.7077163,9.06049477,222.5028159,3.735326552,120.9343446,200.2330624,NA,7.603426866,NA,NA
"95% Confidence Interval - Lower",2016,"Purchases","Services","Ireland",248.1113522,0.486393728,2.232851075,47.73647961,2.186068851,-0.267546114,23.41998985,23.00824832,32.32968425,1.654167526,15.13694996,-0.81442833,36.56388006,9.932764948,0.854565462,0.076271867,1.72090912,0.726291878
"95% Confidence Interval - Lower",2016,"Purchases","Services","Rest of the Europe Union (EU excluding Ireland)",133.3350869,NA,NA,37.72209347,NA,NA,NA,23.04357127,25.99083672,0.615884503,NA,NA,2.164278542,NA,NA,NA,NA,NA
"95% Confidence Interval - Lower",2016,"Purchases","Services","Rest of the World (all countries outside the UK and EU)",218.3369919,NA,NA,22.2293762,NA,NA,NA,3.570977307,NA,NA,NA,NA,27.00393337,NA,NA,NA,0.573310534,NA
"95% Confidence Interval - Lower",2016,"Purchases","Services","External Sales/Purchases (outside NI)",2953.038672,1.466144777,7.061119895,465.3997176,NA,37.35195446,736.4082095,282.3849427,307.260847,13.24693681,349.753423,NA,206.9930401,258.6165659,12.57117094,7.902678624,18.80523223,12.33829772
"95% Confidence Interval - Lower",2016,"Purchases","Services","Exports (outside UK)",NA,NA,NA,NA,NA,NA,NA,NA,NA,NA,NA,NA,NA,NA,NA,NA,NA,NA
"95% Confidence Interval - Lower",2016,"Purchases","Services","Imports (outside UK)",635.1326456,0.492087619,2.383793794,109.4665063,NA,NA,28.95373407,51.40163594,92.97770659,3.075746514,124.8487245,NA,74.39086499,56.09282364,NA,0.100365361,NA,NA
"95% Confidence Interval - Lower",2016,"Purchases","All Transactions","All countries",41904.30354,44.46235735,224.2650158,9022.054581,1501.753932,281.0740739,4188.425302,18834.31439,1510.271034,776.8357526,845.796611,295.0058511,966.7427843,757.2466327,169.4591304,374.6246587,785.8650576,149.7931601
"95% Confidence Interval - Lower",2016,"Purchases","All Transactions","Northern Ireland",23077.67221,34.74920703,158.2859993,3967.054493,1239.036995,176.5178591,2672.797836,9244.172645,937.94937,662.4811346,375.418127,282.3984287,617.7084509,358.3266183,146.1043868,352.4609187,753.1162853,117.3172711
"95% Confidence Interval - Lower",2016,"Purchases","All Transactions","Great Britain",11801.05218,3.01744339,34.18248246,2438.241042,201.539,43.65707175,1257.05305,6237.901743,323.8598964,44.2752331,305.1227892,5.694398007,190.077414,247.9333179,NA,NA,NA,22.25881801
"95% Confidence Interval - Lower",2016,"Purchases","All Transactions","Ireland",2075.697253,2.787570383,25.24381881,596.4593707,NA,18.54607212,103.7913682,891.6358664,66.32451237,46.03235632,17.5635763,NA,47.31926375,66.88562912,1.472565462,0.129634629,3.589845219,0.847200495
"95% Confidence Interval - Lower",2016,"Purchases","All Transactions","Rest of the Europe Union (EU excluding Ireland)",1954.195571,NA,NA,960.3432729,NA,1.179775458,14.96145898,764.9623856,41.26543437,1.327019358,NA,NA,16.95868035,26.70814383,NA,NA,NA,NA
"95% Confidence Interval - Lower",2016,"Purchases","All Transactions","Rest of the World (all countries outside the UK and EU)",1968.365069,NA,NA,935.1656045,NA,0.47200814,4.431871167,716.208467,37.32140631,0.251123759,NA,NA,47.27888909,37.56511265,NA,NA,0.969691559,NA
"95% Confidence Interval - Lower",2016,"Purchases","All Transactions","External Sales/Purchases (outside NI)",18278.05072,7.848577807,63.78768787,4987.488397,260.6882085,64.65495003,1424.211611,9069.615823,510.2796105,98.22062837,444.5163401,7.702196388,326.3994329,385.7933431,21.25301732,20.20788692,25.52681281,27.99364241
"95% Confidence Interval - Lower",2016,"Purchases","All Transactions","Exports (outside UK)",NA,NA,NA,NA,NA,NA,NA,NA,NA,NA,NA,NA,NA,NA,NA,NA,NA,NA
"95% Confidence Interval - Lower",2016,"Purchases","All Transactions","Imports (outside UK)",6215.558213,3.935000412,29.05049484,2527.09245,59.14920847,20.24340954,131.3612147,2576.942447,167.2190229,48.63925076,136.0401727,-0.134374437,121.5250374,132.7040719,NA,NA,NA,4.126233829
"95% Confidence Interval - Lower",2017,"Sales","Goods","All countries",44934.49948,91.63810635,279.214006,14752.57588,1634.701389,376.3892192,1673.389076,22843.88594,256.2206793,1134.794317,203.4366656,20.24369427,229.0489212,248.9043124,1.989156326,11.30868899,52.83927788,32.06559823
"95% Confidence Interval - Lower",2017,"Sales","Goods","Northern Ireland",28769.10721,61.31233488,198.6380304,3612.440988,NA,182.6769784,1219.144169,19236.69884,135.0177677,1127.680545,132.0645821,NA,117.9925406,119.7971809,NA,NA,47.78463375,NA
"95% Confidence Interval - Lower",2017,"Sales","Goods","Great Britain",7839.727109,1.536099418,NA,5196.591956,NA,49.97470954,367.7026392,1776.747079,102.4458664,NA,35.8025582,NA,15.31621228,29.38715779,NA,NA,-0.38606355,NA
"95% Confidence Interval - Lower",2017,"Sales","Goods","Ireland",2761.212291,NA,21.18201414,1426.613768,NA,5.473310164,20.77919173,1021.135395,11.28889788,NA,10.85104086,NA,5.172883688,72.71331281,NA,NA,0.052944402,-3.852806624
"95% Confidence Interval - Lower",2017,"Sales","Goods","Rest of the Europe Union (EU excluding Ireland)",1621.481422,NA,NA,1346.171328,NA,NA,NA,139.5749345,NA,NA,2.193255153,NA,9.939061076,NA,NA,NA,NA,NA
"95% Confidence Interval - Lower",2017,"Sales","Goods","Rest of the World (all countries outside the UK and EU)",3378.291365,NA,NA,2966.646753,NA,NA,NA,NA,NA,NA,4.946215388,NA,41.86889729,NA,NA,NA,NA,NA
"95% Confidence Interval - Lower",2017,"Sales","Goods","External Sales/Purchases (outside NI)",15875.17987,22.07107226,71.14324724,11023.72761,NA,163.3226252,420.4312976,3396.720287,116.7109053,3.085776807,59.73098935,NA,84.07944379,125.0768469,NA,NA,0.161314671,NA
"95% Confidence Interval - Lower",2017,"Sales","Goods","Exports (outside UK)",7897.850848,NA,21.66182741,5782.189466,NA,108.8850414,32.8555324,1492.663921,12.41039945,NA,19.15755303,NA,64.41678465,94.21131281,NA,NA,0.09047221,NA
"95% Confidence Interval - Lower",2017,"Sales","Goods","Imports (outside UK)",NA,NA,NA,NA,NA,NA,NA,NA,NA,NA,NA,NA,NA,NA,NA,NA,NA,NA
"95% Confidence Interval - Lower",2017,"Sales","Services","All countries",19823.31671,25.90343246,64.54699737,727.2425859,217.2950944,387.7480126,5021.628657,730.0077616,2534.098283,383.1328105,1590.467332,685.1166087,2012.86529,1934.845481,194.8159926,1012.674197,901.2801547,259.4880328
"95% Confidence Interval - Lower",2017,"Sales","Services","Northern Ireland",14190.95548,22.73183807,58.37003959,272.0009993,192.4883859,374.3477661,3118.700267,641.9063516,1675.998952,372.0317289,680.6335188,629.7387868,1291.383116,1518.094534,164.5594448,1007.351915,875.8775761,251.7288791
"95% Confidence Interval - Lower",2017,"Sales","Services","Great Britain",3350.792619,NA,NA,127.9972333,NA,5.569726551,1559.304651,25.60222428,457.6457975,1.448559618,318.835614,NA,330.1297851,193.3526591,3.564794992,NA,4.96439584,NA
"95% Confidence Interval - Lower",2017,"Sales","Services","Ireland",748.7520642,NA,3.435233729,50.03628369,NA,3.601921673,169.6083197,20.53122565,97.96604592,NA,94.44024651,NA,105.5408888,40.97087261,NA,NA,1.089691976,0.452177776
"95% Confidence Interval - Lower",2017,"Sales","Services","Rest of the Europe Union (EU excluding Ireland)",319.9417074,NA,NA,49.78210602,NA,NA,NA,NA,NA,NA,26.46246952,NA,39.75779027,NA,NA,NA,NA,NA
"95% Confidence Interval - Lower",2017,"Sales","Services","Rest of the World (all countries outside the UK and EU)",844.641075,NA,NA,190.7062616,NA,NA,NA,NA,NA,NA,360.2157777,NA,118.5149756,NA,NA,NA,NA,NA
"95% Confidence Interval - Lower",2017,"Sales","Services","External Sales/Purchases (outside NI)",5414.432581,0.718213641,3.473376652,435.6131632,NA,9.439149223,1797.221127,61.90672646,735.0945646,3.368170553,841.6664274,NA,634.3461633,403.1340285,NA,NA,12.33476586,NA
"95% Confidence Interval - Lower",2017,"Sales","Services","Exports (outside UK)",1981.979673,NA,NA,299.3410164,NA,3.601921673,204.5026043,24.43525083,214.1254257,NA,501.381448,NA,288.3765551,207.1606765,NA,NA,4.962753642,0.788177776
"95% Confidence Interval - Lower",2017,"Sales","Services","Imports (outside UK)",NA,NA,NA,NA,NA,NA,NA,NA,NA,NA,NA,NA,NA,NA,NA,NA,NA,NA
"95% Confidence Interval - Lower",2017,"Sales","All Transactions","All countries",65212.97402,128.1506243,353.1996727,15541.46108,1895.073809,827.7537558,6992.200978,23737.34228,2846.628879,1610.650577,1835.786057,724.2984871,2306.93318,2213.481483,203.2788239,1049.413572,972.7055075,302.4746045
"95% Confidence Interval - Lower",2017,"Sales","All Transactions","Northern Ireland",43358.51295,93.02325384,268.4025789,3934.575885,1850.32555,615.7232205,4621.590643,20036.91773,1860.178772,1592.28945,838.60896,667.9792775,1460.481545,1666.72708,165.9366418,1041.119789,941.4866161,283.515505
"95% Confidence Interval - Lower",2017,"Sales","All Transactions","Great Britain",11306.50606,2.116312494,48.24029574,5335.150488,14.11234931,58.31733863,1944.62513,1815.134031,565.8982832,6.180431445,361.8038205,38.69271493,350.4129438,224.4084357,5.871665875,5.912864079,8.105762211,4.924329462
"95% Confidence Interval - Lower",2017,"Sales","All Transactions","Ireland",3598.400839,NA,26.77512321,1485.360761,24.61233222,9.204530824,212.4119742,1059.346187,111.4051799,NA,113.0164793,1.990801907,117.7608359,115.0841931,5.90143609,1.358451021,1.867191572,-1.736048083
"95% Confidence Interval - Lower",2017,"Sales","All Transactions","Rest of the Europe Union (EU excluding Ireland)",1966.383373,NA,NA,1398.253421,NA,57.3281738,29.85564266,143.3885785,68.74687148,NA,29.66194666,NA,50.73866588,NA,2.748,NA,NA,NA
"95% Confidence Interval - Lower",2017,"Sales","All Transactions","Rest of the World (all countries outside the UK and EU)",4268.893712,NA,NA,3168.490062,NA,42.72994783,6.544691745,208.2773507,18.34350679,NA,365.5420355,NA,167.602149,NA,6.38476983,NA,NA,NA
"95% Confidence Interval - Lower",2017,"Sales","All Transactions","External Sales/Purchases (outside NI)",21463.55982,25.27767938,77.24472287,11474.76376,36.82461848,175.5084066,2246.402224,3482.403041,859.3761548,8.980355997,915.1776965,41.15770178,730.7470651,532.5623259,25.31655486,7.514764149,18.00553591,8.958506908
"95% Confidence Interval - Lower",2017,"Sales","All Transactions","Exports (outside UK)",9992.755792,20.88367136,27.25777632,6095.663812,21.66567586,113.148267,259.6646878,1536.591836,229.4909195,1.946546092,530.1045801,1.87431666,364.676767,303.0461864,15.6657442,1.376463009,6.963493956,1.104951917
"95% Confidence Interval - Lower",2017,"Sales","All Transactions","Imports (outside UK)",NA,NA,NA,NA,NA,NA,NA,NA,NA,NA,NA,NA,NA,NA,NA,NA,NA,NA
"95% Confidence Interval - Lower",2017,"Purchases","Goods","All countries",32856.77858,32.15035994,136.9567077,8524.114921,1287.227321,156.888734,2128.741301,17226.1887,626.6127129,572.6729705,208.5622218,152.9128528,267.082569,268.8448912,73.25839329,116.6704289,144.3857452,59.48048546
"95% Confidence Interval - Lower",2017,"Purchases","Goods","Northern Ireland",16426.16868,24.2590665,101.8978339,3640.414974,NA,102.6766771,1438.577493,7873.381092,272.6148685,473.9502661,93.78408438,NA,185.9312277,141.6113214,45.85387528,89.37151434,131.646242,40.77524619
"95% Confidence Interval - Lower",2017,"Purchases","Goods","Great Britain",9978.772249,0.776914726,NA,2232.952533,NA,14.73617291,523.6299124,6184.967759,212.7966104,24.74079536,77.27119288,NA,39.92224026,49.44722307,NA,NA,NA,8.874611755
"95% Confidence Interval - Lower",2017,"Purchases","Goods","Ireland",2103.737056,1.297623045,13.99616296,780.6186744,NA,27.70575404,44.77093723,927.4303661,24.89718747,31.66721999,6.041699289,NA,3.681920151,NA,NA,NA,0.822702935,NA
"95% Confidence Interval - Lower",2017,"Purchases","Goods","Rest of the Europe Union (EU excluding Ireland)",1860.786206,NA,NA,976.6465725,NA,NA,16.72064386,723.5391186,NA,NA,NA,NA,5.666487491,NA,NA,NA,-0.951330036,NA
"95% Confidence Interval - Lower",2017,"Purchases","Goods","Rest of the World (all countries outside the UK and EU)",1683.820961,NA,NA,778.9842784,NA,NA,NA,766.935071,NA,NA,NA,NA,6.454373912,3.197439122,1.755846856,NA,NA,NA
"95% Confidence Interval - Lower",2017,"Purchases","Goods","External Sales/Purchases (outside NI)",16084.33581,4.275477073,30.37869634,4823.975939,NA,44.54728465,634.5751925,9039.073148,336.3551009,69.51153682,99.0548482,NA,63.93847025,115.5315873,NA,24.82231673,NA,15.65861407
"95% Confidence Interval - Lower",2017,"Purchases","Goods","Exports (outside UK)",NA,NA,NA,NA,NA,NA,NA,NA,NA,NA,NA,NA,NA,NA,NA,NA,NA,NA
"95% Confidence Interval - Lower",2017,"Purchases","Goods","Imports (outside UK)",5878.687716,NA,16.06635682,2563.223281,NA,29.18925148,86.73562395,2635.002275,112.1120373,33.29361259,17.91815834,NA,18.66297979,61.35011565,NA,NA,NA,NA
"95% Confidence Interval - Lower",2017,"Purchases","Services","All countries",9950.988367,19.42651475,92.8410437,1337.037313,248.4152848,127.7765902,2322.428121,1462.849309,759.5380996,209.57293,571.3779533,120.3610566,502.3114288,532.967139,105.6373063,241.6165867,554.0984668,57.25967295
"95% Confidence Interval - Lower",2017,"Purchases","Services","Northern Ireland",6442.610652,18.29091528,78.48228318,715.3028634,NA,80.79443649,1273.814832,1071.53186,395.3391797,175.5751002,273.8626429,NA,361.8002403,299.2971004,84.71024117,217.2189929,520.9071844,52.28310663
"95% Confidence Interval - Lower",2017,"Purchases","Services","Great Britain",2611.809584,0.380873426,NA,361.5739188,NA,40.87589539,964.7749203,250.858411,253.8294174,20.45883895,193.0847323,NA,50.5160737,154.0172546,NA,21.88905322,NA,NA
"95% Confidence Interval - Lower",2017,"Purchases","Services","Ireland",256.9269039,NA,6.01987399,85.28025611,1.041427461,1.645575079,21.68132213,23.1925282,29.92673118,3.340558206,10.61070813,NA,15.69899343,NA,NA,NA,2.252910212,NA
"95% Confidence Interval - Lower",2017,"Purchases","Services","Rest of the Europe Union (EU excluding Ireland)",196.5356228,NA,NA,92.54121842,NA,NA,NA,12.7867167,17.25296807,-1.298211835,NA,NA,5.505315348,NA,NA,NA,NA,NA
"95% Confidence Interval - Lower",2017,"Purchases","Services","Rest of the World (all countries outside the UK and EU)",210.0501359,NA,NA,69.31831578,NA,NA,NA,26.42186965,NA,NA,60.02635803,NA,39.01601437,NA,NA,NA,0.52926611,NA
"95% Confidence Interval - Lower",2017,"Purchases","Services","External Sales/Purchases (outside NI)",3388.981248,0.798173136,14.15804175,616.2791014,NA,43.56803773,1000.424133,336.646049,319.3989895,27.69059938,282.1415205,NA,124.0658525,228.550176,NA,22.54481159,NA,3.406514264
"95% Confidence Interval - Lower",2017,"Purchases","Services","Exports (outside UK)",NA,NA,NA,NA,NA,NA,NA,NA,NA,NA,NA,NA,NA,NA,NA,NA,NA,NA
"95% Confidence Interval - Lower",2017,"Purchases","Services","Imports (outside UK)",690.6699944,NA,9.85788904,249.339134,7.096840779,2.654556597,27.78241395,70.8586958,14.12771604,3.598848286,79.76933145,NA,64.95830376,73.92826649,NA,NA,NA,NA
"95% Confidence Interval - Lower",2017,"Purchases","All Transactions","All countries",43082.34254,56.43099975,231.9532838,9873.195384,1553.52537,330.2928884,4603.439855,18802.90507,1451.421722,811.8791717,804.3308167,278.0683671,813.0812491,819.4988797,183.4024772,379.503358,736.6370543,122.0535111
"95% Confidence Interval - Lower",2017,"Purchases","All Transactions","Northern Ireland",23096.54474,47.40512035,181.6827152,4370.441844,1164.277389,229.2517929,2862.278054,9033.441531,695.849011,684.1660013,382.1526981,254.2466331,581.9115802,455.4518353,135.3089383,327.6290974,691.1742336,97.52609464
"95% Confidence Interval - Lower",2017,"Purchases","All Transactions","Great Britain",12679.31949,1.29113638,17.49928247,2600.995424,325.5636759,55.70705832,1514.446031,6492.237458,489.6114441,50.21034938,288.9406386,17.96427118,98.65926117,208.1330228,NA,NA,NA,11.75082919
"95% Confidence Interval - Lower",2017,"Purchases","All Transactions","Ireland",2388.080952,1.364583858,20.32364904,872.1161424,NA,29.37333902,74.61031992,965.6496362,60.06370558,35.45719448,20.12885108,NA,22.21321694,63.02960753,1.811507173,0.35792063,3.504158799,3.900497969
"95% Confidence Interval - Lower",2017,"Purchases","All Transactions","Rest of the Europe Union (EU excluding Ireland)",2076.858981,NA,NA,1072.313418,NA,NA,17.53742937,743.1809314,36.73264891,0.154537392,12.15627738,NA,12.3502006,37.53362438,NA,NA,0.553753069,NA
"95% Confidence Interval - Lower",2017,"Purchases","All Transactions","Rest of the World (all countries outside the UK and EU)",1977.135347,NA,NA,849.4990164,NA,NA,6.085632433,794.3677432,25.08759119,0.734515237,64.24171981,NA,45.76805329,34.5267895,NA,NA,NA,NA
"95% Confidence Interval - Lower",2017,"Purchases","All Transactions","External Sales/Purchases (outside NI)",19607.3748,5.409015432,44.89762055,5446.759211,377.4441736,88.1602598,1672.384268,9431.661852,702.6647982,100.8844093,401.3047305,19.30035473,199.1385379,348.9200972,47.00182175,48.51510618,39.25549237,20.98267493
"95% Confidence Interval - Lower",2017,"Purchases","All Transactions","Exports (outside UK)",NA,NA,NA,NA,NA,NA,NA,NA,NA,NA,NA,NA,NA,NA,NA,NA,NA,NA
"95% Confidence Interval - Lower",2017,"Purchases","All Transactions","Imports (outside UK)",6688.302329,3.152562726,26.22317044,2822.089883,47.93638482,31.8693208,123.7587404,2723.158584,150.5615832,38.21804164,102.4903746,1.282704817,90.63438992,135.9095431,NA,NA,NA,7.312336506
"95% Confidence Interval - Lower",2018,"Sales","Goods","All countries",45479.04287,114.9961367,359.8280335,14499.71102,1672.459287,393.5043321,1794.60702,23252.28575,215.7309479,1245.305421,188.0562614,57.72482575,182.5401665,254.0993097,0.720474024,16.43283196,44.12310642,45.04893044
"95% Confidence Interval - Lower",2018,"Sales","Goods","Northern Ireland",29917.0432,72.21789836,265.9984094,3875.512376,NA,NA,1295.122905,19800.13652,142.9035811,1233.242933,87.00553806,NA,110.2855115,91.84736747,0.006338008,16.11893082,44.00910642,42.65636528
"95% Confidence Interval - Lower",2018,"Sales","Goods","Great Britain",6336.573805,NA,NA,4207.128097,NA,NA,389.3058413,1329.19237,55.2015478,NA,64.014091,NA,13.46986656,13.03014461,NA,0.1913569,NA,0.482473911
"95% Confidence Interval - Lower",2018,"Sales","Goods","Ireland",2863.555184,NA,27.44067797,1483.97081,NA,1.438034514,63.45441805,1085.269556,7.26758812,NA,10.59066658,NA,10.06647059,54.05395659,NA,0.074005846,NA,-1.089796705
"95% Confidence Interval - Lower",2018,"Sales","Goods","Rest of the Europe Union (EU excluding Ireland)",2096.641319,NA,NA,1632.009128,NA,NA,NA,NA,-0.918489492,NA,9.849196515,NA,11.6277405,NA,NA,NA,NA,NA
"95% Confidence Interval - Lower",2018,"Sales","Goods","Rest of the World (all countries outside the UK and EU)",3639.242882,NA,NA,3175.977914,NA,NA,NA,NA,1.573755802,NA,8.420292035,NA,14.788684,NA,NA,NA,NA,NA
"95% Confidence Interval - Lower",2018,"Sales","Goods","External Sales/Purchases (outside NI)",15193.7311,NA,88.12388129,10525.1166,NA,NA,467.4675635,3148.856926,66.44197139,8.785142514,94.45835089,NA,56.31722489,134.5955802,NA,0.265367433,NA,-0.213640873
"95% Confidence Interval - Lower",2018,"Sales","Goods","Exports (outside UK)",8774.172842,NA,28.95808887,6307.611021,NA,119.0771113,65.59846594,1744.423835,8.269903476,NA,29.35097032,NA,40.76789236,121.5600495,NA,0.074005846,NA,-0.712486225
"95% Confidence Interval - Lower",2018,"Sales","Goods","Imports (outside UK)",NA,NA,NA,NA,NA,NA,NA,NA,NA,NA,NA,NA,NA,NA,NA,NA,NA,NA
"95% Confidence Interval - Lower",2018,"Sales","Services","All countries",21820.42538,19.15155091,34.40561926,859.7215152,387.1725107,387.8724924,5365.677275,1141.738823,2792.509815,435.4036188,1834.696539,940.3618043,2131.980822,2082.52654,172.1572251,855.4629126,936.1814035,251.1387812
"95% Confidence Interval - Lower",2018,"Sales","Services","Northern Ireland",15329.56097,NA,NA,278.1559327,NA,374.9068067,3200.446417,1047.802653,1790.602077,430.266265,792.0261755,893.2211569,1296.764131,1682.55429,148.9289711,834.9420281,917.327916,240.5823717
"95% Confidence Interval - Lower",2018,"Sales","Services","Great Britain",3891.715523,NA,NA,145.0463133,NA,4.103979218,1742.320696,51.82910511,649.1265591,NA,288.1836187,NA,441.0644797,231.5951395,NA,-5.519399962,NA,0.28835445
"95% Confidence Interval - Lower",2018,"Sales","Services","Ireland",751.8180188,NA,3.951010697,72.01329529,NA,1.347383769,208.9565467,9.205692957,130.0616764,NA,96.40730958,NA,104.8167077,-66.99904049,NA,0.776538117,NA,-1.57939585
"95% Confidence Interval - Lower",2018,"Sales","Services","Rest of the Europe Union (EU excluding Ireland)",366.6903502,NA,NA,52.41042378,NA,NA,NA,NA,90.89596122,NA,36.18729983,NA,52.25605107,NA,NA,NA,NA,NA
"95% Confidence Interval - Lower",2018,"Sales","Services","Rest of the World (all countries outside the UK and EU)",998.0050574,NA,NA,282.595342,NA,NA,-4.825390527,NA,20.99510291,NA,464.464649,NA,113.8793736,NA,NA,NA,NA,NA
"95% Confidence Interval - Lower",2018,"Sales","Services","External Sales/Purchases (outside NI)",6242.380053,NA,NA,565.7732681,NA,8.486452978,2070.066044,77.75649767,949.3802347,4.597403983,989.0908908,NA,751.2303186,292.7420456,NA,-4.503702347,NA,1.008679678
"95% Confidence Interval - Lower",2018,"Sales","Services","Exports (outside UK)",2228.156007,NA,3.951010697,415.7320735,NA,1.347383769,273.5220997,19.09703698,264.0252389,NA,634.8879943,NA,294.2564068,13.01212976,NA,1.000710185,NA,-1.429347604
"95% Confidence Interval - Lower",2018,"Sales","Services","Imports (outside UK)",NA,NA,NA,NA,NA,NA,NA,NA,NA,NA,NA,NA,NA,NA,NA,NA,NA,NA
"95% Confidence Interval - Lower",2018,"Sales","All Transactions","All countries",67813.49033,150.2074056,408.2360941,15407.53094,2259.783309,831.5475241,7372.648624,24668.76655,3028.65175,1771.464813,2054.573084,1005.691334,2377.707277,2441.631442,175.0370478,964.2501466,990.4508772,311.5992471
"95% Confidence Interval - Lower",2018,"Sales","All Transactions","Northern Ireland",45677.67628,104.0966474,NA,4181.761688,NA,622.4648156,4693.561411,21113.06241,1950.317544,NA,896.2202754,957.774598,1444.813662,1798.361737,151.0559702,943.4113494,971.212522,298.4030761
"95% Confidence Interval - Lower",2018,"Sales","All Transactions","Great Britain",10319.35326,0.764082137,NA,4362.138973,NA,53.55571089,2140.83117,1392.86663,712.185659,NA,362.5846246,31.53438609,466.9873254,254.17147,7.403093208,-5.302198803,1.996628127,0.785814555
"95% Confidence Interval - Lower",2018,"Sales","All Transactions","Ireland",3739.614951,9.555329289,32.12758036,1564.938776,NA,3.163834455,292.82213,1102.532298,138.1173641,NA,108.7222613,2.315827131,121.0900235,-9.242250859,6.299900456,0.850870903,1.102168092,-1.662646928
"95% Confidence Interval - Lower",2018,"Sales","All Transactions","Rest of the Europe Union (EU excluding Ireland)",2507.913207,NA,NA,1691.089495,NA,71.75581315,53.88868751,246.9637637,92.38498616,NA,46.33589211,NA,65.42604888,59.4544944,0.99237236,0.070349469,NA,NA
"95% Confidence Interval - Lower",2018,"Sales","All Transactions","Rest of the World (all countries outside the UK and EU)",4695.418024,NA,NA,3464.526638,NA,45.72607769,-4.031859255,255.1166843,23.44224063,NA,473.200639,NA,132.793331,83.61431714,2.917667131,0.153381888,NA,NA
"95% Confidence Interval - Lower",2018,"Sales","All Transactions","External Sales/Purchases (outside NI)",21655.04981,33.7690055,NA,11112.60737,NA,178.493733,2558.149581,3241.805966,1024.328438,NA,1095.417523,35.38957496,826.563677,525.7246607,20.85935356,-4.209802554,7.769645031,1.446152301
"95% Confidence Interval - Lower",2018,"Sales","All Transactions","Exports (outside UK)",11191.0961,27.52459996,33.64478615,6738.890469,NA,123.9246625,360.1250838,1772.4607,275.886994,NA,666.1038886,2.376322673,343.6560347,225.5664096,12.29344823,1.075000949,1.691308663,-1.135432865
"95% Confidence Interval - Lower",2018,"Sales","All Transactions","Imports (outside UK)",NA,NA,NA,NA,NA,NA,NA,NA,NA,NA,NA,NA,NA,NA,NA,NA,NA,NA
"95% Confidence Interval - Lower",2018,"Purchases","Goods","All countries",34721.64954,34.4657925,160.7633413,9292.008289,1448.00302,208.5218289,2256.611487,18068.86428,650.4126224,626.3594055,162.4390581,180.0917246,240.9805375,242.2214631,32.73636619,118.878235,157.860794,58.5981157
"95% Confidence Interval - Lower",2018,"Purchases","Goods","Northern Ireland",16975.85034,26.71032471,118.3697771,3816.591821,1034.726836,158.9712439,1522.207335,8073.231308,257.7131163,511.7235594,61.84231847,179.7352676,133.8891118,163.3357246,20.8885266,93.12004134,150.7425509,40.16730514
"95% Confidence Interval - Lower",2018,"Purchases","Goods","Great Britain",10537.88423,0.351891149,NA,2450.627829,NA,NA,526.5430294,6537.847497,234.8437125,17.86893293,55.23441038,NA,54.15179133,46.30539737,NA,15.47289781,NA,12.20360848
"95% Confidence Interval - Lower",2018,"Purchases","Goods","Ireland",2198.043575,1.354390515,18.55344777,733.1469518,NA,17.56344522,75.99120015,980.6347861,54.65152262,62.88952048,22.82699195,NA,6.114507582,7.761922915,NA,1.630691669,0.829440246,NA
"95% Confidence Interval - Lower",2018,"Purchases","Goods","Rest of the Europe Union (EU excluding Ireland)",2401.397466,NA,NA,1306.112758,NA,NA,13.45516681,942.4553784,42.49077995,1.180567814,6.172692828,NA,9.400705162,3.077112278,NA,0.054770461,0.138844316,NA
"95% Confidence Interval - Lower",2018,"Purchases","Goods","Rest of the World (all countries outside the UK and EU)",1847.20437,NA,NA,946.8276174,NA,NA,NA,793.6142822,24.6467123,0.251985952,5.074729215,NA,10.49198924,6.468556532,NA,0.191885557,NA,NA
"95% Confidence Interval - Lower",2018,"Purchases","Goods","External Sales/Purchases (outside NI)",17369.21842,5.049421981,NA,5458.847168,388.2535344,NA,672.9762287,9625.89375,369.852532,87.67775426,92.40918477,NA,84.77906462,70.52257487,NA,17.37689586,NA,NA
"95% Confidence Interval - Lower",2018,"Purchases","Goods","Exports (outside UK)",NA,NA,NA,NA,NA,NA,NA,NA,NA,NA,NA,NA,NA,NA,NA,NA,NA,NA
"95% Confidence Interval - Lower",2018,"Purchases","Goods","Imports (outside UK)",6646.478199,3.912649924,22.15053456,2998.841337,NA,21.26709192,116.2043675,2909.091478,128.7662966,64.37051461,34.58421387,NA,27.54357703,17.51045034,NA,1.892562686,NA,NA
"95% Confidence Interval - Lower",2018,"Purchases","Services","All countries",10373.62133,40.42078771,86.96636011,1573.905847,263.3263928,172.1593158,2431.470796,1190.866343,854.9338626,203.8162345,634.3228934,246.808405,505.6564701,556.6877786,89.87630077,178.2671522,631.5682921,56.78828899
"95% Confidence Interval - Lower",2018,"Purchases","Services","Northern Ireland",6455.578273,34.94945605,69.93620646,852.3823521,192.0333651,80.76185078,1239.136135,857.7381548,475.1317504,170.1026299,347.7690118,233.1163756,361.8730462,232.3093995,80.65690554,149.4440315,604.8548801,47.66116297
"95% Confidence Interval - Lower",2018,"Purchases","Services","Great Britain",2865.238225,0.225689868,NA,436.4000258,46.58305942,NA,1122.296885,196.4983931,232.0514438,13.76844262,181.3849656,NA,75.19483414,266.0845086,NA,16.13345381,NA,1.568009834
"95% Confidence Interval - Lower",2018,"Purchases","Services","Ireland",209.3007892,0.692771514,6.84024082,57.84648707,NA,1.410523409,46.17325089,32.80607551,30.83884252,9.853079418,11.13771264,NA,21.50531259,-70.91645271,NA,0.815592607,1.666079163,NA
"95% Confidence Interval - Lower",2018,"Purchases","Services","Rest of the Europe Union (EU excluding Ireland)",235.3723124,NA,NA,75.47564203,NA,0.032230928,NA,19.80237832,35.07684913,4.282068834,8.484102529,-0.251240869,4.174344579,56.45174794,NA,0.009940954,0.444033213,NA
"95% Confidence Interval - Lower",2018,"Purchases","Services","Rest of the World (all countries outside the UK and EU)",319.9664755,NA,NA,147.6625915,NA,NA,NA,14.46451353,-10.09390231,0.020974021,66.89005174,NA,26.2075631,45.37151468,NA,0.076097739,0.264817779,NA
"95% Confidence Interval - Lower",2018,"Purchases","Services","External Sales/Purchases (outside NI)",3802.068636,3.378350973,NA,719.6895367,57.29879638,NA,1175.882744,267.4305984,346.5065955,29.70303695,274.9831901,NA,133.7529317,302.1059209,NA,17.07061358,NA,NA
"95% Confidence Interval - Lower",2018,"Purchases","Services","Exports (outside UK)",NA,NA,NA,NA,NA,NA,NA,NA,NA,NA,NA,NA,NA,NA,NA,NA,NA,NA
"95% Confidence Interval - Lower",2018,"Purchases","Services","Imports (outside UK)",836.6494924,1.943249689,NA,282.1368292,NA,NA,50.57424875,68.28583342,86.23662659,15.11372911,88.8444346,NA,53.59509998,34.14428013,NA,0.902738507,NA,NA
"95% Confidence Interval - Lower",2018,"Purchases","All Transactions","All countries",45378.76364,80.95551381,253.8742365,10872.01092,1790.005519,384.881629,4783.512018,19423.3416,1548.914702,862.8986047,819.1609466,431.1057584,781.3992408,874.7246932,129.6272956,316.2619158,791.9543159,125.8791363
"95% Confidence Interval - Lower",2018,"Purchases","All Transactions","Northern Ireland",23594.87463,67.26344574,191.3865316,4674.763697,1299.04423,242.8696516,2852.278538,9008.330122,757.4158534,715.9230446,423.1258637,417.0375417,518.9716364,412.0536787,111.0405643,260.2010072,758.292656,96.07587309
"95% Confidence Interval - Lower",2018,"Purchases","All Transactions","Great Britain",13523.14692,1.257048462,19.36024164,2889.932004,343.1128029,101.2643232,1663.634232,6847.530153,483.7723534,32.03601987,247.4894333,10.21133351,144.2583686,316.6270157,NA,39.46413668,NA,NA
"95% Confidence Interval - Lower",2018,"Purchases","All Transactions","Ireland",2517.177285,3.120037314,25.91692964,792.3199571,NA,21.72558295,125.7893373,1014.516197,90.62453267,73.14902336,34.90942583,NA,30.14549359,-41.2448956,NA,2.468610623,2.511507022,NA
"95% Confidence Interval - Lower",2018,"Purchases","All Transactions","Rest of the Europe Union (EU excluding Ireland)",2672.926853,NA,NA,1383.301945,1.330330906,2.292606606,17.66753816,964.0115061,83.35059161,5.463477192,14.91152852,NA,14.09288313,59.53154805,NA,0.064770407,0.593859785,NA
"95% Confidence Interval - Lower",2018,"Purchases","All Transactions","Rest of the World (all countries outside the UK and EU)",2201.044043,NA,NA,1095.845548,NA,0.857354843,0.969771446,808.6479444,18.08583692,0.302943134,72.25053623,NA,36.89441975,51.85834227,NA,0.268035457,NA,NA
"95% Confidence Interval - Lower",2018,"Purchases","All Transactions","External Sales/Purchases (outside NI)",21366.41927,9.653703228,56.96114501,6182.264442,455.1866995,134.3481651,1869.756167,10015.87902,747.8269509,119.3830267,380.0558289,11.69619746,235.1846462,422.0476628,17.35660881,42.32937662,30.08399882,21.16765801
"95% Confidence Interval - Lower",2018,"Purchases","All Transactions","Exports (outside UK)",NA,NA,NA,NA,NA,NA,NA,NA,NA,NA,NA,NA,NA,NA,NA,NA,NA,NA
"95% Confidence Interval - Lower",2018,"Purchases","All Transactions","Imports (outside UK)",7628.910078,6.813543979,33.60760286,3283.817186,103.0391479,27.79809379,170.7980827,2980.090751,228.6567459,81.47508191,126.8764893,0.914131514,83.82562936,100.0408614,NA,2.813468931,NA,NA
"95% Confidence Interval - Lower",2019,"Sales","Goods","All countries",47219.03137,105.2641874,413.0723007,14570.5101,1796.766593,409.8576132,1678.653922,24605.5973,251.3262984,1192.109928,150.6338662,55.16587863,209.2639785,437.3684737,-0.140252662,26.26551367,42.48635889,33.50008528
"95% Confidence Interval - Lower",2019,"Sales","Goods","Northern Ireland",31236.45203,64.23027764,323.0798165,3847.980681,NA,215.8973781,1116.307967,20700.99118,227.3747223,1185.237143,87.82460876,NA,132.6549284,317.3604635,NA,22.07096383,NA,NA
"95% Confidence Interval - Lower",2019,"Sales","Goods","Great Britain",6438.755077,NA,NA,4128.126433,NA,55.20732069,394.993808,1473.788686,1.465036932,NA,33.1437035,NA,26.27769142,30.03398367,NA,3.208959018,NA,NA
"95% Confidence Interval - Lower",2019,"Sales","Goods","Ireland",3141.915743,10.89460264,27.16440931,1553.067404,NA,2.722281457,68.1782298,1255.675062,1.315040458,NA,9.60397688,NA,1.00481215,11.18887382,NA,0.089162987,NA,NA
"95% Confidence Interval - Lower",2019,"Sales","Goods","Rest of the Europe Union (EU excluding Ireland)",1965.230112,NA,NA,1638.75134,NA,NA,NA,189.5582176,NA,NA,4.145948243,NA,5.760920691,NA,NA,NA,NA,NA
"95% Confidence Interval - Lower",2019,"Sales","Goods","Rest of the World (all countries outside the UK and EU)",3680.630821,NA,NA,3244.810144,NA,NA,NA,270.6791273,NA,NA,4.49367647,NA,11.81701052,NA,NA,NA,NA,NA
"95% Confidence Interval - Lower",2019,"Sales","Goods","External Sales/Purchases (outside NI)",15536.50058,33.25794119,86.18698689,10616.21509,NA,169.0965377,497.2480469,3479.973219,12.39551525,NA,56.02981683,NA,58.12259592,99.63584465,NA,2.28386509,NA,NA
"95% Confidence Interval - Lower",2019,"Sales","Goods","Exports (outside UK)",8931.712679,28.23887609,27.4795835,6468.892417,NA,96.01970292,73.971107,1848.05442,5.279728095,NA,21.02285401,NA,25.81184152,58.87170532,NA,-1.079277441,NA,NA
"95% Confidence Interval - Lower",2019,"Sales","Goods","Imports (outside UK)",NA,NA,NA,NA,NA,NA,NA,NA,NA,NA,NA,NA,NA,NA,NA,NA,NA,NA
"95% Confidence Interval - Lower",2019,"Sales","Services","All countries",22473.41298,30.53260628,43.13636335,824.9095247,627.5247956,424.9140026,4969.891169,1728.964065,2991.838674,459.4281608,1498.711525,1011.566813,2322.315515,2092.167155,167.5918183,1006.036579,670.505999,300.3188143
"95% Confidence Interval - Lower",2019,"Sales","Services","Northern Ireland",16053.12535,27.32330972,NA,316.8963803,NA,379.1498102,3232.827462,1555.83901,1892.947432,NA,427.7893188,961.251376,1389.447585,1582.734045,140.4592147,996.2359978,658.5645473,271.0228775
"95% Confidence Interval - Lower",2019,"Sales","Services","Great Britain",3744.245906,NA,NA,128.7632024,NA,16.26157195,1251.875996,95.50734758,673.1583053,NA,389.745823,NA,466.977443,256.2717638,NA,5.465421714,NA,NA
"95% Confidence Interval - Lower",2019,"Sales","Services","Ireland",982.0289552,-0.782687068,3.513311564,107.313293,NA,7.073087398,256.1333738,18.23307036,165.5799202,NA,71.3651591,NA,119.3708831,56.72624515,NA,-0.035083082,NA,NA
"95% Confidence Interval - Lower",2019,"Sales","Services","Rest of the Europe Union (EU excluding Ireland)",342.1168885,NA,NA,74.62866345,NA,NA,NA,-0.100339957,NA,NA,34.70706304,NA,56.62224642,NA,NA,NA,NA,NA
"95% Confidence Interval - Lower",2019,"Sales","Services","Rest of the World (all countries outside the UK and EU)",889.7895183,NA,NA,168.1501569,NA,NA,1.217685414,-9.636457721,43.41128789,NA,389.3723174,NA,129.2949774,NA,NA,NA,NA,NA
"95% Confidence Interval - Lower",2019,"Sales","Services","External Sales/Purchases (outside NI)",6191.303395,0.644808462,NA,489.2200706,NA,27.53708856,1601.554114,137.5280943,1031.514775,NA,995.7067378,NA,833.2014717,455.1571263,NA,5.857053622,2.093757241,NA
"95% Confidence Interval - Lower",2019,"Sales","Services","Exports (outside UK)",2326.023554,NA,3.51361897,353.0219829,NA,7.073087398,266.9173442,25.58812552,314.8155645,NA,537.2692305,NA,340.4933194,177.7445266,NA,0.163962195,NA,NA
"95% Confidence Interval - Lower",2019,"Sales","Services","Imports (outside UK)",NA,NA,NA,NA,NA,NA,NA,NA,NA,NA,NA,NA,NA,NA,NA,NA,NA,NA
"95% Confidence Interval - Lower",2019,"Sales","All Transactions","All countries",70201.01185,145.7819454,461.5625914,15459.09351,2608.429251,888.4682989,6888.977384,26517.68866,3319.09075,1775.191202,1696.893957,1080.994404,2595.103563,2637.452089,169.0106402,1038.411964,726.6704197,367.8918729
"95% Confidence Interval - Lower",2019,"Sales","All Transactions","Northern Ireland",47724.0668,100.6050056,NA,4203.948602,NA,632.6082778,4546.550486,22421.67373,2187.027351,NA,543.5629932,1027.561152,1564.93492,1993.835886,141.7494362,1024.213648,711.9394509,335.1709854
"95% Confidence Interval - Lower",2019,"Sales","All Transactions","Great Britain",10349.97252,3.394732077,NA,4278.076124,NA,89.39382451,1682.277044,1599.283138,683.31215,NA,429.5223603,28.01945526,504.9423589,294.2388904,9.065259003,8.740237955,0.616339871,0.22965018
"95% Confidence Interval - Lower",2019,"Sales","All Transactions","Ireland",4235.167692,12.43513246,31.75625511,1665.430572,NA,10.75188398,386.6469387,1292.071883,176.6899667,NA,83.06127184,-0.191528361,133.0737859,72.59019444,5.377505929,0.057219983,-0.756594161,-6.793202204
"95% Confidence Interval - Lower",2019,"Sales","All Transactions","Rest of the Europe Union (EU excluding Ireland)",2344.584076,NA,NA,1714.294592,NA,52.68670924,5.205815542,193.5628213,89.27190234,NA,40.77306053,NA,63.27176295,39.2930252,1.359117419,-1.194835585,NA,NA
"95% Confidence Interval - Lower",2019,"Sales","All Transactions","Rest of the World (all countries outside the UK and EU)",4628.994386,NA,NA,3414.885037,NA,40.34140296,4.340809533,284.6118339,46.87668135,NA,396.6624569,NA,149.9911779,107.5356094,3.932249824,-0.012891356,NA,NA
"95% Confidence Interval - Lower",2019,"Sales","All Transactions","External Sales/Purchases (outside NI)",21952.4152,36.47462381,NA,11126.37395,NA,214.9418728,2180.61276,3664.95498,1056.47552,NA,1061.973418,34.3690623,915.3057255,571.0990345,22.97849496,9.954251905,3.642527552,-3.392907476
"95% Confidence Interval - Lower",2019,"Sales","All Transactions","Exports (outside UK)",11394.85563,30.0137697,32.07177086,6826.810602,NA,106.2631179,402.9647839,1906.536729,330.2570049,NA,563.0081014,0.068031582,383.9068055,249.7159671,12.06882313,0.896182733,0.064468128,-6.732202204
"95% Confidence Interval - Lower",2019,"Sales","All Transactions","Imports (outside UK)",NA,NA,NA,NA,NA,NA,NA,NA,NA,NA,NA,NA,NA,NA,NA,NA,NA,NA
"95% Confidence Interval - Lower",2019,"Purchases","Goods","All countries",36094.82637,41.01996193,191.8473041,9303.957902,1571.621106,192.0809003,2160.131643,19045.2003,892.287177,661.8173585,110.7552193,180.273126,218.5306663,264.5946102,41.80788786,119.506071,197.0498581,70.70652817
"95% Confidence Interval - Lower",2019,"Purchases","Goods","Northern Ireland",18254.14203,31.61226903,137.7994094,3915.093665,1055.162521,144.7175403,1492.368095,8827.913488,526.5579198,522.9330346,47.96031931,180.0059919,133.0865075,171.0122067,27.50941327,97.70675401,188.5045638,55.81910275
"95% Confidence Interval - Lower",2019,"Purchases","Goods","Great Britain",10684.79109,1.139731994,16.4909575,2427.044454,NA,7.268654935,476.34494,6752.163782,231.4018652,14.47694774,22.2839163,NA,55.60451099,56.85180399,NA,20.19697464,6.536332831,NA
"95% Confidence Interval - Lower",2019,"Purchases","Goods","Ireland",2288.631627,1.168502877,23.84296372,745.0332322,NA,NA,77.15568064,985.6276733,72.03216716,87.26829001,3.684870834,NA,7.949187236,9.806359565,NA,0.828337246,0.249559864,NA
"95% Confidence Interval - Lower",2019,"Purchases","Goods","Rest of the Europe Union (EU excluding Ireland)",2187.196675,NA,NA,988.5978031,NA,NA,10.22374481,1058.829137,17.09478924,NA,10.54289468,NA,2.373440459,3.947860878,NA,0.037906432,NA,NA
"95% Confidence Interval - Lower",2019,"Purchases","Goods","Rest of the World (all countries outside the UK and EU)",1765.543555,NA,NA,1156.180904,NA,NA,NA,530.9854373,3.325674023,NA,3.612538172,NA,6.03025072,-5.810328369,NA,0.035373743,NA,NA
"95% Confidence Interval - Lower",2019,"Purchases","Goods","External Sales/Purchases (outside NI)",17355.8892,6.144420442,52.04963263,5350.500722,448.4441738,35.7623236,600.9105446,9744.624607,344.907024,107.8181612,52.74303197,0.235096207,75.93822098,72.90111782,NA,21.11413503,6.810688824,NA
"95% Confidence Interval - Lower",2019,"Purchases","Goods","Exports (outside UK)",NA,NA,NA,NA,NA,NA,NA,NA,NA,NA,NA,NA,NA,NA,NA,NA,NA,NA
"95% Confidence Interval - Lower",2019,"Purchases","Goods","Imports (outside UK)",6477.773554,3.810814153,33.53212534,2911.088538,NA,21.17330401,101.8927947,2801.776805,95.79123311,91.17307331,21.46539466,NA,18.30113001,13.13575689,NA,0.90522284,0.229532115,NA
"95% Confidence Interval - Lower",2019,"Purchases","Services","All countries",9384.578615,30.98094847,95.32013643,1504.335166,426.0778084,174.963653,1740.479695,1217.215709,858.6013711,182.2716786,422.5052925,239.3186875,620.9296496,542.1847639,130.4509277,186.0977555,344.9283666,64.36242602
"95% Confidence Interval - Lower",2019,"Purchases","Services","Northern Ireland",6314.039792,26.9496077,84.36199775,931.531692,360.0790081,138.3900482,1099.451345,810.9975406,479.6134001,137.6110936,141.1474826,226.5332047,456.4845378,259.8914233,118.3244022,151.9212979,325.053427,54.20573575
"95% Confidence Interval - Lower",2019,"Purchases","Services","Great Britain",2212.216138,0.471302925,6.360174551,360.4820207,25.13101426,27.57047225,564.2569066,280.7655803,226.5523064,22.60546133,212.4509757,9.719047265,95.16442977,158.7839969,NA,31.23068331,16.70499327,NA
"95% Confidence Interval - Lower",2019,"Purchases","Services","Ireland",285.4645152,1.060163346,3.868795512,48.52199406,1.546784258,NA,23.88193621,50.49509632,50.11376339,11.09397571,7.426715099,NA,17.99386189,9.071483784,NA,0.471475754,0.214082245,NA
"95% Confidence Interval - Lower",2019,"Purchases","Services","Rest of the Europe Union (EU excluding Ireland)",172.8994011,NA,NA,50.92580911,NA,NA,NA,7.362510443,26.66749892,2.741225341,7.234304991,NA,3.271269202,25.7910603,NA,0.085343806,0.356028523,NA
"95% Confidence Interval - Lower",2019,"Purchases","Services","Rest of the World (all countries outside the UK and EU)",247.2286812,NA,NA,104.2578079,NA,NA,NA,3.880692602,33.15414519,NA,32.13011139,NA,23.93983507,22.64600748,NA,0.639863118,NA,NA
"95% Confidence Interval - Lower",2019,"Purchases","Services","External Sales/Purchases (outside NI)",2984.657845,2.296774351,10.32925574,569.819583,53.26252537,31.83614196,597.3864991,362.9700105,358.3761949,39.7836595,266.0938159,10.81223723,150.6349274,251.4641767,NA,32.87931664,19.60004909,NA
"95% Confidence Interval - Lower",2019,"Purchases","Services","Exports (outside UK)",NA,NA,NA,NA,NA,NA,NA,NA,NA,NA,NA,NA,NA,NA,NA,NA,NA,NA
"95% Confidence Interval - Lower",2019,"Purchases","Services","Imports (outside UK)",736.0868007,1.424224476,3.898450593,206.0297766,NA,3.895201181,27.37110509,72.03392207,112.9116284,15.31799891,49.20889734,NA,49.80448183,77.79014892,NA,1.226442011,2.534230101,NA
"95% Confidence Interval - Lower",2019,"Purchases","All Transactions","All countries",45710.16659,76.52984453,290.0969793,10819.71501,2053.189767,394.9653663,4003.590341,20412.50101,1804.373155,856.9397369,549.8617751,427.0992882,869.4421883,846.7479065,175.5355442,320.1829411,546.3518594,142.5479351
"95% Confidence Interval - Lower",2019,"Purchases","All Transactions","Northern Ireland",24814.4354,62.87021597,225.3848458,4856.914261,1516.797031,311.344082,2679.600859,9823.187208,1043.63215,671.9597604,195.0081829,413.9685529,617.8228559,457.2813624,149.3898654,264.3765608,517.9966196,118.5306015
"95% Confidence Interval - Lower",2019,"Purchases","All Transactions","Great Britain",12984.95985,2.171649703,23.14590779,2791.969699,355.4166182,36.90250044,1074.3754,7071.01903,475.7938518,39.35922507,246.7120086,9.924956884,154.173172,224.9147281,NA,51.6259222,23.80435662,NA
"95% Confidence Interval - Lower",2019,"Purchases","All Transactions","Ireland",2605.389216,2.845258925,27.71282038,794.4320152,NA,26.02771918,106.6950588,1042.558748,135.1401709,99.81681609,11.19197742,NA,26.90622781,23.77071839,NA,1.30615306,0.497911295,NA
"95% Confidence Interval - Lower",2019,"Purchases","All Transactions","Rest of the Europe Union (EU excluding Ireland)",2367.423086,NA,NA,1040.537601,18.56517846,NA,13.87891531,1068.467882,44.40845872,5.005332179,19.75069713,NA,7.227975048,29.78797071,NA,0.124892545,0.455704135,NA
"95% Confidence Interval - Lower",2019,"Purchases","All Transactions","Rest of the World (all countries outside the UK and EU)",2039.196202,NA,NA,1266.27898,NA,NA,-1.949667327,541.7957074,36.63113275,-0.869542777,36.36221524,NA,30.60200662,31.49740526,NA,0.67556554,1.490088471,NA
"95% Confidence Interval - Lower",2019,"Purchases","All Transactions","External Sales/Purchases (outside NI)",20435.91129,9.496464207,62.6163084,5926.595737,508.6522642,71.59112069,1241.516726,10143.59214,725.4201293,151.5800688,333.3786403,11.07294464,231.6410417,346.3150871,25.38342177,54.24154967,27.15664922,14.16633333
"95% Confidence Interval - Lower",2019,"Purchases","All Transactions","Exports (outside UK)",NA,NA,NA,NA,NA,NA,NA,NA,NA,NA,NA,NA,NA,NA,NA,NA,NA,NA
"95% Confidence Interval - Lower",2019,"Purchases","All Transactions","Imports (outside UK)",7253.320384,5.665554265,37.44024167,3122.954228,144.4265608,28.059267,135.9207641,2881.800921,221.9515673,109.3498974,73.87256445,0.445341765,70.44185521,108.5826054,NA,2.145881223,2.939859148,NA
"95% Confidence Interval - Lower",2020,"Sales","Goods","All countries",44167.90351,88.68890482,343.8097035,13809.2004,1346.108435,321.2253015,1373.03793,23992.24865,433.3441029,864.8586226,213.8774255,13.23589365,248.5809092,234.2298712,-1.125799675,19.90907844,15.63036957,25.57879196
"95% Confidence Interval - Lower",2020,"Sales","Goods","Northern Ireland",29314.14529,52.3846701,NA,3537.230629,NA,NA,986.7551654,20554.18281,417.5729041,864.4569975,83.84848521,9.52894347,147.6146249,148.921602,NA,18.77010389,NA,24.21659168
"95% Confidence Interval - Lower",2020,"Sales","Goods","Great Britain",6466.813179,1.915737296,NA,4436.4132,NA,NA,218.2597705,1356.607188,-1.609660614,NA,73.77144994,NA,47.52893125,7.939713725,NA,1.008834404,NA,0.324322916
"95% Confidence Interval - Lower",2020,"Sales","Goods","Ireland",2974.834162,6.29620596,24.3429427,1520.993494,NA,1.992977091,62.22386393,1171.04369,0.387086721,NA,10.67975359,NA,2.830727989,19.88855681,NA,0.108391554,NA,NA
"95% Confidence Interval - Lower",2020,"Sales","Goods","Rest of the Europe Union (EU excluding Ireland)",1795.694931,NA,NA,1523.975247,NA,NA,NA,121.4888937,NA,NA,10.82484168,NA,6.956293335,NA,NA,NA,NA,NA
"95% Confidence Interval - Lower",2020,"Sales","Goods","Rest of the World (all countries outside the UK and EU)",3059.425302,NA,NA,2666.217099,NA,NA,NA,282.1813104,NA,NA,14.44772002,NA,13.08611715,NA,NA,NA,NA,NA
"95% Confidence Interval - Lower",2020,"Sales","Goods","External Sales/Purchases (outside NI)",14494.69093,25.16205751,60.90152825,10182.32705,NA,NA,331.7151487,3104.992525,6.138852817,NA,117.7468701,-3.108732927,83.21413854,58.7117203,NA,1.117226197,NA,0.427107432
"95% Confidence Interval - Lower",2020,"Sales","Goods","Exports (outside UK)",7905.570327,NA,26.4348453,5733.509396,NA,74.92579491,88.0237393,1633.957792,1.573785125,NA,36.49752241,NA,29.55596803,47.89251924,NA,NA,NA,-0.104996445
"95% Confidence Interval - Lower",2020,"Sales","Goods","Imports (outside UK)",NA,NA,NA,NA,NA,NA,NA,NA,NA,NA,NA,NA,NA,NA,NA,NA,NA,NA
"95% Confidence Interval - Lower",2020,"Sales","Services","All countries",22170.76321,31.81143671,68.57940835,818.6219689,875.544632,442.8994403,5549.05674,1021.366056,2519.556476,457.6736756,1735.162796,1052.539002,2459.855518,1976.466323,139.8369839,1106.903407,434.2128317,196.5897011
"95% Confidence Interval - Lower",2020,"Sales","Services","Northern Ireland",15522.41902,NA,NA,334.1221214,NA,NA,3398.798775,891.308217,1654.725547,451.9845428,584.4779161,1005.336449,1445.444137,1481.646991,119.9429901,1084.54433,422.7139246,180.1867166
"95% Confidence Interval - Lower",2020,"Sales","Services","Great Britain",4163.380871,NA,NA,104.537124,NA,15.26283076,1725.150461,100.1833408,500.1532892,NA,478.291821,NA,580.1835034,299.9523039,NA,NA,NA,2.753874502
"95% Confidence Interval - Lower",2020,"Sales","Services","Ireland",926.261597,NA,3.564938521,99.48714029,NA,4.703218741,259.1915356,0.950142682,130.3309616,NA,79.33206605,NA,123.2966635,44.98191448,NA,NA,NA,NA
"95% Confidence Interval - Lower",2020,"Sales","Services","Rest of the Europe Union (EU excluding Ireland)",331.2663132,NA,NA,57.0606192,NA,NA,10.19497762,0.133606552,93.51735309,NA,42.82473857,NA,46.86675055,NA,NA,NA,NA,NA
"95% Confidence Interval - Lower",2020,"Sales","Services","Rest of the World (all countries outside the UK and EU)",859.3108047,NA,NA,187.5833892,NA,NA,NA,-2.737668959,NA,NA,366.3389419,NA,136.0922875,NA,NA,NA,NA,NA
"95% Confidence Interval - Lower",2020,"Sales","Services","External Sales/Purchases (outside NI)",6469.178261,NA,NA,462.9223607,NA,21.54362208,2033.172897,111.2592964,812.7582737,NA,1085.844574,6.841233813,936.7342666,466.2959177,NA,2.846907149,NA,3.450282957
"95% Confidence Interval - Lower",2020,"Sales","Services","Exports (outside UK)",2222.637061,NA,3.674627613,348.8406866,NA,4.703218741,285.9814425,6.692211488,282.8993537,NA,539.7220905,0.580315055,334.8620491,165.8580102,NA,NA,NA,0.423153085
"95% Confidence Interval - Lower",2020,"Sales","Services","Imports (outside UK)",NA,NA,NA,NA,NA,NA,NA,NA,NA,NA,NA,NA,NA,NA,NA,NA,NA,NA
"95% Confidence Interval - Lower",2020,"Sales","All Transactions","All countries",66805.56073,133.8000235,421.783994,14688.02741,2241.540842,791.9581479,7110.465755,25313.05305,2994.998134,1418.629477,1995.077746,1099.053141,2757.807876,2246.507619,143.333472,1132.688436,461.3435271,232.6770732
"95% Confidence Interval - Lower",2020,"Sales","All Transactions","Northern Ireland",45225.72033,NA,NA,3908.741503,NA,637.8744604,4558.032914,21666.14896,2105.826389,1412.33641,689.6367537,1041.441414,1630.942021,1660.884575,123.3352989,1109.113123,449.6685515,213.4689957
"95% Confidence Interval - Lower",2020,"Sales","All Transactions","Great Britain",10779.92116,NA,NA,4561.256654,NA,48.19276202,1977.113396,1481.295838,510.9505839,2.829209182,563.8003957,NA,636.9570961,343.0805549,6.34035298,NA,NA,3.312977727
"95% Confidence Interval - Lower",2020,"Sales","All Transactions","Ireland",3986.343579,NA,28.83255161,1628.033336,NA,7.032327775,346.3922087,1238.033319,138.2241036,0.063204506,101.5107707,NA,135.222872,67.59077229,4.589111781,NA,NA,0.336818418
"95% Confidence Interval - Lower",2020,"Sales","All Transactions","Rest of the Europe Union (EU excluding Ireland)",2157.462039,NA,NA,1581.328561,NA,47.6276507,31.76045927,123.5884561,94.3228046,0.098346159,53.80437458,NA,54.8445359,NA,0.65941795,NA,NA,-0.025330489
"95% Confidence Interval - Lower",2020,"Sales","All Transactions","Rest of the World (all countries outside the UK and EU)",3952.77082,NA,NA,2855.80847,NA,23.34553788,4.049376858,285.3354051,44.06054618,-0.0160728,381.1689331,NA,155.7846452,NA,4.523296222,NA,NA,-0.026920226
"95% Confidence Interval - Lower",2020,"Sales","All Transactions","External Sales/Purchases (outside NI)",21171.88576,NA,NA,10663.87037,NA,135.7754731,2414.519198,3315.59899,834.0565216,2.997485263,1225.177083,12.6415835,1036.293847,569.393368,17.80124218,3.98912656,-5.051257015,4.948836908
"95% Confidence Interval - Lower",2020,"Sales","All Transactions","Exports (outside UK)",10235.49441,21.40071456,31.0323375,6088.150056,NA,80.94784113,400.9929632,1709.506648,292.6839304,0.145488459,592.1716183,NA,377.1135021,216.5306631,10.35765939,NA,NA,0.441853017
"95% Confidence Interval - Lower",2020,"Sales","All Transactions","Imports (outside UK)",NA,NA,NA,NA,NA,NA,NA,NA,NA,NA,NA,NA,NA,NA,NA,NA,NA,NA
"95% Confidence Interval - Lower",2020,"Purchases","Goods","All countries",33396.41749,34.8576702,152.157271,8444.246481,1065.741466,151.5428284,2249.653782,18025.9857,1076.090104,515.924609,150.4572243,95.53987603,321.6534611,203.6728359,27.95132895,155.5231029,81.73186937,51.15123147
"95% Confidence Interval - Lower",2020,"Purchases","Goods","Northern Ireland",16777.72439,28.47129535,119.1883609,3928.614923,642.5787973,110.6327558,1554.945023,8173.622742,569.9463773,422.5013059,65.2446047,94.88111704,208.8649631,119.9520351,14.93702411,123.667214,73.14498189,42.25062861
"95% Confidence Interval - Lower",2020,"Purchases","Goods","Great Britain",10411.28989,NA,17.74587169,2039.22907,NA,NA,494.4979895,6722.087834,380.7171763,31.45809675,52.86958213,NA,55.93083447,48.50800147,NA,25.87211889,NA,2.183509902
"95% Confidence Interval - Lower",2020,"Purchases","Goods","Ireland",2040.768611,1.196132724,10.63987901,619.6840074,NA,18.04594674,72.68270307,948.6917126,79.35536023,48.65874782,15.63834299,NA,8.101604103,7.603399755,NA,NA,0.572050899,NA
"95% Confidence Interval - Lower",2020,"Purchases","Goods","Rest of the Europe Union (EU excluding Ireland)",1808.713096,NA,NA,869.8319597,NA,NA,13.21611877,853.7910371,NA,NA,NA,NA,4.693580363,5.490448132,NA,0.026803039,NA,NA
"95% Confidence Interval - Lower",2020,"Purchases","Goods","Rest of the World (all countries outside the UK and EU)",1746.300143,NA,NA,930.8259161,NA,NA,2.120694075,741.0889019,NA,NA,NA,NA,22.81461565,5.06638852,NA,NA,NA,NA
"95% Confidence Interval - Lower",2020,"Purchases","Goods","External Sales/Purchases (outside NI)",16259.06816,3.052610526,32.43433858,4485.724254,420.5084552,34.92568833,632.8066335,9507.180109,486.1796542,83.62443039,80.77993683,0.505703618,101.1148835,67.32569954,NA,29.68284435,NA,4.66711688
"95% Confidence Interval - Lower",2020,"Purchases","Goods","Exports (outside UK)",NA,NA,NA,NA,NA,NA,NA,NA,NA,NA,NA,NA,NA,NA,NA,NA,NA,NA
"95% Confidence Interval - Lower",2020,"Purchases","Goods","Imports (outside UK)",5735.104671,NA,14.63148711,2436.414873,NA,20.69370734,110.6085259,2677.569724,88.86869221,50.10613291,25.68936313,NA,40.84747215,18.37133941,NA,3.792170966,NA,NA
"95% Confidence Interval - Lower",2020,"Purchases","Services","All countries",9593.419457,30.83571008,80.67179005,1505.251895,365.6972067,166.1134084,2373.153779,1234.068113,911.4198452,158.1836667,359.7681717,211.6094867,596.6383602,452.5482526,122.9134251,170.2897965,176.9163626,54.7026001
"95% Confidence Interval - Lower",2020,"Purchases","Services","Northern Ireland",6291.173901,27.12039182,73.17305037,909.0108942,317.2244943,122.3563971,1356.048063,875.9775547,510.6400271,128.4346184,180.5797155,200.348878,373.206723,306.8267525,106.60829,144.0878517,150.669616,43.92974552
"95% Confidence Interval - Lower",2020,"Purchases","Services","Great Britain",2420.135345,NA,7.693211051,361.6679075,32.62844884,NA,899.200819,223.7817121,247.9388175,17.39827353,118.7992256,NA,147.9005203,99.59195068,NA,23.23186697,NA,NA
"95% Confidence Interval - Lower",2020,"Purchases","Services","Ireland",283.7511784,0.955113215,1.811659528,57.12082845,4.652013863,0.820954685,43.73329693,33.87467842,40.53992183,6.240298547,10.71887785,0.295321009,18.53048671,0.674280059,NA,NA,0.479004779,0.858950193
"95% Confidence Interval - Lower",2020,"Purchases","Services","Rest of the Europe Union (EU excluding Ireland)",150.408565,0.006792771,NA,43.10581866,NA,0.104975575,19.26493605,-14.72979518,25.46897037,NA,NA,-0.360974206,5.322543423,3.687607743,NA,NA,0.288071426,NA
"95% Confidence Interval - Lower",2020,"Purchases","Services","Rest of the World (all countries outside the UK and EU)",229.6741257,NA,NA,124.5447841,NA,NA,1.162213761,5.183379239,NA,NA,17.98777544,NA,26.51087819,21.76707331,NA,0.053545171,NA,NA
"95% Confidence Interval - Lower",2020,"Purchases","Services","External Sales/Purchases (outside NI)",3183.018633,1.962624683,1.003381255,590.9038076,43.70509997,38.79232772,980.7207775,275.4172622,380.0392466,26.17957862,171.0937971,10.5936514,208.662428,130.7683112,NA,24.24816031,NA,9.58015863
"95% Confidence Interval - Lower",2020,"Purchases","Services","Exports (outside UK)",NA,NA,NA,NA,NA,NA,NA,NA,NA,NA,NA,NA,NA,NA,NA,NA,NA,NA
"95% Confidence Interval - Lower",2020,"Purchases","Services","Imports (outside UK)",730.2717903,NA,-8.823204466,227.0022356,NA,NA,69.23172825,41.58380824,97.8982386,7.466887309,46.33044293,NA,52.41347996,30.84088872,NA,0.99047065,NA,NA
"95% Confidence Interval - Lower",2020,"Purchases","All Transactions","All countries",43251.48024,70.22019537,269.1055849,9963.549158,1432.388959,328.4930065,4671.49791,19488.97881,2026.424177,687.1704132,532.9797546,314.721163,944.4651473,684.7270585,153.1314634,336.3743094,263.6955689,112.6459393
"95% Confidence Interval - Lower",2020,"Purchases","All Transactions","Northern Ireland",23225.14369,59.91790788,194.1311511,4853.595212,960.5816347,241.5091358,2948.47334,9164.03494,1098.467925,564.4392331,257.7342728,302.7210219,603.4965525,453.7871354,123.8745562,278.2960641,229.1628819,91.51853731
"95% Confidence Interval - Lower",2020,"Purchases","All Transactions","Great Britain",12967.02597,NA,25.54892466,2404.134987,NA,46.66821215,1420.923654,7069.119589,653.8267241,49.40661001,183.201591,NA,209.3251841,148.6643487,NA,49.15676268,NA,10.92089802
"95% Confidence Interval - Lower",2020,"Purchases","All Transactions","Ireland",2357.317244,3.299961436,12.45624869,678.499799,NA,21.97654776,125.3601079,990.3416535,130.1162794,55.19142995,27.79897877,NA,27.29686629,8.289553377,1.910818715,4.486516169,1.282076727,1.535212093
"95% Confidence Interval - Lower",2020,"Purchases","All Transactions","Rest of the Europe Union (EU excluding Ireland)",2014.355286,NA,-10.24829897,913.3402605,NA,NA,37.68715935,891.290344,34.09580039,2.18049127,17.51022232,NA,10.51336406,9.205440593,NA,NA,NA,NA
"95% Confidence Interval - Lower",2020,"Purchases","All Transactions","Rest of the World (all countries outside the UK and EU)",2014.85891,NA,3.435773695,1059.346316,NA,NA,3.435515441,754.8424483,-2.803095394,-1.26121942,21.79033661,NA,50.79329178,26.83349683,3.324831443,NA,NA,NA
"95% Confidence Interval - Lower",2020,"Purchases","All Transactions","External Sales/Purchases (outside NI)",19644.2441,5.544162022,45.65426863,5080.870219,464.4652362,78.10366797,1641.654249,9970.978853,898.3987684,110.0791449,265.9258177,11.16353584,318.1047406,209.4449747,27.85674915,53.98378564,32.41508389,15.5686467
"95% Confidence Interval - Lower",2020,"Purchases","All Transactions","Exports (outside UK)",NA,NA,NA,NA,NA,NA,NA,NA,NA,NA,NA,NA,NA,NA,NA,NA,NA,NA
"95% Confidence Interval - Lower",2020,"Purchases","All Transactions","Imports (outside UK)",6557.942488,NA,12.29615179,2667.198781,NA,26.07795722,190.6325418,2795.276688,201.7864926,57.85774411,74.25815356,NA,99.30965489,49.50858825,NA,4.782641708,NA,3.425787841
"95% Confidence Interval - Lower",2021,"Sales","Goods","All countries",50527.54186,98.5291783,411.684337,14809.96274,1085.050406,474.2974858,1892.366068,28177.48915,390.4643688,1086.808995,166.9373342,14.51178887,273.7236203,200.0162216,NA,44.59918926,NA,32.78273751
"95% Confidence Interval - Lower",2021,"Sales","Goods","Northern Ireland",33591.60044,53.36463857,296.0964325,4127.060192,NA,220.4315844,1544.033464,23228.25203,355.4614322,1085.602772,64.86733488,NA,149.9898347,120.0949067,NA,42.77472253,NA,31.66014028
"95% Confidence Interval - Lower",2021,"Sales","Goods","Great Britain",7905.729767,0.525098415,70.7168226,5230.929195,NA,52.49050653,223.9528053,1932.382189,-6.290166908,NA,36.35980154,NA,28.47736353,6.161503933,NA,1.715659949,NA,0.100099883
"95% Confidence Interval - Lower",2021,"Sales","Goods","Ireland",3766.205945,NA,20.71445531,1732.480404,NA,2.111904284,39.62811472,1804.592555,-5.259098676,NA,7.70903,0.127103529,6.114513446,11.9886565,NA,0.082401139,NA,-0.195119365
"95% Confidence Interval - Lower",2021,"Sales","Goods","Rest of the Europe Union (EU excluding Ireland)",2081.356917,NA,NA,1745.615219,NA,NA,NA,181.5285664,NA,NA,8.331281451,NA,6.531420035,NA,NA,NA,NA,NA
"95% Confidence Interval - Lower",2021,"Sales","Goods","Rest of the World (all countries outside the UK and EU)",2356.851732,NA,NA,1840.701519,NA,NA,NA,NA,NA,NA,-23.823265,NA,44.69786439,NA,NA,NA,NA,NA
"95% Confidence Interval - Lower",2021,"Sales","Goods","External Sales/Purchases (outside NI)",16470.12146,NA,94.13188638,10593.77937,NA,183.2598235,294.6058368,4530.532047,4.606141654,1.166303195,61.68020478,NA,101.5718501,49.2765537,NA,1.798061329,NA,0.248814295
"95% Confidence Interval - Lower",2021,"Sales","Goods","Exports (outside UK)",8393.640287,NA,21.96503044,5343.715921,NA,107.223482,52.06803234,2447.303289,-5.120044475,NA,1.320532171,0.127103529,61.78735175,43.07489046,NA,0.082401139,NA,-0.101166734
"95% Confidence Interval - Lower",2021,"Sales","Goods","Imports (outside UK)",NA,NA,NA,NA,NA,NA,NA,NA,NA,NA,NA,NA,NA,NA,NA,NA,NA,NA
"95% Confidence Interval - Lower",2021,"Sales","Services","All countries",26247.8089,40.32323659,49.98542519,1315.365666,1018.773731,424.3342462,6713.357838,1223.165831,3229.375023,771.3072627,1945.969706,896.251198,2939.192272,2017.229374,NA,1220.922104,NA,251.4649527
"95% Confidence Interval - Lower",2021,"Sales","Services","Northern Ireland",18023.03901,NA,NA,325.8975214,NA,398.183446,4127.652285,1038.748119,2183.787298,751.0771527,569.1902666,848.2431867,1750.864472,1564.462271,NA,1198.012865,NA,NA
"95% Confidence Interval - Lower",2021,"Sales","Services","Great Britain",5179.479217,0.965952717,NA,603.0829475,NA,18.29404503,2035.869721,90.42309071,555.9545506,NA,558.5152603,NA,609.8024321,269.9255638,NA,-21.5961192,NA,8.128938698
"95% Confidence Interval - Lower",2021,"Sales","Services","Ireland",1182.88762,NA,3.531427143,164.0738886,NA,4.522877569,284.6221145,26.61278404,147.9642087,-5.6733029,169.4544306,1.014431762,161.3081674,26.15260511,NA,-0.523709314,NA,0.354385776
"95% Confidence Interval - Lower",2021,"Sales","Services","Rest of the Europe Union (EU excluding Ireland)",358.1041318,NA,NA,69.22364858,NA,NA,-4.967560217,NA,41.89437875,NA,50.50288145,NA,74.80255441,NA,NA,NA,NA,NA
"95% Confidence Interval - Lower",2021,"Sales","Services","Rest of the World (all countries outside the UK and EU)",912.6227879,NA,NA,123.31203,NA,NA,NA,NA,NA,NA,418.0894097,NA,182.199482,NA,NA,NA,NA,NA
"95% Confidence Interval - Lower",2021,"Sales","Services","External Sales/Purchases (outside NI)",7937.034811,NA,NA,972.3756174,NA,23.65463366,2416.137541,146.6317501,893.3021071,-4.163708984,1294.670916,16.16315439,1093.14988,440.1667354,NA,-19.61885369,NA,NA
"95% Confidence Interval - Lower",2021,"Sales","Services","Exports (outside UK)",2606.437396,NA,3.516386258,362.0519069,NA,4.522877569,303.1486594,30.30609038,277.389779,-6.758052988,674.645738,1.126382773,456.7457602,167.8091474,NA,-1.413042427,NA,NA
"95% Confidence Interval - Lower",2021,"Sales","Services","Imports (outside UK)",NA,NA,NA,NA,NA,NA,NA,NA,NA,NA,NA,NA,NA,NA,NA,NA,NA,NA
"95% Confidence Interval - Lower",2021,"Sales","All Transactions","All countries",77391.49953,154.3538854,512.9141903,16181.48445,2104.423694,975.5595956,8984.042428,29701.88773,3767.203076,1943.063062,2212.553419,960.4178345,3308.799209,2272.587247,165.1412469,1267.461964,550.8961416,293.0295535
"95% Confidence Interval - Lower",2021,"Sales","All Transactions","Northern Ireland",52149.19536,103.5619786,NA,4490.804685,NA,673.0443918,6029.894876,24532.44261,2675.227357,1920.728976,663.733329,NA,1975.001288,1736.377936,144.0174209,1242.662629,524.1574636,270.2991828
"95% Confidence Interval - Lower",2021,"Sales","All Transactions","Great Britain",13250.08764,2.477757814,NA,5848.098297,NA,73.53295149,2285.709837,2061.197062,572.3540481,3.056420352,622.7182774,19.34728339,654.6184112,286.4054224,4.806862025,-19.85905049,2.063587577,8.494324041
"95% Confidence Interval - Lower",2021,"Sales","All Transactions","Ireland",5065.628423,5.380211956,24.41664825,1903.681849,NA,8.148261706,348.4862815,1859.895217,169.3632442,NA,183.9872836,1.200779417,171.661584,38.33942218,NA,-0.434260105,NA,0.806891328
"95% Confidence Interval - Lower",2021,"Sales","All Transactions","Rest of the Europe Union (EU excluding Ireland)",2501.510276,NA,NA,1815.545507,NA,49.66081799,2.983989477,191.908172,41.91613403,NA,59.95069805,NA,82.42679029,NA,NA,NA,NA,NA
"95% Confidence Interval - Lower",2021,"Sales","All Transactions","Rest of the World (all countries outside the UK and EU)",3362.181436,NA,NA,1966.71087,NA,51.61415748,1.592041008,288.4728604,10.49217587,NA,455.2883761,NA,238.5175169,NA,NA,NA,NA,NA
"95% Confidence Interval - Lower",2021,"Sales","All Transactions","External Sales/Purchases (outside NI)",24664.59201,36.45539424,NA,11580.69834,NA,211.1213279,2748.988507,4737.844983,915.8612182,-2.955291969,1438.956688,NA,1219.676074,501.0361968,16.88145331,-17.79266109,5.176048996,11.57449327
"95% Confidence Interval - Lower",2021,"Sales","All Transactions","Exports (outside UK)",11194.70613,28.84031341,25.76837161,5712.888009,NA,113.5666174,379.8152254,2526.162925,301.1661438,NA,739.2100403,NA,536.234425,213.008249,9.049038476,-1.323567411,1.344083834,1.2686897
"95% Confidence Interval - Lower",2021,"Sales","All Transactions","Imports (outside UK)",NA,NA,NA,NA,NA,NA,NA,NA,NA,NA,NA,NA,NA,NA,NA,NA,NA,NA
"95% Confidence Interval - Lower",2021,"Purchases","Goods","All countries",38953.4304,50.63576466,211.1277967,9616.851432,584.1760183,289.6960973,3184.158504,21202.62408,1077.788521,694.1182772,160.8337818,40.90088189,376.282804,215.1876691,38.79942502,125.1226645,64.10074561,60.05433794
"95% Confidence Interval - Lower",2021,"Purchases","Goods","Northern Ireland",20677.6767,39.96226867,NA,4969.556075,NA,253.392172,2400.192231,9817.337449,499.0638205,602.8691399,60.93210023,NA,226.013302,119.4570857,24.09519254,106.751363,59.48177824,47.85942928
"95% Confidence Interval - Lower",2021,"Purchases","Goods","Great Britain",10604.4222,NA,NA,2150.855615,NA,8.837637668,600.5076613,6795.951278,358.7835886,32.77883887,58.02238645,0.639853485,64.59599476,58.37709154,NA,16.06237105,NA,NA
"95% Confidence Interval - Lower",2021,"Purchases","Goods","Ireland",2604.489854,NA,10.3440077,878.0230754,NA,0.318680617,75.453425,1326.536379,115.5156627,37.85457856,12.01457326,NA,7.636700414,8.386506343,NA,1.129699769,NA,NA
"95% Confidence Interval - Lower",2021,"Purchases","Goods","Rest of the Europe Union (EU excluding Ireland)",1926.675568,NA,NA,734.8716002,NA,NA,19.03594861,1109.484109,NA,NA,0.681519916,NA,3.948637516,11.11453232,NA,NA,0.128449367,NA
"95% Confidence Interval - Lower",2021,"Purchases","Goods","Rest of the World (all countries outside the UK and EU)",2167.347367,NA,NA,822.4272969,NA,NA,-0.343497059,1216.943547,NA,NA,4.619915809,NA,52.17772791,-6.630314953,NA,0.224550499,NA,NA
"95% Confidence Interval - Lower",2021,"Purchases","Goods","External Sales/Purchases (outside NI)",17732.03393,NA,NA,4618.801232,NA,21.59651541,725.7498964,10867.86404,505.4870765,71.57469452,87.13876972,NA,135.4019759,74.19093654,NA,17.53355886,NA,9.407353497
"95% Confidence Interval - Lower",2021,"Purchases","Goods","Exports (outside UK)",NA,NA,NA,NA,NA,NA,NA,NA,NA,NA,NA,NA,NA,NA,NA,NA,NA,NA
"95% Confidence Interval - Lower",2021,"Purchases","Goods","Imports (outside UK)",6918.099317,NA,11.45006327,2454.980567,NA,1.98043221,109.1045776,3867.905219,120.8315687,38.76678603,22.71881202,NA,65.05743665,13.07821897,NA,1.413662274,NA,NA
"95% Confidence Interval - Lower",2021,"Purchases","Services","All countries",10059.87356,27.46360899,109.6916518,1498.026172,625.8859914,145.1740004,2392.610689,1357.318628,928.8715667,208.3850978,391.1363187,197.5625115,516.3273198,361.738328,117.7220019,180.7072934,303.6174347,63.25722297
"95% Confidence Interval - Lower",2021,"Purchases","Services","Northern Ireland",7587.128788,23.77992198,98.71108797,1000.678592,606.656695,98.90721872,1876.607318,995.4333608,638.5448023,195.7881344,195.8853364,187.0633149,374.1965464,217.555863,105.6049482,156.1882786,295.4190441,53.43331123
"95% Confidence Interval - Lower",2021,"Purchases","Services","Great Britain",1691.328586,NA,4.495424833,314.9114495,NA,38.20344399,447.6268642,279.8585348,162.0700444,7.650790742,95.38120417,7.795828796,76.19298839,75.55242685,NA,21.06279944,NA,NA
"95% Confidence Interval - Lower",2021,"Purchases","Services","Ireland",269.5971561,NA,2.801704198,63.22836107,NA,5.062379465,18.29805156,43.71525246,22.10965951,0.977065116,19.08306924,NA,20.16729271,10.1652063,NA,NA,NA,NA
"95% Confidence Interval - Lower",2021,"Purchases","Services","Rest of the Europe Union (EU excluding Ireland)",96.43866248,0.733109532,NA,49.03759768,NA,NA,13.05364275,29.75925065,NA,1.171792465,3.977145048,NA,6.512271325,1.579920279,NA,NA,0.458473772,NA
"95% Confidence Interval - Lower",2021,"Purchases","Services","Rest of the World (all countries outside the UK and EU)",165.9373744,NA,NA,62.66582477,NA,NA,0.378426372,-12.68632095,-19.66497005,NA,41.41089147,NA,19.46257926,29.14527221,NA,0.08073611,NA,NA
"95% Confidence Interval - Lower",2021,"Purchases","Services","External Sales/Purchases (outside NI)",2340.159651,NA,7.615770445,493.3993979,NA,43.91686313,489.7547119,352.3842141,200.2260147,11.07491539,175.6275023,8.177017421,129.417956,118.6169453,NA,23.06701317,NA,8.339624334
"95% Confidence Interval - Lower",2021,"Purchases","Services","Exports (outside UK)",NA,NA,NA,NA,NA,NA,NA,NA,NA,NA,NA,NA,NA,NA,NA,NA,NA,NA
"95% Confidence Interval - Lower",2021,"Purchases","Services","Imports (outside UK)",594.8291892,NA,2.947346211,176.6360754,NA,5.062379465,35.68461779,69.38665627,22.41925908,2.394086885,72.39913285,NA,48.94266068,41.03223559,NA,1.963753101,NA,NA
"95% Confidence Interval - Lower",2021,"Purchases","All Transactions","All countries",49320.65647,83.07887302,333.412727,11122.6774,1210.093744,447.439305,5699.41061,22683.58751,2163.379599,920.4300209,573.2505563,246.278362,927.3264421,633.5791935,160.5054554,318.1352311,383.7063679,127.1559496
"95% Confidence Interval - Lower",2021,"Purchases","All Transactions","Northern Ireland",28503.04533,68.61674918,267.769504,5978.802977,1012.306771,363.724254,4400.682348,10874.56187,1239.217147,821.3862447,275.7661427,234.1843262,626.9795663,366.6025961,134.0151202,274.9594621,371.3550082,105.278251
"95% Confidence Interval - Lower",2021,"Purchases","All Transactions","Great Britain",12369.75033,NA,23.76717511,2468.518607,NA,49.17032299,1058.092406,7098.116528,534.7010211,40.53777085,161.6699934,NA,150.2048186,136.7967123,NA,37.54766739,NA,NA
"95% Confidence Interval - Lower",2021,"Purchases","All Transactions","Ireland",2923.650923,3.449082107,13.32955628,942.5839761,NA,6.830787441,99.05254009,1400.648923,160.0020319,41.11116075,35.96822713,NA,28.59835521,18.63349153,NA,3.038454171,NA,1.690209484
"95% Confidence Interval - Lower",2021,"Purchases","All Transactions","Rest of the Europe Union (EU excluding Ireland)",2091.300457,NA,NA,786.6990015,NA,NA,37.1320705,1145.997361,-28.52774311,2.030828805,6.091606553,NA,10.72667914,12.72274348,NA,0.046290989,0.587831329,NA
"95% Confidence Interval - Lower",2021,"Purchases","All Transactions","Rest of the World (all countries outside the UK and EU)",2398.045788,NA,NA,886.6612647,NA,NA,0.119651467,1237.458862,-19.55409485,0.171290904,49.30474767,NA,73.6049357,22.5902936,NA,0.30528661,NA,NA
"95% Confidence Interval - Lower",2021,"Purchases","All Transactions","External Sales/Purchases (outside NI)",20255.44971,10.73364929,40.22829489,5116.794261,197.7869725,69.40849895,1228.106197,11299.60947,784.5618038,84.11576158,270.3695864,9.573549637,276.1625241,212.1471973,25.4440885,41.026907,4.330219187,18.79709354
"95% Confidence Interval - Lower",2021,"Purchases","All Transactions","Exports (outside UK)",NA,NA,NA,NA,NA,NA,NA,NA,NA,NA,NA,NA,NA,NA,NA,NA,NA,NA
"95% Confidence Interval - Lower",2021,"Purchases","All Transactions","Imports (outside UK)",7650.100853,NA,14.63303508,2635.908585,NA,8.486178042,152.4178576,3998.702965,173.8591907,43.4506846,103.3631214,NA,118.0083606,56.11495271,NA,3.40284734,NA,NA
"95% Confidence Interval - Lower",2022,"Sales","Goods","All countries",57221.17814,99.85403092,389.1910354,18185.84686,2825.303237,605.2072501,1731.903906,29048.63221,493.157012,1287.239364,244.854794,52.66497273,453.143393,319.3684395,1.548940315,70.00745593,36.16540754,53.42721041
"95% Confidence Interval - Lower",2022,"Sales","Goods","Northern Ireland",37146.00317,53.3609517,225.0114617,5428.195474,NA,318.3871703,1441.219581,23324.09758,369.7573871,NA,112.9423312,52.2088374,344.6221218,144.1716122,NA,NA,32.70474382,49.43313641
"95% Confidence Interval - Lower",2022,"Sales","Goods","Great Britain",9743.674223,NA,116.5749679,6326.185156,NA,92.22490427,197.1399485,2603.615273,79.91235254,NA,41.0461606,NA,37.82367389,46.73843402,NA,NA,1.136210737,NA
"95% Confidence Interval - Lower",2022,"Sales","Goods","Ireland",5440.892609,NA,36.98809779,3179.668367,NA,7.01521746,53.06399754,1820.771634,19.30293158,NA,32.53463356,NA,7.783793631,51.02850172,NA,NA,NA,1.491558216
"95% Confidence Interval - Lower",2022,"Sales","Goods","Rest of the Europe Union (EU excluding Ireland)",1622.532076,NA,NA,1246.436129,NA,NA,NA,180.2248067,-0.050712375,NA,5.464112264,NA,10.97198465,NA,NA,NA,NA,NA
"95% Confidence Interval - Lower",2022,"Sales","Goods","Rest of the World (all countries outside the UK and EU)",2483.54734,NA,NA,1874.507981,NA,NA,NA,382.3172544,5.674026437,NA,13.78743694,NA,17.55003088,NA,NA,NA,NA,NA
"95% Confidence Interval - Lower",2022,"Sales","Goods","External Sales/Purchases (outside NI)",19635.84898,NA,155.4190986,12676.67803,NA,276.0608078,265.9660241,5296.881978,114.7409472,NA,111.9944887,-0.712181288,88.84289601,155.726625,NA,NA,1.933148891,3.016934077
"95% Confidence Interval - Lower",2022,"Sales","Goods","Exports (outside UK)",9737.932676,NA,37.79576039,6330.138916,NA,174.1510957,58.52048795,2545.629728,29.43490483,NA,58.27565438,NA,38.39146444,107.3130491,NA,NA,0.670428206,NA
"95% Confidence Interval - Lower",2022,"Sales","Goods","Imports (outside UK)",NA,NA,NA,NA,NA,NA,NA,NA,NA,NA,NA,NA,NA,NA,NA,NA,NA,NA
"95% Confidence Interval - Lower",2022,"Sales","Services","All countries",27785.76247,37.48812586,42.77108508,753.9973687,876.265818,531.4737959,6402.913768,1533.440181,3422.870012,882.6696725,2620.255381,946.5022206,3325.593924,2553.954476,245.9134079,1311.438176,487.891872,283.9710562
"95% Confidence Interval - Lower",2022,"Sales","Services","Northern Ireland",19359.96419,NA,38.07995107,360.3968946,NA,486.8852092,3882.233694,1290.066854,2308.59515,NA,958.7093466,917.5259852,1918.324006,1805.404833,NA,NA,NA,271.1179348
"95% Confidence Interval - Lower",2022,"Sales","Services","Great Britain",4929.395162,NA,1.10052473,189.2513834,NA,25.73371424,1695.769911,148.7430958,673.7324777,NA,726.5180159,NA,775.6842611,275.7419576,NA,NA,NA,NA
"95% Confidence Interval - Lower",2022,"Sales","Services","Ireland",1475.067233,NA,3.187659089,37.2074899,NA,4.796534188,579.2283456,59.44400909,163.4891457,NA,170.7618296,NA,179.3046682,25.97208576,1.641193579,NA,NA,0.468021459
"95% Confidence Interval - Lower",2022,"Sales","Services","Rest of the Europe Union (EU excluding Ireland)",367.3539601,NA,NA,28.16906787,NA,NA,NA,-0.599065182,104.3026608,NA,31.41475475,NA,69.3045276,NA,NA,NA,NA,0.654177345
"95% Confidence Interval - Lower",2022,"Sales","Services","Rest of the World (all countries outside the UK and EU)",1103.239518,NA,NA,111.3921637,NA,NA,NA,-1.652080957,43.46428706,NA,569.6441224,NA,211.6946501,NA,NA,NA,NA,NA
"95% Confidence Interval - Lower",2022,"Sales","Services","External Sales/Purchases (outside NI)",8097.105627,NA,4.44519209,376.5274071,NA,35.07826647,2363.735797,218.7220324,1039.576924,NA,1594.66665,16.57079552,1307.817591,518.2903142,NA,NA,NA,7.92846878
"95% Confidence Interval - Lower",2022,"Sales","Services","Exports (outside UK)",3074.00882,NA,3.237849362,179.7788896,NA,4.803382454,597.3944013,63.80164659,330.1147349,NA,806.4193137,NA,498.7710681,219.9458529,NA,NA,1.783061997,NA
"95% Confidence Interval - Lower",2022,"Sales","Services","Imports (outside UK)",NA,NA,NA,NA,NA,NA,NA,NA,NA,NA,NA,NA,NA,NA,NA,NA,NA,NA
"95% Confidence Interval - Lower",2022,"Sales","All Transactions","All countries",85598.17466,150.7011571,461.9704483,19008.44178,3809.884761,1187.92523,8387.490996,30753.16653,3999.446751,2376.412018,2915.264286,1011.210183,3837.7371,2992.990827,251.9597896,1388.494229,537.8216616,342.6400871
"95% Confidence Interval - Lower",2022,"Sales","All Transactions","Northern Ireland",57036.33652,101.901781,282.8498744,5853.144269,3812.165184,840.072669,5546.059128,24778.28267,2743.594338,2368.92495,1087.128987,980.9898142,2304.558407,2045.793788,218.3058426,1363.789684,520.269256,325.8484666
"95% Confidence Interval - Lower",2022,"Sales","All Transactions","Great Britain",14835.25183,4.855001177,121.8776822,6528.378929,NA,125.6654081,1907.517659,2768.997115,767.0199919,NA,791.6954225,13.12101581,832.8838494,326.1885162,6.002937793,NA,NA,NA
"95% Confidence Interval - Lower",2022,"Sales","All Transactions","Ireland",7030.35189,8.453577693,40.2355013,3225.517302,NA,16.49501662,655.9926301,1890.01151,190.0101895,NA,214.5748122,2.864131398,188.6020807,124.1375933,NA,NA,2.312709254,2.175354082
"95% Confidence Interval - Lower",2022,"Sales","All Transactions","Rest of the Europe Union (EU excluding Ireland)",2041.318667,NA,NA,1275.005533,NA,104.4673755,NA,186.9005938,104.677104,NA,38.74715488,NA,81.34606338,NA,NA,NA,-0.00758421,NA
"95% Confidence Interval - Lower",2022,"Sales","All Transactions","Rest of the World (all countries outside the UK and EU)",3667.158032,NA,NA,1987.171425,NA,55.96553686,NA,385.7409883,54.58718773,NA,592.8355269,NA,241.8139468,NA,NA,-0.083664847,NA,NA
"95% Confidence Interval - Lower",2022,"Sales","All Transactions","External Sales/Purchases (outside NI)",28024.71501,41.74578362,165.7107661,13069.42356,-20.90041032,321.0586221,2659.955767,5543.6035,1174.064649,5.164198929,1743.574382,17.7940442,1425.582787,767.3175675,26.64335508,23.87342329,8.233655761,11.40063645
"95% Confidence Interval - Lower",2022,"Sales","All Transactions","Exports (outside UK)",12989.1209,30.25331891,41.09254642,6519.281229,NA,184.9103495,679.6410018,2625.895627,370.252729,NA,884.9622296,3.170917616,556.8134996,378.2183625,18.50700317,NA,NA,NA
"95% Confidence Interval - Lower",2022,"Sales","All Transactions","Imports (outside UK)",NA,NA,NA,NA,NA,NA,NA,NA,NA,NA,NA,NA,NA,NA,NA,NA,NA,NA
"95% Confidence Interval - Lower",2022,"Purchases","Goods","All countries",44850.86333,49.73861345,180.1298347,12055.58261,1797.202906,323.4975,3176.512241,22323.19512,1177.525541,825.8125706,322.7579328,76.75771571,505.0346833,616.5318511,63.27787184,145.5918725,79.2404934,86.14508956
"95% Confidence Interval - Lower",2022,"Purchases","Goods","Northern Ireland",24532.03837,35.08488567,134.4566373,6360.157393,1152.411508,244.5558677,2103.228317,11240.26868,543.2714137,714.1819737,177.5002137,71.21708238,303.8493898,380.5456648,41.00105141,138.6494017,71.27421591,52.42956447
"95% Confidence Interval - Lower",2022,"Purchases","Goods","Great Britain",11495.57562,5.021055045,18.72720062,2772.907146,NA,32.85868818,866.5765728,6161.503984,511.0512044,29.29483655,83.83261322,NA,158.0044891,72.59561159,15.95236901,5.34133189,1.852931166,12.27050848
"95% Confidence Interval - Lower",2022,"Purchases","Goods","Ireland",2549.025932,NA,9.708202455,760.7652189,NA,36.92570956,109.919859,1315.991141,39.43677631,47.20003603,12.63681286,NA,11.86634828,-71.06366378,NA,NA,-0.271350398,0.322923896
"95% Confidence Interval - Lower",2022,"Purchases","Goods","Rest of the Europe Union (EU excluding Ireland)",2502.566966,NA,NA,1031.325093,NA,4.211360068,9.66973011,1299.914739,16.64059941,0.217132228,NA,NA,10.78555193,-57.31965667,NA,NA,0.535597976,NA
"95% Confidence Interval - Lower",2022,"Purchases","Goods","Rest of the World (all countries outside the UK and EU)",2910.59575,NA,NA,1028.727675,NA,0.117368176,NA,1628.546812,1.367198245,0.883317396,NA,NA,6.678640075,5.354880483,NA,0.055866999,NA,NA
"95% Confidence Interval - Lower",2022,"Purchases","Goods","External Sales/Purchases (outside NI)",19934.34886,11.48864841,41.80756448,5644.141887,643.9878923,77.08431375,1023.328547,10754.83554,591.390274,88.39952761,131.4552943,5.284546969,192.6986525,115.8171327,NA,6.467468969,NA,31.13929522
"95% Confidence Interval - Lower",2022,"Purchases","Goods","Exports (outside UK)",NA,NA,NA,NA,NA,NA,NA,NA,NA,NA,NA,NA,NA,NA,NA,NA,NA,NA
"95% Confidence Interval - Lower",2022,"Purchases","Goods","Imports (outside UK)",8215.855663,4.549625729,22.69932499,2853.697975,NA,42.62298914,134.591809,4418.444746,61.83867542,48.35078026,39.99481211,NA,30.64288965,-9.159212816,NA,NA,0.990085827,18.15430645
"95% Confidence Interval - Lower",2022,"Purchases","Services","All countries",10872.33371,25.61292158,88.36145511,1783.12635,1440.313862,233.0319552,1629.696294,1318.28089,1195.630516,225.5102571,476.3436582,179.6510512,588.1460853,419.2163814,153.6910043,176.9224839,272.2593948,54.98205122
"95% Confidence Interval - Lower",2022,"Purchases","Services","Northern Ireland",7860.009709,23.27159867,73.80351951,1131.815511,1414.949233,186.0642651,1047.670139,967.3522135,658.5476854,178.3043415,206.5117032,173.0551354,423.205647,286.3912761,116.5978141,167.5737303,253.1420323,45.42284443
"95% Confidence Interval - Lower",2022,"Purchases","Services","Great Britain",1971.579145,NA,11.05570469,378.2655977,NA,40.80041747,485.3231601,213.8847684,222.7084098,31.91501591,211.1445403,NA,104.124797,80.65891077,23.75150917,8.910565985,12.05080582,5.961022569
"95% Confidence Interval - Lower",2022,"Purchases","Services","Ireland",361.9111498,NA,2.935235679,97.26398855,NA,4.68381006,43.89556135,40.10823341,59.45508507,7.061014242,13.44265764,NA,16.88317067,13.4538626,NA,NA,0.929040318,NA
"95% Confidence Interval - Lower",2022,"Purchases","Services","Rest of the Europe Union (EU excluding Ireland)",180.6188615,NA,NA,57.49404788,NA,0.16796333,NA,35.4563713,42.6302981,5.063262366,NA,NA,4.146155454,1.79329458,NA,NA,NA,NA
"95% Confidence Interval - Lower",2022,"Purchases","Services","Rest of the World (all countries outside the UK and EU)",346.8627136,NA,NA,112.4000175,NA,0.377470754,NA,21.92391412,140.3868129,0.216227786,13.51893484,NA,15.93795612,21.24155251,NA,0.02885556,NA,NA
"95% Confidence Interval - Lower",2022,"Purchases","Services","External Sales/Purchases (outside NI)",2929.788036,1.773691149,14.12667548,648.0374869,9.350198799,46.05211732,544.8558847,315.138588,502.38514,45.05567839,259.9784406,6.113334229,150.5142041,127.4454785,NA,9.094187543,NA,3.164652516
"95% Confidence Interval - Lower",2022,"Purchases","Services","Exports (outside UK)",NA,NA,NA,NA,NA,NA,NA,NA,NA,NA,NA,NA,NA,NA,NA,NA,NA,NA
"95% Confidence Interval - Lower",2022,"Purchases","Services","Imports (outside UK)",916.3044877,1.444675149,3.042416108,267.9980055,-5.332877158,5.237474629,48.99530638,99.08424809,252.2512856,12.4827116,43.61782897,-0.028739256,40.57917665,37.94130195,NA,NA,2.720471263,-3.229518795
"95% Confidence Interval - Lower",2022,"Purchases","All Transactions","All countries",55868.98505,77.31253644,273.7854216,13850.63453,3260.308777,576.9615945,4874.625771,23728.9552,2447.04149,1067.757681,821.6790517,260.9137038,1118.654477,1065.447887,218.9816635,337.7381687,361.3317995,147.9530139
"95% Confidence Interval - Lower",2022,"Purchases","All Transactions","Northern Ireland",32523.55419,60.80776972,213.984182,7504.492326,2603.564205,447.3742661,3210.901693,12296.44455,1252.333796,909.0120859,398.3975609,248.774341,749.1947296,689.7206458,160.1005325,321.3615248,333.6038453,102.1467461
"95% Confidence Interval - Lower",2022,"Purchases","All Transactions","Great Britain",13527.71368,NA,30.02359361,3155.222111,NA,73.99977085,1365.148737,6400.209334,768.2940197,62.69405887,306.6260594,NA,266.2621088,153.3179333,39.98853326,14.31763924,16.32587838,18.56474963
"95% Confidence Interval - Lower",2022,"Purchases","All Transactions","Ireland",2948.907375,3.21071031,12.64765084,860.6704689,-3.064283389,41.82905224,160.3860167,1359.993899,110.4048923,54.64621985,27.11170662,0.249052436,29.37801861,-47.16098106,NA,1.214444626,1.578177637,NA
"95% Confidence Interval - Lower",2022,"Purchases","All Transactions","Rest of the Europe Union (EU excluding Ireland)",2729.766315,1.919883664,5.570057875,1089.360132,NA,4.389496846,14.20690782,1338.326832,64.41456367,5.288447008,37.270699,NA,15.41098304,-55.50854959,NA,0.008707497,0.827892665,NA
"95% Confidence Interval - Lower",2022,"Purchases","All Transactions","Rest of the World (all countries outside the UK and EU)",3267.978001,NA,7.263114308,1141.882539,NA,0.495734702,2.373850614,1651.815676,142.455603,1.099548657,18.82504527,NA,23.88961383,27.59885278,NA,0.084737672,0.969421646,NA
"95% Confidence Interval - Lower",2022,"Purchases","All Transactions","External Sales/Purchases (outside NI)",22959.33518,14.3672462,56.18222348,6297.354719,653.348843,124.0433085,1589.233837,11100.46479,1151.81626,135.6948255,405.0334761,11.59648374,351.2786877,258.4874217,58.05275428,15.62757774,24.03138384,37.5236585
"95% Confidence Interval - Lower",2022,"Purchases","All Transactions","Exports (outside UK)",NA,NA,NA,NA,NA,NA,NA,NA,NA,NA,NA,NA,NA,NA,NA,NA,NA,NA
"95% Confidence Interval - Lower",2022,"Purchases","All Transactions","Imports (outside UK)",9199.35139,NA,25.7634977,3124.946789,NA,48.08643529,190.6671789,4524.139222,331.2887562,61.70111834,89.05152597,NA,77.44475478,34.0005681,18.04341629,1.307970056,4.770315112,16.04815791
"95% Confidence Interval - Lower",2023,"Sales","Goods","All countries",63237.49428,124.7705092,419.5094201,19211.32237,1157.743009,506.5616234,2310.741262,33374.22718,332.9707404,1630.862248,397.8820122,22.23560279,346.4340106,537.4238682,-0.249469256,58.54310336,41.30050826,57.66507952
"95% Confidence Interval - Lower",2023,"Sales","Goods","Northern Ireland",40837.1012,81.38717328,237.5933235,5305.473532,NA,306.2887848,1782.008653,27179.14052,297.5726696,1621.019941,177.7674781,NA,196.4536665,247.330848,NA,NA,36.9106531,63.39828823
"95% Confidence Interval - Lower",2023,"Sales","Goods","Great Britain",9597.575085,NA,NA,6134.704949,NA,39.43216436,133.5246418,2250.528056,1.189141227,NA,79.25238177,-0.427219851,41.08784482,18.677841,NA,NA,NA,NA
"95% Confidence Interval - Lower",2023,"Sales","Goods","Ireland",5860.99693,3.431265609,35.54966934,3161.039043,NA,5.584319564,42.54692102,2052.599641,-0.990402378,NA,NA,NA,5.504887765,121.052089,NA,NA,NA,NA
"95% Confidence Interval - Lower",2023,"Sales","Goods","Rest of the Europe Union (EU excluding Ireland)",2010.474462,NA,NA,1708.346421,NA,NA,1.316797168,134.0512897,NA,NA,NA,NA,11.47830277,NA,NA,NA,NA,NA
"95% Confidence Interval - Lower",2023,"Sales","Goods","Rest of the World (all countries outside the UK and EU)",3416.369863,NA,NA,2747.047895,NA,NA,1.360862695,411.3523985,NA,NA,34.3426132,NA,34.87773916,NA,NA,NA,NA,NA
"95% Confidence Interval - Lower",2023,"Sales","Goods","External Sales/Purchases (outside NI)",21576.09202,37.27407339,174.0463481,13806.57367,NA,194.4641081,231.3068964,5460.21804,7.486855169,9.602677254,211.3450299,NA,106.3070419,222.8975847,NA,NA,NA,NA
"95% Confidence Interval - Lower",2023,"Sales","Goods","Exports (outside UK)",11575.18521,28.29260923,32.4678791,7650.510756,NA,144.9312551,48.44285682,2858.80226,5.245329893,NA,128.9561593,NA,54.70069035,150.1540976,NA,NA,NA,NA
"95% Confidence Interval - Lower",2023,"Sales","Goods","Imports (outside UK)",NA,NA,NA,NA,NA,NA,NA,NA,NA,NA,NA,NA,NA,NA,NA,NA,NA,NA
"95% Confidence Interval - Lower",2023,"Sales","Services","All countries",33632.56999,39.83451054,38.02720619,857.4090265,864.0590464,632.3835071,8808.08228,1217.578247,3761.816821,631.4730119,2496.837775,1062.889018,3538.256518,3102.658768,283.6130932,1475.540372,482.0834387,307.9469309
"95% Confidence Interval - Lower",2023,"Sales","Services","Northern Ireland",22127.944,37.09565746,NA,388.0603705,NA,579.5408761,4639.049819,964.9703434,2479.01856,626.9829414,766.9261025,1015.225019,1981.928041,2301.22996,223.2686361,1486.529901,463.6142953,306.6638657
"95% Confidence Interval - Lower",2023,"Sales","Services","Great Britain",6257.060077,NA,NA,140.1942362,NA,22.34219398,2715.327588,26.53704603,721.9596088,NA,690.7272536,7.937417769,791.9528999,346.5534154,NA,NA,NA,NA
"95% Confidence Interval - Lower",2023,"Sales","Services","Ireland",1833.110458,0.626601088,3.304409249,70.72389474,NA,10.49422828,793.0329233,17.14596885,152.4476533,NA,NA,NA,197.024222,46.42328957,NA,NA,NA,NA
"95% Confidence Interval - Lower",2023,"Sales","Services","Rest of the Europe Union (EU excluding Ireland)",652.6515536,NA,NA,93.85050932,NA,NA,-0.558517632,-40.57401926,NA,NA,NA,NA,97.42815596,NA,NA,NA,NA,NA
"95% Confidence Interval - Lower",2023,"Sales","Services","Rest of the World (all countries outside the UK and EU)",1444.172397,NA,NA,142.346766,NA,NA,-12.74110292,-1.09838066,NA,NA,631.0014793,NA,294.8680046,NA,NA,-2.997383638,NA,NA
"95% Confidence Interval - Lower",2023,"Sales","Services","External Sales/Purchases (outside NI)",10834.36341,-1.811511434,NA,454.6067279,NA,38.47021675,3790.981354,97.31263589,1163.157996,2.659975533,1613.280923,NA,1470.630538,711.6869929,NA,NA,NA,NA
"95% Confidence Interval - Lower",2023,"Sales","Services","Exports (outside UK)",4249.414334,NA,3.321299919,310.3312882,NA,10.50027483,910.0242666,51.83058474,401.466756,NA,836.7087181,NA,640.1069896,310.872616,NA,NA,NA,NA
"95% Confidence Interval - Lower",2023,"Sales","Services","Imports (outside UK)",NA,NA,NA,NA,NA,NA,NA,NA,NA,NA,NA,NA,NA,NA,NA,NA,NA,NA
"95% Confidence Interval - Lower",2023,"Sales","All Transactions","All countries",98298.53141,179.6488515,473.6812464,20144.15259,2414.866298,1181.401894,11699.22165,34976.52197,4283.614462,2529.157824,2929.743636,1119.392743,3989.767325,3860.782319,286.2436168,1537.954241,566.360876,413.2004403
"95% Confidence Interval - Lower",2023,"Sales","All Transactions","Northern Ireland",64162.21505,129.6510292,280.7178205,5759.324573,2338.034259,895.1255429,6847.17698,28420.98057,2939.926705,2514.813854,963.0589895,1074.436404,2245.98611,2714.311632,225.7742598,1540.06308,539.6708937,393.1429458
"95% Confidence Interval - Lower",2023,"Sales","All Transactions","Great Britain",16294.93907,5.871341791,135.3953807,6280.857396,NA,90.17980714,3014.242113,2387.299755,743.2233125,NA,778.7723471,9.575723304,888.9246363,410.3130932,11.53962749,-151.5627164,-0.785223431,-36.85530575
"95% Confidence Interval - Lower",2023,"Sales","All Transactions","Ireland",7992.991499,4.356232193,38.91134602,3244.030945,NA,16.46096717,886.0584789,2169.924419,172.3351366,NA,208.7124517,-24.59470448,205.5675895,180.7089578,-7.689074013,40.21890812,3.753699613,-3.281542562
"95% Confidence Interval - Lower",2023,"Sales","All Transactions","Rest of the Europe Union (EU excluding Ireland)",2731.445136,NA,NA,1803.059556,NA,68.94065943,2.581425942,144.4185512,180.1856762,NA,50.87739444,NA,109.9924528,106.6610571,NA,NA,NA,NA
"95% Confidence Interval - Lower",2023,"Sales","All Transactions","Rest of the World (all countries outside the UK and EU)",5035.2609,NA,NA,2890.518567,NA,70.25632151,-9.825668568,438.6141974,35.17905155,NA,676.546265,NA,338.7359808,140.1237416,NA,NA,NA,NA
"95% Confidence Interval - Lower",2023,"Sales","All Transactions","External Sales/Purchases (outside NI)",33058.20145,41.72361708,181.4505477,14276.9226,-35.985529,265.9988074,4370.0435,5801.561218,1215.388922,12.4549579,1842.782421,17.58594312,1640.910534,1000.517638,32.94436965,-110.3847141,12.47908461,-15.58981899
"95% Confidence Interval - Lower",2023,"Sales","All Transactions","Exports (outside UK)",16201.56844,29.29300617,36.12322464,7974.347065,NA,158.1242773,1009.151495,3059.342154,432.5411828,NA,977.907257,-23.86348477,705.2132902,479.3212612,21.17493609,38.36606609,5.14566836,-1.575768846
"95% Confidence Interval - Lower",2023,"Sales","All Transactions","Imports (outside UK)",NA,NA,NA,NA,NA,NA,NA,NA,NA,NA,NA,NA,NA,NA,NA,NA,NA,NA
"95% Confidence Interval - Lower",2023,"Purchases","Goods","All countries",48194.99194,68.63050279,199.2100243,11794.50875,1156.298479,207.6278428,3671.130902,25092.88031,819.6306193,852.8034566,273.7255821,34.77486507,372.4061985,763.8492841,57.04668303,121.8251618,119.48645,92.6523271
"95% Confidence Interval - Lower",2023,"Purchases","Goods","Northern Ireland",27081.30652,57.53010761,163.8883462,6339.391568,723.3890054,166.0477237,2713.689761,12678.93364,444.4045658,723.5636288,80.61527277,56.69209607,241.5471388,496.2130643,31.09618901,123.7081415,106.2221279,59.86393229
"95% Confidence Interval - Lower",2023,"Purchases","Goods","Great Britain",12748.25905,3.719371779,NA,2571.669764,NA,9.990376502,618.5811591,7786.156044,162.8892985,21.17105542,118.3107217,NA,70.19136641,122.6538912,NA,-14.31336985,3.555743111,NA
"95% Confidence Interval - Lower",2023,"Purchases","Goods","Ireland",3024.235545,0.534040125,23.03575791,941.0931693,-8.169388334,22.82027297,103.0425877,1612.174044,44.61681983,47.29258861,51.0008034,0.097615516,15.84049706,15.41425553,NA,NA,0.103263606,NA
"95% Confidence Interval - Lower",2023,"Purchases","Goods","Rest of the Europe Union (EU excluding Ireland)",2009.573729,NA,NA,830.8271769,NA,NA,NA,960.3345989,NA,8.265200828,4.891921523,NA,6.197364388,NA,NA,NA,NA,NA
"95% Confidence Interval - Lower",2023,"Purchases","Goods","Rest of the World (all countries outside the UK and EU)",1733.837939,NA,NA,998.3092093,NA,NA,NA,601.6839288,NA,0.463094188,4.740096609,NA,9.140705031,11.42553499,NA,0.080947392,NA,NA
"95% Confidence Interval - Lower",2023,"Purchases","Goods","External Sales/Purchases (outside NI)",20295.86634,7.958246384,34.78691479,5398.892832,367.6168806,36.53388032,781.0933979,11707.19092,270.1429799,92.32364902,182.1538463,-46.89209613,104.9268396,189.4077324,NA,-12.70630731,4.792157092,NA
"95% Confidence Interval - Lower",2023,"Purchases","Goods","Exports (outside UK)",NA,NA,NA,NA,NA,NA,NA,NA,NA,NA,NA,NA,NA,NA,NA,NA,NA,NA
"95% Confidence Interval - Lower",2023,"Purchases","Goods","Imports (outside UK)",7028.308924,NA,NA,2802.835158,NA,24.57273686,122.709338,3424.005398,86.60695858,56.50022969,61.72154666,NA,32.21809629,41.06008453,NA,0.181266334,0.558368347,NA
"95% Confidence Interval - Lower",2023,"Purchases","Services","All countries",12156.12029,20.927109,84.91887726,1818.944206,402.9593492,228.7065704,2729.810524,1308.483201,1110.654775,262.2166673,556.6306996,198.0955408,785.4942656,257.5456194,179.2412809,224.9463872,193.1443684,59.71081743
"95% Confidence Interval - Lower",2023,"Purchases","Services","Northern Ireland",7904.415601,14.36806452,74.68956979,1187.756471,375.4295142,194.7175395,1536.448779,862.3125796,620.2361121,202.8401554,293.1164369,182.1748211,548.222875,256.2026473,120.5177951,209.3066758,170.1326585,57.17290425
"95% Confidence Interval - Lower",2023,"Purchases","Services","Great Britain",2752.859673,1.953977513,5.904842924,383.4522384,13.75927022,28.56495442,856.448739,211.4230522,257.8605666,43.0658657,156.4858096,4.082098553,128.2780662,160.8935377,NA,5.279998134,15.46613901,NA
"95% Confidence Interval - Lower",2023,"Purchases","Services","Ireland",419.4003981,0.091713889,4.117446642,73.65233659,-2.466722621,4.556883363,23.99875628,51.19005078,62.25035918,5.93441924,28.70178698,0.087691047,42.94703578,12.54522407,NA,NA,0.968138561,NA
"95% Confidence Interval - Lower",2023,"Purchases","Services","Rest of the Europe Union (EU excluding Ireland)",127.3208796,NA,NA,52.74469661,NA,NA,NA,36.92071903,22.82260851,4.611755948,14.7367215,NA,9.923927413,NA,NA,NA,NA,NA
"95% Confidence Interval - Lower",2023,"Purchases","Services","Rest of the World (all countries outside the UK and EU)",-24.08806952,NA,NA,111.9523999,NA,NA,NA,59.1247847,NA,0.406856826,23.95009442,NA,26.02745546,NA,NA,0.012692235,NA,NA
"95% Confidence Interval - Lower",2023,"Purchases","Services","External Sales/Purchases (outside NI)",3794.453144,3.993377111,10.22338226,626.8640244,15.10777359,33.26146002,933.0561538,385.6853488,402.4915986,55.56198663,239.1953499,4.900302186,223.3491665,-108.0685595,NA,-1.595603447,18.54825656,NA
"95% Confidence Interval - Lower",2023,"Purchases","Services","Exports (outside UK)",NA,NA,NA,NA,NA,NA,NA,NA,NA,NA,NA,NA,NA,NA,NA,NA,NA,NA
"95% Confidence Interval - Lower",2023,"Purchases","Services","Imports (outside UK)",679.4768548,NA,4.310622199,240.5420179,NA,4.681467327,-1.80008522,160.4271502,107.686024,11.22889111,72.93894328,NA,86.30023664,-302.3046015,NA,-6.910645135,2.84647691,NA
"95% Confidence Interval - Lower",2023,"Purchases","All Transactions","All countries",61154.51134,94.86216829,284.4800035,13627.37048,1704.872729,450.8026707,6680.973901,26541.56442,2165.630595,1159.918071,866.4612102,266.2059531,1201.058509,1285.106895,239.0087529,353.1299023,318.8723094,181.6686544
"95% Confidence Interval - Lower",2023,"Purchases","All Transactions","Northern Ireland",35439.84206,76.76835573,239.0095459,7541.59323,1136.385045,373.3609296,4538.558071,13659.04551,1173.174875,971.9057952,406.9154701,259.1537378,826.2745372,821.8832598,153.2245493,343.2933578,281.5779068,126.5396288
"95% Confidence Interval - Lower",2023,"Purchases","All Transactions","Great Britain",15855.22568,6.140912329,14.48321317,2959.774336,332.1456056,38.9169196,1531.580607,8042.363592,507.6948213,64.78516883,283.3942745,-26.65107421,204.2675528,292.7500542,NA,-2.344526557,NA,NA
"95% Confidence Interval - Lower",2023,"Purchases","All Transactions","Ireland",3483.803752,1.73294635,27.19308596,1017.87727,-10.20495958,27.37863088,133.588156,1685.571029,112.0283684,53.52008482,81.22182542,0.536093209,60.64991142,31.19135776,3.54057284,-6.544127135,1.171010319,-3.44799708
"95% Confidence Interval - Lower",2023,"Purchases","All Transactions","Rest of the Europe Union (EU excluding Ireland)",2228.829789,NA,NA,885.68879,NA,NA,-26.55262026,1005.41308,54.24333968,12.95015754,19.93132182,NA,16.82588814,19.21187635,NA,-0.301224067,NA,NA
"95% Confidence Interval - Lower",2023,"Purchases","All Transactions","Rest of the World (all countries outside the UK and EU)",1981.16266,NA,NA,1110.656633,NA,NA,0.160471322,669.2490606,6.470385113,0.873954822,29.02120724,NA,35.67373084,-316.3669562,NA,0.093650903,1.332521995,NA
"95% Confidence Interval - Lower",2023,"Purchases","All Transactions","External Sales/Purchases (outside NI)",24744.3803,13.28478513,45.07682113,6031.054681,404.73247,70.16308896,1779.152924,12160.14481,770.3342083,148.91584,431.7454193,-24.92267738,340.6048368,201.4260716,82.92721223,2.141342635,25.31384846,38.4902759
"95% Confidence Interval - Lower",2023,"Purchases","All Transactions","Exports (outside UK)",NA,NA,NA,NA,NA,NA,NA,NA,NA,NA,NA,NA,NA,NA,NA,NA,NA,NA
"95% Confidence Interval - Lower",2023,"Purchases","All Transactions","Imports (outside UK)",8211.604723,4.053319067,30.34841996,3047.813794,25.22272578,29.25617788,150.3883896,3618.688352,206.7701338,68.16145315,136.2500732,0.749757712,120.7084271,-183.9812085,NA,-6.72896375,NA,NA
"95% Confidence Interval - Lower",2024,"Sales","Goods","All countries",66646.98512,116.9941469,546.1521504,18953.45347,1669.270281,542.6076951,2940.217757,36022.25414,366.0463526,1589.139071,262.2754242,18.27338934,400.1959269,474.969105,0.261455383,46.50073865,79.67459589,52.21409837
"95% Confidence Interval - Lower",2024,"Sales","Goods","Northern Ireland",42938.17399,57.19763343,NA,5343.442178,1621.635626,NA,2298.592127,28195.3063,307.9597324,NA,177.4118261,NA,218.3301755,288.8114182,NA,45.89512971,NA,41.77734964
"95% Confidence Interval - Lower",2024,"Sales","Goods","Great Britain",10027.93411,NA,NA,6102.94733,NA,NA,107.0575299,2803.692476,13.29654769,NA,39.06505502,NA,85.60990207,24.77520188,NA,-0.19458788,NA,-3.378153162
"95% Confidence Interval - Lower",2024,"Sales","Goods","Ireland",6579.02937,3.648326806,60.4428231,3114.109395,NA,11.07963857,66.4848235,2836.369047,4.49756815,NA,5.753621942,NA,8.056369248,36.14362989,NA,-0.040700556,NA,-1.347147805
"95% Confidence Interval - Lower",2024,"Sales","Goods","Rest of the Europe Union (EU excluding Ireland)",2290.80421,NA,NA,1870.815114,NA,NA,0.783801947,204.6611839,NA,NA,0.673770228,NA,14.33561832,NA,NA,NA,0.012090767,NA
"95% Confidence Interval - Lower",2024,"Sales","Goods","Rest of the World (all countries outside the UK and EU)",2973.88744,NA,NA,2359.271612,NA,NA,1.572778848,381.4627892,NA,NA,-23.26533757,NA,39.86637081,NA,NA,NA,NA,NA
"95% Confidence Interval - Lower",2024,"Sales","Goods","External Sales/Purchases (outside NI)",22672.26149,51.98436006,194.9603189,13517.70392,28.04614935,NA,288.8375343,6927.878396,21.72665685,NA,48.82420315,NA,161.3376695,40.96822593,NA,NA,NA,-3.482788748
"95% Confidence Interval - Lower",2024,"Sales","Goods","Exports (outside UK)",12204.22693,NA,68.63735143,7377.318008,NA,160.9702498,70.51919643,3753.691082,7.773719528,NA,-12.54864081,NA,67.41565899,12.10809688,NA,-0.027238655,NA,-2.961985264
"95% Confidence Interval - Lower",2024,"Sales","Goods","Imports (outside UK)",NA,NA,NA,NA,NA,NA,NA,NA,NA,NA,NA,NA,NA,NA,NA,NA,NA,NA
"95% Confidence Interval - Lower",2024,"Sales","Services","All countries",37726.91479,53.21832456,36.55554922,1038.798038,706.4779187,712.5059501,10896.55876,1712.895518,4143.708277,822.3807071,1891.75611,1512.553634,4008.277194,3470.608314,329.8765499,1689.245191,628.2530218,419.3084297
"95% Confidence Interval - Lower",2024,"Sales","Services","Northern Ireland",23339.14197,46.44545352,NA,354.0686776,657.263918,NA,5457.396213,1321.99251,2504.248918,758.7126243,639.0985485,NA,2093.001214,2211.277442,254.3101357,1717.251339,593.7486337,404.1333269
"95% Confidence Interval - Lower",2024,"Sales","Services","Great Britain",7830.797915,NA,NA,164.272909,8.897516347,56.23728832,3554.923398,105.2214007,793.6190492,NA,395.3758468,NA,824.9465491,671.4182813,NA,NA,NA,NA
"95% Confidence Interval - Lower",2024,"Sales","Services","Ireland",2038.80089,0.738525271,5.709136277,73.02086596,NA,17.88403574,852.7188888,39.90782949,158.474863,NA,77.49471843,2.674488014,271.5731668,43.12589939,NA,NA,NA,-1.169489351
"95% Confidence Interval - Lower",2024,"Sales","Services","Rest of the Europe Union (EU excluding Ireland)",741.0552664,NA,NA,182.6536937,NA,NA,44.98808609,-50.12264054,NA,NA,37.87146069,NA,109.6638076,NA,NA,NA,0.122398114,NA
"95% Confidence Interval - Lower",2024,"Sales","Services","Rest of the World (all countries outside the UK and EU)",1571.76535,NA,NA,212.6661303,NA,NA,2.795239277,3.695816193,NA,NA,579.5226593,NA,222.9442496,NA,NA,NA,NA,NA
"95% Confidence Interval - Lower",2024,"Sales","Services","External Sales/Purchases (outside NI)",13591.10394,-0.511290677,NA,642.7090611,23.53925586,76.34227727,4969.291491,256.0567294,1408.910006,NA,1183.736736,NA,1670.105866,1065.226258,NA,NA,NA,8.154140826
"95% Confidence Interval - Lower",2024,"Sales","Services","Exports (outside UK)",5039.733462,NA,5.709136277,472.2213636,NA,17.88726338,920.4975554,62.48415607,497.9901082,NA,726.7963586,3.061383895,728.5734284,291.107336,NA,NA,NA,NA
"95% Confidence Interval - Lower",2024,"Sales","Services","Imports (outside UK)",NA,NA,NA,NA,NA,NA,NA,NA,NA,NA,NA,NA,NA,NA,NA,NA,NA,NA
"95% Confidence Interval - Lower",2024,"Sales","All Transactions","All countries",105851.0388,194.7983003,595.5675884,20120.04132,2413.839421,1274.787354,14716.39816,38098.41128,4687.889754,2769.603786,2247.156775,1602.338969,4479.963872,4155.187069,330.2284101,1738.452853,753.2026664,504.5671985
"95% Confidence Interval - Lower",2024,"Sales","All Transactions","Northern Ireland",67184.95662,122.6090534,NA,5804.0061,2313.104023,920.0233367,8263.464818,29766.59335,2973.650043,NA,853.118686,NA,2374.190783,2621.760286,254.5932056,1765.00467,711.949703,472.245088
"95% Confidence Interval - Lower",2024,"Sales","All Transactions","Great Britain",18479.25051,11.70562768,NA,6294.228246,26.41835929,154.3783408,4028.059866,3031.562332,813.7625485,NA,458.1944294,NA,930.1335654,739.4519526,NA,NA,2.00249281,6.265757096
"95% Confidence Interval - Lower",2024,"Sales","All Transactions","Ireland",9097.083811,5.740690264,66.47365295,3202.390268,12.28269294,30.55722936,1034.456218,2997.933405,189.1358249,NA,86.80677676,NA,291.5693016,97.04594723,NA,NA,4.903429353,0.326323303
"95% Confidence Interval - Lower",2024,"Sales","All Transactions","Rest of the Europe Union (EU excluding Ireland)",3201.729222,NA,NA,2055.677454,NA,102.4184109,47.04754244,257.1378632,116.3612262,NA,43.39741315,NA,124.6615652,NA,NA,NA,0.470191302,-3.970485537
"95% Confidence Interval - Lower",2024,"Sales","All Transactions","Rest of the World (all countries outside the UK and EU)",4730.086035,NA,NA,2573.089951,NA,39.58830857,4.388218584,386.4450095,21.06354002,NA,614.5263932,NA,268.5041997,NA,NA,NA,0.059340062,1.15452014
"95% Confidence Interval - Lower",2024,"Sales","All Transactions","External Sales/Purchases (outside NI)",37288.00311,61.10177685,NA,14200.67796,67.74749321,342.4023182,5648.426737,7413.409008,1469.289728,NA,1307.291166,NA,1858.063179,1259.654754,56.1372157,-140.883683,17.9482819,17.02860727
"95% Confidence Interval - Lower",2024,"Sales","All Transactions","Exports (outside UK)",17926.06342,37.67107373,74.75292162,7865.137468,25.57527621,181.2723479,1106.335094,4000.795268,538.0444497,NA,778.6917533,NA,809.7657319,390.0153731,NA,NA,8.672980074,6.131268666
"95% Confidence Interval - Lower",2024,"Sales","All Transactions","Imports (outside UK)",NA,NA,NA,NA,NA,NA,NA,NA,NA,NA,NA,NA,NA,NA,NA,NA,NA,NA
"95% Confidence Interval - Lower",2024,"Purchases","Goods","All countries",50158.00578,53.56424505,244.2108863,11856.49688,1037.217123,267.2810599,4647.867743,26233.633,754.3744164,965.1934134,243.6643062,320.8573828,323.2425851,625.7715245,52.45554458,201.7876908,105.2340882,117.4782057
"95% Confidence Interval - Lower",2024,"Purchases","Goods","Northern Ireland",28868.33161,41.29042736,191.2432712,6571.421226,523.8142531,187.1696004,3295.974396,13541.46724,581.1616772,839.4901138,142.3707794,290.499284,207.8809059,432.1813037,29.00313957,189.4617782,88.16638417,92.93061649
"95% Confidence Interval - Lower",2024,"Purchases","Goods","Great Britain",12047.21947,NA,22.92074426,2289.833946,490.5347976,21.44895213,1090.456915,7251.179557,105.5967762,56.26780701,61.25296823,NA,40.913987,75.35408956,NA,8.597459833,NA,NA
"95% Confidence Interval - Lower",2024,"Purchases","Goods","Ireland",2476.062694,NA,16.72975179,1039.421848,NA,49.0317884,87.01125219,1065.696629,26.38648766,35.1404444,16.23226092,NA,12.08964542,10.71074893,NA,0.025431377,0.627043989,NA
"95% Confidence Interval - Lower",2024,"Purchases","Goods","Rest of the Europe Union (EU excluding Ireland)",1779.161159,0.43120269,NA,897.1389239,NA,NA,15.01892538,695.1378028,NA,0.610130645,3.066426754,NA,3.454525909,-56.32711158,NA,NA,NA,NA
"95% Confidence Interval - Lower",2024,"Purchases","Goods","Rest of the World (all countries outside the UK and EU)",2986.235142,NA,NA,969.0095878,NA,NA,0.197707265,1829.925806,NA,0.819968212,6.997939052,NA,16.96949798,-3.148902358,NA,NA,NA,0.057832015
"95% Confidence Interval - Lower",2024,"Purchases","Goods","External Sales/Purchases (outside NI)",20438.09676,7.481548849,NA,5234.386246,503.0733358,73.72938426,1228.585456,11957.2893,149.3174092,114.2159726,91.69434062,NA,79.52383231,118.8409216,NA,8.699173134,NA,NA
"95% Confidence Interval - Lower",2024,"Purchases","Goods","Exports (outside UK)",NA,NA,NA,NA,NA,NA,NA,NA,NA,NA,NA,NA,NA,NA,NA,NA,NA,NA
"95% Confidence Interval - Lower",2024,"Purchases","Goods","Imports (outside UK)",7905.537742,NA,NA,2928.078819,10.39137304,50.68194782,113.777731,4221.265991,37.51417685,36.64228975,28.00874883,NA,33.82977605,32.79193945,NA,0.098819386,NA,NA
"95% Confidence Interval - Lower",2024,"Purchases","Services","All countries",13118.22422,22.95800637,115.322638,1904.450069,371.31762,309.8701144,3117.545771,1713.434821,1271.577348,241.5328842,426.5195213,383.0309395,541.6022584,227.2432911,200.4941508,221.0260027,113.9563544,68.37520631
"95% Confidence Interval - Lower",2024,"Purchases","Services","Northern Ireland",8310.299822,17.93069249,102.7425944,1075.31696,337.0075953,258.8860692,1882.538854,1210.606424,725.5779746,190.0963003,172.0252942,334.6393445,460.5920346,200.0653737,141.9635179,227.6550077,90.98982883,58.60027125
"95% Confidence Interval - Lower",2024,"Purchases","Services","Great Britain",2906.799319,NA,6.695163155,338.0243433,24.77073919,45.08930816,952.2262292,286.4522435,279.904718,30.27985725,135.4386558,NA,121.783231,76.02740583,NA,-8.446967566,NA,NA
"95% Confidence Interval - Lower",2024,"Purchases","Services","Ireland",544.485546,NA,3.97764156,320.609977,NA,5.512836713,-84.56669559,30.23105626,41.79543981,4.561050562,56.30044978,NA,-56.83881308,4.287874227,NA,0.370665978,-1.671494844,NA
"95% Confidence Interval - Lower",2024,"Purchases","Services","Rest of the Europe Union (EU excluding Ireland)",124.2580558,NA,NA,51.1484239,NA,NA,1.037158074,22.51765702,109.7564903,4.622823633,5.670557033,-0.160883981,-135.4710195,-25.3204038,NA,NA,0.20721163,NA
"95% Confidence Interval - Lower",2024,"Purchases","Services","Rest of the World (all countries outside the UK and EU)",187.0648371,NA,NA,108.3066387,NA,NA,1.771776896,71.56305639,NA,1.385861482,14.08716862,NA,-7.595893667,-280.2714571,NA,NA,NA,-1.962684458
"95% Confidence Interval - Lower",2024,"Purchases","Services","External Sales/Purchases (outside NI)",4490.72275,3.021826178,NA,822.889433,29.30928327,50.71381999,1076.895409,432.7813526,478.07557,42.11569547,229.2241269,NA,-42.45794514,-21.60829336,NA,-8.00088515,NA,NA
"95% Confidence Interval - Lower",2024,"Purchases","Services","Exports (outside UK)",NA,NA,NA,NA,NA,NA,NA,NA,NA,NA,NA,NA,NA,NA,NA,NA,NA,NA
"95% Confidence Interval - Lower",2024,"Purchases","Services","Imports (outside UK)",1238.835552,NA,NA,481.4511273,3.379429075,5.616108457,-81.42965592,132.2800979,130.2490555,10.81580211,88.04195085,NA,-184.3014743,-242.8660664,NA,0.397775326,NA,NA
"95% Confidence Interval - Lower",2024,"Purchases","All Transactions","All countries",64140.39809,90.91698017,376.578442,13778.52626,1420.182812,584.8696948,8254.116677,28089.43161,2152.938224,1264.811442,699.7996215,717.958787,989.6586323,1048.780005,253.6316641,429.0926816,233.098576,214.6999082
"95% Confidence Interval - Lower",2024,"Purchases","All Transactions","Northern Ireland",37571.61513,71.40772937,313.2229139,7663.209441,871.6524065,453.8919761,5453.009481,14926.67109,1424.245842,1082.096799,335.3539098,638.4643946,748.9372399,669.9060341,171.2629425,424.5786687,192.9404862,178.4349104
"95% Confidence Interval - Lower",2024,"Purchases","All Transactions","Great Britain",15297.53179,NA,30.27875763,2631.620246,517.4715536,67.1311463,2155.512675,7618.160046,404.6553601,96.72543366,205.6827195,NA,191.2396408,173.0376029,NA,1.285498571,NA,NA
"95% Confidence Interval - Lower",2024,"Purchases","All Transactions","Ireland",3292.307822,3.396560726,NA,1366.425975,8.70659081,54.55199806,26.98562092,1107.648157,76.8433554,40.09462249,73.27478969,NA,-43.34186457,16.6593714,4.327446514,0.396718438,1.256639543,-1.88776297
"95% Confidence Interval - Lower",2024,"Purchases","All Transactions","Rest of the Europe Union (EU excluding Ireland)",2101.43158,NA,4.608369529,949.3934034,NA,NA,16.0991066,721.6885952,115.4210807,5.254853611,10.7562738,NA,-131.7740113,-81.3361569,NA,NA,NA,0.017020706
"95% Confidence Interval - Lower",2024,"Purchases","All Transactions","Rest of the World (all countries outside the UK and EU)",3534.684693,NA,NA,1077.832747,NA,NA,2.006088206,1909.706339,-38.52629799,2.231367543,25.12069494,NA,14.25178476,-160.3018139,NA,NA,NA,NA
"95% Confidence Interval - Lower",2024,"Purchases","All Transactions","External Sales/Purchases (outside NI)",25629.26795,11.52643151,61.08119659,6064.469404,536.8768651,124.9327483,2427.129971,12480.47456,653.6281006,166.4613069,335.5650086,59.57182888,78.8366681,281.4267942,76.71996301,1.833408335,32.09352812,20.8627016
"95% Confidence Interval - Lower",2024,"Purchases","All Transactions","Exports (outside UK)",NA,NA,NA,NA,NA,NA,NA,NA,NA,NA,NA,NA,NA,NA,NA,NA,NA,NA
"95% Confidence Interval - Lower",2024,"Purchases","All Transactions","Imports (outside UK)",9727.400626,NA,28.24926666,3415.846148,15.74332722,56.30459816,59.35455111,4371.058401,179.7771825,48.35679033,121.7599534,NA,-145.1816622,-16.81324949,NA,0.498454523,NA,NA
"95% Confidence Interval - Upper",2011,"Sales","Goods","All countries",46050.83728,103.9743404,342.0275484,16367.43228,1182.277713,373.0119602,2045.933284,23558.9517,570.620716,1081.104652,229.6931075,123.3918057,307.018367,557.4077506,2.02080188,180.1493216,125.4231473,33.63060025
"95% Confidence Interval - Upper",2011,"Sales","Goods","Northern Ireland",28683.01894,68.74163181,246.1481954,3669.127014,1118.315893,73.51948842,1715.264447,20040.26523,478.6881053,1068.605986,152.5341375,105.4347989,140.4305983,425.5948391,0.494626199,169.8183947,125.0105043,28.70962411
"95% Confidence Interval - Upper",2011,"Sales","Goods","Great Britain",9507.127013,NA,NA,7299.640648,NA,104.0093077,330.0575971,NA,NA,NA,53.239071,15.06259461,22.14528337,71.18249417,0.350899696,NA,0.207975633,NA
"95% Confidence Interval - Upper",2011,"Sales","Goods","Ireland",2894.388622,NA,35.85220782,1384.045929,NA,11.79707288,86.04965946,1316.345533,23.82677131,NA,16.02629287,6.351713116,8.840049844,31.9966421,NA,0.562152566,0.178629503,NA
"95% Confidence Interval - Upper",2011,"Sales","Goods","Rest of the Europe Union (EU excluding Ireland)",1914.46504,NA,NA,1352.704829,NA,NA,6.793799559,NA,NA,NA,NA,NA,NA,NA,NA,NA,NA,NA
"95% Confidence Interval - Upper",2011,"Sales","Goods","Rest of the World (all countries outside the UK and EU)",3662.002014,NA,NA,2881.229756,NA,NA,NA,622.0278895,NA,NA,NA,NA,NA,NA,NA,NA,NA,NA
"95% Confidence Interval - Upper",2011,"Sales","Goods","External Sales/Purchases (outside NI)",17685.57473,NA,151.4999329,12789.37351,NA,306.943126,395.9869202,3797.712151,105.4716565,17.01385007,83.79659084,NA,195.8295922,148.7352673,NA,NA,0.455412919,NA
"95% Confidence Interval - Upper",2011,"Sales","Goods","Exports (outside UK)",8342.376266,30.12426283,41.08239827,5553.133913,NA,206.1989475,89.76147729,2276.734314,NA,NA,30.70893186,14.41285981,179.3676628,83.30743014,NA,NA,0.250676898,NA
"95% Confidence Interval - Upper",2011,"Sales","Goods","Imports (outside UK)",NA,NA,NA,NA,NA,NA,NA,NA,NA,NA,NA,NA,NA,NA,NA,NA,NA,NA
"95% Confidence Interval - Upper",2011,"Sales","Services","All countries",16983.66606,21.95917221,46.72640124,454.0954971,932.2455297,180.3923498,3992.811193,1244.156277,2849.497825,314.5156635,1295.965321,890.171086,1660.653029,1594.902448,303.58186,898.341097,1041.301524,463.4599839
"95% Confidence Interval - Upper",2011,"Sales","Services","Northern Ireland",13590.09848,19.6429844,24.78532991,245.5927825,904.4114896,159.4909903,3099.661082,868.0998467,1930.812548,309.0573022,830.2083074,841.6124192,1438.113042,1357.707227,290.7174831,891.7519753,1021.941711,425.4758691
"95% Confidence Interval - Upper",2011,"Sales","Services","Great Britain",2350.620767,NA,NA,95.7933542,NA,24.77904843,813.3723535,NA,NA,NA,266.4547715,46.96207186,98.12090808,169.8684595,1.78336771,NA,19.19014929,NA
"95% Confidence Interval - Upper",2011,"Sales","Services","Ireland",643.2306762,NA,20.9695503,49.75782113,NA,7.454113275,156.8159901,49.60823638,198.3291468,NA,91.41693141,14.7327417,82.5732119,61.62256701,NA,2.895999381,4.599254807,NA
"95% Confidence Interval - Upper",2011,"Sales","Services","Rest of the Europe Union (EU excluding Ireland)",282.5838177,NA,NA,41.18491736,NA,NA,NA,NA,NA,NA,NA,NA,50.60759512,NA,NA,NA,NA,NA
"95% Confidence Interval - Upper",2011,"Sales","Services","Rest of the World (all countries outside the UK and EU)",370.1468815,NA,NA,50.23959094,NA,NA,NA,2.126199595,NA,NA,162.7272601,NA,NA,NA,NA,NA,NA,NA
"95% Confidence Interval - Upper",2011,"Sales","Services","External Sales/Purchases (outside NI)",3536.166959,NA,22.00826414,220.921015,NA,29.4472589,981.2990413,414.7793079,961.7214671,7.153521919,505.9293572,NA,264.7607314,273.5471392,NA,NA,29.55033448,NA
"95% Confidence Interval - Upper",2011,"Sales","Services","Exports (outside UK)",1247.333338,NA,NA,132.6982969,NA,7.655969804,201.4108334,NA,NA,NA,256.2755975,14.88868824,183.3643165,118.2699494,NA,3.16356399,10.57796003,NA
"95% Confidence Interval - Upper",2011,"Sales","Services","Imports (outside UK)",NA,NA,NA,NA,NA,NA,NA,NA,NA,NA,NA,NA,NA,NA,NA,NA,NA,NA
"95% Confidence Interval - Upper",2011,"Sales","All Transactions","All countries",62581.43003,119.8134748,382.1392499,16784.61417,2100.586726,533.0879667,5846.55375,24652.18513,3348.928801,1344.550305,1505.824394,981.4543353,1897.488459,2045.215619,305.4594302,1013.388409,1120.915808,486.4896315
"95% Confidence Interval - Upper",2011,"Sales","All Transactions","Northern Ireland",41892.81502,82.7928963,270.8509177,3889.754914,2016.69023,222.6532277,4646.199085,20772.25421,2344.061737,1326.556227,966.1142087,917.467406,1542.542385,1681.129511,291.069746,994.8389776,1101.485674,444.5957363
"95% Confidence Interval - Upper",2011,"Sales","All Transactions","Great Britain",11739.03498,14.41600936,NA,7382.231261,NA,120.4507732,1095.623244,1977.24085,697.9862966,NA,315.1841079,57.93843644,116.7966678,227.0836516,2.134267406,17.8634771,19.39327645,62.71962694
"95% Confidence Interval - Upper",2011,"Sales","All Transactions","Ireland",3484.30317,14.21437498,56.54232079,1425.992195,78.86238162,18.83611966,229.7530883,1353.951915,216.8030278,12.36667896,104.9695596,19.10401394,89.03294557,86.44970316,NA,3.331004819,4.771407374,NA
"95% Confidence Interval - Upper",2011,"Sales","All Transactions","Rest of the Europe Union (EU excluding Ireland)",2168.711,NA,NA,1386.398275,NA,127.534709,25.83480342,463.3887256,112.7912581,NA,25.69962481,NA,69.98984894,NA,NA,NA,NA,NA
"95% Confidence Interval - Upper",2011,"Sales","All Transactions","Rest of the World (all countries outside the UK and EU)",3983.999596,NA,NA,2925.52351,NA,70.10280605,38.08356694,623.7317424,84.68240103,NA,169.6915569,NA,199.1108193,NA,4.758292915,NA,NA,NA
"95% Confidence Interval - Upper",2011,"Sales","All Transactions","External Sales/Purchases (outside NI)",21046.3327,43.9228036,160.6345145,12989.95992,94.0196805,325.738031,1324.683302,4170.235465,1053.767958,23.78975573,580.6807641,78.40072529,423.9547885,405.977541,15.9831253,22.26760788,29.97366356,64.07403361
"95% Confidence Interval - Upper",2011,"Sales","All Transactions","Exports (outside UK)",9491.413971,31.93505563,NA,5671.778853,NA,211.4060515,277.1210737,2335.620097,391.934274,NA,282.0398476,24.99283053,328.5969739,194.3489785,13.85170671,4.508437247,10.80409919,2.106139848
"95% Confidence Interval - Upper",2011,"Sales","All Transactions","Imports (outside UK)",NA,NA,NA,NA,NA,NA,NA,NA,NA,NA,NA,NA,NA,NA,NA,NA,NA,NA
"95% Confidence Interval - Upper",2011,"Purchases","Goods","All countries",NA,NA,NA,NA,NA,NA,NA,NA,NA,NA,NA,NA,NA,NA,NA,NA,NA,NA
"95% Confidence Interval - Upper",2011,"Purchases","Goods","Northern Ireland",NA,NA,NA,NA,NA,NA,NA,NA,NA,NA,NA,NA,NA,NA,NA,NA,NA,NA
"95% Confidence Interval - Upper",2011,"Purchases","Goods","Great Britain",NA,NA,NA,NA,NA,NA,NA,NA,NA,NA,NA,NA,NA,NA,NA,NA,NA,NA
"95% Confidence Interval - Upper",2011,"Purchases","Goods","Ireland",1998.099183,NA,NA,618.2688943,5.142010896,34.8265886,52.65025709,1157.311563,81.08181753,33.40528209,19.44082016,3.796478824,12.29938692,34.94835764,NA,NA,2.020873354,NA
"95% Confidence Interval - Upper",2011,"Purchases","Goods","Rest of the Europe Union (EU excluding Ireland)",1539.252638,3.782266159,6.671067248,651.3988265,NA,NA,NA,791.6510635,NA,NA,NA,NA,NA,NA,NA,NA,NA,NA
"95% Confidence Interval - Upper",2011,"Purchases","Goods","Rest of the World (all countries outside the UK and EU)",1814.731495,NA,NA,837.8061773,NA,NA,NA,972.3021444,NA,NA,NA,NA,NA,NA,NA,NA,NA,NA
"95% Confidence Interval - Upper",2011,"Purchases","Goods","External Sales/Purchases (outside NI)",NA,NA,NA,NA,NA,NA,NA,NA,NA,NA,NA,NA,NA,NA,NA,NA,NA,NA
"95% Confidence Interval - Upper",2011,"Purchases","Goods","Exports (outside UK)",NA,NA,NA,NA,NA,NA,NA,NA,NA,NA,NA,NA,NA,NA,NA,NA,NA,NA
"95% Confidence Interval - Upper",2011,"Purchases","Goods","Imports (outside UK)",5242.726595,NA,NA,2065.561474,6.572709451,41.34077827,89.81474598,2822.845221,120.0216892,33.59832054,23.50077988,NA,69.40785738,67.93289613,NA,0.454029462,2.718129143,NA
"95% Confidence Interval - Upper",2011,"Purchases","Services","All countries",NA,NA,NA,NA,NA,NA,NA,NA,NA,NA,NA,NA,NA,NA,NA,NA,NA,NA
"95% Confidence Interval - Upper",2011,"Purchases","Services","Northern Ireland",NA,NA,NA,NA,NA,NA,NA,NA,NA,NA,NA,NA,NA,NA,NA,NA,NA,NA
"95% Confidence Interval - Upper",2011,"Purchases","Services","Great Britain",NA,NA,NA,NA,NA,NA,NA,NA,NA,NA,NA,NA,NA,NA,NA,NA,NA,NA
"95% Confidence Interval - Upper",2011,"Purchases","Services","Ireland",260.4344053,NA,NA,28.94121667,6.277762935,0.542705371,34.87732981,69.11738317,56.96751619,1.120297538,27.67985799,0.51688632,24.62209115,53.96396364,NA,NA,0.879188505,NA
"95% Confidence Interval - Upper",2011,"Purchases","Services","Rest of the Europe Union (EU excluding Ireland)",82.31912984,NA,NA,21.54501847,2.542355404,NA,NA,27.17712827,NA,NA,NA,NA,3.411112164,NA,NA,NA,NA,NA
"95% Confidence Interval - Upper",2011,"Purchases","Services","Rest of the World (all countries outside the UK and EU)",160.360402,NA,NA,45.25281963,NA,NA,NA,21.67939521,92.83614544,NA,NA,NA,NA,NA,NA,NA,NA,NA
"95% Confidence Interval - Upper",2011,"Purchases","Services","External Sales/Purchases (outside NI)",NA,NA,NA,NA,NA,NA,NA,NA,NA,NA,NA,NA,NA,NA,NA,NA,NA,NA
"95% Confidence Interval - Upper",2011,"Purchases","Services","Exports (outside UK)",NA,NA,NA,NA,NA,NA,NA,NA,NA,NA,NA,NA,NA,NA,NA,NA,NA,NA
"95% Confidence Interval - Upper",2011,"Purchases","Services","Imports (outside UK)",472.3353139,NA,NA,93.26617914,9.025826569,1.481222502,36.30386243,109.7444275,164.332722,1.829438369,35.22459733,NA,32.04353542,60.91502826,NA,1.845121657,0.972868388,NA
"95% Confidence Interval - Upper",2011,"Purchases","All Transactions","All countries",41278.17321,69.74537643,268.1913822,9013.580664,1750.403045,415.214957,3887.138975,19674.6626,2003.982683,700.9832497,688.1374476,484.0720829,855.7534059,1079.756228,208.1017914,385.2664817,920.5102697,364.3949308
"95% Confidence Interval - Upper",2011,"Purchases","All Transactions","Northern Ireland",NA,NA,NA,NA,NA,NA,NA,NA,NA,NA,NA,NA,NA,NA,NA,NA,NA,NA
"95% Confidence Interval - Upper",2011,"Purchases","All Transactions","Great Britain",NA,NA,NA,NA,NA,NA,NA,NA,NA,NA,NA,NA,NA,NA,NA,NA,NA,NA
"95% Confidence Interval - Upper",2011,"Purchases","All Transactions","Ireland",2230.215376,2.365925012,28.8663758,645.9115372,11.41167613,35.17802098,80.93398731,1214.830563,131.1769393,34.30823087,42.78062463,4.126039611,33.40564099,83.14668943,NA,1.235584785,2.866461713,NA
"95% Confidence Interval - Upper",2011,"Purchases","All Transactions","Rest of the Europe Union (EU excluding Ireland)",1607.484394,NA,NA,668.4191981,3.15879125,NA,35.71853267,808.4163719,62.47921657,NA,7.884104349,NA,32.23317719,38.48829704,NA,NA,0.712666509,NA
"95% Confidence Interval - Upper",2011,"Purchases","All Transactions","Rest of the World (all countries outside the UK and EU)",1932.3105,NA,NA,880.0914948,1.735595764,NA,10.16250789,987.4886937,94.15594116,NA,7.859666285,NA,37.06496242,5.098650582,3.464,NA,0.394988157,NA
"95% Confidence Interval - Upper",2011,"Purchases","All Transactions","External Sales/Purchases (outside NI)",NA,NA,NA,NA,NA,NA,NA,NA,NA,NA,NA,NA,NA,NA,NA,NA,NA,NA
"95% Confidence Interval - Upper",2011,"Purchases","All Transactions","Exports (outside UK)",NA,NA,NA,NA,NA,NA,NA,NA,NA,NA,NA,NA,NA,NA,NA,NA,NA,NA
"95% Confidence Interval - Upper",2011,"Purchases","All Transactions","Imports (outside UK)",5651.97144,5.847452439,38.01955299,2152.5726,15.5676101,42.3263961,118.9311149,2910.514622,270.2914072,35.14030588,54.23779588,7.599337048,91.92289467,121.7712292,9.09,2.237460853,3.652374792,11.559409
"95% Confidence Interval - Upper",2012,"Sales","Goods","All countries",45516.6115,111.6002229,322.2214379,16587.71952,1077.332305,267.7733572,1572.398866,23856.90219,303.5526498,1034.228053,224.7875847,101.0583976,352.2527263,317.0241573,7.056085124,82.00614794,87.19151264,44.34352064
"95% Confidence Interval - Upper",2012,"Sales","Goods","Northern Ireland",27806.89506,78.02573961,NA,3586.511626,NA,83.19191573,1360.238194,20178.8614,229.0234038,NA,146.424792,65.96702066,150.3075108,122.2418122,NA,NA,84.72213343,NA
"95% Confidence Interval - Upper",2012,"Sales","Goods","Great Britain",9950.120352,5.966888279,NA,7588.08535,NA,NA,156.5057549,1977.10819,NA,NA,58.35509094,NA,95.90885721,57.53895995,NA,NA,0.929646993,NA
"95% Confidence Interval - Upper",2012,"Sales","Goods","Ireland",2910.300511,NA,33.6610962,1356.598495,NA,14.28687233,55.07061061,1313.235366,29.45272908,NA,17.03266678,NA,9.805696046,138.4409693,NA,NA,0.114790634,1.320211188
"95% Confidence Interval - Upper",2012,"Sales","Goods","Rest of the Europe Union (EU excluding Ireland)",1746.205258,NA,NA,1276.15546,NA,NA,NA,348.7278956,NA,NA,NA,NA,NA,NA,NA,NA,NA,NA
"95% Confidence Interval - Upper",2012,"Sales","Goods","Rest of the World (all countries outside the UK and EU)",3706.370157,NA,NA,3017.37653,NA,NA,NA,NA,NA,NA,NA,NA,NA,NA,NA,NA,NA,NA
"95% Confidence Interval - Upper",2012,"Sales","Goods","External Sales/Purchases (outside NI)",18011.53347,39.43854403,NA,13099.07457,NA,189.5329943,232.0175128,3947.950239,NA,NA,90.21930389,42.46713822,230.0050796,205.587925,NA,NA,6.737881402,NA
"95% Confidence Interval - Upper",2012,"Sales","Goods","Exports (outside UK)",8209.698928,NA,38.58168348,5575.500166,NA,144.3150057,82.8004355,2099.383996,NA,NA,32.36657861,NA,156.7667176,161.4708363,NA,NA,5.808234412,1.336502911
"95% Confidence Interval - Upper",2012,"Sales","Goods","Imports (outside UK)",NA,NA,NA,NA,NA,NA,NA,NA,NA,NA,NA,NA,NA,NA,NA,NA,NA,NA
"95% Confidence Interval - Upper",2012,"Sales","Services","All countries",17835.91544,26.33430696,65.78563821,496.5696246,1041.637626,622.3271206,3996.581351,1205.25047,2699.551936,413.5642153,1392.690332,875.1291189,1555.448569,1686.850671,244.7983098,996.570262,1116.308716,334.3376345
"95% Confidence Interval - Upper",2012,"Sales","Services","Northern Ireland",14469.68227,23.01456036,43.32602973,233.6110038,1031.157697,595.7816334,2975.882316,989.6703333,1921.334255,392.5579472,958.1153015,781.6255374,1314.40541,1418.337534,220.7880282,992.7446649,1102.752264,321.2939321
"95% Confidence Interval - Upper",2012,"Sales","Services","Great Britain",2122.870477,NA,NA,58.92260287,NA,NA,871.4994058,134.9211581,NA,NA,237.1699417,91.79776495,119.1218508,188.8305245,NA,NA,11.26379397,NA
"95% Confidence Interval - Upper",2012,"Sales","Services","Ireland",779.3847402,NA,20.25791383,96.9106411,NA,5.559562954,211.1019828,38.46807804,288.3204917,NA,90.26321129,NA,90.45522006,19.27879804,NA,NA,4.234163204,3.542742977
"95% Confidence Interval - Upper",2012,"Sales","Services","Rest of the Europe Union (EU excluding Ireland)",288.8624707,NA,NA,32.92755803,NA,NA,NA,NA,NA,NA,NA,NA,62.43835938,NA,NA,NA,NA,NA
"95% Confidence Interval - Upper",2012,"Sales","Services","Rest of the World (all countries outside the UK and EU)",493.463722,NA,NA,101.3120545,NA,NA,NA,NA,NA,NA,187.1532139,NA,NA,NA,NA,NA,NA,NA
"95% Confidence Interval - Upper",2012,"Sales","Services","External Sales/Purchases (outside NI)",3534.995745,5.4695161,22.45963377,276.8377498,13.71290725,27.57377602,1101.130575,254.8228094,NA,NA,486.5435572,110.6180338,292.4204709,299.0061979,NA,NA,22.2921485,18.59749664
"95% Confidence Interval - Upper",2012,"Sales","Services","Exports (outside UK)",1488.688405,NA,NA,224.1165754,NA,NA,261.8262514,141.7315703,NA,NA,272.73609,NA,187.7148659,113.6056331,NA,NA,11.51455187,NA
"95% Confidence Interval - Upper",2012,"Sales","Services","Imports (outside UK)",NA,NA,NA,NA,NA,NA,NA,NA,NA,NA,NA,NA,NA,NA,NA,NA,NA,NA
"95% Confidence Interval - Upper",2012,"Sales","All Transactions","All countries",62992.76017,131.2430684,387.2190056,17053.34517,2107.037494,876.6224139,5417.64119,24942.68857,2938.943965,1387.039539,1587.22373,959.7101095,1831.154918,1950.456978,249.5082659,1071.807263,1180.548388,368.1530573
"95% Confidence Interval - Upper",2012,"Sales","All Transactions","Northern Ireland",41959.70916,94.74092996,251.7184728,3792.031314,2051.867106,666.0079476,4204.529665,21066.82303,2095.932725,1358.549984,1080.539016,837.0867987,1420.693014,1518.451224,223.7502365,1057.129741,1164.977355,353.988323
"95% Confidence Interval - Upper",2012,"Sales","All Transactions","Great Britain",11955.47348,10.16251389,80.48133391,7640.504687,14.13455744,69.798427,1006.151229,2083.487534,578.9699873,20.21997873,286.2534724,114.2201223,204.7563934,234.8840006,12.67243545,NA,11.95504341,NA
"95% Confidence Interval - Upper",2012,"Sales","All Transactions","Ireland",3615.543127,7.273509581,53.4099029,1432.030959,42.74343949,18.99041111,258.8215194,1339.98377,308.7883397,16.05779607,105.8160483,25.89603981,97.51435011,153.1901733,9.998400451,7.398997161,4.34857053,4.272406477
"95% Confidence Interval - Upper",2012,"Sales","All Transactions","Rest of the Europe Union (EU excluding Ireland)",2004.680792,NA,NA,1307.045942,NA,78.37109593,40.2697015,380.5246309,87.7785917,2.352718785,22.39148085,NA,82.87383459,NA,1.481124182,NA,NA,NA
"95% Confidence Interval - Upper",2012,"Sales","All Transactions","Rest of the World (all countries outside the UK and EU)",4152.21555,NA,NA,3113.528086,NA,54.02881297,40.77316182,606.338551,45.06628718,0.882873548,194.7105566,NA,170.4046572,NA,9.30022199,NA,NA,NA
"95% Confidence Interval - Upper",2012,"Sales","All Transactions","External Sales/Purchases (outside NI)",21383.61509,42.8053867,139.933156,13353.39794,58.96449247,216.1155552,1309.868643,4154.819325,936.8356575,36.04229706,563.8405,142.7969216,488.6165291,483.9349439,30.48610886,17.74161668,27.96212718,19.82683949
"95% Confidence Interval - Upper",2012,"Sales","All Transactions","Exports (outside UK)",9598.899426,34.71167007,60.4349449,5781.650613,45.95743949,149.1902034,337.2483097,2202.910078,404.6997013,19.14164889,300.4421458,32.57673858,316.5940495,270.2601429,19.67431902,NA,16.75805258,NA
"95% Confidence Interval - Upper",2012,"Sales","All Transactions","Imports (outside UK)",NA,NA,NA,NA,NA,NA,NA,NA,NA,NA,NA,NA,NA,NA,NA,NA,NA,NA
"95% Confidence Interval - Upper",2012,"Purchases","Goods","All countries",NA,NA,NA,NA,NA,NA,NA,NA,NA,NA,NA,NA,NA,NA,NA,NA,NA,NA
"95% Confidence Interval - Upper",2012,"Purchases","Goods","Northern Ireland",NA,NA,NA,NA,NA,NA,NA,NA,NA,NA,NA,NA,NA,NA,NA,NA,NA,NA
"95% Confidence Interval - Upper",2012,"Purchases","Goods","Great Britain",NA,NA,NA,NA,NA,NA,NA,NA,NA,NA,NA,NA,NA,NA,NA,NA,NA,NA
"95% Confidence Interval - Upper",2012,"Purchases","Goods","Ireland",2003.291828,NA,17.57651497,692.074963,NA,22.43586279,57.64819743,1023.885806,82.8080461,39.92360426,27.01488956,NA,45.24562956,24.14558128,NA,NA,1.209959394,NA
"95% Confidence Interval - Upper",2012,"Purchases","Goods","Rest of the Europe Union (EU excluding Ireland)",1678.670297,2.915122831,NA,698.1619264,8.009720231,NA,35.09700657,859.4424514,NA,NA,NA,NA,11.39122363,NA,NA,NA,NA,NA
"95% Confidence Interval - Upper",2012,"Purchases","Goods","Rest of the World (all countries outside the UK and EU)",1904.983005,NA,NA,760.8613214,NA,NA,9.02561071,1126.342934,NA,NA,NA,NA,27.63450584,NA,NA,NA,NA,NA
"95% Confidence Interval - Upper",2012,"Purchases","Goods","External Sales/Purchases (outside NI)",NA,NA,NA,NA,NA,NA,NA,NA,NA,NA,NA,NA,NA,NA,NA,NA,NA,NA
"95% Confidence Interval - Upper",2012,"Purchases","Goods","Exports (outside UK)",NA,NA,NA,NA,NA,NA,NA,NA,NA,NA,NA,NA,NA,NA,NA,NA,NA,NA
"95% Confidence Interval - Upper",2012,"Purchases","Goods","Imports (outside UK)",5474.17075,NA,NA,2120.91746,70.85106054,25.23132591,93.36321256,2904.45661,146.0526159,40.47632558,33.81293999,NA,75.34655416,54.05678853,NA,NA,1.67518452,NA
"95% Confidence Interval - Upper",2012,"Purchases","Services","All countries",NA,NA,NA,NA,NA,NA,NA,NA,NA,NA,NA,NA,NA,NA,NA,NA,NA,NA
"95% Confidence Interval - Upper",2012,"Purchases","Services","Northern Ireland",NA,NA,NA,NA,NA,NA,NA,NA,NA,NA,NA,NA,NA,NA,NA,NA,NA,NA
"95% Confidence Interval - Upper",2012,"Purchases","Services","Great Britain",NA,NA,NA,NA,NA,NA,NA,NA,NA,NA,NA,NA,NA,NA,NA,NA,NA,NA
"95% Confidence Interval - Upper",2012,"Purchases","Services","Ireland",196.7398042,NA,NA,30.63741058,NA,0.631875584,29.71815277,33.85429783,55.89144192,1.069411144,10.49044811,NA,17.59925373,32.65194856,NA,NA,3.349526538,NA
"95% Confidence Interval - Upper",2012,"Purchases","Services","Rest of the Europe Union (EU excluding Ireland)",99.39139247,NA,NA,21.22457792,1.982678422,NA,4.174892772,16.19076867,NA,NA,NA,NA,21.21843473,NA,NA,NA,NA,NA
"95% Confidence Interval - Upper",2012,"Purchases","Services","Rest of the World (all countries outside the UK and EU)",76.57850651,NA,NA,45.16491501,NA,NA,1.245107209,5.847487688,NA,NA,4.147329481,NA,11.27262504,NA,NA,NA,NA,NA
"95% Confidence Interval - Upper",2012,"Purchases","Services","External Sales/Purchases (outside NI)",NA,NA,NA,NA,NA,NA,NA,NA,NA,NA,NA,NA,NA,NA,NA,NA,NA,NA
"95% Confidence Interval - Upper",2012,"Purchases","Services","Exports (outside UK)",NA,NA,NA,NA,NA,NA,NA,NA,NA,NA,NA,NA,NA,NA,NA,NA,NA,NA
"95% Confidence Interval - Upper",2012,"Purchases","Services","Imports (outside UK)",359.9145094,NA,NA,94.23852109,8.583031588,0.770954601,34.38307723,51.25664497,86.63145098,1.680833695,20.95164705,NA,44.29231241,39.83660594,NA,NA,4.217764275,NA
"95% Confidence Interval - Upper",2012,"Purchases","All Transactions","All countries",40952.06292,73.64981656,268.4267809,9059.06857,1721.368831,447.355127,3546.013242,19752.84439,1835.952884,711.0631657,694.5482761,409.0719993,808.4969738,926.6008851,183.6930792,362.7208372,964.1655181,341.6470487
"95% Confidence Interval - Upper",2012,"Purchases","All Transactions","Northern Ireland",NA,NA,NA,NA,NA,NA,NA,NA,NA,NA,NA,NA,NA,NA,NA,NA,NA,NA
"95% Confidence Interval - Upper",2012,"Purchases","All Transactions","Great Britain",NA,NA,NA,NA,NA,NA,NA,NA,NA,NA,NA,NA,NA,NA,NA,NA,NA,NA
"95% Confidence Interval - Upper",2012,"Purchases","All Transactions","Ireland",2176.642894,1.721718017,24.26486997,720.7797674,64.56758991,22.83394773,84.53285296,1046.576573,127.806933,40.83056917,36.87151798,16.82604209,56.89071421,53.70624574,2.056215862,1.329120258,4.234901545,2.52002349
"95% Confidence Interval - Upper",2012,"Purchases","All Transactions","Rest of the Europe Union (EU excluding Ireland)",1766.121303,NA,NA,716.0069828,9.973696746,NA,38.85329171,871.434842,94.36896796,NA,10.14592147,NA,29.05744776,NA,3.578740756,NA,0.917838187,NA
"95% Confidence Interval - Upper",2012,"Purchases","All Transactions","Rest of the World (all countries outside the UK and EU)",1977.073234,NA,NA,804.4842252,8.427920113,NA,10.03528544,1130.631729,8.494248481,NA,9.23689198,NA,37.57098663,NA,2.694748,NA,0.519905973,NA
"95% Confidence Interval - Upper",2012,"Purchases","All Transactions","External Sales/Purchases (outside NI)",NA,NA,NA,NA,NA,NA,NA,NA,NA,NA,NA,NA,NA,NA,NA,NA,NA,NA
"95% Confidence Interval - Upper",2012,"Purchases","All Transactions","Exports (outside UK)",NA,NA,NA,NA,NA,NA,NA,NA,NA,NA,NA,NA,NA,NA,NA,NA,NA,NA
"95% Confidence Interval - Upper",2012,"Purchases","All Transactions","Imports (outside UK)",5805.151109,4.473414874,29.47455715,2210.751442,79.27700578,25.81570806,124.1182942,2942.943057,220.2376965,41.81795633,52.884307,21.41428751,111.587591,89.85999106,8.038075345,1.769738604,5.453695481,15.59743321
"95% Confidence Interval - Upper",2013,"Sales","Goods","All countries",47881.77562,125.6975472,330.2819557,17574.10935,1196.648151,378.7632548,1370.557767,25427.45997,420.5965495,948.5000904,233.1671413,53.60687486,240.184014,304.9420638,17.64210256,47.91159023,59.40351835,37.72836054
"95% Confidence Interval - Upper",2013,"Sales","Goods","Northern Ireland",29674.31162,75.47870841,216.410334,3763.331179,1147.840785,206.9291297,1241.759162,21793.77731,356.897007,937.7542219,145.828776,52.91392971,157.9014766,147.3412793,NA,NA,56.74423054,NA
"95% Confidence Interval - Upper",2013,"Sales","Goods","Great Britain",9951.93312,NA,78.37631759,7896.7518,NA,55.95207318,101.1010079,1785.634076,NA,1.743985051,30.73012153,NA,41.0475997,26.45340585,NA,NA,NA,NA
"95% Confidence Interval - Upper",2013,"Sales","Goods","Ireland",3216.67891,NA,42.70998314,1452.712852,NA,13.92466624,58.79166627,1537.196855,26.13242174,NA,58.34208741,NA,4.520163911,121.7491082,0.459052831,NA,4.544005769,NA
"95% Confidence Interval - Upper",2013,"Sales","Goods","Rest of the Europe Union (EU excluding Ireland)",1957.203954,NA,NA,1558.268302,NA,NA,NA,331.9067077,NA,NA,0.646492258,NA,NA,NA,NA,NA,NA,NA
"95% Confidence Interval - Upper",2013,"Sales","Goods","Rest of the World (all countries outside the UK and EU)",3579.06279,NA,NA,3126.657339,NA,NA,NA,NA,NA,NA,1.662,NA,NA,NA,NA,NA,NA,NA
"95% Confidence Interval - Upper",2013,"Sales","Goods","External Sales/Purchases (outside NI)",18469.89892,NA,122.9426876,13903.72145,NA,176.6318562,151.065485,3858.098935,74.68698539,12.61232322,87.7713955,NA,94.5937571,169.4403107,NA,NA,NA,NA
"95% Confidence Interval - Upper",2013,"Sales","Goods","Exports (outside UK)",8634.584348,NA,45.0677086,6064.254408,NA,121.8716479,59.72203571,2170.958608,NA,11.28422222,60.65057967,NA,56.7686965,144.9134182,NA,NA,NA,0.442303085
"95% Confidence Interval - Upper",2013,"Sales","Goods","Imports (outside UK)",NA,NA,NA,NA,NA,NA,NA,NA,NA,NA,NA,NA,NA,NA,NA,NA,NA,NA
"95% Confidence Interval - Upper",2013,"Sales","Services","All countries",18045.65321,33.0678833,57.28409207,489.2852236,1119.536226,515.8298269,4096.437534,892.4898593,2720.383024,564.3739495,1832.439435,793.3016144,1712.466497,1544.421329,216.8730218,1016.39611,1026.175391,321.4929441
"95% Confidence Interval - Upper",2013,"Sales","Services","Northern Ireland",14127.37671,23.39611609,42.93252499,265.4107513,1102.503119,481.0935966,2835.764872,740.183036,1899.350065,538.0207685,1112.124713,674.7381074,1389.073066,1306.848152,180.8588362,1006.056863,1023.366691,309.8622431
"95% Confidence Interval - Upper",2013,"Sales","Services","Great Britain",2495.722429,NA,NA,69.12356524,NA,25.97705431,1104.227482,124.331013,NA,32.60596936,301.6002874,NA,196.4724146,139.4958868,18.36996738,NA,NA,7.290325098
"95% Confidence Interval - Upper",2013,"Sales","Services","Ireland",794.6833706,NA,10.01595738,44.68233961,NA,10.37576627,228.4771428,59.92117672,213.4943593,NA,208.6536977,NA,75.64196359,23.81275654,7.952997938,NA,2.829043745,NA
"95% Confidence Interval - Upper",2013,"Sales","Services","Rest of the Europe Union (EU excluding Ireland)",366.7999367,NA,NA,44.61490895,NA,NA,20.96374159,NA,NA,NA,38.85346037,NA,74.44993325,NA,NA,NA,NA,NA
"95% Confidence Interval - Upper",2013,"Sales","Services","Rest of the World (all countries outside the UK and EU)",570.0901304,NA,NA,94.80230487,NA,NA,NA,NA,NA,NA,297.2361482,NA,NA,NA,NA,NA,NA,NA
"95% Confidence Interval - Upper",2013,"Sales","Services","External Sales/Purchases (outside NI)",4073.685125,NA,14.38867479,237.2700452,NA,39.90935488,1320.650031,187.9894363,909.8332829,42.6018164,790.6419842,NA,374.5024977,257.4980243,41.12847507,NA,NA,NA
"95% Confidence Interval - Upper",2013,"Sales","Services","Exports (outside UK)",1662.117069,NA,13.16115078,175.8553476,NA,15.09592539,256.2763119,76.55254364,383.4197598,16.089036,520.3600121,NA,197.874932,121.6619522,NA,NA,NA,11.81350137
"95% Confidence Interval - Upper",2013,"Sales","Services","Imports (outside UK)",NA,NA,NA,NA,NA,NA,NA,NA,NA,NA,NA,NA,NA,NA,NA,NA,NA,NA
"95% Confidence Interval - Upper",2013,"Sales","All Transactions","All countries",65566.4002,149.9980169,381.6504791,18022.79149,2292.987086,857.5149672,5320.850626,26181.65824,3034.086413,1442.668493,2027.930306,834.4047421,1898.392172,1805.836193,228.6760477,1057.889193,1065.549373,351.8216485
"95% Confidence Interval - Upper",2013,"Sales","All Transactions","Northern Ireland",43491.31195,93.01260685,252.8748129,3997.65147,2228.049133,678.3542057,3947.863298,22406.61249,2168.180243,1406.020075,1227.031529,715.3485356,1495.203878,1426.599213,190.5968454,1045.480647,1060.861484,339.3552415
"95% Confidence Interval - Upper",2013,"Sales","All Transactions","Great Britain",12337.00412,29.31036504,NA,7953.08023,NA,80.69261436,1180.18179,1881.293013,625.2230199,NA,330.8640362,110.9705846,232.1197597,164.0270334,19.6689634,NA,NA,7.704531509
"95% Confidence Interval - Upper",2013,"Sales","All Transactions","Ireland",3938.016286,14.64283131,52.40812537,1491.186601,38.7272427,21.76788984,276.1628672,1577.653563,229.8648401,13.99196615,249.4039544,17.67781829,79.20389422,141.7166633,8.193504224,7.593836893,6.463527584,11.83890814
"95% Confidence Interval - Upper",2013,"Sales","All Transactions","Rest of the Europe Union (EU excluding Ireland)",2282.923679,NA,NA,1596.469122,NA,83.24270909,22.43562946,343.3208581,137.813091,NA,39.49995263,NA,82.94276065,NA,NA,NA,NA,NA
"95% Confidence Interval - Upper",2013,"Sales","All Transactions","Rest of the World (all countries outside the UK and EU)",4123.451253,NA,NA,3214.932366,NA,34.70263333,12.05307422,387.1851717,69.60205801,NA,298.8981482,NA,111.6928044,NA,NA,NA,NA,NA
"95% Confidence Interval - Upper",2013,"Sales","All Transactions","External Sales/Purchases (outside NI)",22395.21548,67.31143605,137.0659654,14123.65926,78.833301,210.8145985,1443.669212,4008.419894,970.4851706,53.62411089,861.0276937,132.2178042,460.8693789,413.6521674,43.45798328,16.38927111,8.551763726,18.25362729
"95% Confidence Interval - Upper",2013,"Sales","All Transactions","Exports (outside UK)",10205.95636,41.81011514,NA,6228.581777,NA,131.8549321,304.8031781,2227.47927,399.2742861,NA,564.096526,26.06805019,248.8187812,261.9888109,24.87749298,NA,NA,12.01474263
"95% Confidence Interval - Upper",2013,"Sales","All Transactions","Imports (outside UK)",NA,NA,NA,NA,NA,NA,NA,NA,NA,NA,NA,NA,NA,NA,NA,NA,NA,NA
"95% Confidence Interval - Upper",2013,"Purchases","Goods","All countries",33909.49983,67.11218295,194.0787453,8488.396347,744.5385379,216.380295,1826.350634,19919.7668,914.6146847,607.721124,354.9245683,156.2185552,266.0117113,324.1215204,73.78731126,149.3371329,197.9490568,138.7665256
"95% Confidence Interval - Upper",2013,"Purchases","Goods","Northern Ireland",17430.44452,58.10909116,161.7304537,4126.991463,370.8015723,138.3429642,1453.027983,9586.178477,534.9024953,549.9415131,63.51580363,141.7805036,199.0592721,117.2008754,38.15174897,143.0287839,170.4648719,123.7499169
"95% Confidence Interval - Upper",2013,"Purchases","Goods","Great Britain",11540.04903,9.304069634,18.45619887,2520.227629,340.9224388,45.1790011,273.0390092,7812.300037,259.2903457,30.0460598,239.3873263,6.240756024,61.81275378,96.31281328,NA,NA,NA,13.64691237
"95% Confidence Interval - Upper",2013,"Purchases","Goods","Ireland",2060.096308,NA,NA,567.4181665,NA,36.68551966,75.13683477,1173.342399,135.9790728,37.17557035,8.746446993,NA,7.523865247,108.2798717,NA,NA,1.782664962,3.495110389
"95% Confidence Interval - Upper",2013,"Purchases","Goods","Rest of the Europe Union (EU excluding Ireland)",1608.723131,NA,NA,663.6546383,NA,NA,63.40762293,835.4575713,46.82983695,NA,NA,NA,6.595488985,22.13630566,NA,NA,NA,NA
"95% Confidence Interval - Upper",2013,"Purchases","Goods","Rest of the World (all countries outside the UK and EU)",1870.123814,NA,NA,753.031276,NA,NA,NA,1064.298837,18.42204985,NA,NA,NA,5.458529252,NA,NA,0.307691997,NA,NA
"95% Confidence Interval - Upper",2013,"Purchases","Goods","External Sales/Purchases (outside NI)",16791.10884,11.78330204,34.05749246,4423.806406,377.0271372,82.47507009,400.5351599,10631.41508,423.7782597,64.87930846,296.9495628,17.19129578,78.95901858,219.3635473,NA,7.759268745,NA,18.10533157
"95% Confidence Interval - Upper",2013,"Purchases","Goods","Exports (outside UK)",NA,NA,NA,NA,NA,NA,NA,NA,NA,NA,NA,NA,NA,NA,NA,NA,NA,NA
"95% Confidence Interval - Upper",2013,"Purchases","Goods","Imports (outside UK)",5403.799241,NA,16.78799892,1939.216004,36.56507817,NA,140.3493416,2960.552754,185.5048948,37.58888452,76.91517896,NA,18.64120462,134.1363896,NA,NA,NA,6.043318932
"95% Confidence Interval - Upper",2013,"Purchases","Services","All countries",9660.653997,20.82247011,71.2503623,1248.061503,1095.360459,221.5508735,1974.19768,1336.11037,944.3119405,211.6622191,650.2879815,153.8404734,545.8467509,477.3766135,128.6569846,211.4436367,771.4089565,175.1805568
"95% Confidence Interval - Upper",2013,"Purchases","Services","Northern Ireland",6600.89156,18.34870001,48.08822116,663.3978603,1017.492295,172.5252543,1151.69107,806.7460448,606.0567889,202.0651872,321.8597558,121.2050233,460.1937398,335.6537403,115.1733376,204.7673131,630.8726362,168.3789658
"95% Confidence Interval - Upper",2013,"Purchases","Services","Great Britain",2719.19176,NA,8.484621989,522.8528458,NA,NA,798.0272099,511.5407337,298.7749948,8.258406272,300.4620552,27.73383224,58.82137988,120.6468741,NA,NA,NA,6.416194428
"95% Confidence Interval - Upper",2013,"Purchases","Services","Ireland",253.3836599,NA,NA,23.31364002,34.79173325,0.857474773,57.59497015,33.59005897,37.88423009,3.611238822,52.00515009,NA,14.38102437,16.98825197,NA,NA,1.729284767,1.011528313
"95% Confidence Interval - Upper",2013,"Purchases","Services","Rest of the Europe Union (EU excluding Ireland)",117.5324835,NA,NA,24.00339976,NA,NA,NA,10.81548073,27.46694253,NA,NA,NA,29.7129977,NA,NA,NA,NA,NA
"95% Confidence Interval - Upper",2013,"Purchases","Services","Rest of the World (all countries outside the UK and EU)",97.15372158,NA,NA,31.51550602,NA,NA,NA,12.16626912,19.80988791,NA,11.75535875,NA,9.768072745,NA,NA,NA,NA,NA
"95% Confidence Interval - Upper",2013,"Purchases","Services","External Sales/Purchases (outside NI)",3130.380155,2.89755954,24.28384524,596.7913787,83.31777763,53.82346031,850.1089373,557.3705795,367.1325047,12.36988057,345.2844012,35.93532317,102.7443996,149.9843535,NA,7.377213673,NA,8.794878525
"95% Confidence Interval - Upper",2013,"Purchases","Services","Exports (outside UK)",NA,NA,NA,NA,NA,NA,NA,NA,NA,NA,NA,NA,NA,NA,NA,NA,NA,NA
"95% Confidence Interval - Upper",2013,"Purchases","Services","Imports (outside UK)",448.1500781,NA,15.9488866,76.83456986,NA,NA,69.88856921,53.2246215,78.94870601,4.911199871,72.06256022,NA,49.20464294,34.62412833,NA,NA,NA,2.808268635
"95% Confidence Interval - Upper",2013,"Purchases","All Transactions","All countries",43343.66487,85.37072085,263.3917517,9711.393487,1833.055175,433.7979278,3738.483954,21152.91567,1809.476408,792.1544466,940.9856562,306.6900743,786.4572954,764.9266729,199.8609612,350.2622359,956.4948531,307.2847143
"95% Confidence Interval - Upper",2013,"Purchases","All Transactions","Northern Ireland",23863.1401,73.94371585,207.2322328,4768.095062,1383.94355,307.071278,2561.530897,10300.17521,1098.164629,725.0151663,379.4718477,259.3149926,635.830293,437.753126,150.8247094,337.4560734,790.0901938,285.5021075
"95% Confidence Interval - Upper",2013,"Purchases","All Transactions","Great Britain",14144.73126,11.54267997,26.58835103,3026.81804,386.2466116,96.74661091,1054.762937,8287.506793,534.8873157,37.19674624,492.3845681,32.46286222,116.2271342,200.612981,NA,NA,NA,18.54468695
"95% Confidence Interval - Upper",2013,"Purchases","All Transactions","Ireland",2280.654484,2.861638635,20.18611786,588.8074841,47.56945786,37.25534469,127.0154695,1198.392715,168.8932131,39.85290344,60.30565906,17.56447047,20.42189065,120.3863815,2.190042805,1.500193406,3.429210371,4.31686564
"95% Confidence Interval - Upper",2013,"Purchases","All Transactions","Rest of the Europe Union (EU excluding Ireland)",1708.01224,NA,NA,685.926699,NA,NA,75.75999493,844.4285915,67.24060641,2.111539605,14.27565549,NA,35.36261403,NA,NA,NA,1.666808999,NA
"95% Confidence Interval - Upper",2013,"Purchases","All Transactions","Rest of the World (all countries outside the UK and EU)",1962.613926,NA,NA,783.2726195,NA,NA,11.42160054,1074.990122,37.058287,0.096987636,77.71126969,NA,15.18083882,NA,1.824,NA,NA,NA
"95% Confidence Interval - Upper",2013,"Purchases","All Transactions","External Sales/Purchases (outside NI)",19800.55654,14.43860293,58.00750505,5003.366156,455.8298688,134.5172856,1228.59719,11151.87969,769.7808098,75.85339003,585.6640881,51.66512973,174.7542203,345.4467181,51.97211792,14.42524625,182.5452015,25.21568144
"95% Confidence Interval - Upper",2013,"Purchases","All Transactions","Exports (outside UK)",NA,NA,NA,NA,NA,NA,NA,NA,NA,NA,NA,NA,NA,NA,NA,NA,NA,NA
"95% Confidence Interval - Upper",2013,"Purchases","All Transactions","Imports (outside UK)",5813.234888,4.150506036,32.10955545,2012.95349,73.05690768,40.55828687,200.9516675,3005.366676,253.4734698,41.58756074,126.8665239,20.58605687,65.75230084,163.7163256,NA,NA,NA,8.400229444
"95% Confidence Interval - Upper",2014,"Sales","Goods","All countries",49270.21931,105.4507523,361.7377879,17677.72588,1757.459453,487.7274186,1736.047591,24908.68666,441.4029738,1204.439765,290.9208938,84.60322671,724.0963565,277.0564161,10.9152156,40.00190717,66.96950056,54.98599535
"95% Confidence Interval - Upper",2014,"Sales","Goods","Northern Ireland",30849.64626,72.35738031,279.5286859,3791.972715,1723.629895,275.0111753,1343.246776,21607.42609,362.3445624,1195.936889,197.7073258,65.83886816,510.0967679,122.6700777,8.531131382,39.84532531,58.59491196,49.70239263
"95% Confidence Interval - Upper",2014,"Sales","Goods","Great Britain",10527.46103,NA,NA,8380.765306,NA,89.0281151,353.6134085,NA,98.02619761,NA,85.52537018,NA,101.2068295,49.71705427,0.385240926,NA,NA,6.770198765
"95% Confidence Interval - Upper",2014,"Sales","Goods","Ireland",3044.896303,NA,40.18081222,1400.508769,NA,4.641985331,93.14381332,1439.048722,14.69449612,NA,17.13183238,NA,47.40440823,82.39778266,NA,NA,NA,0.418119109
"95% Confidence Interval - Upper",2014,"Sales","Goods","Rest of the Europe Union (EU excluding Ireland)",1867.4519,NA,NA,1404.632442,NA,NA,NA,382.4637362,NA,NA,0.629309985,NA,27.76172788,NA,NA,NA,NA,NA
"95% Confidence Interval - Upper",2014,"Sales","Goods","Rest of the World (all countries outside the UK and EU)",3469.193295,NA,NA,2897.909079,NA,NA,NA,NA,NA,NA,2.721795338,NA,102.2873081,NA,NA,NA,NA,NA
"95% Confidence Interval - Upper",2014,"Sales","Goods","External Sales/Purchases (outside NI)",18673.50656,NA,109.1431302,13974.12729,NA,230.4095932,430.0616887,3521.378064,113.2522495,11.29667152,103.0447198,20.90843972,243.0522554,158.3189809,NA,NA,13.2662644,9.073132998
"95% Confidence Interval - Upper",2014,"Sales","Goods","Exports (outside UK)",8253.165904,NA,41.40524276,5643.792287,NA,148.9480674,97.05978314,2145.038023,15.43192549,NA,19.88320425,NA,157.4381096,111.6396795,NA,NA,NA,3.185686313
"95% Confidence Interval - Upper",2014,"Sales","Goods","Imports (outside UK)",NA,NA,NA,NA,NA,NA,NA,NA,NA,NA,NA,NA,NA,NA,NA,NA,NA,NA
"95% Confidence Interval - Upper",2014,"Sales","Services","All countries",18174.8415,41.25059979,48.45987075,630.2250899,337.565454,440.520755,4175.505405,1619.535163,2884.648277,553.9504633,1592.751693,796.3574362,1800.431129,1571.702959,233.1127695,1011.20383,1058.284676,322.2795377
"95% Confidence Interval - Upper",2014,"Sales","Services","Northern Ireland",13815.56447,NA,NA,286.4567719,NA,421.9936778,2929.818887,1269.974714,2037.374208,531.9044423,938.2870017,718.4634693,1321.660061,1258.836368,191.4286376,999.0631208,1049.891744,312.713876
"95% Confidence Interval - Upper",2014,"Sales","Services","Great Britain",2857.361669,NA,NA,172.1115028,NA,21.24123608,1050.502982,NA,563.4049006,NA,256.4142872,72.63802098,310.673755,237.9124906,27.44752435,NA,NA,11.8683348
"95% Confidence Interval - Upper",2014,"Sales","Services","Ireland",751.9526143,NA,5.937826638,69.57828824,NA,6.772851962,228.9139535,32.74596417,226.7328775,NA,92.33001762,NA,92.83950991,39.55705234,NA,NA,NA,3.815087075
"95% Confidence Interval - Upper",2014,"Sales","Services","Rest of the Europe Union (EU excluding Ireland)",356.2094357,NA,NA,44.03797186,NA,NA,43.84269786,15.10339401,NA,NA,36.17799115,NA,80.85865533,NA,NA,NA,NA,NA
"95% Confidence Interval - Upper",2014,"Sales","Services","Rest of the World (all countries outside the UK and EU)",607.1523939,NA,NA,89.16333717,NA,NA,NA,NA,NA,NA,354.2717073,NA,82.84052286,NA,NA,NA,NA,NA
"95% Confidence Interval - Upper",2014,"Sales","Services","External Sales/Purchases (outside NI)",4480.234254,NA,NA,357.7618246,NA,27.27537688,1301.748016,360.7808872,888.5391839,37.70410679,710.5440463,87.62438683,526.3209707,361.4169107,NA,NA,14.54763131,16.04446392
"95% Confidence Interval - Upper",2014,"Sales","Services","Exports (outside UK)",1668.878357,NA,8.151380762,193.0353794,NA,6.944713995,280.9857024,NA,340.1034518,17.79903824,472.2354007,NA,233.7811559,128.5619201,NA,NA,NA,6.337214338
"95% Confidence Interval - Upper",2014,"Sales","Services","Imports (outside UK)",NA,NA,NA,NA,NA,NA,NA,NA,NA,NA,NA,NA,NA,NA,NA,NA,NA,NA
"95% Confidence Interval - Upper",2014,"Sales","All Transactions","All countries",67093.5555,139.4099099,403.384888,18261.37439,2087.000386,896.6423818,5779.529866,26338.36657,3254.415353,1662.727253,1857.002326,869.4000234,2430.782597,1820.048888,239.6650543,1045.903338,1110.014474,368.1987445
"95% Confidence Interval - Upper",2014,"Sales","All Transactions","Northern Ireland",44341.48474,105.7418221,310.6967937,4043.252935,2047.295128,672.7170744,4157.635806,22680.95436,2330.836548,1633.120209,1113.27839,772.9446074,1748.5189,1357.473527,195.6093313,1033.66193,1097.091714,353.4984496
"95% Confidence Interval - Upper",2014,"Sales","All Transactions","Great Britain",13300.5917,10.74599376,69.28454625,8540.718539,18.63297639,101.460074,1368.189404,1763.890853,638.3047823,24.19525078,337.799951,86.47222414,393.690166,282.025523,27.8225952,5.075924658,19.91742194,18.40134718
"95% Confidence Interval - Upper",2014,"Sales","All Transactions","Ireland",3742.690349,11.92509147,46.10423061,1459.162991,NA,11.05471094,303.2908905,1466.271368,238.2666546,NA,107.7827955,18.8549352,128.6844724,117.7860293,7.339787955,8.52701863,3.410190246,4.170262733
"95% Confidence Interval - Upper",2014,"Sales","All Transactions","Rest of the Europe Union (EU excluding Ireland)",2196.980389,NA,NA,1442.72706,NA,73.14825063,46.46747068,393.5756855,106.6563995,NA,36.66283981,NA,103.8410912,NA,11.79119602,NA,NA,NA
"95% Confidence Interval - Upper",2014,"Sales","All Transactions","Rest of the World (all countries outside the UK and EU)",4050.311466,NA,NA,2981.410327,NA,71.73938979,20.89658438,431.5494425,21.52374984,NA,356.1994093,NA,172.8029789,NA,5.107964983,NA,NA,NA
"95% Confidence Interval - Upper",2014,"Sales","All Transactions","External Sales/Purchases (outside NI)",23027.46945,38.1816258,118.5315079,14311.60012,46.82973269,248.4487329,1691.023052,3870.955618,974.245395,47.31031537,801.5631052,106.4539574,736.3623449,510.9419718,51.41065937,17.46559145,23.38526342,24.57655215
"95% Confidence Interval - Upper",2014,"Sales","All Transactions","Exports (outside UK)",9851.930445,29.2320237,49.54114999,5822.862315,28.21410839,155.2160353,358.828375,2192.902002,352.3840291,24.95861387,490.0900623,25.14972929,368.0846358,235.4839903,24.01790684,12.45519006,5.548705577,9.154010609
"95% Confidence Interval - Upper",2014,"Sales","All Transactions","Imports (outside UK)",NA,NA,NA,NA,NA,NA,NA,NA,NA,NA,NA,NA,NA,NA,NA,NA,NA,NA
"95% Confidence Interval - Upper",2014,"Purchases","Goods","All countries",35067.19284,53.02683329,195.7746898,8762.132889,1102.257861,231.6938057,2197.800538,20093.06067,664.2304428,707.475535,322.9125446,190.581374,567.5274671,358.9574737,59.17825699,144.549529,114.5692801,78.98071598
"95% Confidence Interval - Upper",2014,"Purchases","Goods","Northern Ireland",18061.51254,43.76211352,135.1298204,3938.282206,NA,139.1928819,1632.660275,9948.62828,319.9194031,627.4775924,93.7146386,NA,296.7760255,182.0321873,NA,137.0237042,NA,62.28528657
"95% Confidence Interval - Upper",2014,"Purchases","Goods","Great Britain",11735.50486,10.19657194,NA,2737.563189,NA,NA,456.4963841,7541.914239,268.5107487,41.07074374,216.112024,22.2150882,211.892846,82.02763143,NA,NA,NA,16.47349759
"95% Confidence Interval - Upper",2014,"Purchases","Goods","Ireland",2158.289644,3.391695889,28.2110645,665.74598,NA,NA,121.1444426,1132.290364,79.54725443,69.35458085,12.99576488,NA,57.06961312,70.30731339,NA,NA,1.579567804,1.61230731
"95% Confidence Interval - Upper",2014,"Purchases","Goods","Rest of the Europe Union (EU excluding Ireland)",1733.546432,NA,NA,774.9740678,1.449441629,NA,62.68654897,857.5448033,NA,NA,6.699101015,NA,16.8679721,NA,NA,NA,0.728202916,NA
"95% Confidence Interval - Upper",2014,"Purchases","Goods","Rest of the World (all countries outside the UK and EU)",1864.91272,NA,NA,767.7563207,NA,NA,NA,1054.725547,NA,NA,5.181620145,NA,5.556932094,9.906154391,NA,NA,NA,NA
"95% Confidence Interval - Upper",2014,"Purchases","Goods","External Sales/Purchases (outside NI)",17288.52339,13.28012348,64.63785123,4876.140538,NA,102.0848508,617.9260593,10409.42865,380.1722371,107.5271511,236.8420339,NA,290.0690601,189.3583402,NA,8.513680041,NA,21.56223123
"95% Confidence Interval - Upper",2014,"Purchases","Goods","Exports (outside UK)",NA,NA,NA,NA,NA,NA,NA,NA,NA,NA,NA,NA,NA,NA,NA,NA,NA,NA
"95% Confidence Interval - Upper",2014,"Purchases","Goods","Imports (outside UK)",5668.31959,4.683474221,34.65059119,2175.771752,NA,NA,182.816855,2969.010728,135.684259,70.66996961,23.49067906,NA,78.67658806,107.6685608,NA,NA,NA,7.174919203
"95% Confidence Interval - Upper",2014,"Purchases","Services","All countries",9579.215505,35.33858158,100.5117236,1356.111267,646.3879301,187.7537231,1728.171429,1244.419169,1249.068819,248.9854244,595.6264127,179.5672905,550.3828737,412.759962,134.0290136,264.0591037,927.2755961,219.1524248
"95% Confidence Interval - Upper",2014,"Purchases","Services","Northern Ireland",6633.823262,33.4261812,93.41421621,794.2118528,NA,125.474771,986.4257529,877.2934968,792.0734611,219.4357566,358.4181681,NA,399.817046,222.868775,NA,237.4576168,NA,212.5914691
"95% Confidence Interval - Upper",2014,"Purchases","Services","Great Britain",2401.02425,NA,NA,434.6807402,NA,NA,696.0195139,324.5117898,322.2102147,23.50496185,218.2768385,18.82626348,147.0232297,156.3814466,NA,20.33389928,NA,5.366054333
"95% Confidence Interval - Upper",2014,"Purchases","Services","Ireland",333.9722109,NA,2.570567396,53.05817576,37.55368033,NA,67.41844958,52.05314425,74.37209089,4.176979607,16.31710036,NA,10.36399744,9.870013352,NA,NA,2.282418121,0.703982932
"95% Confidence Interval - Upper",2014,"Purchases","Services","Rest of the Europe Union (EU excluding Ireland)",166.087984,NA,NA,50.40296979,NA,NA,NA,15.40741164,58.03303662,4.088366644,8.624480729,NA,14.45860266,NA,NA,NA,0.562733723,NA
"95% Confidence Interval - Upper",2014,"Purchases","Services","Rest of the World (all countries outside the UK and EU)",170.399534,NA,NA,44.9377805,NA,NA,NA,19.71771305,NA,NA,10.34067465,NA,2.36971877,NA,NA,NA,1.05594091,NA
"95% Confidence Interval - Upper",2014,"Purchases","Services","External Sales/Purchases (outside NI)",3004.752635,2.553796697,8.116340268,574.721244,97.82653974,68.31875986,768.0948225,391.9887315,493.7484194,31.51798831,247.9961947,25.44492546,167.1244254,192.7571954,NA,31.45314515,NA,7.657778336
"95% Confidence Interval - Upper",2014,"Purchases","Services","Exports (outside UK)",NA,NA,NA,NA,NA,NA,NA,NA,NA,NA,NA,NA,NA,NA,NA,NA,NA,NA
"95% Confidence Interval - Upper",2014,"Purchases","Services","Imports (outside UK)",641.3222766,NA,NA,145.2448747,38.76368033,NA,79.91967155,79.10723904,188.8261092,8.322740349,33.92967183,NA,25.2585544,37.65271632,NA,NA,3.870894984,2.468525405
"95% Confidence Interval - Upper",2014,"Purchases","All Transactions","All countries",44475.05839,85.76676818,295.3565402,10092.16739,1744.862487,410.0613285,3868.254503,21286.73156,1856.726229,928.8409063,904.46223,365.8417447,1074.468891,744.308964,191.6204333,403.2922226,1030.055606,292.9365958
"95% Confidence Interval - Upper",2014,"Purchases","All Transactions","Northern Ireland",24559.15964,74.92024883,227.9643404,4708.003503,1280.533856,254.7173878,2580.277009,10782.20068,1079.745814,815.7981184,441.2553334,316.0962315,666.979889,388.952201,148.5999111,371.6751943,942.1152901,270.2680262
"95% Confidence Interval - Upper",2014,"Purchases","All Transactions","Great Britain",14060.36311,11.17701049,35.70861601,3155.752707,422.5223772,95.95444294,1121.650221,7836.499065,568.9291997,61.19057693,430.3766538,39.8716538,339.2395239,227.4316757,NA,NA,NA,20.75082918
"95% Confidence Interval - Upper",2014,"Purchases","All Transactions","Ireland",2477.605943,4.457745531,30.67907315,716.0564721,41.91964409,75.42855566,180.4506392,1178.653871,148.6619389,73.08121755,27.19109141,14.80810083,65.84993215,78.99550743,3.37162492,0.877156082,3.795977803,2.306392039
"95% Confidence Interval - Upper",2014,"Purchases","All Transactions","Rest of the Europe Union (EU excluding Ireland)",1880.836827,NA,NA,821.7527088,NA,NA,74.19397852,870.2565033,75.70649687,5.622764918,14.8857573,NA,30.15756405,32.85615705,NA,NA,1.152576662,NA
"95% Confidence Interval - Upper",2014,"Purchases","All Transactions","Rest of the World (all countries outside the UK and EU)",2006.345945,NA,NA,811.6348356,NA,NA,19.17727428,1065.863231,111.1332308,0.399009077,15.16954487,NA,7.86345199,32.67211547,NA,NA,NA,NA
"95% Confidence Interval - Upper",2014,"Purchases","All Transactions","External Sales/Purchases (outside NI)",20204.6677,15.41623683,72.3288261,5433.15852,466.5746878,169.7108994,1347.790648,10772.52262,836.1714035,138.434389,480.2235775,53.35378769,435.8299452,365.223675,45.13943562,38.81408123,107.703307,28.11620628
"95% Confidence Interval - Upper",2014,"Purchases","All Transactions","Exports (outside UK)",NA,NA,NA,NA,NA,NA,NA,NA,NA,NA,NA,NA,NA,NA,NA,NA,NA,NA
"95% Confidence Interval - Upper",2014,"Purchases","All Transactions","Imports (outside UK)",6265.823573,6.067007268,37.35271713,2316.174596,44.48565462,81.45222182,252.2260104,3037.489688,306.4626003,78.59155553,55.12387822,16.72532509,98.37052292,144.0117002,NA,NA,NA,9.482064537
"95% Confidence Interval - Upper",2015,"Sales","Goods","All countries",49017.70604,104.0864079,342.2083938,17756.6973,1381.815235,416.2084435,2096.084177,24610.00218,404.5767571,1266.456112,388.4311434,46.86801591,646.1862834,383.3732736,15.54297678,26.44844301,107.4263887,50.67127135
"95% Confidence Interval - Upper",2015,"Sales","Goods","Northern Ireland",30648.25531,78.16651769,239.2009944,3788.297395,1343.223858,263.5939247,1687.529282,21484.69587,327.7790514,1261.247624,165.0504202,40.65375928,412.3788423,215.7545152,10.8311939,NA,NA,49.59825669
"95% Confidence Interval - Upper",2015,"Sales","Goods","Great Britain",10686.12853,NA,NA,8346.346848,NA,NA,375.7839598,NA,74.32864378,NA,213.8268656,7.960580252,97.13862043,27.17770921,1.603158371,NA,NA,NA
"95% Confidence Interval - Upper",2015,"Sales","Goods","Ireland",2884.841734,NA,31.72720123,1292.118772,NA,9.0938413,85.86939596,1374.156288,8.736810801,NA,42.96255881,0.554896168,52.25399351,77.41566432,NA,NA,3.162712014,NA
"95% Confidence Interval - Upper",2015,"Sales","Goods","Rest of the Europe Union (EU excluding Ireland)",1887.377416,NA,NA,1524.863902,NA,NA,NA,295.1244055,NA,NA,1.398811542,NA,10.35,NA,NA,NA,NA,NA
"95% Confidence Interval - Upper",2015,"Sales","Goods","Rest of the World (all countries outside the UK and EU)",3462.463614,NA,NA,2987.181375,NA,NA,NA,304.5398958,NA,NA,23.12784638,NA,130.7678098,NA,NA,NA,NA,NA
"95% Confidence Interval - Upper",2015,"Sales","Goods","External Sales/Purchases (outside NI)",18657.31628,31.04167233,107.4480484,14061.4881,38.63394915,164.9937771,447.410749,NA,83.55201622,NA,253.7241963,8.319865942,269.90247,171.5937912,4.862158371,NA,NA,1.342538453
"95% Confidence Interval - Upper",2015,"Sales","Goods","Exports (outside UK)",8103.284523,NA,33.10420574,5755.317977,NA,116.6933903,90.28347612,1882.276538,9.992203975,NA,58.60559325,0.578323409,181.7123502,145.8992735,NA,NA,3.382900426,NA
"95% Confidence Interval - Upper",2015,"Sales","Goods","Imports (outside UK)",NA,NA,NA,NA,NA,NA,NA,NA,NA,NA,NA,NA,NA,NA,NA,NA,NA,NA
"95% Confidence Interval - Upper",2015,"Sales","Services","All countries",19361.98283,21.97174245,82.35185292,733.1284364,549.0429751,510.2694736,4502.68256,1211.904446,3175.473735,543.1104793,1873.490027,835.6526844,1935.644417,1703.561346,250.3397524,1074.235864,931.9986313,376.4852095
"95% Confidence Interval - Upper",2015,"Sales","Services","Northern Ireland",14403.06215,19.94782394,77.83773597,355.1631182,540.0573458,486.7460519,3054.961216,843.1399349,2166.695362,536.7982563,1066.662406,773.4367893,1444.301416,1329.742877,210.9505243,1051.563571,919.6664586,360.7934869
"95% Confidence Interval - Upper",2015,"Sales","Services","Great Britain",3502.878952,NA,NA,225.8714783,7.821432941,NA,1354.559084,NA,800.3903071,NA,346.6239114,60.85142905,293.7944129,301.2869086,23.14892003,NA,NA,NA
"95% Confidence Interval - Upper",2015,"Sales","Services","Ireland",735.7370416,NA,3.165021342,67.31175448,NA,12.85446505,142.2692559,75.8160487,191.4732897,NA,182.5629124,6.265885366,82.48665622,61.48939009,NA,NA,2.448870703,NA
"95% Confidence Interval - Upper",2015,"Sales","Services","Rest of the Europe Union (EU excluding Ireland)",401.1636112,NA,NA,37.02567761,NA,NA,53.16729,11.39318485,NA,NA,15.61444718,NA,103.2533465,NA,NA,NA,NA,NA
"95% Confidence Interval - Upper",2015,"Sales","Services","Rest of the World (all countries outside the UK and EU)",663.3034938,NA,NA,85.45002156,NA,NA,NA,NA,NA,NA,357.0038753,NA,111.0160098,NA,NA,NA,NA,NA
"95% Confidence Interval - Upper",2015,"Sales","Services","External Sales/Purchases (outside NI)",5147.429724,3.542716226,4.880581623,396.96374,11.00974151,36.87326478,1531.498324,NA,1125.918116,NA,846.7411791,70.44855026,539.9116052,460.7079996,46.32480213,NA,NA,23.48644762
"95% Confidence Interval - Upper",2015,"Sales","Services","Exports (outside UK)",1724.214767,NA,NA,180.4224342,NA,NA,205.201513,NA,376.2809743,NA,528.0994687,12.79449349,269.6376035,171.8351029,NA,NA,NA,NA
"95% Confidence Interval - Upper",2015,"Sales","Services","Imports (outside UK)",NA,NA,NA,NA,NA,NA,NA,NA,NA,NA,NA,NA,NA,NA,NA,NA,NA,NA
"95% Confidence Interval - Upper",2015,"Sales","All Transactions","All countries",67974.45394,121.3387407,417.1647505,18436.61799,1926.782493,888.6058726,6389.180916,25690.05143,3499.245879,1718.838586,2200.578623,872.4861725,2484.782265,2048.522642,261.5668864,1095.111305,1022.269804,415.4881384
"95% Confidence Interval - Upper",2015,"Sales","All Transactions","Northern Ireland",44701.9586,93.4517053,310.593982,4105.346412,1879.764961,721.4148347,4549.441602,22201.7995,2427.017715,1707.292983,1207.809161,804.3785285,1775.531384,1512.146088,217.5481078,1072.19239,1006.60553,398.9993206
"95% Confidence Interval - Upper",2015,"Sales","All Transactions","Great Britain",14057.77372,11.85718117,77.795389,8552.643197,NA,77.57761726,1702.024815,1894.963929,869.2798713,NA,529.6130777,66.95868979,386.5056704,325.8275389,24.60833156,NA,NA,NA
"95% Confidence Interval - Upper",2015,"Sales","All Transactions","Ireland",3551.146074,17.36289491,33.60352636,1351.037608,NA,20.31278365,210.8585603,1423.85417,198.6434571,NA,208.5990309,6.64924763,127.1057088,133.3699598,10.1193223,13.16463455,5.018508096,5.846638306
"95% Confidence Interval - Upper",2015,"Sales","All Transactions","Rest of the Europe Union (EU excluding Ireland)",2243.28651,NA,NA,1556.497911,NA,47.73951161,55.36886764,304.7908484,161.7055312,NA,16.56371394,NA,113.6033465,NA,NA,NA,NA,NA
"95% Confidence Interval - Upper",2015,"Sales","All Transactions","Rest of the World (all countries outside the UK and EU)",4088.881984,NA,NA,3065.388994,NA,61.48461798,18.77301578,316.0515336,62.67573657,NA,371.4892749,NA,226.7801579,NA,NA,NA,NA,NA
"95% Confidence Interval - Upper",2015,"Sales","All Transactions","External Sales/Purchases (outside NI)",23625.00973,34.03243806,111.0408558,14431.19496,49.60123993,191.8086065,1940.502546,3735.942945,1202.813347,16.83199503,1050.075682,76.8330845,777.3774143,624.1937361,51.04135914,34.11974932,23.15330585,24.64125899
"95% Confidence Interval - Upper",2015,"Sales","All Transactions","Exports (outside UK)",9725.298453,24.38579012,35.02542987,5922.934403,NA,124.6859952,274.8587273,1951.995394,384.4911896,NA,565.6718379,13.15364095,422.0644724,311.5009511,27.41936101,NA,NA,NA
"95% Confidence Interval - Upper",2015,"Sales","All Transactions","Imports (outside UK)",NA,NA,NA,NA,NA,NA,NA,NA,NA,NA,NA,NA,NA,NA,NA,NA,NA,NA
"95% Confidence Interval - Upper",2015,"Purchases","Goods","All countries",34744.49661,40.41333621,180.5905213,8319.583482,951.378952,271.3171492,2487.094788,19809.40017,793.3734375,669.691888,340.5313514,177.70893,501.1082724,430.1026798,75.90822517,150.4663914,308.6260491,84.55381326
"95% Confidence Interval - Upper",2015,"Purchases","Goods","Northern Ireland",18064.1773,NA,NA,3581.127134,NA,154.3718181,1916.694934,9826.981764,426.4764041,580.0506464,131.3067577,167.8166911,374.27576,229.162453,NA,142.6258286,NA,65.91319616
"95% Confidence Interval - Upper",2015,"Purchases","Goods","Great Britain",11420.37194,NA,NA,2484.306418,297.0301806,NA,520.1437329,7500.852492,282.5301459,54.19459657,205.3039364,9.024254907,90.00544426,112.7018688,NA,NA,NA,18.27068188
"95% Confidence Interval - Upper",2015,"Purchases","Goods","Ireland",1794.545935,NA,21.65235707,515.6450019,4.70256918,NA,78.81048807,996.5960116,85.18982788,64.71018806,11.54804095,1.687651864,25.07347419,61.6059483,NA,NA,2.82807286,1.27350888
"95% Confidence Interval - Upper",2015,"Purchases","Goods","Rest of the Europe Union (EU excluding Ireland)",2017.66063,1.956079509,NA,913.9753566,NA,12.98133187,58.55189556,984.2599061,NA,NA,3.341004739,NA,16.19464163,34.96043934,NA,NA,4.06614654,NA
"95% Confidence Interval - Upper",2015,"Purchases","Goods","Rest of the World (all countries outside the UK and EU)",1984.789035,NA,NA,934.907184,NA,NA,NA,999.0922466,NA,NA,NA,NA,6.205398737,13.19579211,1.685751774,NA,NA,NA
"95% Confidence Interval - Upper",2015,"Purchases","Goods","External Sales/Purchases (outside NI)",16987.60557,NA,NA,4784.887626,NA,142.0225772,643.5936204,10269.23654,414.5527909,112.3757107,222.5374489,10.83177905,130.9289523,217.6136328,NA,9.395187245,NA,23.08444999
"95% Confidence Interval - Upper",2015,"Purchases","Goods","Exports (outside UK)",NA,NA,NA,NA,NA,NA,NA,NA,NA,NA,NA,NA,NA,NA,NA,NA,NA,NA
"95% Confidence Interval - Upper",2015,"Purchases","Goods","Imports (outside UK)",5684.455844,NA,27.01353222,2328.834183,NA,49.58371983,134.9659186,2876.890784,157.0564944,65.5760425,18.42821014,1.994609772,44.26818698,108.9436878,3.507295115,NA,NA,7.007862568
"95% Confidence Interval - Upper",2015,"Purchases","Services","All countries",9697.628204,32.28167539,90.39189274,1419.994068,669.7100626,181.6864885,2047.51492,1089.833782,1382.939117,258.2528111,727.5574404,187.5569137,602.8884976,479.9120557,118.9698151,255.2956071,567.8829114,107.5039011
"95% Confidence Interval - Upper",2015,"Purchases","Services","Northern Ireland",6466.568096,28.45210908,NA,864.6167366,NA,129.0231902,1230.972811,777.1339594,905.3522684,221.3086375,338.1386659,166.6027591,440.3491617,191.8763993,NA,216.90052,NA,100.2236526
"95% Confidence Interval - Upper",2015,"Purchases","Services","Great Britain",2669.489971,NA,NA,429.9593405,59.53508729,NA,802.3412116,283.244135,380.7932227,34.68219604,287.5509415,16.3584983,141.2303061,257.060288,NA,28.30922297,NA,7.910214272
"95% Confidence Interval - Upper",2015,"Purchases","Services","Ireland",312.7235922,NA,3.444975836,44.9511741,6.696555853,NA,65.26199757,40.9681895,92.66384023,3.238365666,16.80783146,9.046275205,24.20217618,15.97571802,NA,NA,2.365255464,0.23554574
"95% Confidence Interval - Upper",2015,"Purchases","Services","Rest of the Europe Union (EU excluding Ireland)",133.835414,NA,NA,31.64484248,NA,1.693226617,NA,13.69044369,28.74506201,4.520158176,NA,NA,10.91504861,5.915793297,NA,NA,3.973902793,NA
"95% Confidence Interval - Upper",2015,"Purchases","Services","Rest of the World (all countries outside the UK and EU)",226.8313856,NA,NA,60.60653815,NA,NA,NA,6.707753,NA,0.618842469,NA,NA,12.17184023,28.29742013,0.75881742,NA,4.45825127,NA
"95% Confidence Interval - Upper",2015,"Purchases","Services","External Sales/Purchases (outside NI)",3304.216446,4.561526408,8.202862062,562.100297,85.93532879,61.63031918,862.7810627,335.5615103,520.2349403,40.38441643,394.7210245,24.42716773,180.3355668,304.1385892,NA,44.08933962,NA,9.45080577
"95% Confidence Interval - Upper",2015,"Purchases","Services","Exports (outside UK)",NA,NA,NA,NA,NA,NA,NA,NA,NA,NA,NA,NA,NA,NA,NA,NA,NA,NA
"95% Confidence Interval - Upper",2015,"Purchases","Services","Imports (outside UK)",656.0082087,NA,NA,134.7453665,27.01880503,NA,73.09366764,57.96352252,147.1132565,7.403910354,109.8873887,9.855419066,44.54457184,49.8867343,5.089515906,18.49507073,10.58581349,2.525240975
"95% Confidence Interval - Upper",2015,"Purchases","All Transactions","All countries",44217.83216,68.26938494,268.3275448,9720.308137,1618.668462,438.5045116,4443.007782,20840.85567,2089.447204,904.4531962,1042.793362,361.2064234,1055.396545,883.6635596,192.5782992,395.3883324,865.1331267,184.9020054
"95% Confidence Interval - Upper",2015,"Purchases","All Transactions","Northern Ireland",24339.11259,55.7040018,202.0144123,4424.550911,1220.57963,263.7024691,3063.544425,10554.69565,1270.94119,777.2693236,448.4602707,330.8405949,768.8226072,399.7813017,139.2313052,351.8729992,813.0261417,159.1979052
"95% Confidence Interval - Upper",2015,"Purchases","All Transactions","Great Britain",14003.35109,3.314186821,38.56834097,2908.548023,356.2062253,141.8643456,1287.68937,7754.884864,622.5965674,83.29458628,484.6450771,24.81574077,223.8748028,361.7127632,48.71856492,36.02098182,43.38943637,24.793491
"95% Confidence Interval - Upper",2015,"Purchases","All Transactions","Ireland",2086.268882,12.47837578,24.52060024,557.804735,11.35795256,52.45142138,136.8416389,1033.925133,173.8042253,67.02633234,27.16950352,10.04992011,46.55797988,75.81697906,4.668566202,0.372356927,4.833795681,1.472194847
"95% Confidence Interval - Upper",2015,"Purchases","All Transactions","Rest of the Europe Union (EU excluding Ireland)",2137.467682,NA,4.441457363,944.1364686,NA,14.44402794,66.20033767,992.9428888,65.37918848,NA,17.26329882,NA,24.77194199,39.9573489,1.497357359,NA,7.01111565,NA
"95% Confidence Interval - Upper",2015,"Purchases","All Transactions","Rest of the World (all countries outside the UK and EU)",2202.008107,NA,1.395453517,994.7088748,NA,0.108731393,9.698796522,1004.992286,71.39237006,NA,84.82112071,NA,18.15516202,39.38400611,2.444271816,NA,6.406211713,NA
"95% Confidence Interval - Upper",2015,"Purchases","All Transactions","External Sales/Purchases (outside NI)",20193.45252,16.9877913,68.20699844,5340.919077,400.6370871,203.4278869,1464.915837,10575.58912,888.1948132,150.3151434,608.3146637,34.07895961,300.8412055,508.8172229,57.06194403,51.97544326,59.20340549,30.81921003
"95% Confidence Interval - Upper",2015,"Purchases","All Transactions","Exports (outside UK)",NA,NA,NA,NA,NA,NA,NA,NA,NA,NA,NA,NA,NA,NA,NA,NA,NA,NA
"95% Confidence Interval - Upper",2015,"Purchases","All Transactions","Imports (outside UK)",6311.556007,14.48625275,30.09733429,2460.319997,46.59783478,64.36604537,198.3435974,2930.255052,295.2194291,71.30853302,127.1225938,11.0747721,83.80497247,153.1035511,8.517368554,18.77093417,16.90458866,8.416992072
"95% Confidence Interval - Upper",2016,"Sales","Goods","All countries",49703.0422,82.75283553,348.7726279,17577.33493,1783.444492,485.8026272,2146.591625,24702.32149,637.8775419,1482.939844,232.2694402,57.67644815,608.5076235,302.3594995,6.895289802,45.53639687,124.1412688,52.22458842
"95% Confidence Interval - Upper",2016,"Sales","Goods","Northern Ireland",31181.21282,68.38827952,228.096762,3555.446403,NA,NA,1642.025212,21546.37415,525.3801686,NA,170.2035556,57.13498669,320.0307039,128.9285752,2.877229283,42.24746904,122.1798101,47.05742436
"95% Confidence Interval - Upper",2016,"Sales","Goods","Great Britain",10980.23665,9.632123014,NA,8340.860774,NA,NA,467.7633595,NA,135.6538107,NA,43.72223728,NA,NA,24.91871214,NA,NA,NA,4.569718362
"95% Confidence Interval - Upper",2016,"Sales","Goods","Ireland",2895.987429,NA,NA,1306.158562,NA,4.615563849,122.3278599,1340.775185,8.537894607,NA,20.44926134,NA,59.38583525,NA,NA,NA,NA,NA
"95% Confidence Interval - Upper",2016,"Sales","Goods","Rest of the Europe Union (EU excluding Ireland)",1875.518668,NA,NA,1557.850862,NA,NA,NA,235.5441782,NA,NA,1.823633347,NA,NA,NA,NA,NA,NA,NA
"95% Confidence Interval - Upper",2016,"Sales","Goods","Rest of the World (all countries outside the UK and EU)",3417.527996,NA,NA,2999.968972,NA,NA,NA,NA,NA,NA,5.13512479,NA,66.3923159,NA,NA,NA,NA,NA
"95% Confidence Interval - Upper",2016,"Sales","Goods","External Sales/Purchases (outside NI)",18896.66795,17.34627646,125.3017186,14106.24753,NA,NA,563.3496982,NA,152.1420069,NA,66.86873679,1.111597843,296.7571851,177.3159993,NA,3.326672512,NA,8.320117194
"95% Confidence Interval - Upper",2016,"Sales","Goods","Exports (outside UK)",8081.208253,NA,34.72960902,5815.766269,NA,75.83026607,128.5222957,1792.051464,18.62328724,NA,25.65860133,NA,NA,155.5218651,NA,NA,NA,4.137788614
"95% Confidence Interval - Upper",2016,"Sales","Goods","Imports (outside UK)",NA,NA,NA,NA,NA,NA,NA,NA,NA,NA,NA,NA,NA,NA,NA,NA,NA,NA
"95% Confidence Interval - Upper",2016,"Sales","Services","All countries",19630.39647,46.46864018,58.67912704,706.5557661,186.0395399,643.5908984,5082.233811,1062.742895,2922.761895,431.5281604,1935.699954,902.5820854,2140.932612,1806.820351,234.2907307,1163.60286,1024.131393,384.178124
"95% Confidence Interval - Upper",2016,"Sales","Services","Northern Ireland",14215.76605,44.00900788,51.57747955,389.3010514,NA,630.2562157,3418.568948,NA,2021.44462,425.2344826,922.5209872,816.8209918,1452.949484,1473.804206,194.1164737,1153.256043,1005.911911,346.1037375
"95% Confidence Interval - Upper",2016,"Sales","Services","Great Britain",3713.750446,NA,NA,143.2098882,NA,15.51701498,1574.696191,NA,624.8357274,5.007289152,479.8776818,NA,NA,198.3517288,NA,NA,NA,42.31589218
"95% Confidence Interval - Upper",2016,"Sales","Services","Ireland",792.0467992,NA,NA,64.35177254,NA,5.363953475,175.4296596,47.39410516,255.680352,NA,166.1018978,NA,96.57615005,NA,NA,NA,NA,NA
"95% Confidence Interval - Upper",2016,"Sales","Services","Rest of the Europe Union (EU excluding Ireland)",487.5669907,NA,NA,43.40064156,NA,NA,NA,NA,NA,NA,102.847354,NA,118.9504952,NA,NA,NA,NA,NA
"95% Confidence Interval - Upper",2016,"Sales","Services","Rest of the World (all countries outside the UK and EU)",777.8543986,NA,NA,99.3904618,NA,NA,NA,NA,NA,NA,423.2273493,NA,187.4098162,NA,NA,NA,NA,NA
"95% Confidence Interval - Upper",2016,"Sales","Services","External Sales/Purchases (outside NI)",5592.496804,3.292976614,8.485687637,335.0541157,NA,20.88614799,1770.896543,NA,993.9646061,NA,1075.938557,97.88534754,743.163036,357.9823663,NA,14.40829866,NA,49.73254649
"95% Confidence Interval - Upper",2016,"Sales","Services","Exports (outside UK)",1969.165784,NA,NA,198.3423083,NA,5.524953475,225.1460406,53.61256224,416.6501148,NA,631.4412777,NA,370.1789532,168.5405893,NA,11.57295126,NA,10.53860702
"95% Confidence Interval - Upper",2016,"Sales","Services","Imports (outside UK)",NA,NA,NA,NA,NA,NA,NA,NA,NA,NA,NA,NA,NA,NA,NA,NA,NA,NA
"95% Confidence Interval - Upper",2016,"Sales","All Transactions","All countries",68887.02524,121.0462301,403.8330059,18221.19955,1949.808725,1048.747217,7002.800655,25667.58927,3436.242493,1862.442079,2141.62312,937.9067617,2683.757742,2088.928261,239.9457189,1200.086997,1114.980895,425.4490466
"95% Confidence Interval - Upper",2016,"Sales","All Transactions","Northern Ireland",45010.48649,104.6941159,275.7071846,3897.825369,1843.45478,940.3616339,4856.304406,22152.63721,2436.805408,1849.839837,1069.606344,853.1537059,1723.292216,1585.092036,195.8269411,1186.509788,1095.206325,382.7628497
"95% Confidence Interval - Upper",2016,"Sales","All Transactions","Great Britain",14552.06276,12.13316831,97.86494246,8469.701163,NA,53.262034,1996.356855,2193.410434,723.2992321,NA,519.5538278,96.34322039,558.1068358,220.1034628,33.28471495,6.173658731,10.90674754,45.35376017
"95% Confidence Interval - Upper",2016,"Sales","All Transactions","Ireland",3612.437093,3.075815727,35.54941903,1365.341358,NA,9.388605897,274.7458892,1370.170655,263.3187568,NA,182.7374004,2.296901998,150.815298,150.2911243,8.548069856,9.838523141,6.822952856,5.883992879
"95% Confidence Interval - Upper",2016,"Sales","All Transactions","Rest of the Europe Union (EU excluding Ireland)",2323.340123,NA,NA,1595.201169,NA,45.64781049,48.59994458,240.1086355,147.9884143,NA,104.0803882,NA,132.8689883,NA,8.632,NA,NA,NA
"95% Confidence Interval - Upper",2016,"Sales","All Transactions","Rest of the World (all countries outside the UK and EU)",4160.530535,NA,NA,3089.825694,NA,26.26720943,11.147541,289.5048343,41.69223712,NA,427.5664047,NA,248.2911242,NA,6.58519083,NA,NA,NA
"95% Confidence Interval - Upper",2016,"Sales","All Transactions","External Sales/Purchases (outside NI)",24309.97154,19.93928043,132.9245625,14420.11656,116.7409559,133.5502022,2277.244306,3862.875336,1118.665975,19.28831639,1137.884606,98.38151465,1027.469014,528.6793729,55.54874334,17.66700652,26.90322756,56.08236676
"95% Confidence Interval - Upper",2016,"Sales","All Transactions","Exports (outside UK)",9947.714814,8.373064486,36.88269523,6000.949434,NA,80.51283672,330.3770835,1827.539885,433.0158875,NA,653.4181325,3.09817186,497.5553843,318.7035265,23.6561194,11.64171349,18.7372781,14.1277699
"95% Confidence Interval - Upper",2016,"Sales","All Transactions","Imports (outside UK)",NA,NA,NA,NA,NA,NA,NA,NA,NA,NA,NA,NA,NA,NA,NA,NA,NA,NA
"95% Confidence Interval - Upper",2016,"Purchases","Goods","All countries",34972.49559,37.16213063,157.6696329,8164.275277,NA,236.8945732,2736.562292,19612.68988,752.7600296,779.4541862,322.0492433,NA,483.2945699,328.8027695,43.2947069,166.4980536,315.7858371,91.88885207
"95% Confidence Interval - Upper",2016,"Purchases","Goods","Northern Ireland",18667.64323,27.79388169,96.64872771,3492.429561,NA,156.9664427,1931.66565,9797.85078,532.9377822,683.5800489,198.1385866,NA,351.1652694,189.7403146,34.23988862,153.1458529,306.2368082,71.7930666
"95% Confidence Interval - Upper",2016,"Purchases","Goods","Great Britain",10890.0023,NA,32.01803996,2202.786188,NA,NA,720.6442028,7426.522343,157.425848,52.91991945,121.1755221,4.260646005,92.13410342,55.11722482,NA,NA,NA,19.39152866
"95% Confidence Interval - Upper",2016,"Purchases","Goods","Ireland",2086.100341,2.78209406,27.28169807,592.136931,NA,19.39703604,158.7326196,1121.624493,67.82268773,62.58047871,12.12663572,NA,12.1383638,71.92874071,0.618,0.087426105,3.930941965,2.062892054
"95% Confidence Interval - Upper",2016,"Purchases","Goods","Rest of the Europe Union (EU excluding Ireland)",2086.645551,NA,NA,1008.964901,NA,NA,25.89235261,1014.50088,NA,NA,5.542767065,NA,19.87073764,NA,NA,NA,NA,NA
"95% Confidence Interval - Upper",2016,"Purchases","Goods","Rest of the World (all countries outside the UK and EU)",2259.043435,NA,NA,993.1863952,NA,NA,NA,1237.561615,NA,NA,NA,NA,28.15160748,8.731041645,2.25783416,NA,1.032061767,NA
"95% Confidence Interval - Upper",2016,"Purchases","Goods","External Sales/Purchases (outside NI)",16852.55793,10.94265929,63.09597544,4737.797663,228.9724575,105.0978672,874.3222183,10345.47199,257.5391917,111.6272734,137.5573977,7.493160937,143.4684263,144.1715097,9.961527012,14.43599453,13.73098368,23.61253159
"95% Confidence Interval - Upper",2016,"Purchases","Goods","Exports (outside UK)",NA,NA,NA,NA,NA,NA,NA,NA,NA,NA,NA,NA,NA,NA,NA,NA,NA,NA
"95% Confidence Interval - Upper",2016,"Purchases","Goods","Imports (outside UK)",6219.299365,5.771002052,31.42924977,2559.408591,NA,25.33563795,183.8934482,3170.608621,107.3968402,63.47629584,20.71834649,NA,56.9298824,92.74415396,NA,NA,NA,5.606891235
"95% Confidence Interval - Upper",2016,"Purchases","Services","All countries",9199.919739,28.69277059,88.49265726,1171.386113,NA,333.7111663,2116.570939,1121.995487,1207.052903,189.5063642,738.5451002,NA,685.6510585,591.3986521,167.7749203,297.1672716,600.0319027,114.8958814
"95% Confidence Interval - Upper",2016,"Purchases","Services","Northern Ireland",6097.078344,27.0734796,79.24749786,690.4028261,NA,286.5364379,1299.248547,803.073559,821.6325289,171.8073769,283.6318605,NA,434.1437003,321.0536751,153.6975929,288.3356344,570.1368624,100.6220066
"95% Confidence Interval - Upper",2016,"Purchases","Services","Great Britain",2468.17327,NA,5.052943657,374.3922312,NA,NA,816.6961198,260.9732256,255.7660925,15.9564928,337.7837813,14.15456927,158.1375696,218.205645,NA,9.505496018,NA,NA
"95% Confidence Interval - Upper",2016,"Purchases","Services","Ireland",332.8727335,0.652239386,5.2485716,52.49706189,2.670389242,7.119811099,45.53755231,61.81896005,101.2993199,2.95290045,22.81338346,4.705089296,50.1053527,17.40777015,2.954157869,0.522410072,4.389205132,1.306368931
"95% Confidence Interval - Upper",2016,"Purchases","Services","Rest of the Europe Union (EU excluding Ireland)",184.6557802,NA,NA,39.98691466,NA,NA,NA,25.64262408,76.00526079,3.15714765,NA,NA,8.1192046,NA,NA,NA,NA,NA
"95% Confidence Interval - Upper",2016,"Purchases","Services","Rest of the World (all countries outside the UK and EU)",268.0092495,NA,NA,26.01459357,NA,NA,NA,4.788037644,NA,NA,NA,NA,74.3973917,NA,NA,NA,4.805376893,NA
"95% Confidence Interval - Upper",2016,"Purchases","Services","External Sales/Purchases (outside NI)",3182.577283,1.775534351,10.17222723,488.9034964,NA,56.00437607,857.771109,344.7502176,421.9554286,20.7401571,473.5058896,NA,270.4329151,279.8731857,15.68724775,9.853593207,34.47007652,15.89342661
"95% Confidence Interval - Upper",2016,"Purchases","Services","Exports (outside UK)",NA,NA,NA,NA,NA,NA,NA,NA,NA,NA,NA,NA,NA,NA,NA,NA,NA,NA
"95% Confidence Interval - Upper",2016,"Purchases","Services","Imports (outside UK)",750.1885485,0.658606958,5.400819806,116.7200131,NA,NA,51.31578725,90.47078274,183.7647601,5.894359824,138.1239908,NA,123.963176,63.95822047,NA,0.546983587,NA,NA
"95% Confidence Interval - Upper",2016,"Purchases","All Transactions","All countries",43934.33923,62.28133797,244.5686482,9315.059392,1545.02631,531.9923777,4766.854953,20665.41623,1844.120193,954.3832416,1038.526542,371.2537966,1133.185223,904.0760326,203.2532638,436.6361805,895.7924972,198.2262302
"95% Confidence Interval - Upper",2016,"Purchases","All Transactions","Northern Ireland",24547.90579,51.54007057,174.3851064,4160.949917,1270.636421,411.9999898,3151.458866,10526.19592,1255.383148,840.3504607,466.0556711,354.3812689,752.7805182,497.887455,180.304903,414.7127608,856.4726161,164.186879
"95% Confidence Interval - Upper",2016,"Purchases","All Transactions","Great Britain",13277.18037,7.149249676,36.90926068,2570.332176,201.539,127.7435924,1516.20333,7670.26868,398.6534313,67.04101898,444.0562452,16.87899179,244.066649,270.1744251,NA,NA,NA,31.83648247
"95% Confidence Interval - Upper",2016,"Purchases","All Transactions","Ireland",2385.035215,3.377970825,31.76681554,642.8013609,NA,26.07839409,195.2716443,1167.734665,151.3947396,64.9265489,34.51453342,NA,61.04223425,86.87861943,3.572157869,0.603804648,7.762258603,3.117729503
"95% Confidence Interval - Upper",2016,"Purchases","All Transactions","Rest of the Europe Union (EU excluding Ireland)",2248.068724,NA,NA,1048.124881,NA,6.193718692,28.77745478,1038.860872,91.83852869,4.195216012,NA,NA,26.10001643,30.68305127,NA,NA,NA,NA
"95% Confidence Interval - Upper",2016,"Purchases","All Transactions","Rest of the World (all countries outside the UK and EU)",2503.470389,NA,NA,1017.641854,NA,0.677969992,10.53337535,1241.789372,50.40076049,0.33888245,NA,NA,96.59589172,38.28029265,NA,NA,5.355908455,NA
"95% Confidence Interval - Upper",2016,"Purchases","All Transactions","External Sales/Purchases (outside NI)",19935.01405,12.60583992,72.37487035,5221.621166,276.4186173,159.8936526,1706.811943,10659.74623,650.7790989,130.1667705,598.333015,21.77775366,403.0396057,419.3152489,25.0500871,23.87927284,46.54184058,38.52159779
"95% Confidence Interval - Upper",2016,"Purchases","All Transactions","Exports (outside UK)",NA,NA,NA,NA,NA,NA,NA,NA,NA,NA,NA,NA,NA,NA,NA,NA,NA,NA
"95% Confidence Interval - Upper",2016,"Purchases","All Transactions","Imports (outside UK)",6919.274008,6.352724244,36.02032024,2673.443893,74.87961733,32.90452896,226.4059581,3244.249181,271.3263589,68.43189604,157.630148,7.040934691,173.7699382,154.2967771,NA,NA,NA,8.293705886
"95% Confidence Interval - Upper",2017,"Sales","Goods","All countries",46649.89444,128.0081345,306.6952577,15267.02864,1861.533475,513.9570666,2259.634076,24358.44285,359.7820203,1392.651818,295.6420134,56.43811927,376.4513648,322.6553864,15.75084905,75.4320059,92.33834468,59.30756611
"95% Confidence Interval - Upper",2017,"Sales","Goods","Northern Ireland",30252.28326,97.16934988,226.2523046,3893.925481,NA,314.4335238,1776.61439,20481.07319,234.9573842,1385.44491,214.4875021,NA,269.0667402,190.7639034,NA,NA,81.77934836,NA
"95% Confidence Interval - Upper",2017,"Sales","Goods","Great Britain",8359.343854,3.434087433,NA,5465.450655,NA,86.93234527,444.4188454,2228.964083,113.4361658,NA,57.74561617,NA,30.54122693,32.9357386,NA,NA,7.646345776,NA
"95% Confidence Interval - Upper",2017,"Sales","Goods","Ireland",3153.547049,NA,32.20568195,1567.873955,NA,12.85935926,79.75182517,1381.367272,15.15692376,NA,30.80285892,NA,20.68270571,82.96640537,NA,NA,7.283827275,16.24805493
"95% Confidence Interval - Upper",2017,"Sales","Goods","Rest of the Europe Union (EU excluding Ireland)",1731.441417,NA,NA,1410.459719,NA,NA,NA,223.720089,NA,NA,4.443549179,NA,14.8695387,NA,NA,NA,NA,NA
"95% Confidence Interval - Upper",2017,"Sales","Goods","Rest of the World (all countries outside the UK and EU)",3717.958938,NA,NA,3133.429922,NA,NA,NA,NA,NA,NA,5.741500838,NA,80.0504796,NA,NA,NA,NA,NA
"95% Confidence Interval - Upper",2017,"Sales","Goods","External Sales/Purchases (outside NI)",16687.82357,39.09348387,89.87568145,11489.51044,NA,229.9131584,516.8332953,4087.836474,129.3166423,11.23490327,92.79560535,NA,134.3615615,135.9217676,NA,NA,15.45232577,NA
"95% Confidence Interval - Upper",2017,"Sales","Goods","Exports (outside UK)",8466.081633,NA,32.69284929,6069.005979,NA,147.4436873,92.28757597,1986.181677,17.73511598,NA,39.8208673,NA,108.1667814,104.4644054,NA,NA,8.262886002,NA
"95% Confidence Interval - Upper",2017,"Sales","Goods","Imports (outside UK)",NA,NA,NA,NA,NA,NA,NA,NA,NA,NA,NA,NA,NA,NA,NA,NA,NA,NA
"95% Confidence Interval - Upper",2017,"Sales","Services","All countries",20874.37741,46.67219967,89.9264916,842.5620632,307.9828072,571.2617805,5690.811735,1079.038023,3039.395997,551.0121658,1792.694613,775.5606054,2274.453091,2066.26094,272.7908278,1187.992295,1085.704734,340.4170332
"95% Confidence Interval - Upper",2017,"Sales","Services","Northern Ireland",15154.43481,43.04044436,80.81540285,377.710121,285.3921385,557.2183856,3727.638467,985.709006,2106.809225,539.0987922,788.9600736,712.8006789,1535.2124,1643.305885,240.7798236,1182.275918,1058.909016,331.7704103
"95% Confidence Interval - Upper",2017,"Sales","Services","Great Britain",3718.58813,NA,NA,156.5726035,NA,12.52315648,1791.210275,58.97423545,664.4475278,12.02529731,462.0718516,NA,448.9978163,224.3674773,23.01568963,NA,30.23771562,NA
"95% Confidence Interval - Upper",2017,"Sales","Services","Ireland",1015.514595,NA,11.77456728,69.55670462,NA,5.74883668,272.5835268,68.4178967,321.4787587,NA,152.1710517,NA,173.9714207,48.32185783,NA,NA,3.738661485,4.591713681
"95% Confidence Interval - Upper",2017,"Sales","Services","Rest of the Europe Union (EU excluding Ireland)",395.7309902,NA,NA,56.73270256,NA,NA,NA,NA,NA,NA,42.82235548,NA,79.91841388,NA,NA,NA,NA,NA
"95% Confidence Interval - Upper",2017,"Sales","Services","Rest of the World (all countries outside the UK and EU)",958.3426557,NA,NA,218.7096335,NA,NA,NA,NA,NA,NA,456.5489855,NA,163.8917733,NA,NA,NA,NA,NA
"95% Confidence Interval - Upper",2017,"Sales","Services","External Sales/Purchases (outside NI)",5937.871256,6.085136061,11.81466987,484.4803656,NA,18.00449216,2068.880531,119.5237003,1055.591537,19.64628465,1071.901924,NA,826.3767006,436.5719744,NA,NA,39.86353099,NA
"95% Confidence Interval - Upper",2017,"Sales","Services","Exports (outside UK)",2300.943415,NA,NA,336.1826755,NA,5.74883668,311.0841274,72.41871615,454.4673509,NA,631.2794383,NA,393.2187075,214.8251899,NA,NA,12.03343175,4.927713681
"95% Confidence Interval - Upper",2017,"Sales","Services","Imports (outside UK)",NA,NA,NA,NA,NA,NA,NA,NA,NA,NA,NA,NA,NA,NA,NA,NA,NA,NA
"95% Confidence Interval - Upper",2017,"Sales","All Transactions","All countries",67069.11402,164.0712488,387.1830799,16047.9481,2126.438956,1021.602323,7653.262565,25274.03229,3342.8681,1850.940535,2046.454566,813.0605406,2585.885486,2359.184637,282.0680018,1237.993615,1159.457004,388.8036259
"95% Confidence Interval - Upper",2017,"Sales","All Transactions","Northern Ireland",45008.26781,131.2307134,295.6731985,4221.501705,2066.08331,812.9534334,5220.50665,21308.46966,2292.604558,1831.966526,977.5367167,751.0420017,1753.173252,1805.234423,242.4381442,1229.321244,1122.863958,365.2987766
"95% Confidence Interval - Upper",2017,"Sales","All Transactions","Great Britain",11961.94566,7.165892776,58.49779953,5611.46196,16.33765442,96.68259921,2218.01128,2275.153591,772.0770743,21.07662387,512.6518195,74.46703889,474.5720968,255.6345972,29.43330655,6.546069716,34.35663148,14.41847962
"95% Confidence Interval - Upper",2017,"Sales","All Transactions","Ireland",4080.62516,NA,41.8223739,1628.719951,33.88359912,18.47889696,330.3108892,1432.105601,334.4854463,NA,175.2487187,2.455854675,187.6070631,129.8882555,16.12996091,1.697106713,10.29793357,19.17518784
"95% Confidence Interval - Upper",2017,"Sales","All Transactions","Rest of the Europe Union (EU excluding Ireland)",2102.212163,NA,NA,1464.892434,NA,86.05956698,42.86584315,227.595623,121.1568629,NA,46.25968268,NA,93.74613805,NA,2.748,NA,NA,NA
"95% Confidence Interval - Upper",2017,"Sales","All Transactions","Rest of the World (all countries outside the UK and EU)",4630.340321,NA,NA,3341.002508,NA,51.87837072,18.74079906,504.9862246,44.60042457,NA,461.9104439,NA,236.7239767,NA,7.754900499,NA,NA,NA
"95% Confidence Interval - Upper",2017,"Sales","All Transactions","External Sales/Purchases (outside NI)",22451.74746,42.69022644,99.06225235,11958.56783,68.27928704,245.1710184,2556.964026,4183.584147,1177.337495,28.35477929,1150.91725,77.18004663,948.4168041,568.1422916,51.65548489,9.451389376,49.80640138,33.50544194
"95% Confidence Interval - Upper",2017,"Sales","All Transactions","Exports (outside UK)",10654.09978,37.80202919,42.31110363,6391.055324,52.98822593,152.5312201,381.0651522,2039.107729,469.2473725,8.131533884,661.5347265,3.30367794,489.5020616,317.6153982,26.00132313,3.130756721,18.38604965,22.01618784
"95% Confidence Interval - Upper",2017,"Sales","All Transactions","Imports (outside UK)",NA,NA,NA,NA,NA,NA,NA,NA,NA,NA,NA,NA,NA,NA,NA,NA,NA,NA
"95% Confidence Interval - Upper",2017,"Purchases","Goods","All countries",34311.09513,53.07234307,153.6378563,8907.06925,1481.125241,275.4555245,2533.569705,18555.76504,794.6920149,694.2480634,282.7840898,166.5366348,410.6484344,330.7761403,89.83788138,161.434198,217.0879645,77.38202073
"95% Confidence Interval - Upper",2017,"Purchases","Goods","Northern Ireland",17413.25092,44.45919882,116.6042743,3795.731404,NA,218.9144892,1801.579875,8724.219201,361.3414565,592.2768804,143.4725922,NA,330.4586014,193.7773369,62.32216924,134.0279684,203.5225987,55.02629683
"95% Confidence Interval - Upper",2017,"Purchases","Goods","Great Britain",10869.78422,2.293518985,NA,2383.450945,NA,30.48074091,630.4814439,7059.849277,296.3208905,56.20948872,129.7709799,NA,63.11070352,80.64748449,NA,NA,NA,17.31820471
"95% Confidence Interval - Upper",2017,"Purchases","Goods","Ireland",2645.243874,3.822032549,19.95192932,853.1283972,NA,34.84640037,128.2266725,1452.5253,73.53497194,84.58681819,16.58095361,NA,9.823546523,NA,NA,NA,6.807551937,NA
"95% Confidence Interval - Upper",2017,"Purchases","Goods","Rest of the Europe Union (EU excluding Ireland)",2159.648252,NA,NA,1144.820257,NA,NA,37.38670162,966.4035493,NA,NA,NA,NA,24.41244666,NA,NA,NA,3.650625533,NA
"95% Confidence Interval - Upper",2017,"Purchases","Goods","Rest of the World (all countries outside the UK and EU)",2026.661295,NA,NA,844.436135,NA,NA,NA,1102.703001,NA,NA,NA,NA,8.269455923,3.232941227,1.760451821,NA,NA,NA
"95% Confidence Interval - Upper",2017,"Purchases","Goods","External Sales/Purchases (outside NI)",17244.1183,12.22896062,41.71375937,5171.061854,NA,66.20580753,787.5784453,10145.28029,450.9933019,131.1823506,155.0347868,NA,97.40270419,148.7007859,NA,29.88282736,NA,25.40234908
"95% Confidence Interval - Upper",2017,"Purchases","Goods","Exports (outside UK)",NA,NA,NA,NA,NA,NA,NA,NA,NA,NA,NA,NA,NA,NA,NA,NA,NA,NA
"95% Confidence Interval - Upper",2017,"Purchases","Goods","Imports (outside UK)",6601.20993,NA,22.72620603,2815.411033,NA,36.34692688,181.3066575,3304.53413,166.1188646,86.44999075,29.12930386,NA,39.64525087,72.78755003,NA,NA,NA,NA
"95% Confidence Interval - Upper",2017,"Purchases","Services","All countries",10688.07341,33.97195375,104.1050995,1410.023184,267.1813152,303.7751954,2762.636903,1789.569472,1130.71871,290.3403553,658.3957795,147.9793936,604.6593249,593.0313297,137.501914,326.5054616,726.5101264,86.64144297
"95% Confidence Interval - Upper",2017,"Purchases","Services","Northern Ireland",6988.886797,32.79285326,89.36008675,762.0476426,NA,256.3132981,1658.837992,1286.980488,540.7578516,245.9049661,319.531608,NA,435.0511396,357.0920527,115.7389159,301.3328099,691.090091,78.88183463
"95% Confidence Interval - Upper",2017,"Purchases","Services","Great Britain",2915.22,1.089117733,NA,392.3738385,NA,48.14769571,1110.546016,463.370481,379.8291927,36.02581462,257.2699624,NA,98.74092389,166.2748322,NA,26.40282307,NA,NA
"95% Confidence Interval - Upper",2017,"Purchases","Services","Ireland",316.3172394,NA,6.528547305,96.48710235,1.052688454,1.735632561,41.27255649,54.14555676,61.62933651,6.321508667,24.32891311,NA,44.92652576,NA,NA,NA,3.186020064,NA
"95% Confidence Interval - Upper",2017,"Purchases","Services","Rest of the Europe Union (EU excluding Ireland)",245.1131745,NA,NA,98.37741195,NA,NA,NA,34.64665017,54.97781555,11.0215417,NA,NA,8.170341078,NA,NA,NA,NA,NA
"95% Confidence Interval - Upper",2017,"Purchases","Services","Rest of the World (all countries outside the UK and EU)",455.5916677,NA,NA,73.75792876,NA,NA,NA,28.48421921,NA,NA,66.32654747,NA,47.5451862,NA,NA,NA,0.545092505,NA
"95% Confidence Interval - Upper",2017,"Purchases","Services","External Sales/Purchases (outside NI)",3818.58308,1.516526832,14.94573156,653.4308893,NA,50.87601328,1151.988067,557.2603838,634.7607886,50.74261973,354.2379614,NA,186.0535212,241.0591396,NA,27.02543385,NA,9.329660401
"95% Confidence Interval - Upper",2017,"Purchases","Services","Exports (outside UK)",NA,NA,NA,NA,NA,NA,NA,NA,NA,NA,NA,NA,NA,NA,NA,NA,NA,NA
"95% Confidence Interval - Upper",2017,"Purchases","Services","Imports (outside UK)",989.8647499,NA,10.36894567,266.4230994,7.75425863,2.76590332,49.30884964,108.8188449,306.3734519,18.34971725,106.2554557,NA,95.90407241,75.38896232,NA,NA,NA,NA
"95% Confidence Interval - Upper",2017,"Purchases","All Transactions","All countries",44724.59295,82.19017176,255.5874234,10305.04928,1730.423792,533.6031557,5143.936175,20231.46744,1860.139815,954.9551475,916.7892275,309.7215708,971.6205081,906.1206205,222.8330178,466.7233172,905.4452486,158.710111
"95% Confidence Interval - Upper",2017,"Purchases","All Transactions","Northern Ireland",24174.37231,72.3969135,204.661763,4543.05504,1345.407679,429.4471079,3310.532139,9922.67111,874.2043453,803.5412114,448.4982294,281.5806142,731.3296288,536.3259761,173.3162632,414.3221882,855.9918825,129.4403896
"95% Confidence Interval - Upper",2017,"Purchases","All Transactions","Great Britain",13696.26655,3.249288491,24.67754899,2769.355813,332.8948809,78.53344661,1714.986261,7466.80847,653.1646669,87.22458827,368.4562289,31.30764577,153.6306802,242.2537716,NA,NA,NA,21.41432671
"95% Confidence Interval - Upper",2017,"Purchases","All Transactions","Ireland",2934.144122,3.954188696,26.17286454,943.3982877,NA,36.56002303,161.3411684,1491.644115,129.9245215,90.45891057,37.43342307,NA,51.91776892,74.52983306,2.920553026,0.864356502,9.56502635,7.794181266
"95% Confidence Interval - Upper",2017,"Purchases","All Transactions","Rest of the Europe Union (EU excluding Ireland)",2385.224275,NA,NA,1240.072042,NA,NA,38.2036777,994.1951033,76.84952486,12.68322604,28.3296462,NA,31.40438998,38.95513605,NA,NA,5.709160973,NA
"95% Confidence Interval - Upper",2017,"Purchases","All Transactions","Rest of the World (all countries outside the UK and EU)",2398.988713,NA,NA,916.9976415,NA,NA,47.35531715,1130.176417,270.0740778,2.203785141,70.78233181,NA,55.51697711,34.87990398,NA,NA,NA,NA
"95% Confidence Interval - Upper",2017,"Purchases","All Transactions","External Sales/Purchases (outside NI)",20928.64363,13.41012223,56.29860847,5817.988573,396.8199196,117.0368834,1902.18157,10646.59802,1038.843383,178.2426972,489.1643863,32.66233582,272.3220103,384.9215917,50.60847173,55.76028335,55.66069445,32.81446289
"95% Confidence Interval - Upper",2017,"Purchases","All Transactions","Exports (outside UK)",NA,NA,NA,NA,NA,NA,NA,NA,NA,NA,NA,NA,NA,NA,NA,NA,NA,NA
"95% Confidence Interval - Upper",2017,"Purchases","All Transactions","Imports (outside UK)",7472.13006,11.12615006,32.79622712,3072.306664,67.86915162,39.08731748,221.3748047,3396.055362,448.1704867,103.4741272,130.5818748,1.408068787,128.5362169,147.5453514,NA,NA,NA,13.31964541
"95% Confidence Interval - Upper",2018,"Sales","Goods","All countries",47262.16624,166.2255551,405.3074611,14774.24818,2065.454107,549.8944269,2293.46106,24852.61913,266.3198254,1509.92084,247.1467804,84.99537776,332.1318153,506.7612583,4.306188412,180.4646454,77.48020755,87.2984002
"95% Confidence Interval - Upper",2018,"Sales","Goods","Northern Ireland",31606.56467,120.3020982,307.1733068,4042.064684,NA,NA,1774.591787,21314.13733,186.9131658,1497.910957,138.0578311,NA,249.0846443,157.4800686,3.592199421,180.1876683,77.36620755,85.06612213
"95% Confidence Interval - Upper",2018,"Sales","Goods","Great Britain",6686.529078,NA,NA,4402.657618,NA,NA,448.1910954,1598.056397,71.59828733,NA,83.7854843,NA,39.23406943,33.94101916,NA,0.245807726,NA,0.513148791
"95% Confidence Interval - Upper",2018,"Sales","Goods","Ireland",3196.656349,NA,44.62245252,1539.435941,NA,2.47735116,113.0277964,1408.719076,9.400365119,NA,14.06224948,NA,23.72072338,61.49129338,NA,0.079707773,NA,3.964867649
"95% Confidence Interval - Upper",2018,"Sales","Goods","Rest of the Europe Union (EU excluding Ireland)",2478.856371,NA,NA,1677.549049,NA,NA,NA,NA,4.443676339,NA,10.44239519,NA,15.36951869,NA,NA,NA,NA,NA
"95% Confidence Interval - Upper",2018,"Sales","Goods","Rest of the World (all countries outside the UK and EU)",3919.546246,NA,NA,3237.653573,NA,NA,NA,NA,3.66729541,NA,8.975297506,NA,27.02475278,NA,NA,NA,NA,NA
"95% Confidence Interval - Upper",2018,"Sales","Goods","External Sales/Purchases (outside NI)",16023.87014,NA,103.8398971,10831.26553,NA,NA,550.8858247,3841.774105,85.79205504,15.28722918,115.6813217,NA,98.98460104,376.9375517,NA,0.325510812,NA,4.838484103
"95% Confidence Interval - Upper",2018,"Sales","Goods","Exports (outside UK)",9420.32551,NA,46.13558179,6438.985395,NA,211.2385547,115.2579856,2318.95843,17.16428782,NA,32.98912699,NA,61.82999759,343.0019186,NA,0.079707773,NA,4.341706753
"95% Confidence Interval - Upper",2018,"Sales","Goods","Imports (outside UK)",NA,NA,NA,NA,NA,NA,NA,NA,NA,NA,NA,NA,NA,NA,NA,NA,NA,NA
"95% Confidence Interval - Upper",2018,"Sales","Services","All countries",22985.27578,46.94671231,61.55052553,947.4453376,679.2076066,491.5255788,5880.444309,1630.985353,3083.409132,571.7778045,2013.136249,1052.222522,2377.921203,2740.62108,235.4740167,1014.873241,1011.659386,338.3418604
"95% Confidence Interval - Upper",2018,"Sales","Services","Northern Ireland",16210.07091,NA,NA,339.7856081,NA,471.4638828,3632.423662,1536.28045,2013.197866,566.5479674,894.9206752,1003.316116,1512.534254,1938.736041,205.8507381,985.5712609,989.1481032,323.6733284
"95% Confidence Interval - Upper",2018,"Sales","Services","Great Britain",4243.940702,NA,NA,169.3240544,NA,16.5998748,1936.570586,78.87889691,772.2539648,NA,455.2604773,NA,586.9475378,345.3709513,NA,53.30964165,NA,9.971626379
"95% Confidence Interval - Upper",2018,"Sales","Services","Ireland",1381.98174,NA,4.93837535,95.13045132,NA,10.976144,372.2349774,28.94064055,191.1672434,NA,135.1822758,NA,154.8110778,533.1328877,NA,0.799370675,NA,16.24426842
"95% Confidence Interval - Upper",2018,"Sales","Services","Rest of the Europe Union (EU excluding Ireland)",471.1891296,NA,NA,70.10959395,NA,NA,NA,NA,177.0709242,NA,74.9919986,NA,91.71729743,NA,NA,NA,NA,NA
"95% Confidence Interval - Upper",2018,"Sales","Services","Rest of the World (all countries outside the UK and EU)",1160.728756,NA,NA,302.595838,NA,NA,41.46431781,NA,40.54757237,NA,610.2083079,NA,155.111115,NA,NA,NA,NA,NA
"95% Confidence Interval - Upper",2018,"Sales","Services","External Sales/Purchases (outside NI)",7023.689222,NA,NA,623.452044,NA,24.5409288,2343.185461,110.8845758,1122.73877,5.769786913,1171.795046,NA,949.3733215,909.1152431,NA,54.32656744,NA,24.21626195
"95% Confidence Interval - Upper",2018,"Sales","Services","Exports (outside UK)",2902.257045,NA,4.93837535,459.1228709,NA,10.976144,460.8381235,38.83603443,386.7132416,NA,782.5538464,NA,378.3352158,611.8790681,NA,1.031913224,NA,16.3943084
"95% Confidence Interval - Upper",2018,"Sales","Services","Imports (outside UK)",NA,NA,NA,NA,NA,NA,NA,NA,NA,NA,NA,NA,NA,NA,NA,NA,NA,NA
"95% Confidence Interval - Upper",2018,"Sales","All Transactions","All countries",69733.41994,197.1125495,452.8555453,15673.59511,2544.510202,991.2493062,7961.54104,26208.86251,3329.31797,1990.942872,2228.462745,1129.613196,2646.866729,3142.376746,237.6208565,1102.983485,1078.993227,410.2287252
"95% Confidence Interval - Upper",2018,"Sales","All Transactions","Northern Ireland",47385.56348,151.4952424,NA,4353.756913,NA,718.233024,5209.023359,22585.29455,2183.299145,NA,1015.789944,1079.595746,1723.854878,2072.256031,207.3222765,1073.408539,1056.638811,393.5751113
"95% Confidence Interval - Upper",2018,"Sales","All Transactions","Great Britain",10839.40585,16.32168985,NA,4562.017109,NA,85.90408601,2375.557048,1665.090138,835.9947,NA,528.6590468,58.52309297,613.7286281,369.7657846,13.13135852,53.52960511,24.34892144,10.46978898
"95% Confidence Interval - Upper",2018,"Sales","All Transactions","Ireland",4454.396341,22.35376024,48.82493618,1625.611721,NA,13.07507899,464.8516085,1429.602668,199.7795089,NA,147.5202402,5.436855327,172.324956,590.9213481,12.37122655,0.878751508,4.221455889,19.20259044
"95% Confidence Interval - Upper",2018,"Sales","All Transactions","Rest of the Europe Union (EU excluding Ireland)",2905.463963,NA,NA,1740.9887,NA,138.5050749,65.44466371,609.470809,179.1070861,NA,85.13499802,NA,105.5445588,121.9611215,1.67630345,0.073901073,NA,NA
"95% Confidence Interval - Upper",2018,"Sales","All Transactions","Rest of the World (all countries outside the UK and EU)",5022.104918,NA,NA,3534.296029,NA,70.41331461,42.24144433,477.6291136,43.34148586,NA,618.8679074,NA,178.0105943,242.7441358,9.487735964,0.159082186,NA,NA
"95% Confidence Interval - Upper",2018,"Sales","All Transactions","External Sales/Purchases (outside NI)",22828.6207,57.95905968,NA,11433.00007,NA,303.6052577,2873.455312,3937.466139,1200.024593,NA,1275.608086,62.5446108,1029.341789,1187.66576,33.42030408,54.62354589,33.82312567,28.40363256
"95% Confidence Interval - Upper",2018,"Sales","All Transactions","Exports (outside UK)",12133.8153,47.11769323,50.33827055,6882.560891,NA,218.7145313,555.0915911,2348.854637,400.2856778,NA,813.6780494,5.500384036,431.5334779,863.8867564,21.45175768,1.111336079,13.55591247,19.72961419
"95% Confidence Interval - Upper",2018,"Sales","All Transactions","Imports (outside UK)",NA,NA,NA,NA,NA,NA,NA,NA,NA,NA,NA,NA,NA,NA,NA,NA,NA,NA
"95% Confidence Interval - Upper",2018,"Purchases","Goods","All countries",36044.66059,56.75958454,185.3684075,9485.908691,1655.607774,327.3967985,2616.749663,19283.85587,791.8288877,742.5739431,220.3848887,192.1905388,345.6568475,434.9397941,57.8968763,156.2688141,181.2705093,91.83587544
"95% Confidence Interval - Upper",2018,"Purchases","Goods","Northern Ireland",18144.87097,47.46920986,135.6313606,3922.753375,1260.195005,250.712665,1833.395405,9155.258254,330.3375591,632.1235755,103.2237374,191.8335966,217.5358797,258.1654072,45.23785948,125.621214,176.2252244,71.03581768
"95% Confidence Interval - Upper",2018,"Purchases","Goods","Great Britain",11197.61461,2.194304194,NA,2528.677248,NA,NA,645.2023577,7177.607962,325.0657792,35.88092451,83.06737533,NA,118.4323871,60.58110163,NA,37.03525591,NA,21.73704543
"95% Confidence Interval - Upper",2018,"Purchases","Goods","Ireland",2548.423842,6.442400457,32.1494076,766.3890454,NA,39.18362262,131.0436343,1316.925402,83.11507952,105.4095512,33.04300446,NA,12.76703036,54.12079916,NA,1.739365748,0.904200056,NA
"95% Confidence Interval - Upper",2018,"Purchases","Goods","Rest of the Europe Union (EU excluding Ireland)",2679.081515,NA,NA,1336.94209,NA,NA,109.7353088,1199.292827,55.11326754,1.296997735,6.672870022,NA,12.30207564,3.103465415,NA,0.062693769,0.163621896,NA
"95% Confidence Interval - Upper",2018,"Purchases","Goods","Rest of the World (all countries outside the UK and EU)",2235.939196,NA,NA,969.8482434,NA,NA,NA,1175.852455,34.2639811,0.307732993,5.6658167,NA,11.55190707,74.2417701,NA,0.218232872,NA,NA
"95% Confidence Interval - Upper",2018,"Purchases","Goods","External Sales/Purchases (outside NI)",18276.37039,11.99642048,NA,5579.724614,420.4354186,NA,844.7821799,10498.33684,484.3383028,137.4084594,125.3487061,NA,150.4333288,185.1375505,NA,39.02889794,NA,NA
"95% Confidence Interval - Upper",2018,"Purchases","Goods","Exports (outside UK)",NA,NA,NA,NA,NA,NA,NA,NA,NA,NA,NA,NA,NA,NA,NA,NA,NA,NA
"95% Confidence Interval - Upper",2018,"Purchases","Goods","Imports (outside UK)",7263.611765,10.5869972,35.59473457,3060.425369,NA,44.3337789,229.8086542,3499.683653,165.5150464,106.9658416,44.87189131,NA,35.08463802,131.2631761,NA,2.00507739,NA,NA
"95% Confidence Interval - Upper",2018,"Purchases","Services","All countries",11081.47143,67.48492411,104.058478,1618.582868,390.841796,205.7032272,2721.972866,1525.942042,1058.101451,287.6588005,692.9860035,284.7760651,596.5451826,984.9811268,143.1945,241.2579866,705.7855894,107.3783317
"95% Confidence Interval - Upper",2018,"Purchases","Services","Northern Ireland",6850.62548,60.19469139,85.57881083,876.7496867,314.5003025,112.2155884,1480.957908,1042.757451,600.3589524,253.4511848,379.4168395,269.9153352,426.8702563,287.0415154,129.4308529,199.7621305,673.1732934,83.97224072
"95% Confidence Interval - Upper",2018,"Purchases","Services","Great Britain",3177.167548,3.702710091,NA,450.9916301,48.48798333,NA,1197.963735,477.4374145,306.7256549,15.63242919,229.6130951,NA,114.140113,277.7642969,NA,52.30598516,NA,10.79188194
"95% Confidence Interval - Upper",2018,"Purchases","Services","Ireland",622.0638486,4.948477707,7.639807781,60.96953054,NA,7.178516037,55.8616202,35.06754094,63.7931793,11.37055783,13.31478498,NA,37.69995363,339.3151833,NA,0.874955983,1.856594144,NA
"95% Confidence Interval - Upper",2018,"Purchases","Services","Rest of the Europe Union (EU excluding Ireland)",323.0959713,NA,NA,81.41002924,NA,1.303457234,NA,24.6248731,117.8132554,4.768744397,18.94629477,0.864675405,5.56827621,56.78864288,NA,0.010560875,6.026220656,NA
"95% Confidence Interval - Upper",2018,"Purchases","Services","Rest of the World (all countries outside the UK and EU)",396.6838349,NA,NA,152.6007399,NA,NA,NA,15.61158989,61.33928754,8.224924017,70.35203818,NA,28.9679531,51.45854879,NA,0.092389569,0.790319769,NA
"95% Confidence Interval - Upper",2018,"Purchases","Services","External Sales/Purchases (outside NI)",4346.820369,9.383213409,NA,743.6671395,90.33572483,NA,1257.466876,548.8821805,491.0380148,38.21818337,325.1398554,NA,179.7054187,720.2120696,NA,53.24836311,NA,NA
"95% Confidence Interval - Upper",2018,"Purchases","Services","Exports (outside UK)",NA,NA,NA,NA,NA,NA,NA,NA,NA,NA,NA,NA,NA,NA,NA,NA,NA,NA
"95% Confidence Interval - Upper",2018,"Purchases","Services","Imports (outside UK)",1269.83374,6.889914734,NA,293.8281911,NA,NA,62.51475077,74.09113788,212.530885,23.40661941,100.2805502,NA,70.52830323,444.3249048,NA,0.97679922,NA,NA
"95% Confidence Interval - Upper",2018,"Purchases","All Transactions","All countries",46842.63924,118.1755751,283.2823505,11098.39477,1967.773464,528.8995414,5243.292794,20646.18694,1806.362122,997.5097789,890.971897,472.7609751,907.4397968,1344.105469,194.0767476,378.410272,884.5308688,188.7214755
"95% Confidence Interval - Upper",2018,"Purchases","All Transactions","Northern Ireland",24832.05044,102.0602363,218.1296234,4793.713539,1502.411279,359.7916965,3223.418246,10120.65505,906.1255248,851.4779051,469.1260435,457.5630332,621.1966575,528.7983679,165.1735802,307.7464101,846.7032928,146.7606534
"95% Confidence Interval - Upper",2018,"Purchases","All Transactions","Great Britain",14254.7577,5.21754684,27.88741342,2976.764728,375.8379895,130.7006179,1828.371775,7541.861113,614.914237,51.11470938,301.8104131,11.7075522,217.6607569,334.1082889,NA,81.48345601,NA,NA
"95% Confidence Interval - Upper",2018,"Purchases","All Transactions","Ireland",3060.654769,10.31800288,39.26597433,826.0320577,NA,43.61052434,183.2803682,1350.917608,141.7740913,116.3736856,45.41306821,NA,47.94131058,371.5263483,NA,2.591995384,2.744806586,NA
"95% Confidence Interval - Upper",2018,"Purchases","All Transactions","Rest of the Europe Union (EU excluding Ireland)",2966.020413,NA,NA,1416.638574,26.42136045,4.65016899,115.5096508,1222.163951,167.1435604,6.064901588,25.36443163,NA,17.35251846,59.88942046,NA,0.073195652,6.178860297,NA
"95% Confidence Interval - Upper",2018,"Purchases","All Transactions","Rest of the World (all countries outside the UK and EU)",2598.749833,NA,NA,1121.093645,NA,6.018643482,15.8853552,1190.894896,92.07024172,8.502673849,75.7320996,NA,40.32499276,125.6820478,NA,0.31057028,NA,NA
"95% Confidence Interval - Upper",2018,"Purchases","All Transactions","External Sales/Purchases (outside NI)",22428.05855,20.15370362,70.67928696,6319.664017,501.1367747,176.7716572,2081.351862,10924.66435,943.9084942,173.6244072,437.8251075,17.56996111,313.4860976,855.9304531,30.1332899,84.39539387,41.40523706,50.59642732
"95% Confidence Interval - Upper",2018,"Purchases","All Transactions","Exports (outside UK)",NA,NA,NA,NA,NA,NA,NA,NA,NA,NA,NA,NA,NA,NA,NA,NA,NA,NA
"95% Confidence Interval - Upper",2018,"Purchases","All Transactions","Imports (outside UK)",8387.663118,16.51926756,46.78517405,3351.41454,134.333534,51.35678742,288.3039385,3571.061352,364.3921087,128.3816228,141.7046007,6.433141346,102.9259889,527.2019499,NA,2.963708872,NA,NA
"95% Confidence Interval - Upper",2019,"Sales","Goods","All countries",49358.98414,156.0672426,453.5931363,14782.33274,2196.157554,566.3820955,2262.742759,26518.42698,393.1267665,1640.843992,247.4475859,92.78032497,337.185483,718.6418049,2.679170803,39.60783362,83.34917746,108.9487263
"95% Confidence Interval - Upper",2019,"Sales","Goods","Northern Ireland",33160.47579,112.5173552,360.2320305,4037.87372,NA,308.3857513,1597.398236,22418.42927,365.3896295,1633.466418,178.2504652,NA,242.9989085,558.1348419,NA,33.86293245,NA,NA
"95% Confidence Interval - Upper",2019,"Sales","Goods","Great Britain",7274.342086,NA,NA,4257.548026,NA,152.0990856,502.550783,2279.224098,19.53413688,NA,47.17314623,NA,51.62732683,94.24092499,NA,3.553091945,NA,NA
"95% Confidence Interval - Upper",2019,"Sales","Goods","Ireland",3658.270273,22.6829324,37.12967758,1626.971808,NA,7.037459036,244.7023762,1733.128135,21.42734472,NA,14.94903315,NA,32.72679391,30.87696992,NA,0.094440199,NA,NA
"95% Confidence Interval - Upper",2019,"Sales","Goods","Rest of the Europe Union (EU excluding Ireland)",2139.855132,NA,NA,1691.582451,NA,NA,NA,346.0662201,NA,NA,8.359637774,NA,7.641441747,NA,NA,NA,NA,NA
"95% Confidence Interval - Upper",2019,"Sales","Goods","Rest of the World (all countries outside the UK and EU)",3882.088452,NA,NA,3326.130827,NA,NA,NA,456.4842879,NA,NA,10.13725586,NA,33.93962738,NA,NA,NA,NA,NA
"95% Confidence Interval - Upper",2019,"Sales","Goods","External Sales/Purchases (outside NI)",16644.58711,51.3258559,97.16660308,10850.77335,NA,282.8600415,730.4424308,4524.630614,39.29319779,NA,75.97656129,NA,112.6730287,180.8791285,NA,7.655585915,NA,NA
"95% Confidence Interval - Upper",2019,"Sales","Goods","Exports (outside UK)",9536.277853,44.88391252,37.44474775,6612.421557,NA,148.6304701,256.1747798,2403.536629,25.40981114,NA,30.66667437,NA,67.07876488,97.36835919,NA,4.256677484,NA,NA
"95% Confidence Interval - Upper",2019,"Sales","Goods","Imports (outside UK)",NA,NA,NA,NA,NA,NA,NA,NA,NA,NA,NA,NA,NA,NA,NA,NA,NA,NA
"95% Confidence Interval - Upper",2019,"Sales","Services","All countries",23613.2838,53.73712538,51.24489828,932.0500412,1007.170456,553.6835414,5687.324344,2060.793907,3293.182954,620.6009336,1733.044692,1224.186073,2546.164686,2482.748463,255.1559973,1206.895265,765.175898,443.1839288
"95% Confidence Interval - Upper",2019,"Sales","Services","Northern Ireland",17013.86197,49.55712218,NA,408.3236351,NA,499.1262742,3790.635914,1858.013688,2123.94801,NA,571.9160992,1170.655591,1601.244961,1860.809636,220.3959835,1197.626484,752.5244268,403.9257673
"95% Confidence Interval - Upper",2019,"Sales","Services","Great Britain",4230.988561,NA,NA,177.7302203,NA,55.69470007,1575.584497,161.7245564,826.9020901,NA,589.6547236,NA,606.5778751,443.2900407,NA,5.892522212,NA,NA
"95% Confidence Interval - Upper",2019,"Sales","Services","Ireland",1291.450084,5.31458827,5.294023512,118.6364911,NA,21.29210019,528.3820682,56.57261149,257.6230478,NA,100.3342978,NA,183.3904638,122.3643287,NA,7.346038348,NA,NA
"95% Confidence Interval - Upper",2019,"Sales","Services","Rest of the Europe Union (EU excluding Ireland)",446.4066535,NA,NA,77.90269847,NA,NA,NA,8.224830378,NA,NA,95.88063699,NA,104.5836273,NA,NA,NA,NA,NA
"95% Confidence Interval - Upper",2019,"Sales","Services","Rest of the World (all countries outside the UK and EU)",1092.682897,NA,NA,178.6148247,NA,NA,5.87074798,45.3796547,55.34962403,NA,560.9907775,NA,210.9701396,NA,NA,NA,NA,NA
"95% Confidence Interval - Upper",2019,"Sales","Services","External Sales/Purchases (outside NI)",6828.406068,6.744491293,NA,542.5194797,NA,72.78437104,2032.198023,238.3771789,1236.61141,NA,1236.344061,NA,1044.586184,676.2148111,NA,13.2123082,22.49916568,NA
"95% Confidence Interval - Upper",2019,"Sales","Services","Exports (outside UK)",2718.451442,NA,5.294330579,372.2241447,NA,21.29210019,539.3742995,93.08524373,453.2502256,NA,715.3810214,NA,463.7390182,254.0656063,NA,7.547455702,NA,NA
"95% Confidence Interval - Upper",2019,"Sales","Services","Imports (outside UK)",NA,NA,NA,NA,NA,NA,NA,NA,NA,NA,NA,NA,NA,NA,NA,NA,NA,NA
"95% Confidence Interval - Upper",2019,"Sales","All Transactions","All countries",72463.70044,199.8192162,499.4841072,15650.70889,3019.190147,1066.368954,7709.63481,28396.09359,3610.383942,2137.791812,1932.943712,1302.704685,2819.826101,3093.473808,256.2760936,1240.393227,834.8470137,518.0596818
"95% Confidence Interval - Upper",2019,"Sales","All Transactions","Northern Ireland",49739.84833,153.0230591,NA,4407.125814,NA,769.950936,5190.619093,24111.59941,2422.632442,NA,722.2174989,1246.612161,1801.411463,2325.203101,221.4126802,1225.58273,815.0314342,474.8684673
"95% Confidence Interval - Upper",2019,"Sales","All Transactions","Great Britain",11338.35911,10.92367495,NA,4414.091758,NA,189.8688538,2042.728039,2410.96155,837.7474192,NA,630.195036,66.50867528,646.5179776,529.5978227,16.20665593,9.379756934,27.03435619,43.26149343
"95% Confidence Interval - Upper",2019,"Sales","All Transactions","Ireland",4838.497363,25.67430379,41.34516686,1740.558424,NA,27.3730441,710.7491093,1771.536995,269.2553865,NA,113.1911951,14.64537395,203.419167,148.5662231,9.181884534,7.43733847,5.98601955,39.09216058
"95% Confidence Interval - Upper",2019,"Sales","All Transactions","Rest of the Europe Union (EU excluding Ireland)",2549.02471,NA,NA,1768.570561,NA,88.3374659,19.87532303,350.1861068,157.7954234,NA,102.3202255,NA,111.3364732,71.98988231,1.976379632,4.133375819,NA,NA
"95% Confidence Interval - Upper",2019,"Sales","All Transactions","Rest of the World (all countries outside the UK and EU)",4916.197302,NA,NA,3502.820915,NA,53.52485439,9.619534478,478.2947783,58.86596911,NA,568.3315704,NA,236.030577,148.0752629,15.02556513,0.46861061,NA,NA
"95% Confidence Interval - Upper",2019,"Sales","All Transactions","External Sales/Purchases (outside NI)",23248.38196,55.49847303,NA,11372.35403,NA,337.336166,2680.829854,4715.554126,1263.339379,NA,1302.083759,75.15671407,1133.277555,840.787876,39.14612244,19.05456092,30.9040207,79.30500946
"95% Confidence Interval - Upper",2019,"Sales","All Transactions","Exports (outside UK)",12117.60989,47.64092011,41.66050994,6979.749499,NA,166.7522426,733.4727467,2463.727689,468.4983245,NA,741.3316788,14.92961425,513.2161385,338.3342302,24.78387934,9.992635206,6.831384062,39.15316058
"95% Confidence Interval - Upper",2019,"Sales","All Transactions","Imports (outside UK)",NA,NA,NA,NA,NA,NA,NA,NA,NA,NA,NA,NA,NA,NA,NA,NA,NA,NA
"95% Confidence Interval - Upper",2019,"Purchases","Goods","All countries",37767.53194,65.93873369,217.2863378,9450.494193,1859.513458,299.94414,2584.452317,20597.13069,1032.967854,840.0087593,165.5571664,199.6504654,304.1486112,380.106666,57.68133202,191.2533888,234.9108052,118.1257775
"95% Confidence Interval - Upper",2019,"Purchases","Goods","Northern Ireland",19697.57139,55.37608686,155.2258319,4016.454179,1325.237888,239.0357104,1846.509062,10169.12849,631.4226491,695.3328283,72.39549926,199.3783857,214.6040557,237.273971,42.99170562,169.1918892,224.8595661,101.5328207
"95% Confidence Interval - Upper",2019,"Purchases","Goods","Great Britain",11612.5048,4.282852579,22.81284069,2503.276362,NA,40.53380189,612.9785861,7658.948475,296.9784419,39.02732303,63.80331813,NA,75.61970747,92.36468184,NA,21.82043762,11.15181889,NA
"95% Confidence Interval - Upper",2019,"Purchases","Goods","Ireland",2675.850219,7.364852598,32.56223693,776.7336653,NA,NA,116.4067279,1345.293355,119.0174416,134.9701909,10.95222565,NA,11.38434873,21.21796576,NA,0.842468196,0.321693746,NA
"95% Confidence Interval - Upper",2019,"Purchases","Goods","Rest of the Europe Union (EU excluding Ireland)",2571.864503,NA,NA,1026.948865,NA,NA,73.29092817,1433.427606,23.83203503,NA,34.65095542,NA,8.086217034,4.043604173,NA,0.044930693,NA,NA
"95% Confidence Interval - Upper",2019,"Purchases","Goods","Rest of the World (all countries outside the UK and EU)",2124.262429,NA,NA,1199.088967,NA,NA,NA,880.0135529,3.592048108,NA,6.425847969,NA,7.941051712,53.99315068,NA,0.054388016,NA,NA
"95% Confidence Interval - Upper",2019,"Purchases","Goods","External Sales/Purchases (outside NI)",18554.7557,13.82591929,64.05876794,5472.40353,602.2899821,72.50946591,804.7962573,10900.66441,422.3674382,175.7420937,103.2135352,0.304117619,99.05049336,163.5139807,NA,22.74668155,11.78584464,NA
"95% Confidence Interval - Upper",2019,"Purchases","Goods","Exports (outside UK)",NA,NA,NA,NA,NA,NA,NA,NA,NA,NA,NA,NA,NA,NA,NA,NA,NA,NA
"95% Confidence Interval - Upper",2019,"Purchases","Goods","Imports (outside UK)",7135.575454,10.73694101,43.27247704,2981.494898,NA,39.29602868,214.490481,3432.399956,143.102922,138.8829108,48.40393807,NA,25.46336588,74.0628558,NA,0.938181487,0.678849631,NA
"95% Confidence Interval - Upper",2019,"Purchases","Services","All countries",10031.53174,57.64360757,102.1333422,1545.598973,556.7863417,253.1212689,2097.116498,1635.4983,1047.373579,214.9978527,499.4755339,285.9150853,721.9848701,732.5253048,166.4246042,217.6344315,399.7424477,101.1142747
"95% Confidence Interval - Upper",2019,"Purchases","Services","Northern Ireland",6887.095249,51.9673281,91.07637657,954.8522097,496.9074573,213.9425346,1398.263703,1215.709687,602.0529867,166.449825,172.5675347,271.9863231,547.6679051,419.564007,151.2126689,183.5279175,375.5074378,85.33189561
"95% Confidence Interval - Upper",2019,"Purchases","Services","Great Britain",2430.015527,3.810765715,6.758436319,376.1091239,42.47375415,33.44602064,706.2680018,372.0856411,321.3920854,27.92910268,288.2613317,14.56330186,118.6977506,208.3647728,NA,33.42051946,20.81576632,NA
"95% Confidence Interval - Upper",2019,"Purchases","Services","Ireland",357.0595959,3.129354695,4.968199846,51.36748128,2.912916541,NA,37.73445038,65.12163783,100.5241195,14.49503308,15.29634746,NA,40.3142995,47.91429114,NA,1.647526903,1.221637702,NA
"95% Confidence Interval - Upper",2019,"Purchases","Services","Rest of the Europe Union (EU excluding Ireland)",204.0602835,NA,NA,53.59353201,NA,NA,NA,27.95148244,28.91703318,4.940018604,11.33916955,NA,9.605861554,46.46666068,NA,0.090052401,1.320933928,NA
"95% Confidence Interval - Upper",2019,"Purchases","Services","Rest of the World (all countries outside the UK and EU)",306.0311665,NA,NA,118.2924679,NA,NA,NA,18.34413977,36.98761087,NA,34.12685322,NA,29.77476915,76.21636532,NA,0.697506849,NA,NA
"95% Confidence Interval - Upper",2019,"Purchases","Services","External Sales/Purchases (outside NI)",3230.317463,7.410845885,11.68584862,593.7306539,72.61515931,43.9161972,742.4946471,463.0367704,465.932368,53.42495321,342.1719932,15.90200773,188.1271493,343.7904617,NA,35.40365495,24.50990052,NA
"95% Confidence Interval - Upper",2019,"Purchases","Services","Exports (outside UK)",NA,NA,NA,NA,NA,NA,NA,NA,NA,NA,NA,NA,NA,NA,NA,NA,NA,NA
"95% Confidence Interval - Upper",2019,"Purchases","Services","Imports (outside UK)",836.6568426,4.00132712,4.998042898,220.9293157,NA,10.84064509,41.98513261,101.1216373,163.4525426,27.35604978,58.34460437,NA,75.09541454,150.3157198,NA,2.405326821,4.054959913,NA
"95% Confidence Interval - Upper",2019,"Purchases","All Transactions","All countries",47568.30207,119.0534071,316.4901412,10984.67122,2360.808948,525.1445958,4578.589812,22082.54399,2026.856826,1042.155912,648.4314371,478.058076,996.1516089,1072.663438,220.8292076,394.3087058,630.2796183,211.7610712
"95% Confidence Interval - Upper",2019,"Purchases","All Transactions","Northern Ireland",26338.41305,103.0350757,243.0787698,4961.017485,1720.589843,424.7417516,3156.991345,11200.56199,1196.014806,850.3670211,239.062653,463.9353524,734.0201503,630.4602457,190.6483246,337.9712978,595.928375,178.3589533
"95% Confidence Interval - Upper",2019,"Purchases","All Transactions","Great Britain",13954.56771,7.533003509,29.27650126,2874.942261,429.9717493,71.91644927,1285.473034,7992.944447,600.530847,64.67960971,340.0875333,14.77586762,190.9132268,291.4505274,NA,55.04269282,31.40455469,NA
"95% Confidence Interval - Upper",2019,"Purchases","All Transactions","Ireland",3001.616742,9.877614591,37.52937562,827.2243577,NA,44.9476542,148.4837363,1403.979014,206.5473207,148.0106736,26.16818162,NA,50.73546955,64.23938186,NA,2.483655039,1.509062262,NA
"95% Confidence Interval - Upper",2019,"Purchases","All Transactions","Rest of the Europe Union (EU excluding Ireland)",2768.597776,NA,NA,1079.528408,59.4866213,NA,77.21391938,1459.102854,52.10289765,10.49341502,44.01662752,NA,16.1088132,50.46121533,NA,0.133340787,1.490623195,NA
"95% Confidence Interval - Upper",2019,"Purchases","All Transactions","Rest of the World (all countries outside the UK and EU)",2403.86963,NA,NA,1311.541166,NA,NA,41.41755099,891.4281152,40.42834544,10.27333874,39.93313551,NA,37.08390003,115.5477899,NA,0.751566288,2.054182401,NA
"95% Confidence Interval - Upper",2019,"Purchases","All Transactions","External Sales/Purchases (outside NI)",21689.70892,20.18149576,75.50719653,6059.858752,667.9595764,112.433008,1504.071222,11327.70366,866.1628957,225.1887989,430.8437361,16.18051414,282.1097493,485.3546498,30.94314007,57.9022386,35.54983386,43.25311825
"95% Confidence Interval - Upper",2019,"Purchases","All Transactions","Exports (outside UK)",NA,NA,NA,NA,NA,NA,NA,NA,NA,NA,NA,NA,NA,NA,NA,NA,NA,NA
"95% Confidence Interval - Upper",2019,"Purchases","All Transactions","Imports (outside UK)",7932.772267,14.30775249,48.26085419,3196.588301,246.7969123,47.14591196,249.8187494,3525.5314,293.3067589,163.3801355,103.55027,2.107292509,98.22253705,206.721876,NA,3.329292037,4.557712612,NA
"95% Confidence Interval - Upper",2020,"Sales","Goods","All countries",45999.44369,125.9093084,441.1861077,14014.62783,1397.826567,404.8863363,1794.124142,25720.5432,508.7573468,1094.346626,293.5868529,67.73464816,344.0095736,488.3546516,6.73744534,31.44276037,39.11925301,51.7159571
"95% Confidence Interval - Upper",2020,"Sales","Goods","Northern Ireland",30784.21928,86.84699756,NA,3688.024969,NA,NA,1378.059242,21924.7691,480.6662486,1093.949983,147.9139215,57.26116441,230.9715542,266.5455252,NA,30.29297488,NA,50.07887366
"95% Confidence Interval - Upper",2020,"Sales","Goods","Great Britain",7377.06736,6.933064765,NA,4566.736765,NA,NA,324.3668802,2227.978476,25.26539907,NA,98.59762379,NA,74.55918726,197.6232318,NA,1.051902258,NA,0.79623576
"95% Confidence Interval - Upper",2020,"Sales","Goods","Ireland",3330.978095,12.37392011,35.48364949,1587.586707,NA,2.893160978,138.9944427,1509.791251,17.3859411,NA,40.94903896,NA,24.25405332,25.65796843,NA,0.119631824,NA,NA
"95% Confidence Interval - Upper",2020,"Sales","Goods","Rest of the Europe Union (EU excluding Ireland)",1912.205851,NA,NA,1565.241739,NA,NA,NA,223.4593571,NA,NA,11.14142732,NA,9.340247462,NA,NA,NA,NA,NA
"95% Confidence Interval - Upper",2020,"Sales","Goods","Rest of the World (all countries outside the UK and EU)",3151.963751,NA,NA,2731.408382,NA,NA,NA,341.2897776,NA,NA,15.29001641,NA,35.44874594,NA,NA,NA,NA,NA
"95% Confidence Interval - Upper",2020,"Sales","Goods","External Sales/Purchases (outside NI)",15574.2917,50.20448808,86.62998522,10416.24558,NA,NA,470.6325158,4128.847418,37.72344421,NA,157.9550017,17.28916686,130.7901652,248.4056753,NA,1.171533844,NA,2.57217629
"95% Confidence Interval - Upper",2020,"Sales","Goods","Exports (outside UK)",8319.531765,NA,37.58457074,5861.913272,NA,108.1054187,171.6972745,2015.296488,18.63277344,NA,66.83527557,NA,62.36021716,53.66193086,NA,NA,NA,1.983721491
"95% Confidence Interval - Upper",2020,"Sales","Goods","Imports (outside UK)",NA,NA,NA,NA,NA,NA,NA,NA,NA,NA,NA,NA,NA,NA,NA,NA,NA,NA
"95% Confidence Interval - Upper",2020,"Sales","Services","All countries",23337.25484,58.03812186,89.2243244,921.6003171,1110.171031,502.5279465,6217.809078,1618.275012,2791.304795,663.4813978,2013.498024,1228.459208,2672.421589,2371.44019,231.6100029,1250.581342,625.2523599,255.6469163
"95% Confidence Interval - Upper",2020,"Sales","Services","Northern Ireland",16499.67487,NA,NA,425.5674293,NA,NA,3997.932772,1311.388878,1858.918786,656.3179113,705.9096847,1196.716274,1659.531139,1807.492964,203.4115885,1220.821558,609.8509894,231.8903825
"95% Confidence Interval - Upper",2020,"Sales","Services","Great Britain",4544.868763,NA,NA,152.3782003,NA,30.89691766,1954.28339,149.8455354,610.231371,NA,697.5443078,NA,685.3081551,392.5715397,NA,NA,NA,36.05184519
"95% Confidence Interval - Upper",2020,"Sales","Services","Ireland",1178.097968,NA,7.444376147,117.5224078,NA,8.250024628,375.7559087,173.9705238,192.1645938,NA,181.2110051,NA,188.2373321,78.2577069,NA,NA,NA,NA
"95% Confidence Interval - Upper",2020,"Sales","Services","Rest of the Europe Union (EU excluding Ireland)",427.5485746,NA,NA,60.05208284,NA,NA,33.9348617,4.087860123,173.2717484,NA,54.76879276,NA,93.62466993,NA,NA,NA,NA,NA
"95% Confidence Interval - Upper",2020,"Sales","Services","Rest of the World (all countries outside the UK and EU)",1055.189273,NA,NA,201.9117716,NA,NA,NA,10.51063225,NA,NA,557.9615468,NA,173.6924686,NA,NA,NA,NA,NA
"95% Confidence Interval - Upper",2020,"Sales","Services","External Sales/Purchases (outside NI)",7016.745903,NA,NA,517.6103746,NA,37.56936971,2336.961373,325.6846763,984.4586642,NA,1372.428646,72.10425266,1090.567564,592.4706404,NA,49.27195436,NA,36.70923539
"95% Confidence Interval - Upper",2020,"Sales","Services","Exports (outside UK)",2555.037469,NA,7.569972685,374.7767243,NA,8.250024628,404.7189778,180.2228849,403.932924,NA,742.7150007,2.7960247,426.9481231,200.3847043,NA,NA,NA,0.93064557
"95% Confidence Interval - Upper",2020,"Sales","Services","Imports (outside UK)",NA,NA,NA,NA,NA,NA,NA,NA,NA,NA,NA,NA,NA,NA,NA,NA,NA,NA
"95% Confidence Interval - Upper",2020,"Sales","All Transactions","All countries",68869.80452,170.6477483,521.01555,14876.02311,2488.109822,879.5808767,7823.562135,27039.37987,3257.964587,1661.730845,2261.047353,1262.915611,2967.059713,2823.983416,233.7251604,1276.148152,652.871287,296.8542933
"95% Confidence Interval - Upper",2020,"Sales","All Transactions","Northern Ireland",46894.73812,NA,NA,4076.203646,NA,711.6877039,5203.513041,23015.50004,2306.057096,1654.373024,832.5132538,1227.401417,1852.619434,2043.722507,205.4889253,1245.315844,637.5403443,272.9035687
"95% Confidence Interval - Upper",2020,"Sales","All Transactions","Great Britain",11772.20902,NA,NA,4698.808636,NA,77.79964121,2244.947105,2353.318702,623.0898148,9.47206297,784.4048069,NA,750.6226808,555.0062342,12.29572991,NA,NA,36.61330064
"95% Confidence Interval - Upper",2020,"Sales","All Transactions","Ireland",4423.828243,NA,42.00335525,1697.556413,NA,10.80705366,489.7735423,1617.722288,202.0444796,0.59251323,210.661093,NA,203.3959049,101.1953743,8.388531248,NA,NA,2.66302862
"95% Confidence Interval - Upper",2020,"Sales","All Transactions","Rest of the Europe Union (EU excluding Ireland)",2309.253631,NA,NA,1625.001128,NA,69.07232748,67.18518603,225.5812613,174.0485448,0.416014593,65.75542576,NA,101.9434254,NA,1.582504563,NA,NA,0.143304429
"95% Confidence Interval - Upper",2020,"Sales","All Transactions","Rest of the World (all countries outside the UK and EU)",4173.118311,NA,NA,2931.312171,NA,38.09955952,11.26066105,345.9086462,54.33835746,0.195609825,572.869292,NA,202.534974,NA,9.855463541,NA,NA,0.141622949
"95% Confidence Interval - Upper",2020,"Sales","All Transactions","External Sales/Purchases (outside NI)",22383.02104,NA,NA,10915.23499,NA,186.2013871,2757.962737,4355.184926,1007.022713,10.6534024,1508.798009,80.4843369,1205.012287,796.4905857,30.43316601,50.41849499,32.05717543,38.20996516
"95% Confidence Interval - Upper",2020,"Sales","All Transactions","Exports (outside UK)",10767.28221,46.051262,44.23167884,6230.890024,NA,115.0366159,549.4284709,2126.662728,414.3549059,1.204127054,793.5982708,NA,476.6128553,251.2665015,19.24066591,NA,NA,2.790670683
"95% Confidence Interval - Upper",2020,"Sales","All Transactions","Imports (outside UK)",NA,NA,NA,NA,NA,NA,NA,NA,NA,NA,NA,NA,NA,NA,NA,NA,NA,NA
"95% Confidence Interval - Upper",2020,"Purchases","Goods","All countries",34845.66509,57.0886014,192.5971058,8568.732956,1094.208096,198.8821078,2606.754186,19401.24589,1199.231147,612.1504608,214.3362803,117.6191537,414.5085749,355.331551,41.93045263,172.4392409,120.5294892,70.61644773
"95% Confidence Interval - Upper",2020,"Purchases","Goods","Northern Ireland",17795.09139,50.21477245,148.1421631,4018.748211,672.9618962,142.1992377,1874.14568,9109.912133,644.2516835,517.1389621,95.01255705,116.9438394,298.3394395,260.0238761,27.94595552,140.1593795,108.7720831,54.45976725
"95% Confidence Interval - Upper",2020,"Purchases","Goods","Great Britain",11266.91055,NA,23.84842447,2091.040604,NA,NA,629.3061773,7558.60431,463.1293378,37.83201338,94.08666498,NA,71.65113375,92.66687408,NA,30.63795883,NA,17.75004404
"95% Confidence Interval - Upper",2020,"Purchases","Goods","Ireland",2336.884093,7.838082602,16.48914854,650.9336279,NA,27.48436424,145.5106535,1229.991023,118.9581116,67.36899325,18.59333638,NA,10.97329945,8.176319712,NA,NA,1.308547906,NA
"95% Confidence Interval - Upper",2020,"Purchases","Goods","Rest of the Europe Union (EU excluding Ireland)",1989.1739,NA,NA,897.2027875,NA,NA,49.604734,1028.090159,NA,NA,NA,NA,16.53123301,6.450585607,NA,0.031146914,NA,NA
"95% Confidence Interval - Upper",2020,"Purchases","Goods","Rest of the World (all countries outside the UK and EU)",2069.22651,NA,NA,966.868331,NA,NA,20.37819415,1061.351737,NA,NA,NA,NA,38.26133265,5.066458481,NA,NA,NA,NA
"95% Confidence Interval - Upper",2020,"Purchases","Goods","External Sales/Purchases (outside NI)",17410.19863,10.20759327,44.98951419,4579.89205,423.9004133,62.66725438,794.5106309,10636.51661,574.9435362,104.8103715,123.756406,0.828369624,127.84275,111.7027762,NA,34.45290598,NA,20.39016646
"95% Confidence Interval - Upper",2020,"Purchases","Goods","Exports (outside UK)",NA,NA,NA,NA,NA,NA,NA,NA,NA,NA,NA,NA,NA,NA,NA,NA,NA,NA
"95% Confidence Interval - Upper",2020,"Purchases","Goods","Imports (outside UK)",6255.961682,NA,21.1980695,2498.931756,NA,30.77241992,192.9045717,3185.434847,128.4079841,69.0385588,31.8907326,NA,60.52819307,19.4822608,NA,3.833501656,NA,NA
"95% Confidence Interval - Upper",2020,"Purchases","Services","All countries",10290.48264,49.15627179,126.2978366,1554.382499,533.2175394,198.3684727,2643.686503,1777.226885,1096.490732,202.899694,439.2463142,265.0273053,674.1337182,557.931576,163.3103493,255.5453544,288.2471865,87.95198875
"95% Confidence Interval - Upper",2020,"Purchases","Services","Northern Ireland",6731.96301,44.88090954,81.38612016,948.1674176,488.6701789,153.0749759,1579.563278,1140.075643,585.4613519,171.1293686,229.0996884,251.7290997,434.66789,406.262505,144.6795944,229.0765489,232.3879285,76.5813482
"95% Confidence Interval - Upper",2020,"Purchases","Services","Great Britain",2749.674512,NA,9.849734408,375.5186308,38.23832185,NA,1012.65014,511.3330127,345.4872617,20.69132942,151.3324566,NA,183.3544592,100.7049966,NA,27.39968576,NA,NA
"95% Confidence Interval - Upper",2020,"Purchases","Services","Ireland",364.716469,4.448217872,2.639711147,61.16526567,4.652013863,12.0999282,72.01556698,51.33119759,97.25351317,7.29259246,26.51512193,0.314382188,44.87170533,34.27848182,NA,NA,1.698286792,2.396329476
"95% Confidence Interval - Upper",2020,"Purchases","Services","Rest of the Europe Union (EU excluding Ireland)",340.8426952,1.919972643,NA,45.11422956,NA,0.133963745,31.69783028,160.4176215,75.26735415,NA,NA,1.2184782,6.382926202,3.745454971,NA,NA,0.5108671,NA
"95% Confidence Interval - Upper",2020,"Purchases","Services","Rest of the World (all countries outside the UK and EU)",321.5622952,NA,NA,134.2186173,NA,NA,1.504136952,24.04999382,NA,NA,31.94839901,NA,30.02394597,32.9407259,NA,0.061814573,NA,NA
"95% Confidence Interval - Upper",2020,"Purchases","Services","External Sales/Purchases (outside NI)",3677.746552,6.028055831,51.40707491,611.5522745,49.31497298,50.25818044,1100.508162,719.824538,531.7699517,35.33979506,218.241285,13.96516288,254.2350374,166.6222598,NA,28.42259013,NA,12.56333651
"95% Confidence Interval - Upper",2020,"Purchases","Services","Exports (outside UK)",NA,NA,NA,NA,NA,NA,NA,NA,NA,NA,NA,NA,NA,NA,NA,NA,NA,NA
"95% Confidence Interval - Upper",2020,"Purchases","Services","Imports (outside UK)",960.6835382,NA,43.69071517,238.2673081,NA,NA,100.1462527,218.5432672,220.4848806,15.96288342,72.87295695,NA,79.22900586,66.25273508,NA,1.048727057,NA,NA
"95% Confidence Interval - Upper",2020,"Purchases","All Transactions","All countries",44874.50444,101.7180581,282.6184185,10109.06467,1626.47535,386.4138108,5201.750339,20949.54778,2256.807651,801.9880173,630.828236,375.0746587,1062.468967,884.757157,202.9740926,417.4231853,403.7293389,151.7763288
"95% Confidence Interval - Upper",2020,"Purchases","All Transactions","Northern Ireland",24370.809,90.76946128,227.7585434,4950.946233,1160.853732,286.7542306,3416.228705,10135.55313,1211.831515,674.7650219,312.2022928,361.1819123,711.5824631,639.2780333,170.2963078,358.6949299,335.8117276,125.7029523
"95% Confidence Interval - Upper",2020,"Purchases","All Transactions","Great Britain",13880.98433,NA,33.58831696,2463.321225,NA,72.67122352,1614.731472,7946.68728,783.4458691,57.97310308,233.8863383,NA,249.5117636,192.8074741,NA,57.98486776,NA,26.70952885
"95% Confidence Interval - Upper",2020,"Purchases","All Transactions","Ireland",2668.803107,11.13758498,19.12414953,710.4039305,NA,36.47464612,208.5821126,1273.546958,205.9906275,74.36920213,43.66670038,NA,55.18022931,42.44292797,2.740647448,4.560626117,2.775813649,3.962472536
"95% Confidence Interval - Upper",2020,"Purchases","All Transactions","Rest of the Europe Union (EU excluding Ireland)",2274.78297,NA,42.40593814,941.9145349,NA,NA,76.09645974,1136.278678,83.98200927,4.79357098,27.71273028,NA,22.41691894,10.16865586,NA,NA,NA,NA
"95% Confidence Interval - Upper",2020,"Purchases","All Transactions","Rest of the World (all countries outside the UK and EU)",2351.904164,NA,3.523256233,1097.111333,NA,NA,21.7297235,1076.831564,84.27817432,7.300987525,38.30452726,NA,66.81748068,38.00714937,5.076497568,NA,NA,NA
"95% Confidence Interval - Upper",2020,"Purchases","All Transactions","External Sales/Purchases (outside NI)",20885.78789,15.70672229,84.18004031,5187.202167,472.9637052,108.5397829,1866.891955,11167.95966,1074.53362,139.8750306,327.9456072,14.72935168,373.7503582,266.9740721,34.07794284,62.82271514,70.03521431,31.63213177
"95% Confidence Interval - Upper",2020,"Purchases","All Transactions","Exports (outside UK)",NA,NA,NA,NA,NA,NA,NA,NA,NA,NA,NA,NA,NA,NA,NA,NA,NA,NA
"95% Confidence Interval - Upper",2020,"Purchases","All Transactions","Imports (outside UK)",7124.079194,NA,58.40091553,2733.417392,NA,41.22605799,282.2585367,3327.854959,333.8733029,84.71671833,102.5253421,NA,133.7084962,85.43863575,NA,4.88222862,NA,6.144563756
"95% Confidence Interval - Upper",2021,"Sales","Goods","All countries",52835.79335,136.1728403,520.3805966,15022.01163,1085.649963,771.0140846,2789.740305,30183.68963,748.0047816,1304.908381,389.2155072,137.1059463,444.3188142,489.334033,NA,49.21526396,NA,53.62751355
"95% Confidence Interval - Upper",2021,"Sales","Goods","Northern Ireland",35659.54629,86.60571076,380.320625,4299.300966,NA,395.7062172,2440.467232,24975.22266,694.8094924,1303.700508,159.5284694,NA,305.0556769,400.5513392,NA,47.3750657,NA,52.20947846
"95% Confidence Interval - Upper",2021,"Sales","Goods","Great Britain",8588.515156,11.43983538,80.40018421,5376.294416,NA,310.1403682,300.8769453,2538.768446,43.32233009,NA,103.777669,NA,67.64918633,68.43801198,NA,1.767219677,NA,0.692021755
"95% Confidence Interval - Upper",2021,"Sales","Goods","Ireland",4305.359142,NA,81.32081281,1802.54675,NA,9.337215001,104.8401889,2327.624464,56.14579663,NA,25.45568157,0.386537977,14.72021113,13.18482564,NA,0.09938422,NA,1.755724794
"95% Confidence Interval - Upper",2021,"Sales","Goods","Rest of the Europe Union (EU excluding Ireland)",2263.170469,NA,NA,1783.322153,NA,NA,NA,351.0227081,NA,NA,10.66558324,NA,9.1964114,NA,NA,NA,NA,NA
"95% Confidence Interval - Upper",2021,"Sales","Goods","Rest of the World (all countries outside the UK and EU)",2844.999354,NA,NA,1893.723556,NA,NA,NA,NA,NA,NA,163.2812553,NA,85.60995274,NA,NA,NA,NA,NA
"95% Confidence Interval - Upper",2021,"Sales","Goods","External Sales/Purchases (outside NI)",17642.06702,NA,161.5159897,10811.83385,NA,445.9139453,402.99984,5627.172044,83.59208416,1.24779318,270.0768323,NA,161.4250729,119.4274549,NA,1.866603655,NA,2.291818034
"95% Confidence Interval - Upper",2021,"Sales","Goods","Exports (outside UK)",9224.303272,NA,82.56583886,5454.673681,NA,159.3194121,120.707894,3239.250167,56.28610711,NA,190.2990344,0.386537977,105.0830214,51.02960226,NA,0.09938422,NA,1.849677425
"95% Confidence Interval - Upper",2021,"Sales","Goods","Imports (outside UK)",NA,NA,NA,NA,NA,NA,NA,NA,NA,NA,NA,NA,NA,NA,NA,NA,NA,NA
"95% Confidence Interval - Upper",2021,"Sales","Services","All countries",27812.08801,71.19955215,158.5438079,1411.252499,1020.617707,538.0908516,7711.4858,1869.76805,3909.77857,958.6858457,2218.728139,1094.631997,3241.310797,2491.921436,NA,1425.146731,NA,313.785241
"95% Confidence Interval - Upper",2021,"Sales","Services","Northern Ireland",19402.15804,NA,NA,412.4828438,NA,510.7042664,5036.943495,1621.779144,2693.734554,938.6071769,733.255556,1020.220684,2034.314861,2036.202279,NA,1369.208264,NA,NA
"95% Confidence Interval - Upper",2021,"Sales","Services","Great Britain",5682.388431,4.69700808,NA,638.1093789,NA,22.08591841,2408.425519,176.8598483,707.3070316,NA,752.5301623,NA,742.4623225,294.9014087,NA,96.48899334,NA,33.61830833
"95% Confidence Interval - Upper",2021,"Sales","Services","Ireland",1505.923729,NA,3.804322851,183.1413993,NA,8.634544297,487.7791864,85.23225862,354.5175774,34.56168478,226.2091158,1.39112948,268.5501597,33.61045472,NA,2.019568685,NA,3.493471181
"95% Confidence Interval - Upper",2021,"Sales","Services","Rest of the Europe Union (EU excluding Ireland)",664.4200831,NA,NA,72.71079036,NA,NA,44.81256625,NA,327.064782,NA,65.40199735,NA,121.9059606,NA,NA,NA,NA,NA
"95% Confidence Interval - Upper",2021,"Sales","Services","Rest of the World (all countries outside the UK and EU)",1148.873862,NA,NA,134.5837157,NA,NA,NA,NA,NA,NA,621.5487643,NA,234.2926576,NA,NA,NA,NA,NA
"95% Confidence Interval - Upper",2021,"Sales","Services","External Sales/Purchases (outside NI)",8697.665052,NA,NA,1015.862181,NA,29.88275165,2844.110317,285.7748675,1368.329633,44.47248778,1567.581105,106.2561707,1302.173856,468.3195232,NA,98.46656024,NA,NA
"95% Confidence Interval - Upper",2021,"Sales","Services","Exports (outside UK)",3166.394818,NA,4.030414099,384.9935656,NA,8.634544297,512.803958,134.8175882,720.9803792,42.09871948,876.5608611,1.508869818,586.3132215,175.8501386,NA,5.367874824,NA,NA
"95% Confidence Interval - Upper",2021,"Sales","Services","Imports (outside UK)",NA,NA,NA,NA,NA,NA,NA,NA,NA,NA,NA,NA,NA,NA,NA,NA,NA,NA
"95% Confidence Interval - Upper",2021,"Sales","All Transactions","All countries",80031.73259,191.8709219,627.6799764,16377.10808,2105.668113,1232.177073,10122.90758,31752.22493,4510.419667,2178.647422,2508.297266,1182.083096,3589.746295,2925.913817,275.9706118,1472.421324,655.6463299,358.6308913
"95% Confidence Interval - Upper",2021,"Sales","All Transactions","Northern Ireland",54527.14842,141.6138338,NA,4673.936837,NA,851.9811223,7119.2016,26331.55934,3252.56542,2158.258633,863.1082978,NA,2265.223557,2384.932861,245.0085021,1414.708288,624.5777965,332.0045353
"95% Confidence Interval - Upper",2021,"Sales","All Transactions","Great Britain",14106.02493,15.15013678,NA,6000.31764,NA,329.4778866,2683.415155,2677.236511,727.9396972,4.179637741,828.4646157,111.1706696,793.7728932,353.021066,15.45224077,98.23480426,48.1057291,34.04504463
"95% Confidence Interval - Upper",2021,"Sales","All Transactions","Ireland",5694.748013,9.147084694,84.95436986,1978.560594,NA,16.45827945,568.3833231,2384.166844,384.0052399,NA,244.8409744,1.718423331,279.0314677,46.59711979,NA,2.111904835,NA,4.601571058
"95% Confidence Interval - Upper",2021,"Sales","All Transactions","Rest of the Europe Union (EU excluding Ireland)",2865.541324,NA,NA,1855.326304,NA,92.60006121,65.1686392,392.3836442,327.0864253,NA,74.95104544,NA,130.0095561,NA,NA,NA,NA,NA
"95% Confidence Interval - Upper",2021,"Sales","All Transactions","Rest of the World (all countries outside the UK and EU)",3901.1663,NA,NA,2025.609951,NA,61.21873814,2.114269443,734.8503969,116.6730016,NA,723.8077881,NA,308.2824398,NA,NA,NA,NA,NA
"95% Confidence Interval - Upper",2021,"Sales","All Transactions","External Sales/Purchases (outside NI)",26082.29634,64.59360076,NA,11813.15267,NA,471.5898262,3208.865028,5852.265725,1433.968748,45.67816714,1755.05237,NA,1438.644585,576.1540705,35.20448241,100.3050326,52.63116234,37.78223334
"95% Confidence Interval - Upper",2021,"Sales","All Transactions","Exports (outside UK)",12196.06964,54.580787,86.30929805,5832.547066,NA,166.1336985,608.9133183,3325.514209,748.370077,NA,1003.616125,NA,673.6949299,224.7555298,22.77779446,5.460185166,6.293810819,5.548668247
"95% Confidence Interval - Upper",2021,"Sales","All Transactions","Imports (outside UK)",NA,NA,NA,NA,NA,NA,NA,NA,NA,NA,NA,NA,NA,NA,NA,NA,NA,NA
"95% Confidence Interval - Upper",2021,"Purchases","Goods","All countries",40941.43558,75.77982927,286.5783346,9760.274036,584.2077523,484.1953886,3729.547414,23023.72926,1492.456314,795.5847385,224.58247,65.78396512,488.1880301,490.2854867,54.03254986,177.5256453,95.24289318,74.4130743
"95% Confidence Interval - Upper",2021,"Purchases","Goods","Northern Ireland",22204.27803,64.38566265,NA,5067.068433,NA,412.7183495,2931.400745,11149.96123,861.128774,707.1751291,109.1871629,NA,320.4978369,390.8431689,38.16469858,158.7292171,88.96046719,58.6868942
"95% Confidence Interval - Upper",2021,"Purchases","Goods","Great Britain",11955.78226,NA,NA,2198.777789,NA,31.52047669,714.0001023,8127.588631,543.0900867,43.89380295,85.27755194,1.17445365,107.3897048,64.08316155,NA,17.98228899,NA,NA
"95% Confidence Interval - Upper",2021,"Purchases","Goods","Ireland",3059.959676,NA,13.82128935,908.6596572,NA,63.97244505,114.5369432,1768.796679,181.9929683,63.06255326,24.537235,NA,10.278496,8.548508382,NA,1.416344141,NA,NA
"95% Confidence Interval - Upper",2021,"Purchases","Goods","Rest of the Europe Union (EU excluding Ireland)",2169.816482,NA,NA,758.8419473,NA,NA,47.00816561,1349.900979,NA,NA,15.56519585,NA,5.076650059,11.36272652,NA,NA,0.130553942,NA
"95% Confidence Interval - Upper",2021,"Purchases","Goods","Rest of the World (all countries outside the UK and EU)",2524.417843,NA,NA,888.0439786,NA,NA,11.91419215,1563.853054,NA,NA,14.57861038,NA,66.85578363,39.93068947,NA,0.255602238,NA,NA
"95% Confidence Interval - Upper",2021,"Purchases","Goods","External Sales/Purchases (outside NI)",19280.87731,NA,NA,4721.699727,NA,86.18444898,856.3630447,12391.19062,704.5651633,108.0840521,128.1582189,NA,182.5577192,120.9819646,NA,19.63417074,NA,18.51373526
"95% Confidence Interval - Upper",2021,"Purchases","Goods","Exports (outside UK)",NA,NA,NA,NA,NA,NA,NA,NA,NA,NA,NA,NA,NA,NA,NA,NA,NA,NA
"95% Confidence Interval - Upper",2021,"Purchases","Goods","Imports (outside UK)",7534.607473,NA,29.64738088,2535.886988,NA,65.44241782,158.5006,4467.609527,187.3469958,64.2193188,49.27823819,NA,80.91655888,59.63442912,NA,1.709407294,NA,NA
"95% Confidence Interval - Upper",2021,"Purchases","Services","All countries",10861.78513,48.26962791,139.2496986,1531.491818,626.148619,187.0727118,2920.281453,1656.403773,1387.246106,270.0370046,497.0980408,258.2169032,616.2952125,514.4874363,150.7965529,211.1046898,393.0725161,88.89068721
"95% Confidence Interval - Upper",2021,"Purchases","Services","Northern Ireland",8214.088384,43.14648899,126.37991,1026.798967,606.9050428,138.3322044,2387.969305,1132.001581,913.0491671,254.4869288,271.921423,243.8802531,457.23063,294.1837139,137.5841648,186.1592458,382.3676579,78.36671435
"95% Confidence Interval - Upper",2021,"Purchases","Services","Great Britain",1861.459398,NA,13.11217368,323.6053716,NA,44.29143798,509.2465112,333.1906471,207.0390434,10.64998068,151.3901726,16.25861107,104.976325,202.7840309,NA,24.3865589,NA,NA
"95% Confidence Interval - Upper",2021,"Purchases","Services","Ireland",379.572726,NA,3.148437857,66.56292877,NA,7.450027699,33.33399408,106.8962613,105.3524631,5.991722888,42.44360685,NA,38.53014522,14.2507223,NA,NA,NA,NA
"95% Confidence Interval - Upper",2021,"Purchases","Services","Rest of the Europe Union (EU excluding Ireland)",327.7295887,2.10320311,NA,56.06916985,NA,NA,25.84046636,47.53953174,NA,1.568514442,7.018209712,NA,9.046211832,1.716329599,NA,NA,0.573746043,NA
"95% Confidence Interval - Upper",2021,"Purchases","Services","Rest of the World (all countries outside the UK and EU)",328.3780232,NA,NA,65.95972683,NA,NA,0.537561952,58.0143026,125.1908902,NA,59.72330099,NA,26.30754226,29.29227899,NA,0.091950401,NA,NA
"95% Confidence Interval - Upper",2021,"Purchases","Services","External Sales/Purchases (outside NI)",2780.281864,NA,16.23458197,508.6410322,NA,51.09042601,558.5608066,533.9032457,564.2976887,17.07212381,244.8000978,16.65882933,171.7774001,245.8692422,NA,26.39744555,NA,12.00826027
"95% Confidence Interval - Upper",2021,"Purchases","Services","Exports (outside UK)",NA,NA,NA,NA,NA,NA,NA,NA,NA,NA,NA,NA,NA,NA,NA,NA,NA,NA
"95% Confidence Interval - Upper",2021,"Purchases","Services","Imports (outside UK)",972.8243418,NA,3.2954077,186.8875336,NA,7.450027699,55.75752528,203.8516216,372.9953565,7.452180895,101.2570905,NA,71.08338193,45.1174941,NA,2.051347283,NA,NA
"95% Confidence Interval - Upper",2021,"Purchases","All Transactions","All countries",51495.86819,119.0699578,413.2347547,11283.96605,1210.324637,658.6988932,6527.187449,24556.48823,2722.982908,1047.695097,700.400055,316.1858997,1069.766924,948.1197267,200.8450742,376.3250618,472.3272217,159.4593729
"95% Confidence Interval - Upper",2021,"Purchases","All Transactions","Northern Ireland",30180.12657,102.6575931,338.4298335,6085.29909,1012.517398,539.6256907,5195.487252,12220.17175,1672.569417,938.9330875,362.1598798,300.4720243,750.958749,655.4372354,171.4338839,332.8686425,454.8739393,133.0680981
"95% Confidence Interval - Upper",2021,"Purchases","All Transactions","Great Britain",13743.24211,NA,69.34077097,2519.631619,NA,73.68267334,1213.288733,8438.472563,736.281742,54.4356424,228.4013218,NA,202.9501944,263.9999986,NA,41.94635098,NA,NA
"95% Confidence Interval - Upper",2021,"Purchases","All Transactions","Ireland",3389.968489,10.39213421,16.78588283,973.8900464,NA,69.97274539,142.5698738,1845.295648,264.9687217,66.77475908,62.11025723,NA,48.01427913,22.7174518,NA,3.348003611,NA,3.678776173
"95% Confidence Interval - Upper",2021,"Purchases","All Transactions","Rest of the Europe Union (EU excluding Ireland)",2429.359845,NA,NA,812.1213134,NA,NA,67.80615282,1390.686509,201.4017026,2.5487012,21.15046397,NA,13.8570916,13.05076524,NA,0.052581932,0.703391794,NA
"95% Confidence Interval - Upper",2021,"Purchases","All Transactions","Rest of the World (all countries outside the UK and EU)",2788.034819,NA,NA,952.4355624,NA,NA,12.36703195,1588.665721,125.3025618,0.195631872,71.02797098,NA,91.19869737,69.14763213,NA,0.347552639,NA,NA
"95% Confidence Interval - Upper",2021,"Purchases","All Transactions","External Sales/Purchases (outside NI)",21877.90305,20.14083925,100.2198493,5225.747129,197.807239,133.3797546,1402.322262,12845.73264,1190.014139,123.6900243,365.3550023,18.23436154,342.992527,347.5118913,30.45743703,45.60528133,25.47442299,29.47187982
"95% Confidence Interval - Upper",2021,"Purchases","All Transactions","Exports (outside UK)",NA,NA,NA,NA,NA,NA,NA,NA,NA,NA,NA,NA,NA,NA,NA,NA,NA,NA
"95% Confidence Interval - Upper",2021,"Purchases","All Transactions","Imports (outside UK)",8370.259468,NA,32.70716298,2718.48258,NA,71.44907916,206.629463,4610.050059,529.7339894,69.38168801,142.2901522,NA,147.9916775,102.7474251,NA,3.735322612,NA,NA
"95% Confidence Interval - Upper",2022,"Sales","Goods","All countries",59746.06109,190.3382314,450.1534187,18489.38559,3294.236172,707.5200488,2268.841459,31377.14672,720.9952806,1655.038437,338.1051532,77.33280398,560.6308969,713.9231503,11.26354183,83.29258696,65.27619429,66.24403044
"95% Confidence Interval - Upper",2022,"Sales","Goods","Northern Ireland",39377.99653,125.490884,290.3711121,5673.019753,NA,382.1415044,1961.873174,25398.52459,575.0344864,NA,172.1608266,75.07070294,425.763521,337.1121239,NA,NA,61.8334526,61.92978915
"95% Confidence Interval - Upper",2022,"Sales","Goods","Great Britain",10280.15617,NA,126.3135675,6445.407605,NA,134.4872328,230.2395726,3119.093608,107.9707193,NA,96.72300571,NA,83.26893641,53.79987227,NA,NA,1.390847679,NA
"95% Confidence Interval - Upper",2022,"Sales","Goods","Ireland",5910.383038,NA,42.44409789,3257.361224,NA,27.07767157,106.2686696,2191.211397,37.70634884,NA,64.52916348,NA,10.75955364,287.0647408,NA,NA,NA,3.728112154
"95% Confidence Interval - Upper",2022,"Sales","Goods","Rest of the Europe Union (EU excluding Ireland)",1885.566361,NA,NA,1278.390963,NA,NA,NA,439.4234085,0.761934103,NA,9.762543605,NA,13.24051041,NA,NA,NA,NA,NA
"95% Confidence Interval - Upper",2022,"Sales","Goods","Rest of the World (all countries outside the UK and EU)",3076.487717,NA,NA,1966.05979,NA,NA,NA,966.4993911,18.08281872,NA,34.00973324,NA,61.99016349,NA,NA,NA,NA,NA
"95% Confidence Interval - Upper",2022,"Sales","Goods","External Sales/Purchases (outside NI)",20807.39056,NA,168.5427817,12897.33919,NA,336.1378165,331.6865857,6406.274793,154.6194719,NA,185.8623007,3.430417656,154.545751,396.2812287,NA,NA,4.970256518,5.291381217
"95% Confidence Interval - Upper",2022,"Sales","Goods","Exports (outside UK)",10681.47647,NA,43.27758452,6472.285538,NA,211.3353915,111.7526008,3434.818163,52.04244248,NA,101.8119687,NA,83.90457226,344.1564983,NA,NA,3.705918787,NA
"95% Confidence Interval - Upper",2022,"Sales","Goods","Imports (outside UK)",NA,NA,NA,NA,NA,NA,NA,NA,NA,NA,NA,NA,NA,NA,NA,NA,NA,NA
"95% Confidence Interval - Upper",2022,"Sales","Services","All countries",29332.91433,65.07724702,121.7476874,893.2528911,1228.39497,684.6630215,7060.621506,1859.464298,3841.714647,1256.012998,2844.413642,1069.583254,3610.993208,3628.740191,301.4611399,1488.376041,576.6794383,328.0702804
"95% Confidence Interval - Upper",2022,"Sales","Services","Northern Ireland",20664.81857,NA,76.77126091,490.8320633,NA,639.2384592,4440.351711,1605.295185,2657.037026,NA,1073.574243,1033.89906,2185.48708,2656.031641,NA,NA,NA,314.3843733
"95% Confidence Interval - Upper",2022,"Sales","Services","Great Britain",5517.485653,NA,41.87105767,220.6022783,NA,43.23521419,1956.47057,186.9553129,840.2822876,NA,899.5843429,NA,908.2060849,717.6429795,NA,NA,NA,NA
"95% Confidence Interval - Upper",2022,"Sales","Services","Ireland",1904.28591,NA,3.407938491,62.63483522,NA,16.23401645,873.2845629,81.56910587,207.3304398,NA,225.5043452,NA,319.7673694,293.1022042,18.243394,NA,NA,8.174919268
"95% Confidence Interval - Upper",2022,"Sales","Services","Rest of the Europe Union (EU excluding Ireland)",502.7999553,NA,NA,29.68926983,NA,NA,NA,14.44418556,189.5297361,NA,57.84937775,NA,111.9806508,NA,NA,NA,NA,0.693789577
"95% Confidence Interval - Upper",2022,"Sales","Services","Rest of the World (all countries outside the UK and EU)",1294.266655,NA,NA,117.0748137,NA,NA,NA,8.637876838,76.8214493,NA,751.1086447,NA,256.8338342,NA,NA,NA,NA,NA
"95% Confidence Interval - Upper",2022,"Sales","Services","External Sales/Purchases (outside NI)",8996.788418,NA,45.22236844,419.4938948,NA,54.93488261,2777.214073,278.8204075,1259.37556,NA,1837.718783,48.08963453,1524.958455,1202.967879,NA,NA,NA,18.6105597
"95% Confidence Interval - Upper",2022,"Sales","Services","Exports (outside UK)",3573.004411,NA,3.458128764,206.3887506,NA,16.24083821,891.3149871,98.04238463,454.8229839,NA,999.8637609,NA,650.1146321,507.9274026,NA,NA,5.635660658,NA
"95% Confidence Interval - Upper",2022,"Sales","Services","Imports (outside UK)",NA,NA,NA,NA,NA,NA,NA,NA,NA,NA,NA,NA,NA,NA,NA,NA,NA,NA
"95% Confidence Interval - Upper",2022,"Sales","All Transactions","All countries",88487.74137,242.0564781,541.8927783,19314.04092,4414.315436,1340.938886,9076.789644,33065.51689,4479.290202,2704.548454,3132.364684,1134.873069,4112.624322,4222.995429,308.2272403,1564.620031,628.1912505,389.0724903
"95% Confidence Interval - Upper",2022,"Sales","All Transactions","Northern Ireland",59512.44593,177.4950755,347.3839114,6099.299916,4298.216301,986.5796742,6179.619032,26839.70154,3166.829711,2696.928736,1230.257761,1097.714771,2569.638322,2896.926422,269.4729153,1540.018397,608.0041005,371.016767
"95% Confidence Interval - Upper",2022,"Sales","All Transactions","Great Britain",15635.45938,24.11291185,163.9824355,6653.067493,NA,170.0156573,2172.102344,3289.410173,934.8778452,NA,972.1761027,44.28309799,972.0991069,767.7347273,11.46861456,NA,NA,NA
"95% Confidence Interval - Upper",2022,"Sales","All Transactions","Ireland",7700.2769,13.06597583,45.79229196,3311.354614,NA,38.62842304,955.8529455,2262.984635,237.8186764,NA,278.7551597,6.320902115,329.0133042,533.0299392,NA,NA,5.819747405,11.68725702
"95% Confidence Interval - Upper",2022,"Sales","All Transactions","Rest of the Europe Union (EU excluding Ireland)",2336.933685,NA,NA,1307.679896,NA,131.7340518,NA,446.5927418,189.8665146,NA,65.74363349,NA,124.15161,NA,NA,NA,2.692117063,NA
"95% Confidence Interval - Upper",2022,"Sales","All Transactions","Rest of the World (all countries outside the UK and EU)",4290.383198,NA,NA,2081.863324,NA,59.24030404,NA,970.0614531,89.45539379,NA,775.7144104,NA,306.2547318,NA,NA,0.826051226,NA,NA
"95% Confidence Interval - Upper",2022,"Sales","All Transactions","External Sales/Purchases (outside NI)",29512.41857,71.61499508,207.9186747,13300.61495,134.7191222,381.1531512,3078.646712,6657.095711,1394.248255,9.942586802,1986.667841,49.58462222,1650.581906,1505.948479,45.76491698,25.4327549,29.50589992,23.44670732
"95% Confidence Interval - Upper",2022,"Sales","All Transactions","Exports (outside UK)",14077.30147,54.13954677,46.67677661,6669.310865,NA,221.6203583,979.3414754,3516.396296,496.1623371,NA,1081.408468,6.803635008,714.3682374,801.1244406,36.42971654,NA,NA,NA
"95% Confidence Interval - Upper",2022,"Sales","All Transactions","Imports (outside UK)",NA,NA,NA,NA,NA,NA,NA,NA,NA,NA,NA,NA,NA,NA,NA,NA,NA,NA
"95% Confidence Interval - Upper",2022,"Purchases","Goods","All countries",46863.3783,67.8681501,215.9625791,12269.57852,2104.866176,383.7954873,3518.63113,24131.77887,1427.164044,995.3225283,394.9245843,92.80340494,577.0160662,1270.260817,71.07965456,178.3737215,106.7992338,103.4822288
"95% Confidence Interval - Upper",2022,"Purchases","Goods","Northern Ireland",26102.04059,50.13565663,170.8172643,6511.05703,1431.233255,288.8171885,2427.505409,12693.39367,660.3046735,876.0097937,228.1720857,87.13113458,368.2261853,691.419724,47.92666405,171.5788421,98.25219822,68.0149269
"95% Confidence Interval - Upper",2022,"Purchases","Goods","Great Britain",12284.5618,10.59213637,24.74601819,2873.672687,NA,36.17062299,944.9447157,6901.025717,725.4102795,70.17402616,117.7962889,NA,171.5348474,177.0218796,17.84912051,6.14125205,9.173201762,18.43572381
"95% Confidence Interval - Upper",2022,"Purchases","Goods","Ireland",3226.730822,NA,10.63368698,807.2317272,NA,56.36373909,190.5441174,1821.653392,76.54840836,81.96262581,16.40434075,NA,13.77287027,365.6845502,NA,NA,2.829782496,1.109935366
"95% Confidence Interval - Upper",2022,"Purchases","Goods","Rest of the Europe Union (EU excluding Ireland)",2933.077563,NA,NA,1090.148026,NA,7.138569848,28.36379511,1504.670224,27.56402628,0.240944288,NA,NA,11.86071514,314.2625143,NA,NA,1.540460698,NA
"95% Confidence Interval - Upper",2022,"Purchases","Goods","Rest of the World (all countries outside the UK and EU)",3178.028224,NA,NA,1089.169129,NA,0.133873199,NA,1888.005631,3.095005127,0.970413023,NA,NA,25.47171218,8.291163941,NA,0.058115912,NA,NA
"95% Confidence Interval - Upper",2022,"Purchases","Goods","External Sales/Purchases (outside NI)",21145.81381,20.89757284,49.01094772,5809.804816,674.4364265,96.83561736,1141.081099,11766.4761,809.7232237,142.5438039,180.5549235,5.928356725,217.2765219,699.010147,NA,7.26988124,NA,38.04353172
"95% Confidence Interval - Upper",2022,"Purchases","Goods","Exports (outside UK)",NA,NA,NA,NA,NA,NA,NA,NA,NA,NA,NA,NA,NA,NA,NA,NA,NA,NA
"95% Confidence Interval - Upper",2022,"Purchases","Goods","Imports (outside UK)",9084.169595,12.22340411,24.6459684,2953.668895,NA,62.2676308,218.2965478,5040.337193,102.8133383,83.12368852,70.38650354,NA,49.79294822,574.3690013,NA,NA,4.497094307,20.32228821
"95% Confidence Interval - Upper",2022,"Purchases","Services","All countries",11559.91138,63.47681831,112.8592448,1825.74341,1603.53813,333.1541937,1846.440309,1818.346354,1472.667563,268.1510845,534.8129323,200.5963895,679.7181643,618.0708303,169.8488137,212.7081512,323.4124207,87.9236677
"95% Confidence Interval - Upper",2022,"Purchases","Services","Northern Ireland",8477.288013,52.54824775,97.74478596,1164.962534,1546.917811,285.5789531,1224.673408,1462.324707,844.0995112,219.83554,245.1302508,193.5692821,503.4117941,450.1206911,131.6193571,203.3259825,296.9741621,60.7820141
"95% Confidence Interval - Upper",2022,"Purchases","Services","Great Britain",2130.402723,NA,12.26732239,389.7300454,NA,42.72569267,589.3668258,281.5916343,299.1394304,35.72431695,245.1965669,NA,130.2678318,122.1594901,26.18271517,9.441895875,20.53467997,6.803697417
"95% Confidence Interval - Upper",2022,"Purchases","Services","Ireland",447.9875586,NA,3.199770834,104.028632,NA,5.184817762,74.80206823,47.97988373,107.1711944,8.893308027,18.12173825,NA,40.93373555,35.20395521,NA,NA,8.246469943,NA
"95% Confidence Interval - Upper",2022,"Purchases","Services","Rest of the Europe Union (EU excluding Ireland)",286.6790443,NA,NA,58.88517701,NA,0.194847843,NA,41.33160734,148.1480476,6.410583253,NA,NA,10.18558849,1.824306701,NA,NA,NA,NA
"95% Confidence Interval - Upper",2022,"Purchases","Services","Rest of the World (all countries outside the UK and EU)",368.9061717,NA,NA,114.0242091,NA,0.40791085,NA,24.67391155,146.0116043,0.237731449,26.56055115,NA,18.76757346,24.43987203,NA,0.03104286,NA,NA
"95% Confidence Interval - Upper",2022,"Purchases","Services","External Sales/Purchases (outside NI)",3165.159331,11.49620232,15.54571898,664.0542283,72.63474866,48.49081342,658.9371707,391.8117362,663.2657426,50.46578159,299.536196,7.509689024,190.7326044,173.329766,NA,9.63673473,NA,33.53620787
"95% Confidence Interval - Upper",2022,"Purchases","Services","Exports (outside UK)",NA,NA,NA,NA,NA,NA,NA,NA,NA,NA,NA,NA,NA,NA,NA,NA,NA,NA
"95% Confidence Interval - Upper",2022,"Purchases","Services","Imports (outside UK)",1076.661012,4.767429102,3.306951263,276.0980665,46.83861444,5.77934597,80.10776314,112.3896734,391.5517567,15.39941553,59.55570043,0.894265436,66.2750031,60.01554167,NA,NA,10.24966402,27.16565919
"95% Confidence Interval - Upper",2022,"Purchases","All Transactions","All countries",58277.50167,129.383967,323.5276921,14083.39635,3685.612297,696.5175417,5296.654203,25862.64602,2825.946174,1247.038759,907.160056,288.8948576,1231.260522,1858.631993,238.915681,375.8580604,420.3797431,184.5800233
"95% Confidence Interval - Upper",2022,"Purchases","All Transactions","Northern Ireland",34447.82249,100.232619,262.8380251,7663.500142,2941.947602,557.6420083,3592.17558,14066.89471,1453.889488,1079.319563,458.9166925,276.1982934,849.4982866,1118.75671,177.0443542,359.7664318,386.0387632,124.5026038
"95% Confidence Interval - Upper",2022,"Purchases","All Transactions","Great Britain",14354.40561,NA,36.77265229,3259.353366,NA,78.55565047,1521.062538,7157.796769,990.0153045,104.4141367,351.3439499,NA,297.6698564,299.1179588,43.74718061,15.51740656,27.28574033,24.90620264
"95% Confidence Interval - Upper",2022,"Purchases","All Transactions","Ireland",3636.748088,11.07936138,13.82924511,908.6190977,78.84868093,61.32902423,258.7755892,1865.738751,172.2065719,90.47076427,33.49384288,1.171506975,54.07810616,390.4396853,NA,1.227106834,10.15576472,NA
"95% Confidence Interval - Upper",2022,"Purchases","All Transactions","Rest of the Europe Union (EU excluding Ireland)",3173.17612,5.530070637,6.694433407,1148.492212,NA,7.323244242,33.06180473,1543.04611,170.5684078,6.643475128,63.05894019,NA,21.56702797,316.0690085,NA,0.009086393,2.571028293,NA
"95% Confidence Interval - Upper",2022,"Purchases","All Transactions","Rest of the World (all countries outside the UK and EU)",3536.414858,NA,7.690159223,1202.438492,NA,0.540888278,13.18725715,1911.334593,148.4050175,1.208140997,33.79461109,NA,42.966268,31.72861618,NA,0.08914366,2.355030457,NA
"95% Confidence Interval - Upper",2022,"Purchases","All Transactions","External Sales/Purchases (outside NI)",24215.77486,31.28886851,64.30868318,6468.683699,747.0604233,144.4195533,1778.968864,12127.79717,1414.94812,190.769966,466.4913782,13.23944321,399.9432952,857.1151025,62.6997035,16.84069475,38.03755029,68.36002882
"95% Confidence Interval - Upper",2022,"Purchases","All Transactions","Exports (outside UK)",NA,NA,NA,NA,NA,NA,NA,NA,NA,NA,NA,NA,NA,NA,NA,NA,NA,NA
"95% Confidence Interval - Upper",2022,"Purchases","All Transactions","Imports (outside UK)",10093.63937,NA,27.93116306,3226.516152,NA,67.82100524,291.3242473,5146.116638,477.1662999,97.65547756,124.5033191,NA,109.8452628,629.166064,18.97332763,1.325256626,13.68700031,46.36457714
"95% Confidence Interval - Upper",2023,"Sales","Goods","All countries",68632.14662,202.0994702,490.7428931,19620.96013,2485.408305,577.9705262,3976.842109,38199.50005,713.4785109,2162.739265,472.620856,195.9545783,567.6500245,1290.360375,5.583705614,66.2465757,133.8854341,177.6550152
"95% Confidence Interval - Upper",2023,"Sales","Goods","Northern Ireland",45031.61183,146.2330089,269.7949914,5632.588091,NA,326.9942064,2909.288794,30930.002,633.1241142,2152.888231,233.2957207,NA,323.8371438,845.3513372,NA,NA,129.5463904,138.9174831
"95% Confidence Interval - Upper",2023,"Sales","Goods","Great Britain",12004.2039,NA,NA,6265.664709,NA,98.78965276,1259.202892,4357.524241,43.73209162,NA,97.27873205,3.78544426,219.8144497,189.5347161,NA,NA,NA,NA
"95% Confidence Interval - Upper",2023,"Sales","Goods","Ireland",6856.170087,9.541945206,41.46298645,3271.726001,NA,6.737534566,148.7794986,2922.114929,53.54016923,NA,NA,NA,11.56823245,334.9346146,NA,NA,NA,NA
"95% Confidence Interval - Upper",2023,"Sales","Goods","Rest of the Europe Union (EU excluding Ireland)",2190.88923,NA,NA,1765.086756,NA,NA,5.044908878,285.711847,NA,NA,NA,NA,13.81063874,NA,NA,NA,NA,NA
"95% Confidence Interval - Upper",2023,"Sales","Goods","Rest of the World (all countries outside the UK and EU)",4064.248319,NA,NA,2840.605103,NA,NA,4.509401899,1050.70231,NA,NA,57.45555364,NA,55.65112946,NA,NA,NA,NA,NA
"95% Confidence Interval - Upper",2023,"Sales","Goods","External Sales/Purchases (outside NI)",24424.83585,61.97572384,228.8176502,14087.6472,NA,256.7850504,1364.979028,8004.366673,108.2656125,10.09066357,248.0946395,NA,287.4861829,512.2044734,NA,NA,NA,NA
"95% Confidence Interval - Upper",2023,"Sales","Goods","Exports (outside UK)",12823.96368,47.07695366,77.79663939,7843.340463,NA,168.0960863,155.1155334,3997.730155,65.58590492,NA,153.9523963,NA,78.19024,376.7354035,NA,NA,NA,NA
"95% Confidence Interval - Upper",2023,"Sales","Goods","Imports (outside UK)",NA,NA,NA,NA,NA,NA,NA,NA,NA,NA,NA,NA,NA,NA,NA,NA,NA,NA
"95% Confidence Interval - Upper",2023,"Sales","Services","All countries",37832.90004,72.45540629,57.64557495,997.5835772,1990.898529,793.986142,10672.53927,1979.35048,6214.651796,2204.331762,3095.790578,1290.842524,4044.622408,4574.883898,365.8042638,2322.44495,599.4374212,587.7118823
"95% Confidence Interval - Upper",2023,"Sales","Services","Northern Ireland",25806.35016,61.23242844,NA,516.8743693,NA,639.6782445,6009.047589,1496.253485,4927.268518,2200.240507,1024.9059,1223.992792,2378.122609,3399.970776,277.5322007,1697.998005,573.3563252,391.1386062
"95% Confidence Interval - Upper",2023,"Sales","Services","Great Britain",7412.118264,NA,NA,154.2224093,NA,153.9988372,3117.253925,261.3332439,908.9778857,NA,923.8410862,98.57940663,993.4075878,853.8523256,NA,NA,NA,NA
"95% Confidence Interval - Upper",2023,"Sales","Services","Ireland",2924.845685,1.225034041,3.776990828,105.110908,NA,20.30317326,1836.366562,238.9382294,253.7550754,NA,NA,NA,290.741179,193.1616797,NA,NA,NA,NA
"95% Confidence Interval - Upper",2023,"Sales","Services","Rest of the Europe Union (EU excluding Ireland)",1009.683253,NA,NA,96.90747646,NA,NA,264.6807827,175.3843099,NA,NA,NA,NA,145.0871205,NA,NA,NA,NA,NA
"95% Confidence Interval - Upper",2023,"Sales","Services","Rest of the World (all countries outside the UK and EU)",1997.534195,NA,NA,146.7016638,NA,NA,119.1619833,58.03850112,NA,NA,1145.077796,NA,412.3191059,NA,NA,10.63297035,NA,NA
"95% Confidence Interval - Upper",2023,"Sales","Services","External Sales/Purchases (outside NI)",12696.81247,15.77334235,NA,495.451136,NA,168.6803117,5041.542789,638.3922634,1407.023543,5.921350181,2187.515427,NA,1752.197738,1264.654936,NA,NA,NA,NA
"95% Confidence Interval - Upper",2023,"Sales","Services","Exports (outside UK)",5612.583207,NA,3.802336376,345.3099302,NA,20.30922247,2089.918364,396.0040246,537.7772883,NA,1349.519293,NA,797.3607984,465.0635719,NA,NA,NA,NA
"95% Confidence Interval - Upper",2023,"Sales","Services","Imports (outside UK)",NA,NA,NA,NA,NA,NA,NA,NA,NA,NA,NA,NA,NA,NA,NA,NA,NA,NA
"95% Confidence Interval - Upper",2023,"Sales","All Transactions","All countries",105036.5795,259.5110447,532.243848,20543.12251,4083.242592,1329.499905,14068.98327,39794.13399,6739.303406,4100.248463,3533.387584,1452.52898,4507.195636,5644.54459,368.5079766,2384.82076,690.3459263,717.7784677
"95% Confidence Interval - Upper",2023,"Sales","All Transactions","Northern Ireland",69640.79213,196.2972389,307.0867336,6083.671789,3846.557026,957.3765689,8492.217876,32149.38578,5397.057156,4086.317766,1239.836212,1307.469734,2634.35535,4079.57129,280.3608134,1752.518132,663.7567704,506.9752975
"95% Confidence Interval - Upper",2023,"Sales","All Transactions","Great Britain",18976.01825,29.98084409,165.3370049,6413.928907,NA,224.3830411,4211.066933,4508.622833,932.6354149,NA,1012.327107,100.2993255,1157.338146,998.3052049,18.18802234,647.1008602,21.46727988,215.2737442
"95% Confidence Interval - Upper",2023,"Sales","All Transactions","Ireland",9482.131661,10.46861375,45.18270984,3364.568902,NA,26.6582885,1934.667426,3060.874349,286.4173589,NA,269.2569062,103.2962549,299.2709318,514.862715,66.65608341,65.85325454,25.73781103,51.56549445
"95% Confidence Interval - Upper",2023,"Sales","All Transactions","Rest of the Europe Union (EU excluding Ireland)",3132.253362,NA,NA,1861.131606,NA,83.61169353,267.9025452,410.1548761,217.6094035,NA,72.41237169,NA,157.8117652,188.5563672,NA,NA,NA,NA
"95% Confidence Interval - Upper",2023,"Sales","All Transactions","Rest of the World (all countries outside the UK and EU)",5887.063875,NA,NA,2986.182862,NA,77.90890847,122.1168136,1080.380631,118.3486524,NA,1191.331177,NA,458.9799983,171.9128503,NA,NA,NA,NA
"95% Confidence Interval - Upper",2023,"Sales","All Transactions","External Sales/Purchases (outside NI)",36473.90231,71.48801107,236.6699926,14567.35614,349.5031335,392.4008795,6058.766567,8398.728394,1470.545085,15.81970864,2417.453599,172.4296418,1975.710966,1710.926349,115.6721506,740.5785027,40.80005355,246.4504837
"95% Confidence Interval - Upper",2023,"Sales","All Transactions","Exports (outside UK)",18059.57799,48.06643609,81.26493015,8175.145372,NA,185.7125613,2194.349526,4245.024871,577.5340963,NA,1491.229309,104.0040209,865.1454282,823.5044278,97.71393434,96.28957871,27.45141335,54.01799515
"95% Confidence Interval - Upper",2023,"Sales","All Transactions","Imports (outside UK)",NA,NA,NA,NA,NA,NA,NA,NA,NA,NA,NA,NA,NA,NA,NA,NA,NA,NA
"95% Confidence Interval - Upper",2023,"Purchases","Goods","All countries",52785.23239,93.253099,228.8517146,12060.95041,1831.105975,252.1919873,4801.643842,29183.26098,1653.449286,1964.479555,360.8428555,312.4651121,499.4913913,1411.991267,64.74222106,214.3164668,157.8225281,190.8782067
"95% Confidence Interval - Upper",2023,"Purchases","Goods","Northern Ireland",30271.86469,80.54248308,188.3462518,6557.867727,910.4914209,204.3974182,3732.730538,15286.30035,1248.724519,1832.03762,162.6535139,153.8903263,334.3660725,1040.688513,37.54682425,146.0291368,140.7896817,88.97250534
"95% Confidence Interval - Upper",2023,"Purchases","Goods","Great Britain",15003.83577,8.346917536,NA,2667.959712,NA,25.1637872,1073.78835,9873.654008,356.2831423,86.82659487,144.256129,NA,155.6325577,275.5083703,NA,77.36952862,24.08535513,NA
"95% Confidence Interval - Upper",2023,"Purchases","Goods","Ireland",3509.915077,5.71985156,25.95379186,1000.636946,51.12088747,27.5650209,191.0312954,2079.207085,86.04231662,88.07278786,55.38055254,1.570085568,20.46265573,22.80823923,NA,NA,1.262011727,NA
"95% Confidence Interval - Upper",2023,"Purchases","Goods","Rest of the Europe Union (EU excluding Ireland)",3186.821302,NA,NA,865.1810704,NA,NA,NA,2128.297473,NA,9.08192316,5.555467177,NA,7.886744628,NA,NA,NA,NA,NA
"95% Confidence Interval - Upper",2023,"Purchases","Goods","Rest of the World (all countries outside the UK and EU)",2410.574707,NA,NA,1082.522818,NA,NA,NA,1269.400117,NA,0.508518289,7.163959085,NA,10.63248752,26.05357313,NA,0.117537937,NA,NA
"95% Confidence Interval - Upper",2023,"Purchases","Goods","External Sales/Purchases (outside NI)",23331.18679,15.85276472,41.04022619,5559.307035,985.9071469,52.84080785,1245.261047,14603.71638,509.8078406,169.3581142,209.1458047,183.549651,191.0575389,449.5312412,NA,79.1106576,25.50501146,NA
"95% Confidence Interval - Upper",2023,"Purchases","Goods","Exports (outside UK)",NA,NA,NA,NA,NA,NA,NA,NA,NA,NA,NA,NA,NA,NA,NA,NA,NA,NA
"95% Confidence Interval - Upper",2023,"Purchases","Goods","Imports (outside UK)",8846.649375,NA,NA,2915.735232,NA,29.64778761,211.2755974,5227.091849,174.1714211,97.18388324,67.01125367,NA,37.94235807,199.7166275,NA,3.166925192,2.097701962,NA
"95% Confidence Interval - Upper",2023,"Purchases","Services","All countries",14555.03316,52.01918634,102.7963424,1869.993737,942.9337742,274.6681409,4056.049709,1783.472542,1880.385177,389.6348065,755.0907051,267.3552101,1045.596257,1905.299356,208.4977465,316.0099794,257.8509758,181.0695443
"95% Confidence Interval - Upper",2023,"Purchases","Services","Northern Ireland",9253.151313,40.0412639,90.64240996,1227.956767,885.0062003,241.0039257,2614.401404,1298.334038,843.5445061,327.6882068,475.7363608,237.1642362,741.8792389,484.8605402,134.1575303,288.3925902,232.3171077,88.79499006
"95% Confidence Interval - Upper",2023,"Purchases","Services","Great Britain",3783.170459,11.58498842,6.92428373,396.3254793,24.35139422,29.31503882,1569.85989,320.9642055,976.2561623,52.66623305,199.2137257,40.37769369,192.1680506,227.237989,NA,20.2616721,26.63337171,NA
"95% Confidence Interval - Upper",2023,"Purchases","Services","Ireland",550.6451595,3.510214841,5.050315511,84.59233239,44.04343922,4.951804947,72.25824186,121.998637,129.4074858,8.806262726,36.51185485,1.076362753,72.03375964,42.75931836,NA,NA,1.492249497,NA
"95% Confidence Interval - Upper",2023,"Purchases","Services","Rest of the Europe Union (EU excluding Ireland)",328.5558295,NA,NA,57.7206414,NA,NA,NA,53.61596995,25.36209018,5.370502788,22.92774983,NA,21.63525438,NA,NA,NA,NA,NA
"95% Confidence Interval - Upper",2023,"Purchases","Services","Rest of the World (all countries outside the UK and EU)",1615.722203,NA,NA,112.7845814,NA,NA,NA,76.07170579,NA,0.461215327,60.34086409,NA,47.97485876,NA,NA,0.020995255,NA,NA
"95% Confidence Interval - Upper",2023,"Purchases","Services","External Sales/Purchases (outside NI)",5759.133388,14.54358981,12.15985766,646.3606816,70.34963533,34.3917861,1701.953896,545.6237762,1124.767735,65.76112498,303.6732571,41.21139136,317.6392417,1529.850347,NA,44.85270404,29.9973215,NA
"95% Confidence Interval - Upper",2023,"Purchases","Services","Exports (outside UK)",NA,NA,NA,NA,NA,NA,NA,NA,NA,NA,NA,NA,NA,NA,NA,NA,NA,NA
"95% Confidence Interval - Upper",2023,"Purchases","Services","Imports (outside UK)",2338.079545,NA,5.243491068,252.9049704,NA,5.091785554,210.5015056,238.494717,185.4565807,14.36212175,114.2301284,NA,134.2420548,1335.954862,NA,24.6260755,3.599590435,NA
"95% Confidence Interval - Upper",2023,"Purchases","All Transactions","All countries",66536.86644,139.9677288,331.2969551,13917.02663,2628.424848,512.3918706,8577.661076,30826.53261,3298.489263,2309.216415,1079.828632,546.484775,1501.929603,3053.578631,270.5191786,523.9680929,409.4320129,342.6422411
"95% Confidence Interval - Upper",2023,"Purchases","All Transactions","Northern Ireland",39070.89606,115.7135634,278.5570318,7771.379302,1757.931096,432.8056775,6058.712412,16466.8351,1983.734828,2114.223816,605.2061143,370.7677419,1039.740788,1456.081505,170.0937894,424.1431865,367.8836689,168.2647031
"95% Confidence Interval - Upper",2023,"Purchases","All Transactions","Great Britain",18432.89927,19.46434292,18.53587047,3059.632858,950.7904218,54.11723733,2587.097531,10149.83372,1245.594348,138.9445802,334.8721115,206.0333369,342.0024881,493.5437339,NA,90.94235555,NA,NA
"95% Confidence Interval - Upper",2023,"Purchases","All Transactions","Ireland",4020.392428,8.122874064,30.96422597,1082.097515,94.73317532,32.5153513,256.7427252,2178.998788,210.288613,96.58597361,90.37317235,2.295661675,90.63403679,62.33567943,6.346195581,26.59412943,2.654653072,14.91015264
"95% Confidence Interval - Upper",2023,"Purchases","All Transactions","Rest of the Europe Union (EU excluding Ireland)",3423.44195,NA,NA,920.7847953,NA,NA,173.801295,2173.755682,84.08128142,14.37922518,28.18053821,NA,28.81740267,156.2694504,NA,1.082670841,NA,NA
"95% Confidence Interval - Upper",2023,"Purchases","All Transactions","Rest of the World (all countries outside the UK and EU)",3754.884119,NA,NA,1194.912376,NA,NA,4.946328385,1337.031476,86.80899674,0.965729808,67.17380697,NA,58.10177594,1321.785565,NA,0.138521917,2.472636326,NA
"95% Confidence Interval - Upper",2023,"Purchases","All Transactions","External Sales/Purchases (outside NI)",28436.25936,29.06319289,53.13355978,6200.369891,1034.248966,86.86484533,2882.21157,15082.07161,1536.875946,234.0890348,502.4228387,207.6919257,496.3679499,1859.294689,103.2823806,107.5201082,53.52889815,191.0162877
"95% Confidence Interval - Upper",2023,"Purchases","All Transactions","Exports (outside UK)",NA,NA,NA,NA,NA,NA,NA,NA,NA,NA,NA,NA,NA,NA,NA,NA,NA,NA
"95% Confidence Interval - Upper",2023,"Purchases","All Transactions","Imports (outside UK)",10680.90998,12.68940371,34.84287732,3164.203584,130.8226833,34.73759948,392.297966,5431.330763,347.1508505,111.1136726,179.6517988,2.637227946,169.9943187,1458.408181,NA,27.79258564,NA,NA
"95% Confidence Interval - Upper",2024,"Sales","Goods","All countries",72161.47855,249.8649991,635.0181154,19335.19952,1827.869974,592.0446135,5384.296856,40796.56583,725.8786545,2295.704724,470.4742596,178.5313759,543.9569449,1269.783566,0.452400133,52.01185396,180.8538325,189.4563474
"95% Confidence Interval - Upper",2024,"Sales","Goods","Northern Ireland",47097.47514,159.3018391,NA,5638.758187,1764.175326,NA,4540.972801,31537.53305,660.9102842,NA,280.0120296,NA,347.9947305,766.2973921,NA,50.64333662,NA,138.0224473
"95% Confidence Interval - Upper",2024,"Sales","Goods","Great Britain",11750.86134,NA,NA,6250.939752,NA,NA,980.9377991,4267.831523,26.83124228,NA,95.91487771,NA,129.313073,131.3294619,NA,1.532241697,NA,36.83832285
"95% Confidence Interval - Upper",2024,"Sales","Goods","Ireland",8932.090601,18.73066024,82.30000968,3290.511212,NA,16.97784201,322.4042485,5151.189396,63.34049143,NA,14.18338627,NA,33.34126152,311.0570805,NA,0.650225743,NA,6.336498816
"95% Confidence Interval - Upper",2024,"Sales","Goods","Rest of the Europe Union (EU excluding Ireland)",2818.638985,NA,NA,1895.886147,NA,NA,4.094299537,711.8409031,NA,NA,18.63729057,NA,15.72157502,NA,NA,NA,1.291314446,NA
"95% Confidence Interval - Upper",2024,"Sales","Goods","Rest of the World (all countries outside the UK and EU)",3399.56848,NA,NA,2421.972072,NA,NA,1.614403985,728.9333004,NA,NA,124.3631641,NA,51.58379579,NA,NA,NA,NA,NA
"95% Confidence Interval - Upper",2024,"Sales","Goods","External Sales/Purchases (outside NI)",26100.55304,98.37531345,335.4681474,13788.74872,83.28315341,NA,1196.112151,10158.10222,101.3283336,NA,226.5016251,NA,216.4902963,648.6756346,NA,NA,NA,65.35343751
"95% Confidence Interval - Upper",2024,"Sales","Goods","Exports (outside UK)",14789.79215,NA,94.66351421,7575.247543,NA,200.005384,326.4351599,6260.765539,75.15348094,NA,152.8945363,NA,95.48933171,521.4310998,NA,0.663711105,NA,31.37246434
"95% Confidence Interval - Upper",2024,"Sales","Goods","Imports (outside UK)",NA,NA,NA,NA,NA,NA,NA,NA,NA,NA,NA,NA,NA,NA,NA,NA,NA,NA
"95% Confidence Interval - Upper",2024,"Sales","Services","All countries",41988.66146,101.8422885,53.1049912,1461.427904,775.0010972,766.2868396,14117.13041,2440.178716,5159.199424,1937.295908,2192.181049,2258.993194,5626.349671,4271.639707,439.0956599,2517.162697,947.3711801,578.3380295
"95% Confidence Interval - Upper",2024,"Sales","Services","Northern Ireland",25627.11666,86.65556023,NA,763.0852453,726.6679543,NA,6722.461198,1824.208912,3208.255496,1864.644878,779.5120365,NA,2675.344807,2842.767619,352.1594798,1952.349425,901.7835675,531.9959534
"95% Confidence Interval - Upper",2024,"Sales","Services","Great Britain",10684.84148,NA,NA,240.0791912,31.22121697,81.94292479,6185.788981,375.4652319,1106.165705,NA,557.5708962,NA,1082.139935,1136.019086,NA,NA,NA,NA
"95% Confidence Interval - Upper",2024,"Sales","Services","Ireland",3353.97417,3.508282988,7.09893349,106.5962074,NA,22.80171292,2102.071487,300.7981735,362.4625097,NA,125.2989428,3.024416976,429.7888722,202.1218221,NA,NA,NA,25.56645639
"95% Confidence Interval - Upper",2024,"Sales","Services","Rest of the Europe Union (EU excluding Ireland)",1390.30933,NA,NA,188.2492159,NA,NA,69.25083145,225.6442201,NA,NA,52.27116115,NA,215.3605669,NA,NA,NA,1.193819868,NA
"95% Confidence Interval - Upper",2024,"Sales","Services","Rest of the World (all countries outside the UK and EU)",3137.773225,NA,NA,215.5338059,NA,NA,21.29484822,6.262781352,NA,NA,839.9208892,NA,1709.863697,NA,NA,NA,NA,NA
"95% Confidence Interval - Upper",2024,"Sales","Services","External Sales/Purchases (outside NI)",17158.21368,22.47089,NA,740.3629581,74.00788771,102.5301395,7864.540269,750.8160833,2181.493281,NA,1481.589838,NA,3196.174979,1622.976701,NA,NA,NA,53.36303813
"95% Confidence Interval - Upper",2024,"Sales","Services","Exports (outside UK)",7193.94477,NA,7.09893349,506.4985554,NA,22.80494026,2172.621825,463.702024,1192.628425,NA,985.583473,4.697591168,2230.620932,589.6582556,NA,NA,NA,NA
"95% Confidence Interval - Upper",2024,"Sales","Services","Imports (outside UK)",NA,NA,NA,NA,NA,NA,NA,NA,NA,NA,NA,NA,NA,NA,NA,NA,NA,NA
"95% Confidence Interval - Upper",2024,"Sales","All Transactions","All countries",112673.0012,327.1214588,675.2632178,20668.83762,2564.77985,1338.657744,18621.80562,42873.48292,5706.942954,3874.916624,2569.530069,2366.012623,6098.815865,5331.813623,439.4576551,2566.467627,1082.949964,734.7497065
"95% Confidence Interval - Upper",2024,"Sales","All Transactions","Northern Ireland",71816.95114,226.9914329,NA,6295.348188,2456.638802,956.8064094,10755.95752,33112.44742,3707.724388,NA,1022.915755,NA,2960.480143,3487.393586,352.4466785,2001.13456,1032.379783,643.6839893
"95% Confidence Interval - Upper",2024,"Sales","All Transactions","Great Britain",21815.18433,56.35832555,NA,6464.010936,75.59136446,180.5691741,6800.647842,4520.6483,1126.149995,NA,629.7322463,NA,1191.875894,1224.090079,NA,NA,52.96481522,59.81408775
"95% Confidence Interval - Upper",2024,"Sales","All Transactions","Ireland",11806.81122,20.88510504,89.0772496,3381.847412,44.74348045,38.18599988,2309.22323,5330.331042,399.6396073,NA,135.9238927,NA,451.1903682,495.4024847,NA,NA,19.24552768,29.05999475
"95% Confidence Interval - Upper",2024,"Sales","All Transactions","Rest of the Europe Union (EU excluding Ireland)",4039.07857,NA,NA,2081.926717,NA,125.0411149,72.06947659,834.8858033,692.0330278,NA,66.05626949,NA,230.4200027,NA,NA,NA,2.149431893,29.52916594
"95% Confidence Interval - Upper",2024,"Sales","All Transactions","Rest of the World (all countries outside the UK and EU)",6352.908459,NA,NA,2636.353668,NA,65.87677376,22.88905175,733.9096776,355.3125073,NA,906.0149818,NA,1755.753913,NA,NA,NA,10.02791602,1.208464284
"95% Confidence Interval - Upper",2024,"Sales","All Transactions","External Sales/Purchases (outside NI)",42234.12905,111.217496,NA,14488.84669,141.1289531,394.2130341,8670.354707,10679.44442,2244.16855,NA,1633.361237,NA,3386.045631,2118.192066,106.5089655,679.6649333,73.87486244,106.3592204
"95% Confidence Interval - Upper",2024,"Sales","All Transactions","Exports (outside UK)",21301.6339,66.58424587,101.3560138,8066.148003,81.29144638,220.3954895,2383.738643,6539.847533,1235.501284,NA,1074.033974,NA,2312.333619,1024.289415,NA,NA,28.18285623,51.17671421
"95% Confidence Interval - Upper",2024,"Sales","All Transactions","Imports (outside UK)",NA,NA,NA,NA,NA,NA,NA,NA,NA,NA,NA,NA,NA,NA,NA,NA,NA,NA
"95% Confidence Interval - Upper",2024,"Purchases","Goods","All countries",54688.42403,121.8777159,280.5766816,12154.67254,1125.978182,316.7552357,6688.129602,30108.77169,1183.725796,1414.149595,313.519468,359.7740973,598.8456415,1457.379305,71.83039612,238.1522918,150.9467511,211.0147192
"95% Confidence Interval - Upper",2024,"Purchases","Goods","Northern Ireland",32181.77088,110.5380394,230.2518234,6830.092658,605.6902373,231.6937487,5280.589865,16088.15872,996.4980891,1190.35277,197.5361246,328.7825761,468.2746919,669.4724722,48.54944668,218.0486494,128.4182057,181.6279843
"95% Confidence Interval - Upper",2024,"Purchases","Goods","Great Britain",13851.84985,NA,29.54183907,2387.312027,495.676577,37.17933184,1383.74188,9006.196164,154.7234675,175.4792314,88.11684993,NA,126.53535,304.9444866,NA,23.62911201,NA,NA
"95% Confidence Interval - Upper",2024,"Purchases","Goods","Ireland",3855.1637,NA,19.57127625,1092.654153,NA,53.95196379,139.2856796,2441.853359,51.46239398,79.58198376,18.33188137,NA,14.97729167,16.38381993,NA,0.027192979,12.96380111,NA
"95% Confidence Interval - Upper",2024,"Purchases","Goods","Rest of the Europe Union (EU excluding Ireland)",2704.573575,5.746701295,NA,935.2804544,NA,NA,29.39788193,1517.303666,NA,0.688265618,7.07802437,NA,3.95084718,365.5580473,NA,NA,NA,NA
"95% Confidence Interval - Upper",2024,"Purchases","Goods","Rest of the World (all countries outside the UK and EU)",4096.061727,NA,NA,999.004597,NA,NA,14.32284263,2905.485755,NA,0.912293964,16.20051964,NA,27.04148358,268.0218749,NA,NA,NA,3.354682933
"95% Confidence Interval - Upper",2024,"Purchases","Goods","External Sales/Purchases (outside NI)",23358.23055,16.13194539,NA,5375.269291,530.6174787,91.44356218,1530.847628,14755.48944,211.1230364,235.2841524,125.5825296,NA,166.4087965,862.6561317,NA,23.73038188,NA,NA
"95% Confidence Interval - Upper",2024,"Purchases","Goods","Exports (outside UK)",NA,NA,NA,NA,NA,NA,NA,NA,NA,NA,NA,NA,NA,NA,NA,NA,NA,NA
"95% Confidence Interval - Upper",2024,"Purchases","Goods","Imports (outside UK)",9991.720255,NA,NA,3004.430745,37.08806675,55.86271466,171.4565579,6234.137026,62.60602501,81.11079686,39.89830326,NA,44.65351569,568.4065377,NA,0.104163784,NA,NA
"95% Confidence Interval - Upper",2024,"Purchases","Services","All countries",15732.75968,70.2768872,145.6149051,1975.161336,403.6635011,323.9695514,4546.076133,2162.859687,1833.279238,391.3151716,551.1224152,493.1188162,1984.242318,1666.010668,243.7048736,412.2596134,214.0173931,184.0343913
"95% Confidence Interval - Upper",2024,"Purchases","Services","Northern Ireland",9244.998787,53.19739485,133.8326798,1134.022787,369.4918986,271.862964,2574.938271,1593.024392,1016.672196,330.3161049,265.6637234,416.7885831,738.7201303,314.655761,184.4173062,324.6949562,179.9319339,165.8333896
"95% Confidence Interval - Upper",2024,"Purchases","Services","Great Britain",3912.661827,NA,7.532501786,352.2457598,32.31144357,46.49255424,1812.431313,478.1955142,515.2568621,58.50690177,167.1775461,NA,244.7906858,461.2020726,NA,88.49469295,NA,NA
"95% Confidence Interval - Upper",2024,"Purchases","Services","Ireland",1283.550466,NA,4.478369752,336.7233935,NA,5.769722658,519.7686565,64.82779778,82.00978285,5.425913841,65.79047278,NA,364.5839646,14.84007845,NA,0.462659315,6.885648036,NA
"95% Confidence Interval - Upper",2024,"Purchases","Services","Rest of the Europe Union (EU excluding Ireland)",760.9064366,NA,NA,53.78054026,NA,NA,1.176280384,30.65104686,118.1645416,5.834676973,50.9902356,0.757441928,488.7464213,90.17765381,NA,NA,0.255951053,NA
"95% Confidence Interval - Upper",2024,"Purchases","Services","Rest of the World (all countries outside the UK and EU)",1575.958799,NA,NA,109.4325803,NA,NA,2.300060271,88.22532046,NA,1.818565143,44.49783325,NA,306.5338346,1037.5896,NA,NA,NA,8.05840655
"95% Confidence Interval - Upper",2024,"Purchases","Services","External Sales/Purchases (outside NI)",6804.962536,19.08498005,NA,847.3822238,39.17234389,52.3768127,2129.249369,639.8823399,884.5308458,70.31995519,310.728792,NA,1368.990356,1400.141118,NA,88.93653737,NA,NA
"95% Confidence Interval - Upper",2024,"Purchases","Services","Exports (outside UK)",NA,NA,NA,NA,NA,NA,NA,NA,NA,NA,NA,NA,NA,NA,NA,NA,NA,NA
"95% Confidence Interval - Upper",2024,"Purchases","Services","Imports (outside UK)",3237.388588,NA,NA,498.5504265,8.020015326,5.89266183,522.9168925,175.7358369,437.1957802,12.83308952,149.2947662,NA,1144.259969,1084.169412,NA,0.490151506,NA,NA
"95% Confidence Interval - Upper",2024,"Purchases","All Transactions","All countries",69557.01561,177.7598744,409.146669,14112.25457,1517.993614,633.0062665,10745.50257,32129.26759,2890.018574,1747.379622,835.0260893,838.8224488,2458.27417,2927.624783,314.8533009,644.1329172,351.0560109,366.2026142
"95% Confidence Interval - Upper",2024,"Purchases","All Transactions","Northern Ireland",41033.78597,151.5488247,344.8474548,7947.644191,964.3515778,495.7204062,7581.031906,17506.58567,1895.664095,1468.158489,442.2420118,732.2453931,1126.530523,946.4688766,232.6704678,535.2817229,294.5658665,320.5573512
"95% Confidence Interval - Upper",2024,"Purchases","All Transactions","Great Britain",17420.99867,NA,36.41149063,2735.79583,525.8220038,83.07900006,3083.343662,9403.863433,650.8264637,223.8083638,246.3033005,NA,342.783613,744.4904517,NA,110.9887987,NA,NA
"95% Confidence Interval - Upper",2024,"Purchases","All Transactions","Ireland",4866.954584,10.31938682,NA,1422.983396,16.65577219,59.7143135,634.5132718,2494.960684,124.8107489,84.61477008,83.38027515,NA,378.1539532,29.56315014,5.403827815,0.489231212,17.54835875,9.913725594
"95% Confidence Interval - Upper",2024,"Purchases","All Transactions","Rest of the Europe Union (EU excluding Ireland)",3267.467646,NA,5.175140443,987.9549391,NA,NA,30.53113917,1543.921578,124.0586559,6.501043259,56.04896996,NA,492.4547862,455.4243426,NA,NA,NA,1.01645484
"95% Confidence Interval - Upper",2024,"Purchases","All Transactions","Rest of the World (all countries outside the UK and EU)",5310.635812,NA,NA,1107.920657,NA,NA,16.58629886,2985.493599,264.9574947,2.705321257,56.66276562,NA,328.6971378,1182.492929,NA,NA,NA,NA
"95% Confidence Interval - Upper",2024,"Purchases","All Transactions","External Sales/Purchases (outside NI)",29462.74465,34.19386896,66.57354563,6215.457789,565.2955764,143.3308308,3538.447891,15304.96787,1069.418761,295.4744687,421.6647806,126.4996192,1493.628372,2078.603083,87.83159175,111.5317989,64.55470615,61.04755918
"95% Confidence Interval - Upper",2024,"Purchases","All Transactions","Exports (outside UK)",NA,NA,NA,NA,NA,NA,NA,NA,NA,NA,NA,NA,NA,NA,NA,NA,NA,NA
"95% Confidence Interval - Upper",2024,"Purchases","All Transactions","Imports (outside UK)",12646.08151,NA,32.7152273,3496.66497,43.13555698,61.7488346,667.3669744,6392.360551,487.787855,93.04518791,183.4838158,NA,1183.623448,1459.315072,NA,0.592455479,NA,NA
"Coefficient of variation",2011,"Sales","Goods","All countries",0.996927524,11.94332194,3.362600322,0.642737715,3.598065302,8.544007408,7.514923662,1.744585863,8.232832174,4.81080683,5.171169333,21.36233245,21.48072528,16.91021873,5.013428578,37.43600196,35.27422728,24.52312662
"Coefficient of variation",2011,"Sales","Goods","Northern Ireland",1.321544051,19.50868045,9.394688717,1.859333866,3.814130663,18.59295258,7.552747678,1.678654962,9.317207756,4.816414502,6.800463961,23.22781624,19.16169193,23.05548421,29.41788636,41.41100816,35.4741897,24.32324025
"Coefficient of variation",2011,"Sales","Goods","Great Britain",1.581605219,NA,NA,0.720304464,NA,10.36296669,23.25810306,NA,NA,NA,4.740205834,50.18049402,21.85737888,18.97710107,0.167306257,NA,1.628235291,NA
"Coefficient of variation",2011,"Sales","Goods","Ireland",2.405217287,NA,6.890028892,2.827520509,NA,21.33153032,23.39976643,4.363538759,17.09316649,NA,9.136660286,30.13330113,21.35624376,19.46556047,NA,29.66830512,12.42987503,NA
"Coefficient of variation",2011,"Sales","Goods","Rest of the Europe Union (EU excluding Ireland)",3.287683977,NA,NA,2.144321997,NA,NA,56.59323445,NA,NA,NA,NA,NA,NA,NA,NA,NA,NA,NA
"Coefficient of variation",2011,"Sales","Goods","Rest of the World (all countries outside the UK and EU)",3.522316754,NA,NA,1.178941968,NA,NA,NA,27.06124162,NA,NA,NA,NA,NA,NA,NA,NA,NA,NA
"Coefficient of variation",2011,"Sales","Goods","External Sales/Purchases (outside NI)",1.411593319,NA,17.37831558,0.669627528,NA,7.93662688,18.84357289,6.337455043,11.14208718,24.33299317,6.785003572,NA,36.64915575,9.437279596,NA,NA,4.990110824,NA
"Coefficient of variation",2011,"Sales","Goods","Exports (outside UK)",2.262348863,13.67617583,4.744458882,1.198589489,NA,7.695692283,22.28684002,8.265352186,NA,NA,11.03624916,55.07874784,41.92318556,6.702666765,NA,NA,8.941678016,NA
"Coefficient of variation",2011,"Sales","Goods","Imports (outside UK)",NA,NA,NA,NA,NA,NA,NA,NA,NA,NA,NA,NA,NA,NA,NA,NA,NA,NA
"Coefficient of variation",2011,"Sales","Services","All countries",1.940207892,17.99229486,18.30123018,4.430666152,0.716378445,15.00064726,4.587333883,6.92686973,7.715225449,9.098204079,3.031018002,5.363902087,4.469715994,9.042703614,12.22219117,4.074795613,4.60424765,9.464588525
"Coefficient of variation",2011,"Sales","Services","Northern Ireland",2.059885666,20.17420238,14.60565063,6.134356764,0.329611398,15.1375736,5.670519661,9.815929837,7.000423,9.270678358,3.920885561,5.682605372,4.890336928,10.79868438,12.83422936,4.093711215,4.593813911,10.11788814
"Coefficient of variation",2011,"Sales","Services","Great Britain",4.217063731,NA,NA,9.125243312,NA,53.65546996,6.753098297,NA,NA,NA,8.084307273,7.971469062,14.57675168,12.01907774,0.044411877,NA,26.86266646,NA
"Coefficient of variation",2011,"Sales","Services","Ireland",6.96530013,NA,23.10630913,10.07289654,NA,40.49616179,19.03810048,19.36505593,16.54620072,NA,16.51971191,49.90947808,18.23708788,26.96907492,NA,7.475542563,53.66736297,NA
"Coefficient of variation",2011,"Sales","Services","Rest of the Europe Union (EU excluding Ireland)",7.63828124,NA,NA,14.94478051,NA,NA,NA,NA,NA,NA,NA,NA,32.67603647,NA,NA,NA,NA,NA
"Coefficient of variation",2011,"Sales","Services","Rest of the World (all countries outside the UK and EU)",8.771446869,NA,NA,7.353422439,NA,NA,NA,13.12666205,NA,NA,9.089476226,NA,NA,NA,NA,NA,NA,NA
"Coefficient of variation",2011,"Sales","Services","External Sales/Purchases (outside NI)",3.671815339,NA,23.23724416,5.740376687,NA,40.54839969,6.2761705,6.579370386,12.10109958,16.78585334,6.04552502,NA,11.93668508,8.560483664,NA,NA,34.73291544,NA
"Coefficient of variation",2011,"Sales","Services","Exports (outside UK)",5.417632993,NA,NA,6.688252158,NA,39.1936726,15.0588036,NA,NA,NA,7.791889148,48.88585401,16.65156192,11.34006189,NA,7.128508226,56.69807781,NA
"Coefficient of variation",2011,"Sales","Services","Imports (outside UK)",NA,NA,NA,NA,NA,NA,NA,NA,NA,NA,NA,NA,NA,NA,NA,NA,NA,NA
"Coefficient of variation",2011,"Sales","All Transactions","All countries",0.872068679,9.813210201,3.85873323,0.624602896,1.937622801,8.246656924,3.745545951,1.659841882,6.576588559,3.646355809,2.636002918,5.087447413,4.523960172,7.818935791,12.13882063,4.22968984,4.543166836,8.98390649
"Coefficient of variation",2011,"Sales","All Transactions","Northern Ireland",1.083658164,15.1841456,9.818197436,1.769826365,2.040541939,13.20269227,4.317421024,1.627972536,5.858537419,3.651148985,3.412020822,5.395745061,4.621781228,9.652715865,12.82537027,4.195242139,4.551677254,9.548861056
"Coefficient of variation",2011,"Sales","All Transactions","Great Britain",1.55222066,13.57054663,NA,0.721592137,NA,11.35237582,8.13163736,7.329987498,12.47195817,NA,6.674336794,10.29559196,13.87820022,10.16231733,0.064576667,20.22898136,26.44512252,33.35311379
"Coefficient of variation",2011,"Sales","All Transactions","Ireland",2.363367282,15.80761831,11.66610607,2.755472763,3.84459946,26.01824186,16.66101733,4.305160226,14.9750092,22.49890093,13.77850051,34.17494396,16.71598414,18.46829315,NA,7.961925318,51.04541959,NA
"Coefficient of variation",2011,"Sales","All Transactions","Rest of the Europe Union (EU excluding Ireland)",3.103523699,NA,NA,2.163518255,NA,7.621867526,12.73032124,14.66860156,14.89481164,NA,13.36359852,NA,25.79826535,NA,NA,NA,NA,NA
"Coefficient of variation",2011,"Sales","All Transactions","Rest of the World (all countries outside the UK and EU)",3.308844164,NA,NA,1.16767217,NA,8.521625663,29.56196233,26.95070777,38.75850827,NA,8.871839443,NA,31.46292619,NA,0.03773351,NA,NA,NA
"Coefficient of variation",2011,"Sales","All Transactions","External Sales/Purchases (outside NI)",1.338769987,10.07127219,12.94352127,0.667245981,5.684198128,7.906803115,7.093424171,5.785583328,11.21215143,20.78973386,5.272577239,12.73114487,14.81988085,6.554084272,6.599636567,17.60042448,33.95634493,32.48631942
"Coefficient of variation",2011,"Sales","All Transactions","Exports (outside UK)",2.102495962,13.39386243,NA,1.185425773,NA,7.758026103,13.8415175,8.069947559,14.96721871,NA,7.103730627,36.71379016,19.80614547,7.17175935,7.770538002,10.08233088,54.50833097,36.97327033
"Coefficient of variation",2011,"Sales","All Transactions","Imports (outside UK)",NA,NA,NA,NA,NA,NA,NA,NA,NA,NA,NA,NA,NA,NA,NA,NA,NA,NA
"Coefficient of variation",2011,"Purchases","Goods","All countries",NA,NA,NA,NA,NA,NA,NA,NA,NA,NA,NA,NA,NA,NA,NA,NA,NA,NA
"Coefficient of variation",2011,"Purchases","Goods","Northern Ireland",NA,NA,NA,NA,NA,NA,NA,NA,NA,NA,NA,NA,NA,NA,NA,NA,NA,NA
"Coefficient of variation",2011,"Purchases","Goods","Great Britain",NA,NA,NA,NA,NA,NA,NA,NA,NA,NA,NA,NA,NA,NA,NA,NA,NA,NA
"Coefficient of variation",2011,"Purchases","Goods","Ireland",2.31935642,NA,NA,3.082381616,23.51797674,2.771374912,20.2218308,3.553705634,12.16296211,15.39642284,16.39172871,79.33483807,28.72343727,12.21929004,NA,NA,30.40895531,NA
"Coefficient of variation",2011,"Purchases","Goods","Rest of the Europe Union (EU excluding Ireland)",3.964788181,22.98256363,30.86069651,3.624976588,NA,NA,NA,7.44881151,NA,NA,NA,NA,NA,NA,NA,NA,NA,NA
"Coefficient of variation",2011,"Purchases","Goods","Rest of the World (all countries outside the UK and EU)",3.414326876,NA,NA,2.885818208,NA,NA,NA,6.067749797,NA,NA,NA,NA,NA,NA,NA,NA,NA,NA
"Coefficient of variation",2011,"Purchases","Goods","External Sales/Purchases (outside NI)",NA,NA,NA,NA,NA,NA,NA,NA,NA,NA,NA,NA,NA,NA,NA,NA,NA,NA
"Coefficient of variation",2011,"Purchases","Goods","Exports (outside UK)",NA,NA,NA,NA,NA,NA,NA,NA,NA,NA,NA,NA,NA,NA,NA,NA,NA,NA
"Coefficient of variation",2011,"Purchases","Goods","Imports (outside UK)",2.048171834,NA,NA,2.092426711,20.00227425,5.539212242,11.97810172,3.498408929,8.292044477,15.2870973,12.90024618,NA,33.55693798,7.264405469,NA,34.38337749,22.84590026,NA
"Coefficient of variation",2011,"Purchases","Services","All countries",NA,NA,NA,NA,NA,NA,NA,NA,NA,NA,NA,NA,NA,NA,NA,NA,NA,NA
"Coefficient of variation",2011,"Purchases","Services","Northern Ireland",NA,NA,NA,NA,NA,NA,NA,NA,NA,NA,NA,NA,NA,NA,NA,NA,NA,NA
"Coefficient of variation",2011,"Purchases","Services","Great Britain",NA,NA,NA,NA,NA,NA,NA,NA,NA,NA,NA,NA,NA,NA,NA,NA,NA,NA
"Coefficient of variation",2011,"Purchases","Services","Ireland",9.409259046,NA,NA,2.430801079,2.04857661,31.66070909,30.20554107,15.91391068,15.39153399,21.1649112,38.78765763,30.97573434,35.58826305,54.12767995,NA,NA,2.497299709,NA
"Coefficient of variation",2011,"Purchases","Services","Rest of the Europe Union (EU excluding Ireland)",11.54825095,NA,NA,15.45237503,0,NA,NA,34.46775374,NA,NA,NA,NA,26.50269664,NA,NA,NA,NA,NA
"Coefficient of variation",2011,"Purchases","Services","Rest of the World (all countries outside the UK and EU)",27.47014782,NA,NA,4.597498687,NA,NA,NA,22.86181604,75.53602632,NA,NA,NA,NA,NA,NA,NA,NA,NA
"Coefficient of variation",2011,"Purchases","Services","External Sales/Purchases (outside NI)",NA,NA,NA,NA,NA,NA,NA,NA,NA,NA,NA,NA,NA,NA,NA,NA,NA,NA
"Coefficient of variation",2011,"Purchases","Services","Exports (outside UK)",NA,NA,NA,NA,NA,NA,NA,NA,NA,NA,NA,NA,NA,NA,NA,NA,NA,NA
"Coefficient of variation",2011,"Purchases","Services","Imports (outside UK)",10.57441687,NA,NA,4.521405124,1.407940611,25.37204749,28.36270653,15.73605869,35.79009412,16.86810287,27.73087961,NA,32.17842919,42.73971789,NA,41.61830224,2.412339498,NA
"Coefficient of variation",2011,"Purchases","All Transactions","All countries",1.205635078,15.24567688,7.713317741,0.99812546,1.985078404,8.966655952,4.408411187,2.053015543,9.840509256,4.426846078,4.493455682,7.867015794,7.913716437,14.6601658,5.788757746,5.848916359,4.082298667,5.81289932
"Coefficient of variation",2011,"Purchases","All Transactions","Northern Ireland",NA,NA,NA,NA,NA,NA,NA,NA,NA,NA,NA,NA,NA,NA,NA,NA,NA,NA
"Coefficient of variation",2011,"Purchases","All Transactions","Great Britain",NA,NA,NA,NA,NA,NA,NA,NA,NA,NA,NA,NA,NA,NA,NA,NA,NA,NA
"Coefficient of variation",2011,"Purchases","All Transactions","Ireland",2.372917447,38.21000942,10.95588492,2.944412208,9.913645622,2.768854852,18.2475984,3.606089195,10.24664896,15.14988999,20.68711808,65.44264323,25.15643877,26.98920034,NA,36.01216926,18.4771643,NA
"Coefficient of variation",2011,"Purchases","All Transactions","Rest of the Europe Union (EU excluding Ireland)",3.824557393,NA,NA,3.568529182,0,NA,7.826537244,7.317304738,10.4305951,NA,13.38931164,NA,38.83043784,7.582532238,NA,NA,43.74136052,NA
"Coefficient of variation",2011,"Purchases","All Transactions","Rest of the World (all countries outside the UK and EU)",3.594253019,NA,NA,2.789531997,60.89691977,NA,43.42854208,5.977421916,73.07237585,NA,30.90202504,NA,39.70963006,4.036041169,0,NA,12.28716446,NA
"Coefficient of variation",2011,"Purchases","All Transactions","External Sales/Purchases (outside NI)",NA,NA,NA,NA,NA,NA,NA,NA,NA,NA,NA,NA,NA,NA,NA,NA,NA,NA
"Coefficient of variation",2011,"Purchases","All Transactions","Exports (outside UK)",NA,NA,NA,NA,NA,NA,NA,NA,NA,NA,NA,NA,NA,NA,NA,NA,NA,NA
"Coefficient of variation",2011,"Purchases","All Transactions","Imports (outside UK)",2.06970485,18.1871935,5.139073476,2.038782752,7.792032704,5.39120336,12.14039242,3.461777217,17.99213726,14.82828062,15.53355413,63.33532262,25.21432245,16.06291702,0,37.64927595,15.38000872,7.129097393
"Coefficient of variation",2012,"Sales","Goods","All countries",0.978009145,10.72843012,1.0053413,0.660872519,1.473710609,7.030877688,8.160684687,1.735745741,15.71914763,4.312383727,8.611187835,11.33118538,15.49511471,11.75892759,27.22292968,4.650045504,17.3165688,16.8651872
"Coefficient of variation",2012,"Sales","Goods","Northern Ireland",1.385244451,16.1156833,NA,2.149519004,NA,20.22089931,9.344175512,1.769601589,21.37431592,NA,12.37323449,10.2025076,21.53467103,11.28523965,NA,NA,18.1006813,NA
"Coefficient of variation",2012,"Sales","Goods","Great Britain",1.579634445,19.6764166,NA,0.779706425,NA,NA,9.442245592,8.121662287,NA,NA,9.25061367,NA,27.4627775,19.56662708,NA,NA,55.81082532,NA
"Coefficient of variation",2012,"Sales","Goods","Ireland",2.817124941,NA,6.854107011,2.588334882,NA,26.45246861,9.889660584,5.549196368,26.49313118,NA,15.67146215,NA,22.47489815,24.78559706,NA,NA,0.192411673,65.30057033
"Coefficient of variation",2012,"Sales","Goods","Rest of the Europe Union (EU excluding Ireland)",2.619819049,NA,NA,2.471548622,NA,NA,NA,10.54840296,NA,NA,NA,NA,NA,NA,NA,NA,NA,NA
"Coefficient of variation",2012,"Sales","Goods","Rest of the World (all countries outside the UK and EU)",2.725754241,NA,NA,1.131210445,NA,NA,NA,NA,NA,NA,NA,NA,NA,NA,NA,NA,NA,NA
"Coefficient of variation",2012,"Sales","Goods","External Sales/Purchases (outside NI)",1.226704031,10.11301379,NA,0.650821063,NA,3.997145027,6.472791393,5.408657133,NA,NA,10.78064292,27.14564521,20.3174867,15.55929121,NA,NA,83.20212286,NA
"Coefficient of variation",2012,"Sales","Goods","Exports (outside UK)",1.750729108,NA,5.825022813,1.077196421,NA,2.728830515,6.197989093,6.444609215,NA,NA,14.81576176,NA,27.27942569,20.02767877,NA,NA,88.94609622,63.70762205
"Coefficient of variation",2012,"Sales","Goods","Imports (outside UK)",NA,NA,NA,NA,NA,NA,NA,NA,NA,NA,NA,NA,NA,NA,NA,NA,NA,NA
"Coefficient of variation",2012,"Sales","Services","All countries",1.259867763,17.29574839,1.641286582,4.428869807,0.778888919,2.490489236,2.654709871,5.06515913,3.928525772,7.313056228,3.206612215,4.110767971,4.527856039,7.576427535,4.370601355,2.991478662,6.017033206,5.869122622
"Coefficient of variation",2012,"Sales","Services","Northern Ireland",1.384148036,18.91846724,1.932490716,6.924602934,0.773344432,2.537426293,2.849869828,5.365331095,3.791025305,7.750282752,4.578833878,4.219528963,5.622345384,9.3539101,4.725371215,3.001187463,6.079230897,5.87891795
"Coefficient of variation",2012,"Sales","Services","Great Britain",4.22380454,NA,NA,7.772341225,NA,NA,7.682770639,17.46208142,NA,NA,8.357181953,11.36464225,11.11820375,8.628843525,NA,NA,36.03769355,NA
"Coefficient of variation",2012,"Sales","Services","Ireland",8.293545384,NA,1.203608636,16.21160782,NA,17.84224992,11.45766281,24.01718431,24.08504286,NA,16.62925509,NA,17.98366858,15.92244783,NA,NA,30.74228424,61.68520777
"Coefficient of variation",2012,"Sales","Services","Rest of the Europe Union (EU excluding Ireland)",7.891157793,NA,NA,3.67692448,NA,NA,NA,NA,NA,NA,NA,NA,37.50494235,NA,NA,NA,NA,NA
"Coefficient of variation",2012,"Sales","Services","Rest of the World (all countries outside the UK and EU)",6.531409131,NA,NA,2.922167662,NA,NA,NA,NA,NA,NA,15.51388671,NA,NA,NA,NA,NA,NA,NA
"Coefficient of variation",2012,"Sales","Services","External Sales/Purchases (outside NI)",3.326864204,45.93925699,1.088547366,5.204154358,17.4800885,3.491128794,6.279116969,13.69304717,NA,NA,6.558264703,13.14563966,9.944122614,5.449088588,NA,NA,35.137353,29.74924965
"Coefficient of variation",2012,"Sales","Services","Exports (outside UK)",4.908391055,NA,NA,6.129182337,NA,NA,8.877154749,21.01398134,NA,NA,10.18884148,NA,14.16893694,2.332542561,NA,NA,37.99547339,NA
"Coefficient of variation",2012,"Sales","Services","Imports (outside UK)",NA,NA,NA,NA,NA,NA,NA,NA,NA,NA,NA,NA,NA,NA,NA,NA,NA,NA
"Coefficient of variation",2012,"Sales","All Transactions","All countries",0.761316342,8.831354507,1.006195849,0.669359189,0.836167098,2.950107342,2.604731111,1.634591755,3.732292815,2.781045118,2.871117038,3.83784132,3.973280694,6.621946296,4.307342066,2.774355092,5.607644128,5.356829344
"Coefficient of variation",2012,"Sales","All Transactions","Northern Ireland",0.992085169,12.50998534,0.496965757,2.025855982,0.8589823,3.162576909,3.039518282,1.673060129,3.822436937,2.782770828,4.271920214,3.952954484,5.184972089,8.633447866,4.656598568,2.800993441,5.7012925,5.375420156
"Coefficient of variation",2012,"Sales","All Transactions","Great Britain",1.50972985,22.38589611,4.505493129,0.783129123,16.55242323,7.876928105,6.690499662,7.835228828,10.24044518,27.22332905,6.663163559,12.3512609,14.20805865,7.983360327,25.5079829,NA,35.55732491,NA
"Coefficient of variation",2012,"Sales","All Transactions","Ireland",2.784653065,13.45071047,4.068252584,2.519500868,1.805690526,20.60223518,9.410298819,5.454282108,22.17222467,24.67633317,15.5444726,16.66304111,16.49688036,21.43589453,20.34755159,36.34941766,29.46776326,48.84108361
"Coefficient of variation",2012,"Sales","All Transactions","Rest of the Europe Union (EU excluding Ireland)",2.498618336,NA,NA,2.417930449,NA,0.647755794,1.447045899,9.783384498,19.53416168,3.126956778,3.605414289,NA,28.5505438,NA,6.384827246,NA,NA,NA
"Coefficient of variation",2012,"Sales","All Transactions","Rest of the World (all countries outside the UK and EU)",2.532451758,NA,NA,1.101131075,NA,3.901371139,2.079075259,20.18442591,31.55463741,3.028460938,15.03136943,NA,20.10390681,NA,7.312803181,NA,NA,NA
"Coefficient of variation",2012,"Sales","All Transactions","External Sales/Purchases (outside NI)",1.162498957,9.996544318,3.713191761,0.650454474,3.510480746,3.681467485,5.311577888,5.201187054,9.57844804,16.94016952,5.876281248,11.96263854,9.898790929,6.70875313,11.07933002,11.76641906,39.49073948,27.247857
"Coefficient of variation",2012,"Sales","All Transactions","Exports (outside UK)",1.665989579,10.62449094,3.563922478,1.09383242,1.675264461,2.922561661,6.942684459,6.196836285,16.33155026,19.3744523,9.706606016,19.06071327,13.83327579,10.37416205,9.454478115,NA,47.06523848,NA
"Coefficient of variation",2012,"Sales","All Transactions","Imports (outside UK)",NA,NA,NA,NA,NA,NA,NA,NA,NA,NA,NA,NA,NA,NA,NA,NA,NA,NA
"Coefficient of variation",2012,"Purchases","Goods","All countries",NA,NA,NA,NA,NA,NA,NA,NA,NA,NA,NA,NA,NA,NA,NA,NA,NA,NA
"Coefficient of variation",2012,"Purchases","Goods","Northern Ireland",NA,NA,NA,NA,NA,NA,NA,NA,NA,NA,NA,NA,NA,NA,NA,NA,NA,NA
"Coefficient of variation",2012,"Purchases","Goods","Great Britain",NA,NA,NA,NA,NA,NA,NA,NA,NA,NA,NA,NA,NA,NA,NA,NA,NA,NA
"Coefficient of variation",2012,"Purchases","Goods","Ireland",2.773576959,NA,13.7330004,2.234873826,NA,1.656558502,12.62064497,5.088749504,19.80134254,17.207941,33.7904316,NA,27.53011445,8.803016804,NA,NA,22.05066973,NA
"Coefficient of variation",2012,"Purchases","Goods","Rest of the Europe Union (EU excluding Ireland)",3.165261078,26.74132216,NA,2.221059489,53.31214057,NA,14.76048078,6.175652801,NA,NA,NA,NA,37.84898269,NA,NA,NA,NA,NA
"Coefficient of variation",2012,"Purchases","Goods","Rest of the World (all countries outside the UK and EU)",2.776649545,NA,NA,1.824683,NA,NA,37.93239701,4.647611246,NA,NA,NA,NA,33.39668169,NA,NA,NA,NA,NA
"Coefficient of variation",2012,"Purchases","Goods","External Sales/Purchases (outside NI)",NA,NA,NA,NA,NA,NA,NA,NA,NA,NA,NA,NA,NA,NA,NA,NA,NA,NA
"Coefficient of variation",2012,"Purchases","Goods","Exports (outside UK)",NA,NA,NA,NA,NA,NA,NA,NA,NA,NA,NA,NA,NA,NA,NA,NA,NA,NA
"Coefficient of variation",2012,"Purchases","Goods","Imports (outside UK)",1.803484778,NA,NA,1.33951613,3.786575651,2.762612323,9.571895017,3.260818605,10.01464219,16.91725301,25.1169261,NA,22.02217259,5.16795504,NA,NA,19.93414016,NA
"Coefficient of variation",2012,"Purchases","Services","All countries",NA,NA,NA,NA,NA,NA,NA,NA,NA,NA,NA,NA,NA,NA,NA,NA,NA,NA
"Coefficient of variation",2012,"Purchases","Services","Northern Ireland",NA,NA,NA,NA,NA,NA,NA,NA,NA,NA,NA,NA,NA,NA,NA,NA,NA,NA
"Coefficient of variation",2012,"Purchases","Services","Great Britain",NA,NA,NA,NA,NA,NA,NA,NA,NA,NA,NA,NA,NA,NA,NA,NA,NA,NA
"Coefficient of variation",2012,"Purchases","Services","Ireland",8.214398823,NA,NA,3.813626576,NA,48.45301109,17.42140681,27.73304253,18.87081738,10.78724852,7.906298285,NA,38.3600283,46.24950145,NA,NA,59.30743785,NA
"Coefficient of variation",2012,"Purchases","Services","Rest of the Europe Union (EU excluding Ireland)",7.672698029,NA,NA,10.67051331,0.514449203,NA,8.456673962,19.27675012,NA,NA,NA,NA,32.53179667,NA,NA,NA,NA,NA
"Coefficient of variation",2012,"Purchases","Services","Rest of the World (all countries outside the UK and EU)",3.532865297,NA,NA,3.358168286,NA,NA,12.34535607,19.13228335,NA,NA,12.23098529,NA,8.204892284,NA,NA,NA,NA,NA
"Coefficient of variation",2012,"Purchases","Services","External Sales/Purchases (outside NI)",NA,NA,NA,NA,NA,NA,NA,NA,NA,NA,NA,NA,NA,NA,NA,NA,NA,NA
"Coefficient of variation",2012,"Purchases","Services","Exports (outside UK)",NA,NA,NA,NA,NA,NA,NA,NA,NA,NA,NA,NA,NA,NA,NA,NA,NA,NA
"Coefficient of variation",2012,"Purchases","Services","Imports (outside UK)",5.054134285,NA,NA,3.347718099,1.39567108,33.90375102,14.58947787,17.91465504,14.22400367,15.90201469,8.910376571,NA,18.05771662,32.64734787,NA,NA,53.43858915,NA
"Coefficient of variation",2012,"Purchases","All Transactions","All countries",1.063132436,12.22109807,0.422909317,1.116805563,0.438868275,4.555265011,2.848356028,1.931767203,5.236646946,3.638513215,5.524672431,4.833110064,7.929126297,14.73832627,2.845457131,4.028249592,6.224732203,7.072127573
"Coefficient of variation",2012,"Purchases","All Transactions","Northern Ireland",NA,NA,NA,NA,NA,NA,NA,NA,NA,NA,NA,NA,NA,NA,NA,NA,NA,NA
"Coefficient of variation",2012,"Purchases","All Transactions","Great Britain",NA,NA,NA,NA,NA,NA,NA,NA,NA,NA,NA,NA,NA,NA,NA,NA,NA,NA
"Coefficient of variation",2012,"Purchases","All Transactions","Ireland",2.642471149,15.61247195,9.086826977,2.157369177,1.91532096,1.803389363,12.06174079,5.012227887,13.8912074,16.75389665,23.23402497,29.38561296,22.58551309,21.62450241,34.503036,52.49914906,39.24054997,22.02922552
"Coefficient of variation",2012,"Purchases","All Transactions","Rest of the Europe Union (EU excluding Ireland)",3.033427274,NA,NA,2.185947198,35.52404403,NA,13.33421065,6.098247016,6.524445774,NA,14.89248329,NA,25.01961511,NA,0.83050699,NA,43.18768292,NA
"Coefficient of variation",2012,"Purchases","All Transactions","Rest of the World (all countries outside the UK and EU)",2.683567499,NA,NA,1.807061281,18.34135506,NA,31.83730055,4.630317881,24.9085398,NA,13.47568277,NA,21.55369177,NA,5.960145441,NA,19.95266946,NA
"Coefficient of variation",2012,"Purchases","All Transactions","External Sales/Purchases (outside NI)",NA,NA,NA,NA,NA,NA,NA,NA,NA,NA,NA,NA,NA,NA,NA,NA,NA,NA
"Coefficient of variation",2012,"Purchases","All Transactions","Exports (outside UK)",NA,NA,NA,NA,NA,NA,NA,NA,NA,NA,NA,NA,NA,NA,NA,NA,NA,NA
"Coefficient of variation",2012,"Purchases","All Transactions","Imports (outside UK)",1.730155199,18.6421779,5.96320794,1.317649598,3.409920889,2.963636171,9.088328431,3.226269225,8.171673957,16.3298792,15.60951939,29.61541664,15.68927782,11.46079889,6.249216948,31.34210425,34.21158176,14.12999609
"Coefficient of variation",2013,"Sales","Goods","All countries",1.084287351,9.409150046,3.307165975,0.600036797,2.256867288,5.257563182,6.705350443,1.958655333,24.58057674,4.440975632,23.78062792,19.21081084,15.71560259,10.56363715,38.53542397,8.852532552,24.43768426,14.3031634
"Coefficient of variation",2013,"Sales","Goods","Northern Ireland",1.660404539,14.43267168,3.561682259,1.888230628,2.356829544,2.550468993,6.955168158,2.180979308,30.4459568,4.481155022,20.2978615,19.31728944,28.12500916,13.1497832,NA,NA,24.86123724,NA
"Coefficient of variation",2013,"Sales","Goods","Great Britain",1.134544481,NA,4.58818957,0.662215622,NA,21.34145494,20.85113822,5.993328884,NA,32.81589528,10.32137466,NA,9.264595727,4.256101348,NA,NA,NA,NA
"Coefficient of variation",2013,"Sales","Goods","Ireland",3.288562328,NA,13.86883218,3.028517701,NA,16.81287369,14.23907986,6.323856809,39.46415134,NA,59.85560722,NA,13.22055352,19.63185674,59.32911818,NA,82.64520727,NA
"Coefficient of variation",2013,"Sales","Goods","Rest of the Europe Union (EU excluding Ireland)",2.405808564,NA,NA,2.3833151,NA,NA,NA,9.412372405,NA,NA,0,NA,NA,NA,NA,NA,NA,NA
"Coefficient of variation",2013,"Sales","Goods","Rest of the World (all countries outside the UK and EU)",0.857255463,NA,NA,0.685657579,NA,NA,NA,NA,NA,NA,0,NA,NA,NA,NA,NA,NA,NA
"Coefficient of variation",2013,"Sales","Goods","External Sales/Purchases (outside NI)",0.909733523,NA,7.119692608,0.604921396,NA,10.57733326,13.98451878,3.855244168,12.14188636,10.20610067,30.82503665,NA,7.955602394,12.78596258,NA,NA,NA,NA
"Coefficient of variation",2013,"Sales","Goods","Exports (outside UK)",1.356926479,NA,12.89040804,1.02139792,NA,7.172231886,14.091747,4.663986073,NA,9.912076946,55.11624641,NA,10.48121982,15.54603543,NA,NA,NA,63.22793449
"Coefficient of variation",2013,"Sales","Goods","Imports (outside UK)",NA,NA,NA,NA,NA,NA,NA,NA,NA,NA,NA,NA,NA,NA,NA,NA,NA,NA
"Coefficient of variation",2013,"Sales","Services","All countries",1.208071555,20.77969156,3.963058415,4.301563961,1.328110022,3.520342845,2.949155637,8.960289381,4.103515499,6.634197062,4.189087823,3.277092025,3.599225101,4.563937641,6.616601809,2.623078669,2.97501468,4.911331985
"Coefficient of variation",2013,"Sales","Services","Northern Ireland",1.295278417,19.2605881,5.09438718,7.030448771,1.319193675,3.694600361,2.990914575,10.29167393,4.597003162,7.348276302,5.872264338,2.874994799,4.385232068,5.543354481,7.651267923,2.611865394,2.989445896,4.916845887
"Coefficient of variation",2013,"Sales","Services","Great Britain",3.970960515,NA,NA,13.77338287,NA,2.583259261,5.977598935,21.45605617,NA,26.78203549,10.46261368,NA,10.78945501,6.920019717,22.96421951,NA,NA,18.14617296
"Coefficient of variation",2013,"Sales","Services","Ireland",7.380310663,NA,1.388858638,8.670707753,NA,53.12508426,14.50850681,26.28583645,10.70967883,NA,27.34742982,NA,12.8387427,12.87304265,6.642186573,NA,45.27226662,NA
"Coefficient of variation",2013,"Sales","Services","Rest of the Europe Union (EU excluding Ireland)",9.69044339,NA,NA,8.772894456,NA,NA,0.623994354,NA,NA,NA,14.56578598,NA,41.1116005,NA,NA,NA,NA,NA
"Coefficient of variation",2013,"Sales","Services","Rest of the World (all countries outside the UK and EU)",3.587710811,NA,NA,4.395359622,NA,NA,NA,NA,NA,NA,3.194326592,NA,NA,NA,NA,NA,NA,NA
"Coefficient of variation",2013,"Sales","Services","External Sales/Purchases (outside NI)",2.955182184,NA,0.969638501,4.516673056,NA,8.995598794,5.418639784,15.9456821,8.836897469,23.55584044,6.93226912,NA,8.59843658,3.986397673,9.44654133,NA,NA,NA
"Coefficient of variation",2013,"Sales","Services","Exports (outside UK)",4.219916972,NA,1.050123989,3.840822062,NA,32.67606453,12.62714922,19.09768863,12.27806858,54.71366482,8.534619162,NA,12.74943183,2.489627985,NA,NA,NA,63.57561393
"Coefficient of variation",2013,"Sales","Services","Imports (outside UK)",NA,NA,NA,NA,NA,NA,NA,NA,NA,NA,NA,NA,NA,NA,NA,NA,NA,NA
"Coefficient of variation",2013,"Sales","All Transactions","All countries",0.832592741,8.019468498,2.572435575,0.577518165,1.27481797,1.95212168,2.377498366,1.889723016,4.231505228,2.628599631,4.833405889,3.254866926,3.294480948,4.141818399,6.729940233,2.55048369,2.816704235,4.599057124
"Coefficient of variation",2013,"Sales","All Transactions","Northern Ireland",1.169629728,11.56938584,2.442134381,1.78809917,1.31963707,2.581404551,2.385521765,2.111187766,5.250374392,2.821988091,5.806266046,2.879950829,4.222374943,5.144730399,7.741969152,2.527279205,2.842523043,4.563016043
"Coefficient of variation",2013,"Sales","All Transactions","Great Britain",1.211074037,21.51593207,NA,0.669964037,NA,13.13135596,5.774313035,5.928358956,11.33813666,NA,10.17829666,10.65988451,9.121250411,5.812270886,23.79680706,NA,NA,17.02783058
"Coefficient of variation",2013,"Sales","All Transactions","Ireland",3.045994402,4.773689404,10.68639881,2.956663102,1.753755959,20.3718661,11.92194701,6.179135131,10.32073508,12.88899544,27.19492696,40.37762286,12.09654293,16.59538375,6.646624252,40.93886953,50.9682586,63.28356735
"Coefficient of variation",2013,"Sales","All Transactions","Rest of the Europe Union (EU excluding Ireland)",2.474507172,NA,NA,2.328294895,NA,8.785421755,2.196150985,9.046723485,25.90339533,NA,14.26075453,NA,34.2366597,NA,NA,NA,NA,NA
"Coefficient of variation",2013,"Sales","All Transactions","Rest of the World (all countries outside the UK and EU)",0.892548831,NA,NA,0.682747985,NA,9.033680934,38.54988241,6.074667042,34.13368644,NA,3.175459309,NA,11.09089739,NA,NA,NA,NA,NA
"Coefficient of variation",2013,"Sales","All Transactions","External Sales/Purchases (outside NI)",0.923666388,12.8087967,6.29694658,0.602654774,10.65291275,8.658447808,5.10219798,3.804257683,8.218733203,17.97202282,7.492028061,11.88395818,7.424397725,5.360498152,9.656775066,22.4176127,37.5797411,31.88231847
"Coefficient of variation",2013,"Sales","All Transactions","Exports (outside UK)",1.333324612,13.25566744,NA,1.000597856,NA,6.946860827,10.634351,4.557354182,11.79572044,NA,9.577112781,35.08081718,10.78258905,7.845509412,3.857704665,NA,NA,61.30926545
"Coefficient of variation",2013,"Sales","All Transactions","Imports (outside UK)",NA,NA,NA,NA,NA,NA,NA,NA,NA,NA,NA,NA,NA,NA,NA,NA,NA,NA
"Coefficient of variation",2013,"Purchases","Goods","All countries",1.409651982,14.80554889,3.315224515,1.02937061,0.628651922,5.955476535,3.818025851,2.316883185,9.170125699,4.120149948,13.4580946,4.454111826,11.13733949,8.420199808,2.943680012,8.950880168,5.956084991,4.562840984
"Coefficient of variation",2013,"Purchases","Goods","Northern Ireland",2.424127503,17.02738498,1.827104392,1.496925398,0.777522625,4.608779893,4.463038835,4.379366649,16.01844759,4.499890435,10.9890557,2.751028624,15.59691377,9.264458659,5.103419082,9.120993578,5.30855214,4.948671924
"Coefficient of variation",2013,"Purchases","Goods","Great Britain",1.716842938,26.55883362,27.56009663,1.585084353,0.215175156,22.03270859,6.167784125,2.469722286,8.969096586,9.632145405,11.8683831,28.5759407,11.9225915,14.70501824,NA,NA,NA,13.96112282
"Coefficient of variation",2013,"Purchases","Goods","Ireland",4.549156901,NA,NA,4.230966027,NA,6.827968021,11.88448868,7.772089869,18.04203468,9.633183364,3.511965898,NA,16.89733182,19.36909556,NA,NA,6.407536032,29.07065557
"Coefficient of variation",2013,"Purchases","Goods","Rest of the Europe Union (EU excluding Ireland)",3.072396295,NA,NA,2.216739877,NA,NA,14.59376701,5.767388791,28.30617045,NA,NA,NA,10.44830317,1.708045805,NA,NA,NA,NA
"Coefficient of variation",2013,"Purchases","Goods","Rest of the World (all countries outside the UK and EU)",2.439211322,NA,NA,3.330358141,NA,NA,NA,2.974810998,4.003832476,NA,NA,NA,8.700116206,NA,NA,20.39294786,NA,NA
"Coefficient of variation",2013,"Purchases","Goods","External Sales/Purchases (outside NI)",1.350988827,20.13714915,15.55959166,1.333037077,0.935190373,11.89563765,5.268419951,2.022228949,7.704473204,7.11123727,15.2592925,44.85090824,10.11600331,11.4986684,NA,18.29871779,NA,12.39310136
"Coefficient of variation",2013,"Purchases","Goods","Exports (outside UK)",NA,NA,NA,NA,NA,NA,NA,NA,NA,NA,NA,NA,NA,NA,NA,NA,NA,NA
"Coefficient of variation",2013,"Purchases","Goods","Imports (outside UK)",2.065002839,NA,9.661132234,1.976973118,9.648251892,NA,8.924168456,3.421280016,13.07785559,9.538882149,63.14265934,NA,9.213814717,14.62445947,NA,NA,NA,29.023504
"Coefficient of variation",2013,"Purchases","Services","All countries",1.519911711,12.45239112,3.308457194,1.513501433,0.982909608,2.883209906,4.056814043,4.931692528,5.580566048,8.931437563,9.15443246,5.362551423,6.546861888,16.74879007,6.628869272,3.766535677,3.39590661,6.703551336
"Coefficient of variation",2013,"Purchases","Services","Northern Ireland",1.587888401,14.09309154,3.11408767,2.261796956,0.9240534,3.55935907,3.220985696,7.276167284,7.623582929,9.616573581,8.959946439,4.554864607,7.509320576,17.42082226,7.224123854,3.81435592,4.182555961,6.828525328
"Coefficient of variation",2013,"Purchases","Services","Great Britain",2.840481246,NA,6.284985755,1.969869879,NA,NA,7.176719177,4.647540401,8.122190742,14.76188751,14.47190192,15.28913239,9.60032942,25.76713859,NA,NA,NA,30.13512338
"Coefficient of variation",2013,"Purchases","Services","Ireland",9.116643945,NA,NA,4.699089731,1.073860255,27.14758297,32.21513531,19.68051678,7.909975909,22.78996812,61.94602336,NA,19.72519827,23.87368442,NA,NA,5.144922092,13.05590673
"Coefficient of variation",2013,"Purchases","Services","Rest of the Europe Union (EU excluding Ireland)",10.88168567,NA,NA,4.556483447,NA,NA,NA,10.77037676,29.49009251,NA,NA,NA,50.06509871,NA,NA,NA,NA,NA
"Coefficient of variation",2013,"Purchases","Services","Rest of the World (all countries outside the UK and EU)",2.917315017,NA,NA,2.455026185,NA,NA,NA,9.325423478,12.19636464,NA,5.4990113,NA,13.33004822,NA,NA,NA,NA,NA
"Coefficient of variation",2013,"Purchases","Services","External Sales/Purchases (outside NI)",2.583093096,11.61895837,6.367306441,1.762114691,5.458570641,5.686281893,7.160484468,4.489688032,6.803369883,11.40274344,12.44450133,14.60578157,12.42830405,19.06930936,NA,7.941090525,NA,19.83102305
"Coefficient of variation",2013,"Purchases","Services","Exports (outside UK)",NA,NA,NA,NA,NA,NA,NA,NA,NA,NA,NA,NA,NA,NA,NA,NA,NA,NA
"Coefficient of variation",2013,"Purchases","Services","Imports (outside UK)",5.611817055,NA,6.955656387,2.349843838,NA,NA,26.72034721,11.46860408,9.831616846,16.60809001,33.47967296,NA,24.79426243,9.861102259,NA,NA,NA,11.28752215
"Coefficient of variation",2013,"Purchases","All Transactions","All countries",1.161387608,12.33010332,2.916677379,0.956780276,0.646071065,3.835989267,3.04425225,2.214904262,5.740367399,3.416289647,6.669192282,4.293542192,6.128619147,10.18833417,4.511025959,4.143135525,3.171064389,4.53287641
"Coefficient of variation",2013,"Purchases","All Transactions","Northern Ireland",1.819360181,14.08574011,1.461610385,1.356635969,0.722186415,3.34916239,2.996177896,4.097566111,8.944351937,3.748937222,8.361341634,2.80571953,7.577871653,12.90027567,5.740606243,4.187407532,3.640178588,4.723132205
"Coefficient of variation",2013,"Purchases","All Transactions","Great Britain",1.502284397,22.35915627,18.4136204,1.369320336,1.073173264,11.33906367,6.034269142,2.364584076,6.040112313,8.885312677,7.636858735,14.34285182,8.511167481,15.04548566,NA,NA,NA,13.13193412
"Coefficient of variation",2013,"Purchases","All Transactions","Ireland",4.220214266,24.56373095,6.769310101,4.069249398,1.798639442,6.727600311,16.31169168,7.631037729,13.64519897,9.194712861,46.12937123,41.6137097,14.00564095,17.18230281,0.15489285,29.37823313,4.440653687,21.62289825
"Coefficient of variation",2013,"Purchases","All Transactions","Rest of the Europe Union (EU excluding Ireland)",2.964427226,NA,NA,2.160853675,NA,NA,14.43212683,5.702313821,21.16473012,19.5092509,15.0251832,NA,37.11344989,NA,NA,NA,8.373638022,NA
"Coefficient of variation",2013,"Purchases","All Transactions","Rest of the World (all countries outside the UK and EU)",2.335837003,NA,NA,3.206431981,NA,NA,7.125253099,2.965036123,6.153904153,12.14644515,61.66282928,NA,11.40179137,NA,0,NA,NA,NA
"Coefficient of variation",2013,"Purchases","All Transactions","External Sales/Purchases (outside NI)",1.221761566,17.13368229,11.0408483,1.203814643,1.182311753,8.499715014,5.526113401,1.964594337,5.725097777,6.696253876,8.013519165,20.0563233,9.015012892,10.13535955,4.159215435,9.831581614,6.099821755,10.53477828
"Coefficient of variation",2013,"Purchases","All Transactions","Exports (outside UK)",NA,NA,NA,NA,NA,NA,NA,NA,NA,NA,NA,NA,NA,NA,NA,NA,NA,NA
"Coefficient of variation",2013,"Purchases","All Transactions","Imports (outside UK)",1.967951537,25.06402657,7.175247737,1.909651284,4.433198976,6.217103307,10.99570763,3.393099943,9.453398358,8.963162078,32.08675516,38.39117316,17.57941759,11.65625646,NA,NA,NA,18.65007531
"Coefficient of variation",2014,"Sales","Goods","All countries",0.788550612,9.442936551,1.58622553,0.57322291,0.960609925,5.503376626,6.33284171,1.324256809,12.10495071,5.94317251,4.669514675,9.451988837,27.92427368,6.876287295,43.90725531,33.8823404,14.14031942,13.97080874
"Coefficient of variation",2014,"Sales","Goods","Northern Ireland",1.160125512,13.64436551,4.702267119,2.037776104,0.980272461,7.939878653,7.281926273,1.41707326,14.30498882,5.989309258,5.452721175,12.48674844,41.13425185,14.45999585,66.4934778,34.08364574,12.19690339,14.62377541
"Coefficient of variation",2014,"Sales","Goods","Great Britain",0.863336654,NA,NA,0.498988233,NA,11.93170137,9.087457297,NA,29.68608505,NA,10.74736284,NA,22.92339854,7.071674745,1.369418929,NA,NA,57.901255
"Coefficient of variation",2014,"Sales","Goods","Ireland",3.836909551,NA,21.4817225,2.860244727,NA,5.685779203,22.18550148,8.040074147,16.80001218,NA,7.368922597,NA,54.77227516,4.446143696,NA,NA,NA,13.5142637
"Coefficient of variation",2014,"Sales","Goods","Rest of the Europe Union (EU excluding Ireland)",2.970550911,NA,NA,2.277262462,NA,NA,NA,14.07527533,NA,NA,13.37242298,NA,12.20962029,NA,NA,NA,NA,NA
"Coefficient of variation",2014,"Sales","Goods","Rest of the World (all countries outside the UK and EU)",0.921854923,NA,NA,0.593067372,NA,NA,NA,NA,NA,NA,26.25046883,NA,23.04028198,NA,NA,NA,NA,NA
"Coefficient of variation",2014,"Sales","Goods","External Sales/Purchases (outside NI)",0.880979344,NA,7.663398552,0.513131061,NA,7.099763682,8.462092751,4.174977756,27.31589582,16.92571516,8.783900167,6.686219676,15.80773723,3.347897676,NA,NA,80.48780088,51.03470093
"Coefficient of variation",2014,"Sales","Goods","Exports (outside UK)",1.586599988,NA,20.83567219,0.999159003,NA,7.387264036,21.03193258,5.753143331,15.75051647,NA,7.735418571,NA,18.38832517,3.275347135,NA,NA,NA,68.08106859
"Coefficient of variation",2014,"Sales","Goods","Imports (outside UK)",NA,NA,NA,NA,NA,NA,NA,NA,NA,NA,NA,NA,NA,NA,NA,NA,NA,NA
"Coefficient of variation",2014,"Sales","Services","All countries",1.303285232,17.53992182,5.288833482,3.853953968,1.265083473,3.772245724,2.898207152,7.895655549,4.216684753,8.472985896,4.133286251,3.032144494,3.10839276,3.837931452,5.316238458,2.843929117,3.854034078,5.256073158
"Coefficient of variation",2014,"Sales","Services","Northern Ireland",1.524315415,NA,NA,7.534293166,NA,3.708114723,3.391203592,10.46869758,4.263517405,8.688559425,7.985249771,2.798528166,4.007031349,4.706068711,5.815323616,2.846986752,3.890947467,5.290367835
"Coefficient of variation",2014,"Sales","Services","Great Britain",2.528874124,NA,NA,4.541630994,NA,46.60965365,4.663967473,NA,7.606368024,NA,6.140798801,12.7175749,7.048623784,12.53885537,28.32686587,NA,NA,69.23293215
"Coefficient of variation",2014,"Sales","Services","Ireland",4.712746048,NA,0.897398414,10.12968684,NA,10.64745809,10.00267343,10.86304898,11.82608934,NA,11.00783197,NA,10.99101775,12.80642555,NA,NA,NA,36.60876043
"Coefficient of variation",2014,"Sales","Services","Rest of the Europe Union (EU excluding Ireland)",4.879949918,NA,NA,7.870657113,NA,NA,6.736074853,18.84996554,NA,NA,7.718697873,NA,23.1435759,NA,NA,NA,NA,NA
"Coefficient of variation",2014,"Sales","Services","Rest of the World (all countries outside the UK and EU)",3.186675367,NA,NA,4.378088585,NA,NA,NA,NA,NA,NA,4.451185527,NA,12.39574589,NA,NA,NA,NA,NA
"Coefficient of variation",2014,"Sales","Services","External Sales/Purchases (outside NI)",2.047642268,NA,NA,3.245533634,NA,31.85680362,4.149122733,1.762364362,6.789158467,42.57496823,3.73463565,12.32034079,5.917440557,8.612908376,NA,NA,36.71657809,41.52936393
"Coefficient of variation",2014,"Sales","Services","Exports (outside UK)",2.701998994,NA,0.703815943,4.209798568,NA,11.2432113,8.383269322,NA,8.0245169,64.87010701,4.595792073,NA,9.020404583,4.454128866,NA,NA,NA,33.85380889
"Coefficient of variation",2014,"Sales","Services","Imports (outside UK)",NA,NA,NA,NA,NA,NA,NA,NA,NA,NA,NA,NA,NA,NA,NA,NA,NA,NA
"Coefficient of variation",2014,"Sales","All Transactions","All countries",0.655527982,8.411378044,1.117522714,0.548096298,0.810140448,2.772253273,2.637704094,1.305949353,3.93842428,3.575508998,3.43336307,2.872274744,6.263191974,3.41410536,5.333742114,3.328297764,3.624239848,4.998394473
"Coefficient of variation",2014,"Sales","All Transactions","Northern Ireland",0.893225706,10.90919781,3.535209647,1.929252244,0.811540533,3.340489575,3.055763958,1.395125015,3.952558737,3.624479547,6.357521249,2.707205554,8.144270483,4.470608609,5.831192991,3.340196757,3.706561864,4.997040513
"Coefficient of variation",2014,"Sales","All Transactions","Great Britain",0.881447676,14.01230984,1.948820049,0.501186489,20.19696833,11.15681927,4.263791089,4.23765356,7.947417458,35.06303161,6.52214519,10.57484702,7.575114517,10.30292855,27.73695486,56.51810315,48.78771528,63.37953575
"Coefficient of variation",2014,"Sales","All Transactions","Ireland",3.223240832,22.97017911,17.93889717,2.762469904,NA,6.649867787,9.352543034,7.87821223,11.28141972,NA,9.466387124,18.57095693,15.13367864,4.927086898,2.568855732,5.915189624,25.33973308,32.35864926
"Coefficient of variation",2014,"Sales","All Transactions","Rest of the Europe Union (EU excluding Ireland)",2.616213181,NA,NA,2.212297898,NA,0.242400837,6.347545856,13.58946753,7.767695562,NA,7.576121528,NA,16.87942076,NA,2.076424661,NA,NA,NA
"Coefficient of variation",2014,"Sales","All Transactions","Rest of the World (all countries outside the UK and EU)",0.913304442,NA,NA,0.60051017,NA,17.75685782,34.7734519,4.834623438,10.03075038,NA,4.447100413,NA,13.2800921,NA,0.144174248,NA,NA,NA
"Coefficient of variation",2014,"Sales","All Transactions","External Sales/Purchases (outside NI)",0.81844927,8.800922344,7.031118475,0.504940658,10.02528042,6.846227559,3.837573629,3.782897696,6.915815766,32.11128851,3.5084002,9.96012341,6.14723103,5.924121081,12.28251488,25.11511314,36.66751027,42.6885751
"Coefficient of variation",2014,"Sales","All Transactions","Exports (outside UK)",1.397909123,10.77813369,16.49111215,0.974658074,4.794877539,7.294591736,8.02480792,5.625215288,7.796559954,35.63140295,4.486375383,22.55424802,8.714397776,2.82131066,1.321302038,17.33944738,31.63536796,39.24370841
"Coefficient of variation",2014,"Sales","All Transactions","Imports (outside UK)",NA,NA,NA,NA,NA,NA,NA,NA,NA,NA,NA,NA,NA,NA,NA,NA,NA,NA
"Coefficient of variation",2014,"Purchases","Goods","All countries",0.980029673,13.19172928,2.138950511,0.944741258,0.688768111,8.253442959,4.06430415,1.522276001,8.584143172,5.466832099,7.059713897,2.777553037,21.73558281,5.675428389,2.466532736,6.932209449,11.19194033,7.201954871
"Coefficient of variation",2014,"Purchases","Goods","Northern Ireland",1.516290991,14.24683124,3.621721205,1.407090164,NA,6.739572234,4.60187589,2.576737185,9.557913018,6.423310857,9.023460335,NA,13.93879787,6.966322951,NA,7.234502757,NA,7.442041603
"Coefficient of variation",2014,"Purchases","Goods","Great Britain",1.630617716,49.54827603,NA,1.326592427,NA,NA,8.07395356,2.288881215,20.66821602,7.788564128,9.003042477,4.36284655,47.42424425,10.43065183,NA,NA,NA,31.87795619
"Coefficient of variation",2014,"Purchases","Goods","Ireland",3.418821769,48.22282423,3.317646122,3.871726584,NA,NA,16.76760885,5.857203943,15.18716676,27.62148807,14.94164258,NA,33.75835112,5.601121988,NA,NA,4.594000735,32.56941822
"Coefficient of variation",2014,"Purchases","Goods","Rest of the Europe Union (EU excluding Ireland)",2.036857397,NA,NA,2.209250582,22.70038952,NA,25.3312705,3.485325758,NA,NA,5.713795717,NA,4.324984395,NA,NA,NA,17.9636501,NA
"Coefficient of variation",2014,"Purchases","Goods","Rest of the World (all countries outside the UK and EU)",1.714794387,NA,NA,1.880381982,NA,NA,NA,2.572943441,NA,NA,11.07177124,NA,3.766258786,24.32757514,NA,NA,NA,NA
"Coefficient of variation",2014,"Purchases","Goods","External Sales/Purchases (outside NI)",1.277942844,34.49206239,2.408496403,1.132542461,NA,17.0806254,7.573398135,1.874258872,13.82366675,16.13479346,8.204791017,NA,38.73506449,8.30088612,NA,8.879842832,NA,23.03941767
"Coefficient of variation",2014,"Purchases","Goods","Exports (outside UK)",NA,NA,NA,NA,NA,NA,NA,NA,NA,NA,NA,NA,NA,NA,NA,NA,NA,NA
"Coefficient of variation",2014,"Purchases","Goods","Imports (outside UK)",1.618689943,35.85330216,2.779243374,1.78899816,NA,NA,13.7839994,2.648611294,13.06159058,27.25838937,7.92025013,NA,21.87118732,6.952077823,NA,NA,NA,26.60762251
"Coefficient of variation",2014,"Purchases","Services","All countries",1.287582458,14.86041779,4.939024458,1.547962619,0.418213713,3.967408173,3.929610525,2.956546567,6.109309394,10.93860702,3.185852387,6.383319026,5.242253503,11.14141042,4.862233348,7.901412358,3.03990608,2.923305751
"Coefficient of variation",2014,"Purchases","Services","Northern Ireland",1.426625681,15.98344857,5.643002955,2.123818727,NA,5.4819528,4.452531665,3.262712734,8.258046509,9.02605908,4.821570904,NA,6.294716134,13.12334779,NA,6.276958602,NA,2.956066983
"Coefficient of variation",2014,"Purchases","Services","Great Britain",2.074766514,NA,NA,2.433689635,NA,NA,5.298309468,6.402737767,4.1227999,41.94280692,3.782786335,13.84699673,9.25019213,12.71306577,NA,31.97058626,NA,16.00737993
"Coefficient of variation",2014,"Purchases","Services","Ireland",3.700349625,NA,3.617725425,4.350344512,0.108552512,NA,9.805305024,14.6602153,12.49017823,23.10681545,16.1263333,NA,9.862939969,7.504224951,NA,NA,10.96950607,23.94876882
"Coefficient of variation",2014,"Purchases","Services","Rest of the Europe Union (EU excluding Ireland)",8.133085992,NA,NA,4.710051602,NA,NA,NA,11.20146864,24.00313408,29.95605667,5.960862374,NA,38.05366689,NA,NA,NA,77.7334342,NA
"Coefficient of variation",2014,"Purchases","Services","Rest of the World (all countries outside the UK and EU)",16.79285635,NA,NA,1.345945791,NA,NA,NA,46.67892532,NA,NA,2.717707272,NA,17.310471,NA,NA,NA,10.73674721,NA
"Coefficient of variation",2014,"Purchases","Services","External Sales/Purchases (outside NI)",2.025042893,17.02257999,3.978597452,1.936437043,0.171432936,6.209447846,5.177107704,5.84562308,7.055204027,35.53941951,3.249137671,12.36300794,8.52623291,9.871409909,NA,42.25315327,NA,10.72693011
"Coefficient of variation",2014,"Purchases","Services","Exports (outside UK)",NA,NA,NA,NA,NA,NA,NA,NA,NA,NA,NA,NA,NA,NA,NA,NA,NA,NA
"Coefficient of variation",2014,"Purchases","Services","Imports (outside UK)",5.11907007,NA,NA,2.363074176,0.105157085,NA,10.02474934,12.67507919,20.00244046,23.772971,6.802085083,NA,17.76120501,1.870813799,NA,NA,15.38931228,5.132480865
"Coefficient of variation",2014,"Purchases","All Transactions","All countries",0.845885943,11.94114296,2.887176888,0.890653193,0.476767658,4.973419584,3.195980108,1.478667969,5.230920172,5.126420685,3.636729452,3.822789764,10.08866378,6.360485514,3.65319281,6.79273968,3.20960991,3.03542586
"Coefficient of variation",2014,"Purchases","All Transactions","Northern Ireland",1.202607075,13.04815747,4.28956015,1.254092615,0.648189525,3.987618049,3.722170657,2.415002934,6.896551909,4.94135228,4.280252301,3.568989246,6.754675889,7.789451576,4.427496729,6.191704429,3.554922156,2.990156057
"Coefficient of variation",2014,"Purchases","All Transactions","Great Britain",1.421448423,42.8250182,2.930099161,1.20266919,0.278714282,23.67963366,4.829058457,2.243487531,8.313092829,13.30831664,5.732195535,6.65238804,22.85915132,9.011340864,NA,NA,NA,23.41498644
"Coefficient of variation",2014,"Purchases","All Transactions","Ireland",3.136024959,41.87472744,3.161451988,3.696809181,0.147201976,7.20363569,11.30077652,5.919373821,11.64001168,26.87036909,10.77396001,41.22959372,27.05759664,4.990731484,0.204543401,14.70543243,7.181081088,29.40159922
"Coefficient of variation",2014,"Purchases","All Transactions","Rest of the Europe Union (EU excluding Ireland)",1.989481786,NA,NA,2.12113395,NA,NA,21.58880916,3.436201814,17.65601857,27.74859237,4.227614806,NA,13.54332943,5.504906004,NA,NA,26.19525382,NA
"Coefficient of variation",2014,"Purchases","All Transactions","Rest of the World (all countries outside the UK and EU)",1.950335761,NA,NA,1.781633657,NA,NA,39.045461,2.58911164,34.39085971,38.86054417,3.966088444,NA,6.752955872,5.553973322,NA,NA,NA,NA
"Coefficient of variation",2014,"Purchases","All Transactions","External Sales/Purchases (outside NI)",1.158401062,28.9258346,2.265821607,1.046496206,0.256702138,12.00397972,4.641909548,1.866799613,7.189794414,19.41920271,5.02338699,9.591458944,21.15617841,6.425938071,3.706277994,29.95277297,11.18054979,16.70271149
"Coefficient of variation",2014,"Purchases","All Transactions","Exports (outside UK)",NA,NA,NA,NA,NA,NA,NA,NA,NA,NA,NA,NA,NA,NA,NA,NA,NA,NA
"Coefficient of variation",2014,"Purchases","All Transactions","Imports (outside UK)",1.58652632,31.26382099,2.686874495,1.714316865,0.548878069,6.818852954,10.04763863,2.680862064,13.14652343,26.48034089,4.923714423,37.51521438,16.98112966,5.0343525,NA,NA,NA,18.50246162
"Coefficient of variation",2015,"Sales","Goods","All countries",0.821061167,8.490093114,1.698571605,0.555170552,0.318473497,3.869378108,7.095443753,1.36339343,14.41621166,5.711760986,23.45728684,15.49426099,25.55420078,6.420025108,20.42664505,13.77609099,10.27057754,19.28292035
"Coefficient of variation",2015,"Sales","Goods","Northern Ireland",1.192813202,10.87405115,2.096496793,1.818857952,0.327692417,4.524332676,8.637291418,1.426419133,18.92920331,5.736904395,13.31857431,18.0868348,46.89022034,10.62053929,35.48978995,NA,NA,19.8615975
"Coefficient of variation",2015,"Sales","Goods","Great Britain",1.192811943,NA,NA,0.476838957,NA,NA,5.61817871,NA,4.712821348,NA,59.13222844,21.64113186,5.694583473,5.741434091,5.294719804,NA,NA,NA
"Coefficient of variation",2015,"Sales","Goods","Ireland",3.926375792,NA,9.503705241,2.436011068,NA,14.03089799,30.00833559,8.378004611,10.26223412,NA,38.86496338,33.65899539,17.28856233,5.071582409,NA,NA,95.43213776,NA
"Coefficient of variation",2015,"Sales","Goods","Rest of the Europe Union (EU excluding Ireland)",2.256774813,NA,NA,1.333395767,NA,NA,NA,15.70368809,NA,NA,36.64817568,NA,0,NA,NA,NA,NA,NA
"Coefficient of variation",2015,"Sales","Goods","Rest of the World (all countries outside the UK and EU)",1.475536804,NA,NA,1.185685067,NA,NA,NA,8.179071249,NA,NA,56.56908162,NA,33.54858638,NA,NA,NA,NA,NA
"Coefficient of variation",2015,"Sales","Goods","External Sales/Purchases (outside NI)",1.015326737,12.8326076,3.030978918,0.564299476,0.055929867,7.137293218,6.483889549,NA,4.800167491,NA,44.72178929,20.48303299,12.83370504,3.040310845,1.632245569,NA,NA,12.84240795
"Coefficient of variation",2015,"Sales","Goods","Exports (outside UK)",1.637688514,NA,9.071358895,1.05609686,NA,9.538378912,27.78122639,6.538188502,10.22673479,NA,31.65192744,34.03762604,21.25657696,3.11076225,NA,NA,79.56814969,NA
"Coefficient of variation",2015,"Sales","Goods","Imports (outside UK)",NA,NA,NA,NA,NA,NA,NA,NA,NA,NA,NA,NA,NA,NA,NA,NA,NA,NA
"Coefficient of variation",2015,"Sales","Services","All countries",1.402319631,18.51072214,4.040427883,3.902789701,0.464332595,8.749617788,4.069931165,5.949733782,5.255120382,7.329280079,2.751135311,1.833743999,3.380364936,3.150373371,4.27735002,2.417892111,2.962899528,5.456974403
"Coefficient of variation",2015,"Sales","Services","Northern Ireland",1.581944473,20.18955049,3.849112347,6.497214784,0.38730892,8.75085771,5.331797241,8.629908714,5.569217592,7.430143016,3.214470477,1.904229112,3.810266298,4.469447176,4.930582393,2.315602962,2.968622968,5.682583731
"Coefficient of variation",2015,"Sales","Services","Great Britain",3.374057846,NA,NA,6.833949279,30.04795737,NA,4.809253826,NA,12.76695899,NA,6.371458834,7.699040128,8.35849814,13.06464211,19.62007406,NA,NA,NA
"Coefficient of variation",2015,"Sales","Services","Ireland",6.762515787,NA,22.85785201,7.731694154,NA,42.27129533,12.23224976,29.83030462,16.58901298,NA,22.6796001,9.720473551,9.78610677,15.6486828,NA,NA,21.26143413,NA
"Coefficient of variation",2015,"Sales","Services","Rest of the Europe Union (EU excluding Ireland)",11.64346529,NA,NA,9.73153457,NA,NA,15.19062761,9.218201842,NA,NA,4.038603803,NA,35.89383718,NA,NA,NA,NA,NA
"Coefficient of variation",2015,"Sales","Services","Rest of the World (all countries outside the UK and EU)",4.25144273,NA,NA,5.415661917,NA,NA,NA,NA,NA,NA,4.989875809,NA,12.49907364,NA,NA,NA,NA,NA
"Coefficient of variation",2015,"Sales","Services","External Sales/Purchases (outside NI)",2.860724953,47.74020481,12.31845814,4.317965365,18.30460804,42.62967426,4.62837444,NA,11.04988857,NA,4.780957472,7.852892663,7.411125594,10.53648847,10.18699009,NA,NA,26.42655676
"Coefficient of variation",2015,"Sales","Services","Exports (outside UK)",4.357625588,NA,NA,4.167294886,NA,NA,11.95512226,NA,16.27337557,NA,6.79267176,28.79304769,11.79877115,10.72630857,NA,NA,NA,NA
"Coefficient of variation",2015,"Sales","Services","Imports (outside UK)",NA,NA,NA,NA,NA,NA,NA,NA,NA,NA,NA,NA,NA,NA,NA,NA,NA,NA
"Coefficient of variation",2015,"Sales","All Transactions","All countries",0.676141533,7.738096296,1.211157576,0.531339174,0.251409513,4.104591661,3.217099329,1.293563488,4.869174172,3.319433583,3.915682984,1.808981186,5.426458748,2.715209624,4.108183681,2.372215802,2.734326104,5.226394786
"Coefficient of variation",2015,"Sales","All Transactions","Northern Ireland",0.910735202,9.54347524,1.428045821,1.700378914,0.248871059,4.950543893,4.125151227,1.369274031,5.456294611,3.34234379,3.305176529,1.891581667,7.092925012,4.039014211,4.825959387,2.270324074,2.765193259,5.474311336
"Coefficient of variation",2015,"Sales","All Transactions","Great Britain",1.227129361,15.5883047,1.89440942,0.508433039,NA,15.51219116,4.066427447,5.948715678,11.60133883,NA,15.34060209,7.414656007,7.008760425,11.87868537,18.07149141,NA,NA,NA
"Coefficient of variation",2015,"Sales","All Transactions","Ireland",3.415597192,29.83172766,8.239985272,2.344148307,NA,22.15698386,12.70307316,8.128683707,15.75911569,NA,19.56959399,9.586785185,8.892486655,6.904507828,10.71400375,8.790999934,39.44399922,38.2285277
"Coefficient of variation",2015,"Sales","All Transactions","Rest of the Europe Union (EU excluding Ireland)",2.611505947,NA,NA,1.324202529,NA,0.484638466,14.53831049,15.06334815,26.67851421,NA,4.27483442,NA,30.65860818,NA,NA,NA,NA,NA
"Coefficient of variation",2015,"Sales","All Transactions","Rest of the World (all countries outside the UK and EU)",1.429714679,NA,NA,1.171420844,NA,20.45180094,23.88968927,8.109958027,38.649082,NA,5.360989287,NA,17.82533935,NA,NA,NA,NA,NA
"Coefficient of variation",2015,"Sales","All Transactions","External Sales/Purchases (outside NI)",1.007751463,14.17403845,2.753912195,0.563118596,3.176181035,8.349441796,3.949369305,4.497580743,10.2344893,23.55273778,7.892252297,7.498172152,6.70448836,7.543379277,9.085261584,36.27428298,25.60827393,24.9670307
"Coefficient of variation",2015,"Sales","All Transactions","Exports (outside UK)",1.543026269,19.86812378,7.871436293,1.032941764,NA,9.368060707,11.38879004,6.341490317,15.79230058,NA,6.446174202,27.69482708,10.98963838,5.841570798,4.594064906,NA,NA,NA
"Coefficient of variation",2015,"Sales","All Transactions","Imports (outside UK)",NA,NA,NA,NA,NA,NA,NA,NA,NA,NA,NA,NA,NA,NA,NA,NA,NA,NA
"Coefficient of variation",2015,"Purchases","Goods","All countries",1.013474247,13.34622502,1.76241935,0.941430565,0.361652123,15.86196442,4.908291077,1.533179151,8.453973432,5.684607828,6.469087575,2.055025831,26.32387317,6.189215446,4.991819373,5.779948244,2.367031482,9.921137199
"Coefficient of variation",2015,"Purchases","Goods","Northern Ireland",1.634211671,NA,NA,1.384970031,NA,13.80512907,5.771416134,2.633312393,10.15026642,6.853193374,16.42231473,2.023273254,32.92527779,8.009761798,NA,6.122457292,NA,12.31632794
"Coefficient of variation",2015,"Purchases","Goods","Great Britain",1.667496428,NA,NA,1.451952806,0.462284831,NA,9.161067612,2.349123567,22.0480977,9.348888271,5.021587165,4.479813724,14.11249704,13.19413989,NA,NA,NA,17.65702129
"Coefficient of variation",2015,"Purchases","Goods","Ireland",3.57261599,NA,4.979701924,4.632599376,0.637328808,NA,13.62072372,5.809844548,20.99459248,23.10793221,10.2966457,43.40669534,41.10868293,6.84707529,NA,NA,37.00075913,22.07134314
"Coefficient of variation",2015,"Purchases","Goods","Rest of the Europe Union (EU excluding Ireland)",2.580352582,36.10886808,NA,1.866958638,NA,49.70563022,28.85274328,5.02766131,NA,NA,19.66596691,NA,12.20034214,5.998735956,NA,NA,54.77882622,NA
"Coefficient of variation",2015,"Purchases","Goods","Rest of the World (all countries outside the UK and EU)",2.062576225,NA,NA,1.260349343,NA,NA,NA,4.060694119,NA,NA,NA,NA,5.292629984,13.96223698,2.550133518,NA,NA,NA
"Coefficient of variation",2015,"Purchases","Goods","External Sales/Purchases (outside NI)",1.304026287,NA,NA,1.117100074,NA,33.75456468,9.018891154,1.973481828,14.08058279,11.85119995,4.943735414,7.692233293,13.78357136,8.831160839,NA,10.3507747,NA,15.54780256
"Coefficient of variation",2015,"Purchases","Goods","Exports (outside UK)",NA,NA,NA,NA,NA,NA,NA,NA,NA,NA,NA,NA,NA,NA,NA,NA,NA,NA
"Coefficient of variation",2015,"Purchases","Goods","Imports (outside UK)",1.660252211,NA,4.791740318,1.396180496,NA,16.43618518,13.97271981,3.019992134,11.77219691,22.68818393,7.849151841,40.10141922,18.30995539,6.903546717,1.244031661,NA,NA,35.77212085
"Coefficient of variation",2015,"Purchases","Services","All countries",1.727805499,14.79442289,2.094079355,1.333714291,0.377018684,4.035280766,5.600393026,3.567747232,8.737535754,8.501234363,3.122622747,3.432630973,5.369260342,6.092290207,5.064964569,6.501034675,4.547678229,7.436514497
"Coefficient of variation",2015,"Purchases","Services","Northern Ireland",2.165310532,17.44100541,NA,1.89228365,NA,6.189406792,7.851534142,4.253695784,11.65712331,8.174227827,5.196852243,3.533816836,7.195656278,13.11822168,NA,4.215665895,NA,7.893357739
"Coefficient of variation",2015,"Purchases","Services","Great Britain",2.224255619,NA,NA,1.134434051,0.880158396,NA,5.853669222,6.781855662,8.780663541,18.93287186,2.714900911,10.21570542,8.134709082,5.019421327,NA,23.02268326,NA,16.45593183
"Coefficient of variation",2015,"Purchases","Services","Ireland",5.121310159,NA,28.90699897,5.349598364,2.321201495,NA,14.51360353,5.318070188,16.97134894,21.83118766,10.90161385,26.66487908,7.454629277,7.099837097,NA,NA,10.76494412,11.12409739
"Coefficient of variation",2015,"Purchases","Services","Rest of the Europe Union (EU excluding Ireland)",6.764395242,NA,NA,4.086978676,NA,8.340969668,NA,32.64726074,8.93879666,35.15273195,NA,NA,54.11183927,11.27926995,NA,NA,58.17378493,NA
"Coefficient of variation",2015,"Purchases","Services","Rest of the World (all countries outside the UK and EU)",2.474999013,NA,NA,0.919540013,NA,NA,NA,7.828074288,NA,32.06703323,NA,NA,3.745122816,11.25702171,0.648393604,NA,39.61996124,NA
"Coefficient of variation",2015,"Purchases","Services","External Sales/Purchases (outside NI)",2.048420961,9.881917137,9.401931766,1.110730704,0.859690236,7.968047089,5.545917125,5.806097682,8.792239447,16.27070734,2.156154234,11.53535421,6.642284191,5.18386565,NA,35.17955767,NA,17.54552909
"Coefficient of variation",2015,"Purchases","Services","Exports (outside UK)",NA,NA,NA,NA,NA,NA,NA,NA,NA,NA,NA,NA,NA,NA,NA,NA,NA,NA
"Coefficient of variation",2015,"Purchases","Services","Imports (outside UK)",3.076415654,NA,NA,2.059706571,2.028073899,NA,12.80407707,6.66668686,12.11627299,19.92953356,2.024522992,28.87876106,9.177824799,9.506510124,16.74282034,92.19344013,34.44488877,71.5293736
"Coefficient of variation",2015,"Purchases","All Transactions","All countries",0.904306487,10.0241136,1.354386853,0.895340496,0.291267939,8.585889008,4.082624923,1.488435525,6.252810248,4.986683771,2.839937159,2.155955222,10.44562774,4.482929121,4.374927819,4.767816283,3.048854087,6.287152343
"Coefficient of variation",2015,"Purchases","All Transactions","Northern Ireland",1.360762253,10.96413481,1.252373357,1.232585648,0.271860756,5.853623523,5.028087773,2.498241392,8.323567401,5.461540293,5.30613914,2.18960377,12.92772997,7.140487804,5.855208377,3.765065524,3.031789723,7.041365737
"Coefficient of variation",2015,"Purchases","All Transactions","Great Britain",1.447942758,19.32328032,2.127341154,1.302007013,0.479677702,32.38128457,5.580705507,2.297624151,9.813824083,8.752871206,2.741579832,6.725986476,8.373372137,6.012441719,3.952738247,16.93321067,8.19799934,13.66968711
"Coefficient of variation",2015,"Purchases","All Transactions","Ireland",3.250724396,34.22979805,6.037445686,4.412015978,1.423306691,9.977914413,10.75773,5.591011009,17.25017345,22.04081306,8.073442859,23.80017184,16.84392457,5.581499867,18.80809676,7.850453105,17.63046366,18.37783627
"Coefficient of variation",2015,"Purchases","All Transactions","Rest of the Europe Union (EU excluding Ireland)",2.471797461,NA,7.248509253,1.855258954,NA,40.74500067,24.13456088,5.000123468,9.989838228,NA,7.013952482,NA,17.79392419,5.409180166,0.254752953,NA,42.67895167,NA
"Coefficient of variation",2015,"Purchases","All Transactions","Rest of the World (all countries outside the UK and EU)",1.873686944,NA,0.769131244,1.197222409,NA,8.93285914,25.98664249,4.039968564,7.794622412,NA,1.100553026,NA,3.590061587,8.884394296,1.938558497,NA,28.04697351,NA
"Coefficient of variation",2015,"Purchases","All Transactions","External Sales/Purchases (outside NI)",1.169577055,26.30989966,3.172367348,1.057254967,0.679702886,23.76719146,5.383043652,1.940543867,7.934815868,11.9380516,2.343956583,8.249995381,7.420252821,5.219916554,4.463633704,27.18926712,10.71662624,12.57494582
"Coefficient of variation",2015,"Purchases","All Transactions","Exports (outside UK)",NA,NA,NA,NA,NA,NA,NA,NA,NA,NA,NA,NA,NA,NA,NA,NA,NA,NA
"Coefficient of variation",2015,"Purchases","All Transactions","Imports (outside UK)",1.562486642,32.92667125,5.456083094,1.362643234,4.943836113,12.13939376,10.54165968,3.002752585,10.08555995,20.7171012,2.288843502,25.23233467,9.774990111,5.57952737,8.870776398,88.55755125,23.69299698,32.02955744
"Coefficient of variation",2016,"Sales","Goods","All countries",1.138448989,8.283592921,2.160650552,0.560128296,0.874612045,12.269017,6.96354299,2.179121612,10.21427676,4.305264286,9.226200633,38.59571336,8.448257612,3.850912705,11.82287521,11.13438731,21.59146781,16.11906822
"Coefficient of variation",2016,"Sales","Goods","Northern Ireland",1.75151788,10.38253881,3.112249521,1.684572026,NA,NA,8.410360185,2.428993878,13.05950819,NA,13.1065001,39.0984191,17.2664253,7.975624899,39.48890634,12.17102133,22.05689014,16.55065987
"Coefficient of variation",2016,"Sales","Goods","Great Britain",1.508799069,3.200268432,NA,0.660965221,NA,NA,8.814376161,NA,20.58885635,NA,5.521944126,NA,NA,12.47877936,NA,NA,NA,47.02410279
"Coefficient of variation",2016,"Sales","Goods","Ireland",4.867155383,NA,NA,2.508789063,NA,71.03513088,33.17898805,11.09512383,5.42337796,NA,13.04509838,NA,6.307809326,NA,NA,NA,NA,NA
"Coefficient of variation",2016,"Sales","Goods","Rest of the Europe Union (EU excluding Ireland)",1.735843582,NA,NA,1.034017606,NA,NA,NA,13.98040341,NA,NA,24.92508545,NA,NA,NA,NA,NA,NA,NA
"Coefficient of variation",2016,"Sales","Goods","Rest of the World (all countries outside the UK and EU)",1.036878922,NA,NA,1.065207995,NA,NA,NA,NA,NA,NA,9.625937403,NA,5.76048516,NA,NA,NA,NA,NA
"Coefficient of variation",2016,"Sales","Goods","External Sales/Purchases (outside NI)",1.173240164,10.57019154,2.423445544,0.591245128,NA,NA,8.966354158,NA,17.57059018,NA,4.650468816,64.78985489,2.489441656,2.308345119,NA,0.905638697,NA,51.14415866
"Coefficient of variation",2016,"Sales","Goods","Exports (outside UK)",1.791694507,NA,8.207923465,0.940830607,NA,5.874917315,30.65099333,8.157941442,6.504433133,NA,8.946593721,NA,NA,2.012845899,NA,NA,NA,67.77992158
"Coefficient of variation",2016,"Sales","Goods","Imports (outside UK)",NA,NA,NA,NA,NA,NA,NA,NA,NA,NA,NA,NA,NA,NA,NA,NA,NA,NA
"Coefficient of variation",2016,"Sales","Services","All countries",1.383850522,11.53232454,5.699477179,4.396387926,11.28559345,15.79348744,3.341909646,4.606296162,5.064346485,6.49126939,4.672853173,4.854486157,2.475330125,3.13572228,7.658271806,3.746281104,3.00404724,5.894898923
"Coefficient of variation",2016,"Sales","Services","Northern Ireland",1.644469896,12.41916062,5.757463495,7.732660889,NA,16.12762684,4.219130022,NA,6.397695472,6.594202775,7.763099681,3.436212142,2.880798761,3.635750787,9.088977172,3.746604962,2.95975357,6.456601393
"Coefficient of variation",2016,"Sales","Services","Great Britain",2.980704491,NA,NA,5.540159221,NA,40.43700597,5.563989857,NA,9.077335525,17.59698719,8.746288584,NA,NA,2.752697,NA,NA,NA,18.61103563
"Coefficient of variation",2016,"Sales","Services","Ireland",6.943484103,NA,NA,4.855351151,NA,21.76027911,11.48473699,41.74551096,16.95112011,NA,21.21971026,NA,7.186152061,NA,NA,NA,NA,NA
"Coefficient of variation",2016,"Sales","Services","Rest of the Europe Union (EU excluding Ireland)",9.314565037,NA,NA,9.401285381,NA,NA,NA,NA,NA,NA,39.50299542,NA,26.20294952,NA,NA,NA,NA,NA
"Coefficient of variation",2016,"Sales","Services","Rest of the World (all countries outside the UK and EU)",3.953808423,NA,NA,6.703317616,NA,NA,NA,NA,NA,NA,4.679945073,NA,13.76911896,NA,NA,NA,NA,NA
"Coefficient of variation",2016,"Sales","Services","External Sales/Purchases (outside NI)",2.411089783,15.96987647,16.25461538,3.6930778,NA,33.70365831,5.017244879,NA,7.767618237,NA,5.421044191,33.79160537,5.86229908,4.930449185,NA,25.1938603,NA,17.2566305
"Coefficient of variation",2016,"Sales","Services","Exports (outside UK)",3.838757561,NA,NA,4.200151829,NA,20.86683049,8.656566922,33.70959854,12.97513476,NA,6.207850536,NA,9.743013448,11.18367645,NA,35.74318772,NA,36.30572186
"Coefficient of variation",2016,"Sales","Services","Imports (outside UK)",NA,NA,NA,NA,NA,NA,NA,NA,NA,NA,NA,NA,NA,NA,NA,NA,NA,NA
"Coefficient of variation",2016,"Sales","All Transactions","All countries",0.871417791,5.588961213,2.166223919,0.521151041,1.180104711,9.571118184,2.63735613,2.073411793,3.93288634,3.266890338,4.445158244,4.8166167,2.38448853,2.716139659,7.467326363,3.580691651,2.930803581,5.496275951
"Coefficient of variation",2016,"Sales","All Transactions","Northern Ireland",1.268955694,6.90236537,2.806880241,1.592150137,0.58525804,10.75572965,3.230592918,2.350492463,5.121323392,3.288173399,7.276067614,3.551824832,3.441161858,3.355943785,9.027536484,3.591884356,2.912655796,5.955163164
"Coefficient of variation",2016,"Sales","All Transactions","Great Britain",1.362296433,4.125814682,2.107438481,0.648669702,NA,27.68391811,4.983501109,7.542651883,7.82577857,NA,8.003385546,34.59963671,4.564758983,2.911915261,29.96642898,1.134121146,38.24056528,18.29382618
"Coefficient of variation",2016,"Sales","All Transactions","Ireland",4.145968681,35.16919551,7.979353531,2.412264263,NA,33.17062653,13.48182276,10.98925197,16.27559649,NA,18.76676078,32.49140239,4.938895781,12.7011716,12.49812099,48.05252767,50.46820347,30.88925321
"Coefficient of variation",2016,"Sales","All Transactions","Rest of the Europe Union (EU excluding Ireland)",2.228562149,NA,NA,1.032707073,NA,5.890294684,3.902731349,13.64300804,14.25011986,NA,38.69219771,NA,22.26042103,NA,0,NA,NA,NA
"Coefficient of variation",2016,"Sales","All Transactions","Rest of the World (all countries outside the UK and EU)",1.117344545,NA,NA,1.068143473,NA,1.932543825,4.152904398,5.682211819,12.70944268,NA,4.630839523,NA,10.10694038,NA,1.008649849,NA,NA,NA
"Coefficient of variation",2016,"Sales","All Transactions","External Sales/Purchases (outside NI)",1.066897905,9.256549159,2.780327058,0.583407636,20.58463824,12.98962852,4.531433634,5.480164275,7.469766711,27.54915915,5.132441633,33.51843868,4.188176924,3.353034814,15.0052969,18.77780142,23.7738937,18.23146081
"Coefficient of variation",2016,"Sales","All Transactions","Exports (outside UK)",1.637231679,24.56494196,7.652251104,0.928258872,NA,6.094710287,10.77393728,8.094657022,12.33829902,NA,5.988867645,29.44769549,7.036696555,5.467151217,3.951537723,35.37896517,27.87113959,39.82710766
"Coefficient of variation",2016,"Sales","All Transactions","Imports (outside UK)",NA,NA,NA,NA,NA,NA,NA,NA,NA,NA,NA,NA,NA,NA,NA,NA,NA,NA
"Coefficient of variation",2016,"Purchases","Goods","All countries",1.432397723,10.78043865,2.292272371,0.85106488,NA,16.44766595,4.342109731,2.45075893,10.53952809,6.291019841,8.131629903,NA,8.131622089,3.367296841,11.07545224,8.559585801,3.686217002,7.48917511
"Coefficient of variation",2016,"Purchases","Goods","Northern Ireland",1.95500832,13.22271612,2.914701283,1.342038527,NA,19.50964402,5.183637751,3.536915501,15.62991095,7.429194188,9.159280951,NA,10.58048899,4.254435971,14.77671485,9.356744219,3.780443019,9.041695871
"Coefficient of variation",2016,"Purchases","Goods","Great Britain",3.644493716,NA,1.980685634,1.491303964,NA,NA,7.371081281,5.435943939,8.466670287,11.55245166,14.43932849,41.80768096,9.605817759,5.408417306,NA,NA,NA,13.28826234
"Coefficient of variation",2016,"Purchases","Goods","Ireland",3.845877162,5.453102736,5.185750738,2.026732716,NA,1.380281429,19.36994831,6.94311054,31.28024623,9.023341891,36.56675218,NA,6.078679334,7.035689214,0,15.18029946,25.49949362,57.91844484
"Coefficient of variation",2016,"Purchases","Goods","Rest of the Europe Union (EU excluding Ireland)",3.796282611,NA,NA,2.303488996,NA,NA,16.63893334,7.961024233,NA,NA,19.60355988,NA,10.8442165,NA,NA,NA,NA,NA
"Coefficient of variation",2016,"Purchases","Goods","Rest of the World (all countries outside the UK and EU)",6.818071308,NA,NA,2.191548868,NA,NA,NA,13.75148489,NA,NA,NA,NA,16.61272781,0.685919423,22.19050667,NA,60.19622021,NA
"Coefficient of variation",2016,"Purchases","Goods","External Sales/Purchases (outside NI)",2.588866642,13.85002957,3.115701724,1.217177683,1.739742016,30.72428608,7.031377995,4.243326961,9.833985236,7.572802917,12.90083795,51.26019982,7.07036688,4.157157364,5.310988445,4.923799677,23.53368589,11.91639229
"Coefficient of variation",2016,"Purchases","Goods","Exports (outside UK)",NA,NA,NA,NA,NA,NA,NA,NA,NA,NA,NA,NA,NA,NA,NA,NA,NA,NA
"Coefficient of variation",2016,"Purchases","Goods","Imports (outside UK)",2.992255235,13.42917287,4.962816761,1.481758189,NA,6.216947469,16.60047968,5.946189429,16.70928164,8.897359668,17.84870923,NA,8.904449129,5.665427372,NA,NA,NA,25.11866234
"Coefficient of variation",2016,"Purchases","Services","All countries",1.708275436,13.49143665,3.033484541,1.48599383,NA,23.85575317,4.196590365,4.230298919,7.446813214,5.286137595,5.695056967,NA,4.234309285,6.759168618,5.749341874,6.616764364,5.016003026,11.41969058
"Coefficient of variation",2016,"Purchases","Services","Northern Ireland",2.300186227,14.53296618,2.954361955,2.262825994,NA,29.87754346,6.192741214,5.68811468,9.847432157,5.634106739,6.232764894,NA,5.142054435,13.73129313,6.363158371,6.857217198,4.953313698,13.33950119
"Coefficient of variation",2016,"Purchases","Services","Great Britain",1.998283939,NA,3.548438975,1.448226587,NA,NA,4.026688376,3.856916422,6.659352205,14.0639089,10.49763092,29.7147631,6.801557685,2.191404576,NA,5.672148104,NA,NA
"Coefficient of variation",2016,"Purchases","Services","Ireland",7.443509005,7.431290242,20.56604723,2.423209307,5.088116392,55.00458332,16.36437478,23.34319839,26.33304787,14.38265818,10.32019313,72.38051443,7.971588519,13.94917163,28.12545104,38.02044426,22.28068838,14.5601115
"Coefficient of variation",2016,"Purchases","Services","Rest of the Europe Union (EU excluding Ireland)",8.234207292,NA,NA,1.48698464,NA,NA,NA,2.723661904,25.01817611,34.36394861,NA,NA,29.54473245,NA,NA,NA,NA,NA
"Coefficient of variation",2016,"Purchases","Services","Rest of the World (all countries outside the UK and EU)",5.210894306,NA,NA,4.003056471,NA,NA,NA,7.428496722,NA,NA,NA,NA,23.84617348,NA,NA,NA,40.14394885,NA
"Coefficient of variation",2016,"Purchases","Services","External Sales/Purchases (outside NI)",1.908716856,4.869446274,9.210628965,1.256594728,NA,10.19378288,3.884120561,5.073709755,8.024730886,11.24859803,7.669395612,NA,6.77953991,2.014005679,5.626058277,5.605707055,15.00182295,6.424833463
"Coefficient of variation",2016,"Purchases","Services","Exports (outside UK)",NA,NA,NA,NA,NA,NA,NA,NA,NA,NA,NA,NA,NA,NA,NA,NA,NA,NA
"Coefficient of variation",2016,"Purchases","Services","Imports (outside UK)",4.237428228,7.383266406,19.7736081,1.636157966,NA,NA,14.21362756,14.05011513,16.73755598,16.03178336,2.575588509,NA,12.75093528,3.342709424,NA,35.19994011,NA,NA
"Coefficient of variation",2016,"Purchases","All Transactions","All countries",1.206604,8.516958882,2.209524814,0.815244161,0.72462542,15.74527426,3.29545431,2.365169635,5.077857415,5.23246648,5.218404147,5.838866744,4.043929674,4.509235967,4.626061559,3.899920959,3.335127785,7.100394629
"Coefficient of variation",2016,"Purchases","All Transactions","Northern Ireland",1.575034276,9.927962485,2.469054269,1.217103628,0.642400546,20.41466447,4.193064001,3.308453798,7.384015318,6.038577871,5.495553762,5.767448142,5.028447627,8.31620394,5.345816901,4.14002002,3.276167088,8.494746981
"Coefficient of variation",2016,"Purchases","All Transactions","Great Britain",3.00310888,20.73500614,1.956926806,1.345561555,0,25.02982485,4.767663436,5.254461483,5.281558875,10.43441246,9.461612388,25.279435,6.344789761,2.190182223,NA,NA,NA,9.033249569
"Coefficient of variation",2016,"Purchases","All Transactions","Ireland",3.538107064,4.885616768,5.837611863,1.907901376,NA,8.611915701,15.6066141,6.840281132,19.93538779,8.687805777,16.60668476,NA,6.461257631,6.633860182,21.23447701,32.98480004,18.75231562,29.21698916
"Coefficient of variation",2016,"Purchases","All Transactions","Rest of the Europe Union (EU excluding Ireland)",3.567964121,NA,NA,2.229885221,NA,34.69365067,16.11603225,7.747107426,19.38529744,26.4995159,NA,NA,10.83160274,3.533667482,NA,NA,NA,NA
"Coefficient of variation",2016,"Purchases","All Transactions","Rest of the World (all countries outside the UK and EU)",6.105164673,NA,NA,2.154831957,NA,9.137789189,20.80161081,13.69529208,7.607130706,7.588876494,NA,NA,17.48863553,0.481094084,NA,NA,35.37792081,NA
"Coefficient of variation",2016,"Purchases","All Transactions","External Sales/Purchases (outside NI)",2.212304764,11.86626077,3.217636043,1.170087302,1.494250011,21.63949105,4.605006644,4.112099627,6.173969659,7.136581171,7.525333837,24.36030848,5.360575309,2.124311346,4.183910616,4.248756543,14.8774154,8.075451262
"Coefficient of variation",2016,"Purchases","All Transactions","Exports (outside UK)",NA,NA,NA,NA,NA,NA,NA,NA,NA,NA,NA,NA,NA,NA,NA,NA,NA,NA
"Coefficient of variation",2016,"Purchases","All Transactions","Imports (outside UK)",2.733485019,11.99033419,5.464866801,1.435796205,5.988054255,12.15429043,13.55412673,5.848675686,12.11185659,8.625770472,3.750904588,53.00572021,9.026757585,3.838555313,NA,NA,NA,17.11973892
"Coefficient of variation",2017,"Sales","Goods","All countries",0.955622975,8.44819231,2.39304064,0.874348279,3.310151082,7.883188638,7.604953763,1.637065668,8.577465479,5.20525237,9.426077851,24.08203786,12.42036216,6.583406604,39.57874673,37.71698861,13.88133016,15.21120923
"Coefficient of variation",2017,"Sales","Goods","Northern Ireland",1.282115633,11.5435392,3.315894537,1.913236423,NA,13.52269304,9.494209115,1.598490656,13.78189859,5.233022916,12.13454258,NA,19.91391942,11.65874068,NA,NA,13.38662325,NA
"Coefficient of variation",2017,"Sales","Goods","Great Britain",1.636578943,19.48339693,NA,1.286552781,NA,13.77280128,4.819589468,5.75985017,2.597388727,NA,11.96756411,NA,16.93915917,2.905032531,NA,NA,56.44640106,NA
"Coefficient of variation",2017,"Sales","Goods","Ireland",3.384259328,NA,10.53486238,2.40680646,NA,20.555612,29.92914944,7.650013319,7.462360656,NA,24.43828565,NA,30.60527602,3.360212706,NA,NA,50.28405023,82.7376859
"Coefficient of variation",2017,"Sales","Goods","Rest of the Europe Union (EU excluding Ireland)",1.673227834,NA,NA,1.189865418,NA,NA,NA,11.81717296,NA,NA,17.2991268,NA,10.13982986,NA,NA,NA,NA,NA
"Coefficient of variation",2017,"Sales","Goods","Rest of the World (all countries outside the UK and EU)",2.442131758,NA,NA,1.39495711,NA,NA,NA,NA,NA,NA,3.796488174,NA,15.97809932,NA,NA,NA,NA,NA
"Coefficient of variation",2017,"Sales","Goods","External Sales/Purchases (outside NI)",1.273267481,14.19924289,5.935553335,1.05557584,NA,8.639794047,5.247684917,4.711171425,2.61413753,29.03296185,11.0601709,NA,11.74419686,2.119981682,NA,NA,49.96615815,NA
"Coefficient of variation",2017,"Sales","Goods","Exports (outside UK)",1.771662564,NA,10.35434801,1.234769578,NA,7.674823894,24.23023657,7.237882982,9.011927871,NA,17.87519439,NA,12.93369202,2.633019132,NA,NA,49.91524088,NA
"Coefficient of variation",2017,"Sales","Goods","Imports (outside UK)",NA,NA,NA,NA,NA,NA,NA,NA,NA,NA,NA,NA,NA,NA,NA,NA,NA,NA
"Coefficient of variation",2017,"Sales","Services","All countries",1.317655627,14.60036859,8.382487915,3.748012087,8.808526135,9.763140494,3.187135007,9.843679211,4.625553436,9.169104848,3.049726437,3.159143981,3.112975339,1.675754064,8.507805588,4.06458721,4.735525348,6.882806746
"Coefficient of variation",2017,"Sales","Services","Northern Ireland",1.675122001,15.75364794,8.227667886,8.301108552,9.918770768,10.01553527,4.537940167,10.77708666,5.810528829,9.355223611,3.76081188,3.156593712,4.401149565,2.020729232,9.593925724,4.075895416,4.826547172,6.998725906
"Coefficient of variation",2017,"Sales","Services","Great Britain",2.654415956,NA,NA,5.123266282,NA,19.60808747,3.531373488,20.13153112,9.403058063,40.05011164,9.358306362,NA,7.783956643,3.788155143,37.33538338,NA,36.63004966,NA
"Coefficient of variation",2017,"Sales","Services","Ireland",7.71444222,NA,27.97381777,8.327744441,NA,11.71418144,11.88135227,27.4673593,27.18762924,NA,11.9436914,NA,12.49087626,4.20023292,NA,NA,27.99122034,41.87259247
"Coefficient of variation",2017,"Sales","Services","Rest of the Europe Union (EU excluding Ireland)",5.403028722,NA,NA,3.329323661,NA,NA,NA,NA,NA,NA,12.04719878,NA,17.12129344,NA,NA,NA,NA,NA
"Coefficient of variation",2017,"Sales","Services","Rest of the World (all countries outside the UK and EU)",3.217500502,NA,NA,3.489711761,NA,NA,NA,NA,NA,NA,6.017595034,NA,8.19790162,NA,NA,NA,NA,NA
"Coefficient of variation",2017,"Sales","Services","External Sales/Purchases (outside NI)",2.352478867,40.24819897,27.83718535,2.709751273,NA,15.9238086,3.585051524,16.20258285,9.131631921,36.08671238,6.138640943,NA,6.707279412,2.031684474,NA,NA,26.90756055,NA
"Coefficient of variation",2017,"Sales","Services","Exports (outside UK)",3.799662052,NA,NA,2.957681216,NA,11.71418144,10.54688276,25.27656906,18.34052588,NA,5.851220402,NA,7.847896985,0.92668175,NA,NA,21.22528524,36.94975894
"Coefficient of variation",2017,"Sales","Services","Imports (outside UK)",NA,NA,NA,NA,NA,NA,NA,NA,NA,NA,NA,NA,NA,NA,NA,NA,NA,NA
"Coefficient of variation",2017,"Sales","All Transactions","All countries",0.715902066,6.271552861,2.341825631,0.818032849,2.935299461,5.347933338,2.302940558,1.599680734,4.09053073,3.541634861,2.768605656,2.945750547,2.90880605,1.625711168,8.282440101,4.206260633,4.468767041,6.371590651
"Coefficient of variation",2017,"Sales","All Transactions","Northern Ireland",0.952520455,8.692645237,2.466615657,1.794866743,2.810750705,7.043417374,3.104718253,1.569101232,5.31271158,3.571118032,3.902853687,2.986490868,4.646812221,2.035362767,9.557734733,4.229184968,4.482739572,6.431140647
"Coefficient of variation",2017,"Sales","All Transactions","Great Britain",1.437173228,27.75543522,4.903048236,1.287843535,3.728602994,12.62846477,3.350826637,5.738077098,7.862122437,27.88304931,8.80127719,16.12959156,7.678503675,3.318809769,34.04972279,2.593031685,31.54155826,25.04266129
"Coefficient of variation",2017,"Sales","All Transactions","Ireland",3.203958633,NA,11.19161638,2.348765196,8.086439702,17.09260679,11.08346666,7.633435871,25.52564592,NA,11.01455978,5.335960087,11.66980234,3.083241856,23.68726374,5.654729228,35.35844414,61.17846447
"Coefficient of variation",2017,"Sales","All Transactions","Rest of the Europe Union (EU excluding Ireland)",1.70330037,NA,NA,1.187487399,NA,10.22324084,9.127780213,11.5807567,14.08070865,NA,11.15391324,NA,15.18677899,NA,0,NA,NA,NA
"Coefficient of variation",2017,"Sales","All Transactions","Rest of the World (all countries outside the UK and EU)",2.072218064,NA,NA,1.35212619,NA,4.933564797,24.60898932,21.22386222,21.28304721,NA,5.942039756,NA,8.722226041,NA,4.943865335,NA,NA,NA
"Coefficient of variation",2017,"Sales","All Transactions","External Sales/Purchases (outside NI)",1.148067491,13.07080522,6.313642768,1.053366264,15.26898568,8.448749041,3.298726157,4.66665875,7.965045726,26.47615917,5.821382151,15.53075635,6.613767204,1.649220277,17.45858581,5.823795558,23.92636461,29.49312719
"Coefficient of variation",2017,"Sales","All Transactions","Exports (outside UK)",1.634245944,14.70854934,11.0398055,1.206962001,21.40664119,7.563001446,9.666946757,7.170223757,17.50651457,31.31157943,5.627222665,14.08394592,7.455859667,1.197636766,12.65568925,19.85809138,22.98989926,46.14391
"Coefficient of variation",2017,"Sales","All Transactions","Imports (outside UK)",NA,NA,NA,NA,NA,NA,NA,NA,NA,NA,NA,NA,NA,NA,NA,NA,NA,NA
"Coefficient of variation",2017,"Purchases","Goods","All countries",1.104692166,12.52539619,2.928750613,1.120892646,3.573515583,13.99191947,4.430101378,1.895802784,6.03352288,4.895972755,7.7070488,2.175902432,10.80781167,5.269591023,5.18645966,8.21225377,10.26159524,6.673439363
"Coefficient of variation",2017,"Purchases","Goods","Northern Ireland",1.488244745,14.99774465,3.433965,1.065647082,NA,18.44111791,5.715935229,2.615444814,7.140660253,5.662088214,10.68517011,NA,14.27961045,7.935663114,7.767145523,10.19872779,10.94123501,7.589589869
"Coefficient of variation",2017,"Purchases","Goods","Great Britain",2.180476827,25.20092455,NA,1.663305742,NA,17.76534968,4.723641889,3.370134297,8.370254116,19.83372385,12.93727035,NA,11.48258816,12.23608633,NA,NA,NA,16.44708806
"Coefficient of variation",2017,"Purchases","Goods","Ireland",5.817647885,25.15723976,8.950889724,2.264411497,NA,5.824238888,24.61274282,11.2567466,25.21045592,23.22482335,23.76896554,NA,23.20158879,NA,NA,NA,40.01824893,NA
"Coefficient of variation",2017,"Purchases","Goods","Rest of the Europe Union (EU excluding Ireland)",3.792640751,NA,NA,4.044508214,NA,NA,19.48701591,7.332226481,NA,NA,NA,NA,31.79722005,NA,NA,NA,86.98330796,NA
"Coefficient of variation",2017,"Purchases","Goods","Rest of the World (all countries outside the UK and EU)",4.714172594,NA,NA,2.057002863,NA,NA,NA,9.162744958,NA,NA,NA,NA,6.289547358,0.281683469,0.066816624,NA,NA,NA
"Coefficient of variation",2017,"Purchases","Goods","External Sales/Purchases (outside NI)",1.775437165,24.5867193,8.021914871,1.771725668,NA,9.977388945,5.489061238,2.941936006,7.428589159,15.67795677,11.2405975,NA,10.58228862,6.404612842,NA,4.719653381,NA,12.10710365
"Coefficient of variation",2017,"Purchases","Goods","Exports (outside UK)",NA,NA,NA,NA,NA,NA,NA,NA,NA,NA,NA,NA,NA,NA,NA,NA,NA,NA
"Coefficient of variation",2017,"Purchases","Goods","Imports (outside UK)",2.953820559,NA,8.759107427,2.392191263,NA,5.572304176,18.00108813,5.751255007,9.903466356,22.64889343,12.15787619,NA,18.35974137,4.350325968,NA,NA,NA,NA
"Coefficient of variation",2017,"Purchases","Services","All countries",1.822097348,13.89766889,2.918040015,1.355546742,1.856976029,20.80751599,4.416783588,5.125230552,10.01863141,8.24300359,3.610164124,5.251160693,4.717226192,2.721584095,6.686478998,7.623476434,6.869010007,10.41736118
"Coefficient of variation",2017,"Purchases","Services","Northern Ireland",2.075065121,14.4839509,3.306614287,1.614334382,NA,26.56433846,6.69838538,4.660682376,7.925802295,8.51347134,3.926646128,NA,4.690072548,4.49233819,7.897741605,8.275974078,7.164043626,10.34634672
"Coefficient of variation",2017,"Purchases","Services","Great Britain",2.800803402,24.58172171,NA,2.08426175,NA,4.167549476,3.58368707,15.18064121,10.14514734,14.06104849,7.271505498,NA,16.48466457,1.952550919,NA,4.768801667,NA,NA
"Coefficient of variation",2017,"Purchases","Services","Ireland",5.285913856,NA,2.068205995,3.145657585,0.274359424,1.358913742,15.87754076,20.41990245,17.66655017,15.74086696,20.03194059,NA,24.59691313,NA,NA,NA,8.753126647,NA
"Coefficient of variation",2017,"Purchases","Services","Rest of the Europe Union (EU excluding Ireland)",5.61180407,NA,NA,1.559643368,NA,NA,NA,23.5130416,26.64704742,64.64440295,NA,NA,9.942535571,NA,NA,NA,NA,NA
"Coefficient of variation",2017,"Purchases","Services","Rest of the World (all countries outside the UK and EU)",18.82037623,NA,NA,1.583147972,NA,NA,NA,1.916397952,NA,NA,2.543971867,NA,5.027215718,NA,NA,NA,0.751582507,NA
"Coefficient of variation",2017,"Purchases","Services","External Sales/Purchases (outside NI)",3.041035757,15.83388744,1.380860656,1.492860096,NA,3.947902396,3.592645414,12.59173555,16.86288615,14.99522142,5.780182968,NA,10.19812506,1.359028462,NA,4.611701528,NA,23.72779437
"Coefficient of variation",2017,"Purchases","Services","Exports (outside UK)",NA,NA,NA,NA,NA,NA,NA,NA,NA,NA,NA,NA,NA,NA,NA,NA,NA,NA
"Coefficient of variation",2017,"Purchases","Services","Imports (outside UK)",9.083441206,NA,1.289095302,1.689985871,2.258534954,1.048057793,14.24658883,10.77898937,46.52244116,34.28904518,7.264262413,NA,9.815009483,0.499107156,NA,NA,NA,NA
"Coefficient of variation",2017,"Purchases","All Transactions","All countries",0.95423312,9.480827896,2.473277475,1.091936521,2.748346355,12.00720028,2.82910424,1.867221896,6.297018404,4.131567179,3.333686132,2.747511095,4.532262981,2.561095636,4.952207031,5.258635836,5.244964252,6.661242919
"Coefficient of variation",2017,"Purchases","All Transactions","Northern Ireland",1.16331999,10.64332087,3.034598569,0.988029255,3.68227132,15.50639704,3.704974827,2.393362867,5.795829754,4.093931848,4.075088554,2.602687489,5.805003511,4.160439596,6.283184985,5.961465352,5.435139529,7.17410045
"Coefficient of variation",2017,"Purchases","All Transactions","Great Britain",1.96716213,22.00360601,8.683395004,1.599488634,0.568055599,8.67556069,3.168248618,3.562063702,7.302000895,13.7409134,6.171185287,13.81688516,11.1168294,3.865243285,NA,NA,NA,14.86607176
"Coefficient of variation",2017,"Purchases","All Transactions","Ireland",5.234721455,24.84082455,6.418316963,2.003203109,NA,5.561183901,18.75403848,10.92114159,18.76078007,22.28634696,15.33793338,NA,20.44406059,4.265401181,11.95757655,21.13969428,23.66084287,16.98698246
"Coefficient of variation",2017,"Purchases","All Transactions","Rest of the Europe Union (EU excluding Ireland)",3.5259143,NA,NA,3.701421588,NA,NA,18.91602949,7.371372259,18.02025192,49.79206947,20.38169828,NA,22.2182977,0.948192979,NA,NA,41.99818387,NA
"Coefficient of variation",2017,"Purchases","All Transactions","Rest of the World (all countries outside the UK and EU)",4.91830913,NA,NA,1.94951255,NA,NA,39.40042562,8.902417499,42.34733658,25.51228279,2.471446306,NA,4.910835002,0.259572151,NA,NA,NA,NA
"Coefficient of variation",2017,"Purchases","All Transactions","External Sales/Purchases (outside NI)",1.663006818,21.69173433,5.748070483,1.681375733,1.276771679,7.179910496,3.279937394,3.087246588,9.848916466,14.139979,5.034015682,13.11967725,7.919752018,2.503007082,1.885177755,3.544958192,8.81830733,11.22109234
"Coefficient of variation",2017,"Purchases","All Transactions","Exports (outside UK)",NA,NA,NA,NA,NA,NA,NA,NA,NA,NA,NA,NA,NA,NA,NA,NA,NA,NA
"Coefficient of variation",2017,"Purchases","All Transactions","Imports (outside UK)",2.82415181,28.49106124,5.682200238,2.165813275,8.781772695,5.190002599,14.43038938,5.610437638,25.36047173,23.49736156,6.149336995,2.377056506,8.823111415,2.09438505,NA,NA,NA,14.85535192
"Coefficient of variation",2018,"Sales","Goods","All countries",0.980962864,9.294254002,3.032637977,0.478479794,5.36415748,8.457808955,6.225859309,1.697325089,5.354342992,4.900064606,6.927392748,9.748827849,14.82930342,16.94254675,36.39484728,42.50420161,13.99544847,16.2873341
"Coefficient of variation",2018,"Sales","Goods","Northern Ireland",1.4010894,12.7429646,3.665149567,1.073253428,NA,NA,7.969046148,1.878786417,6.807983512,4.944236449,11.57322419,NA,19.7055551,13.43056045,50.8406864,42.64173487,14.02173852,16.94112876
"Coefficient of variation",2018,"Sales","Goods","Great Britain",1.371014344,NA,NA,1.158681102,NA,NA,3.587296345,4.686158741,6.59755072,NA,6.825084267,NA,24.941214,22.71353888,NA,6.354821935,NA,1.571925677
"Coefficient of variation",2018,"Sales","Goods","Ireland",2.804350527,NA,12.16462766,0.935981778,NA,13.5430744,14.33149512,6.6169213,6.528405225,NA,7.184609576,NA,20.61862702,3.284046372,NA,1.892575719,NA,89.69901732
"Coefficient of variation",2018,"Sales","Goods","Rest of the Europe Union (EU excluding Ireland)",4.261999296,NA,NA,0.702046987,NA,NA,NA,NA,77.60720246,NA,1.491516236,NA,7.071349316,NA,NA,NA,NA,NA
"Coefficient of variation",2018,"Sales","Goods","Rest of the World (all countries outside the UK and EU)",1.891995108,NA,NA,0.490629576,NA,NA,NA,NA,20.38011861,NA,1.62780374,NA,14.93034946,NA,NA,NA,NA,NA
"Coefficient of variation",2018,"Sales","Goods","External Sales/Purchases (outside NI)",1.356735656,NA,4.177025214,0.731389962,NA,NA,4.179328889,5.057185411,6.485075568,13.780907,5.152785384,NA,14.01726563,24.17123257,NA,5.193184524,NA,55.73410071
"Coefficient of variation",2018,"Sales","Goods","Exports (outside UK)",1.811919858,NA,11.67079319,0.525848154,NA,14.23521481,14.00917104,7.213938443,17.84193232,NA,2.977541679,NA,10.47387238,24.31980085,NA,1.892575719,NA,71.05299516
"Coefficient of variation",2018,"Sales","Goods","Imports (outside UK)",NA,NA,NA,NA,NA,NA,NA,NA,NA,NA,NA,NA,NA,NA,NA,NA,NA,NA
"Coefficient of variation",2018,"Sales","Services","All countries",1.326419215,21.45473135,14.43309546,2.476641942,13.97226894,6.013684754,2.335349475,9.002539029,2.52586906,6.908255513,2.366024552,2.864209764,2.782317347,6.961481309,7.924928761,4.348512447,1.977018614,7.547553522
"Coefficient of variation",2018,"Sales","Services","Northern Ireland",1.424365913,NA,NA,5.088460618,NA,5.82059551,3.225534094,9.644556938,2.985679631,6.97536999,3.111964892,2.961760792,3.918658057,3.609348124,8.185845209,4.221427542,1.922025363,7.513144352
"Coefficient of variation",2018,"Sales","Services","Great Britain",2.208878044,NA,NA,3.940130468,NA,30.79357555,2.693938996,10.558584,4.419654266,NA,11.46599935,NA,7.240200547,10.06105636,NA,62.80532613,NA,48.152574
"Coefficient of variation",2018,"Sales","Services","Ireland",15.06758547,NA,5.666954652,7.056481384,NA,39.86385119,14.33354038,26.39533052,9.705324691,NA,8.54232974,NA,9.824576978,65.6870899,NA,0.739209299,NA,62.01012805
"Coefficient of variation",2018,"Sales","Services","Rest of the Europe Union (EU excluding Ireland)",6.363170964,NA,NA,7.370378352,NA,NA,NA,NA,16.40755639,NA,17.80755589,NA,13.98403883,NA,NA,NA,NA,NA
"Coefficient of variation",2018,"Sales","Services","Rest of the World (all countries outside the UK and EU)",3.845879216,NA,NA,1.743760845,NA,NA,64.45930567,NA,16.20948339,NA,6.919222186,NA,7.820574947,NA,NA,NA,NA,NA
"Coefficient of variation",2018,"Sales","Services","External Sales/Purchases (outside NI)",3.004862396,NA,NA,2.474547642,NA,24.8008127,3.157459782,8.959915438,4.268491913,5.769687874,4.313805004,NA,5.944557949,26.16584549,NA,60.24431496,NA,46.94006184
"Coefficient of variation",2018,"Sales","Services","Exports (outside UK)",6.703731215,NA,5.666954652,2.530495151,NA,39.86385119,13.01396738,17.3837099,9.619212876,NA,5.315189543,NA,6.377919389,48.89560892,NA,0.78322023,NA,60.7666279
"Coefficient of variation",2018,"Sales","Services","Imports (outside UK)",NA,NA,NA,NA,NA,NA,NA,NA,NA,NA,NA,NA,NA,NA,NA,NA,NA,NA
"Coefficient of variation",2018,"Sales","All Transactions","All countries",0.712161342,6.890245006,2.643740229,0.436750665,3.02372914,4.470081345,1.959381754,1.544417969,2.412737705,2.976248477,2.071409578,2.960956563,2.733092414,6.402625181,7.737768814,3.424011413,2.182937341,6.971351107
"Coefficient of variation",2018,"Sales","All Transactions","Northern Ireland",0.936321387,9.461550854,NA,1.028088272,NA,3.644470021,2.655779231,1.718917825,2.875645537,NA,3.190617524,3.05067987,4.492990212,3.610327734,8.010335282,3.288597902,2.149311473,7.017151942
"Coefficient of variation",2018,"Sales","All Transactions","Great Britain",1.254009986,46.45710456,NA,1.142725879,NA,11.8344307,2.651634346,4.541906746,4.080136896,NA,9.507147237,15.28995543,6.927630828,9.452343275,14.23259009,62.23894002,43.28712617,43.89638692
"Coefficient of variation",2018,"Sales","All Transactions","Ireland",4.450620943,20.46379826,10.52352596,0.970227063,NA,31.13975225,11.58416052,6.590195246,9.310615305,NA,7.725060086,20.53948854,8.908976526,52.64172622,16.59040375,0.822422177,29.89454875,60.69306473
"Coefficient of variation",2018,"Sales","All Transactions","Rest of the Europe Union (EU excluding Ireland)",3.746866547,NA,NA,0.741788987,NA,16.19690001,4.940702798,21.59564548,16.29733383,NA,15.05691654,NA,11.97201542,17.57904694,13.07556476,1.256177501,NA,NA
"Coefficient of variation",2018,"Sales","All Transactions","Rest of the World (all countries outside the UK and EU)",1.715220924,NA,NA,0.508608799,NA,10.84518249,61.78771194,15.49333343,15.20232049,NA,6.805436814,NA,7.422696571,24.87715034,27.02109645,0.930767878,NA,NA
"Coefficient of variation",2018,"Sales","All Transactions","External Sales/Purchases (outside NI)",1.346023493,13.45483997,NA,0.725044411,NA,13.24051943,2.961744717,4.94379729,4.02997608,NA,3.87739213,14.14685793,5.574541503,19.71092207,11.8067219,59.54133243,31.9589004,46.07676914
"Coefficient of variation",2018,"Sales","All Transactions","Exports (outside UK)",2.062083654,13.39250944,10.14143115,0.538130875,NA,14.11460767,10.86876043,7.135550555,9.386465742,NA,5.088110435,20.2357269,5.783802472,29.89331313,13.84672796,0.847917389,39.70145928,57.25141637
"Coefficient of variation",2018,"Sales","All Transactions","Imports (outside UK)",NA,NA,NA,NA,NA,NA,NA,NA,NA,NA,NA,NA,NA,NA,NA,NA,NA,NA
"Coefficient of variation",2018,"Purchases","Goods","All countries",0.953851677,12.46844251,3.626828584,0.526835732,3.412824619,11.3171089,3.770374523,1.659567669,5.002709691,4.331338082,7.722661962,1.658114021,9.103797674,14.52027534,14.16367174,6.933320243,3.521860763,11.27274531
"Coefficient of variation",2018,"Purchases","Goods","Northern Ireland",1.698254126,14.27788405,3.467279876,0.699853239,5.012579442,11.4251125,4.731472575,3.204312037,6.301036409,5.370348691,12.79061812,1.661230918,12.14396342,11.47861476,18.78694687,7.580751474,3.976344154,14.16258887
"Coefficient of variation",2018,"Purchases","Goods","Great Britain",1.548605501,36.91808871,NA,0.799732723,NA,NA,5.166691867,2.379858266,8.221269224,17.09733209,10.26775775,NA,19.00302949,6.814258723,NA,20.95141865,NA,14.33089197
"Coefficient of variation",2018,"Purchases","Goods","Ireland",3.766283991,33.29476767,13.68111154,1.131033323,NA,19.43836602,13.56678778,7.46778456,10.54117811,12.89008491,9.329249361,NA,17.97599478,38.22147295,NA,1.645252641,2.200154237,NA
"Coefficient of variation",2018,"Purchases","Goods","Rest of the Europe Union (EU excluding Ireland)",2.788625555,NA,NA,0.595116321,NA,NA,39.87525917,6.118343617,6.598132819,2.397636714,1.986619418,NA,6.82074373,0.217544033,NA,3.441476844,4.179515591,NA
"Coefficient of variation",2018,"Purchases","Goods","Rest of the World (all countries outside the UK and EU)",4.857387239,NA,NA,0.612791008,NA,NA,NA,9.902146213,8.329166599,5.081544653,2.807820477,NA,2.45317068,42.84231229,NA,3.277713699,NA,NA
"Coefficient of variation",2018,"Purchases","Goods","External Sales/Purchases (outside NI)",1.298428942,20.7932638,NA,0.558696973,2.030363915,NA,5.775365634,2.211880964,6.838180085,11.27248459,7.717689665,NA,14.24120263,22.87295616,NA,19.58476088,NA,NA
"Coefficient of variation",2018,"Purchases","Goods","Exports (outside UK)",NA,NA,NA,NA,NA,NA,NA,NA,NA,NA,NA,NA,NA,NA,NA,NA,NA,NA
"Coefficient of variation",2018,"Purchases","Goods","Imports (outside UK)",2.263565983,23.48525583,11.87852411,0.518551595,NA,17.93988052,16.75121084,4.701718068,6.371237111,12.68400366,6.605930415,NA,6.143365407,39.01034502,NA,1.472826124,NA,NA
"Coefficient of variation",2018,"Purchases","Services","All countries",1.68327406,12.7965727,4.565096554,0.714000909,9.945283231,4.529223882,2.876044677,6.29256706,5.418453699,8.703762418,2.25495047,3.644059648,4.207196749,14.17405603,11.67163058,7.660609066,2.831409735,15.72259097
"Coefficient of variation",2018,"Purchases","Services","Northern Ireland",1.514742304,13.5375874,5.131929209,0.718991568,12.33543499,8.31590749,4.53581581,4.966999128,5.940677072,10.03999289,2.22045724,3.732364977,4.204389666,5.37681713,11.84489149,7.351674255,2.727352497,14.07398089
"Coefficient of variation",2018,"Purchases","Services","Great Britain",2.63384519,45.15807781,NA,0.838941411,1.022288098,NA,1.663844783,21.26852941,7.071400663,3.23464408,5.98693543,NA,10.4946501,1.095722854,NA,26.96599128,NA,38.0752298
"Coefficient of variation",2018,"Purchases","Services","Ireland",25.33105067,38.48932364,2.817271809,1.341056162,NA,34.26289285,4.844466912,1.699937261,17.76717522,3.647931174,4.542485626,NA,13.95580577,77.98168592,NA,1.791574459,2.759311247,NA
"Coefficient of variation",2018,"Purchases","Services","Rest of the Europe Union (EU excluding Ireland)",8.014236464,NA,NA,1.929907651,NA,48.55810425,NA,5.538169574,27.60966925,2.743442521,19.45962768,92.81268082,7.299777163,0.151787863,NA,1.542722555,44.01766724,NA
"Coefficient of variation",2018,"Purchases","Services","Rest of the World (all countries outside the UK and EU)",5.461730682,NA,NA,0.839084636,NA,NA,NA,1.945873872,71.11958444,50.76086018,1.28701014,NA,2.552513046,3.207298992,NA,4.933402919,25.41026628,NA
"Coefficient of variation",2018,"Purchases","Services","External Sales/Purchases (outside NI)",3.410704914,24.00728651,NA,0.83598695,11.41709649,NA,1.710586795,17.59102022,8.804369237,6.39632568,4.264148084,NA,7.479509289,20.86625351,NA,26.24901036,NA,NA
"Coefficient of variation",2018,"Purchases","Services","Exports (outside UK)",NA,NA,NA,NA,NA,NA,NA,NA,NA,NA,NA,NA,NA,NA,NA,NA,NA,NA
"Coefficient of variation",2018,"Purchases","Services","Imports (outside UK)",10.49200713,28.57196555,NA,1.035649797,NA,NA,5.386989798,2.080315379,21.56721987,10.98397767,3.08513065,NA,6.9603227,43.73862215,NA,2.010392104,NA,NA
"Coefficient of variation",2018,"Purchases","All Transactions","All countries",0.809871985,9.536344764,2.793252507,0.52571612,2.413604732,8.041151333,2.339549165,1.557045231,3.914750746,3.691617986,2.142420698,2.351304764,3.807728546,10.79307429,10.15815965,4.564504754,2.817378618,10.19146714
"Coefficient of variation",2018,"Purchases","All Transactions","Northern Ireland",1.30343222,10.48492706,3.331842811,0.640955173,3.703742511,9.898445409,3.116630084,2.966768553,4.560889337,4.412441061,2.630364734,2.364081588,4.574379349,6.330816536,9.999084481,4.271145156,2.810441223,10.6489671
"Coefficient of variation",2018,"Purchases","All Transactions","Great Britain",1.343768751,31.20909252,9.208071467,0.755150851,2.322345831,6.474477418,2.406919321,2.461886561,6.089919075,11.70648213,5.045474857,3.482735803,10.34767036,1.37060597,NA,17.72538647,NA,NA
"Coefficient of variation",2018,"Purchases","All Transactions","Ireland",4.971186436,27.32862351,10.44865551,1.062812735,NA,17.08976382,9.490467068,7.255894147,11.2292892,11.63628318,6.671856097,NA,11.62744277,63.7630638,NA,1.243950004,2.264522228,NA
"Coefficient of variation",2018,"Purchases","All Transactions","Rest of the Europe Union (EU excluding Ireland)",2.651869642,NA,NA,0.607458769,46.12888462,17.32502994,37.48348017,6.024696257,17.06687137,2.661685459,13.24143188,NA,5.288783637,0.152894395,NA,3.115689934,42.07305223,NA
"Coefficient of variation",2018,"Purchases","All Transactions","Rest of the World (all countries outside the UK and EU)",4.227496484,NA,NA,0.581057079,NA,38.29713746,45.14941876,9.753427189,34.26696536,47.50985748,1.200348835,NA,2.266648112,21.21497867,NA,3.750643866,NA,NA
"Coefficient of variation",2018,"Purchases","All Transactions","External Sales/Purchases (outside NI)",1.236805924,17.97252302,5.483412978,0.560728085,2.45146298,6.957010527,2.732321829,2.214202271,5.913548955,9.444870847,3.603717908,10.23987545,7.281182847,17.32179666,13.72652925,16.93611566,8.079736605,20.92227352
"Coefficient of variation",2018,"Purchases","All Transactions","Exports (outside UK)",NA,NA,NA,NA,NA,NA,NA,NA,NA,NA,NA,NA,NA,NA,NA,NA,NA,NA
"Coefficient of variation",2018,"Purchases","All Transactions","Imports (outside UK)",2.416989532,21.22290226,8.363003323,0.51977757,6.726352573,15.18509214,13.05852827,4.602482248,11.67740829,11.40392853,2.816789129,38.32471444,5.218204525,34.74560839,NA,1.326824861,NA,NA
"Coefficient of variation",2019,"Sales","Goods","All countries",1.130498105,9.91841132,2.385452892,0.368185034,5.103300022,8.180309512,7.560885979,1.908952828,11.22613601,8.081527525,12.40820307,12.97163671,11.94366145,12.41397281,56.65725635,10.33393076,16.56795642,27.0231841
"Coefficient of variation",2019,"Sales","Goods","Northern Ireland",1.524365844,13.93866706,2.774020576,1.228582202,NA,9.000469953,9.0449813,2.032132896,11.8792179,8.113247826,17.33933223,NA,14.9866562,14.03137971,NA,10.7561084,NA,NA
"Coefficient of variation",2019,"Sales","Goods","Great Britain",3.108852052,NA,NA,0.787431295,NA,23.84613906,6.114014634,10.94950799,43.90138692,NA,8.912051415,NA,16.6016102,26.35982105,NA,2.596520273,NA,NA
"Coefficient of variation",2019,"Sales","Goods","Ireland",3.874102681,17.91213665,7.907913137,1.185718986,NA,22.5581942,28.78521016,8.150369583,45.1200683,NA,11.10686439,NA,47.98077074,23.87910498,NA,1.466453507,NA,NA
"Coefficient of variation",2019,"Sales","Goods","Rest of the Europe Union (EU excluding Ireland)",2.170342209,NA,NA,0.809367774,NA,NA,NA,14.90802437,NA,NA,17.19105042,NA,7.158808925,NA,NA,NA,NA,NA
"Coefficient of variation",2019,"Sales","Goods","Rest of the World (all countries outside the UK and EU)",1.359094551,NA,NA,0.631418617,NA,NA,NA,13.03676029,NA,NA,19.68006669,NA,24.66756724,NA,NA,NA,NA,NA
"Coefficient of variation",2019,"Sales","Goods","External Sales/Purchases (outside NI)",1.756778003,10.89845118,3.055214241,0.557472609,NA,12.84251776,9.691101188,6.658523991,26.54991121,NA,7.709408125,NA,16.29541361,14.77662834,NA,27.57369485,NA,NA
"Coefficient of variation",2019,"Sales","Goods","Exports (outside UK)",1.670195893,11.61384254,7.831066372,0.559799672,NA,10.97167756,28.15756951,6.665958397,33.4656394,NA,9.518981234,NA,22.66596543,12.57113532,NA,85.68093238,NA,NA
"Coefficient of variation",2019,"Sales","Goods","Imports (outside UK)",NA,NA,NA,NA,NA,NA,NA,NA,NA,NA,NA,NA,NA,NA,NA,NA,NA,NA
"Coefficient of variation",2019,"Sales","Services","All countries",1.261897227,14.0489831,4.383293405,3.111257077,11.84910553,6.713561124,3.434643258,4.46732855,2.446245865,7.61377698,3.699466483,4.852021679,2.345881176,4.35584378,10.5679083,4.630911774,3.364322487,9.803644337
"Coefficient of variation",2019,"Sales","Services","Northern Ireland",1.482359867,14.75509644,NA,6.432056147,NA,6.969617267,4.052077067,4.516034171,2.934042949,NA,7.355573981,5.011423437,3.613206119,4.120037797,11.30205854,4.68353185,3.397284996,10.04633424
"Coefficient of variation",2019,"Sales","Services","Great Britain",3.113865686,NA,NA,8.151291519,NA,27.95995729,5.841192089,13.13378694,5.229169891,NA,10.41395549,NA,6.634470441,13.63960805,NA,1.91855514,NA,NA
"Coefficient of variation",2019,"Sales","Services","Ireland",6.943891724,68.64348152,10.31556647,2.55682557,NA,25.57571086,17.70550173,26.14907035,11.09651466,NA,8.608165155,NA,10.78838223,18.69937507,NA,51.51007144,NA,NA
"Coefficient of variation",2019,"Sales","Services","Rest of the Europe Union (EU excluding Ireland)",6.74793598,NA,NA,1.095136113,NA,NA,NA,52.28064365,NA,NA,23.90041873,NA,15.1794049,NA,NA,NA,NA,NA
"Coefficient of variation",2019,"Sales","Services","Rest of the World (all countries outside the UK and EU)",5.221612621,NA,NA,1.539693031,NA,NA,33.4913426,78.53087436,6.167407438,NA,9.213366904,NA,12.24662742,NA,NA,NA,NA,NA
"Coefficient of variation",2019,"Sales","Services","External Sales/Purchases (outside NI)",2.496617801,42.11607567,NA,2.635701622,NA,23.01137592,6.046540099,13.68792041,4.613550214,NA,5.500508518,NA,5.743425928,9.968828934,NA,19.67911114,42.33300249,NA
"Coefficient of variation",2019,"Sales","Services","Exports (outside UK)",3.969061406,NA,10.31484486,1.350854692,NA,25.57571086,17.24049253,29.01856198,9.195817604,NA,7.254488042,NA,7.818693139,9.017696299,NA,48.8507895,NA,NA
"Coefficient of variation",2019,"Sales","Services","Imports (outside UK)",NA,NA,NA,NA,NA,NA,NA,NA,NA,NA,NA,NA,NA,NA,NA,NA,NA,NA
"Coefficient of variation",2019,"Sales","All Transactions","All countries",0.809193061,7.977414193,2.013191673,0.314251283,3.723988263,4.643130274,2.86809981,1.745226474,2.144736538,4.727858785,3.317876976,4.745460153,2.1173748,4.05980022,10.46898174,4.522179644,3.534519602,8.647902772
"Coefficient of variation",2019,"Sales","All Transactions","Northern Ireland",1.055221272,10.54453689,NA,1.203820081,NA,4.996066057,3.374763366,1.852882725,2.607712596,NA,7.20111098,4.914344848,3.58404286,3.914410267,11.19183704,4.56660562,3.444594209,8.798858531
"Coefficient of variation",2019,"Sales","All Transactions","Great Britain",2.325116008,26.82768675,NA,0.798370815,NA,18.3564701,4.937001823,10.3265928,5.180172183,NA,9.661445451,20.77408814,6.273117383,14.57583596,14.41746646,1.800691421,48.74589676,50.4815929
"Coefficient of variation",2019,"Sales","All Transactions","Ireland",3.39246885,17.72442712,6.692485291,1.125386385,NA,22.24314685,15.06823818,7.984865788,10.59036823,NA,7.832976613,52.37255422,10.66604821,17.52754017,13.33166727,50.24133975,65.78369094,72.48190207
"Coefficient of variation",2019,"Sales","All Transactions","Rest of the Europe Union (EU excluding Ireland)",2.131483125,NA,NA,0.795087371,NA,12.89790317,29.8409204,14.69609141,14.15038594,NA,21.94485546,NA,14.04447574,14.99068485,9.441762225,92.5110766,NA,NA
"Coefficient of variation",2019,"Sales","All Transactions","Rest of the World (all countries outside the UK and EU)",1.535140463,NA,NA,0.648556679,NA,7.165781315,19.29198171,12.95280801,5.784783647,NA,9.076354874,NA,11.37180796,8.091790644,29.85499522,53.90693211,NA,NA
"Coefficient of variation",2019,"Sales","All Transactions","External Sales/Purchases (outside NI)",1.462822714,10.55313549,NA,0.557809502,NA,11.30699821,5.249733951,6.396031141,4.549620981,NA,5.181992945,19.00011769,5.428635396,9.745564368,13.2778114,16.00553195,40.26140318,55.58114406
"Coefficient of variation",2019,"Sales","All Transactions","Exports (outside UK)",1.568326267,11.58132769,6.635104409,0.565166479,NA,11.304052,14.83816815,6.504894782,8.830148974,NA,6.975285,50.55753564,7.353969699,7.688697279,17.60325062,42.62213957,50.06644624,72.20915282
"Coefficient of variation",2019,"Sales","All Transactions","Imports (outside UK)",NA,NA,NA,NA,NA,NA,NA,NA,NA,NA,NA,NA,NA,NA,NA,NA,NA,NA
"Coefficient of variation",2019,"Purchases","Goods","All countries",1.155421014,11.88651282,3.172337225,0.398643552,4.280912059,11.1848505,4.562889846,1.997362915,3.728121965,6.053562323,10.11904589,2.602206827,8.357443433,9.141399978,8.140274903,11.77945619,4.471890943,12.81215864
"Coefficient of variation",2019,"Purchases","Goods","Northern Ireland",1.940475103,13.9379538,3.034220475,0.652010793,5.788671269,12.53970234,5.411524836,3.602104829,4.620320441,7.220023238,10.35839288,2.605240209,11.96195416,8.280227077,11.20426012,13.66511546,4.48719887,14.82239617
"Coefficient of variation",2019,"Purchases","Goods","Great Britain",2.122783523,29.57322159,8.206460327,0.788870178,NA,35.50448006,6.399480252,3.21033688,6.332074961,23.41065768,24.60686351,NA,7.781974285,12.14263633,NA,1.971319494,13.31309151,NA
"Coefficient of variation",2019,"Purchases","Goods","Ireland",3.979478864,37.04759433,7.886876975,1.062823116,NA,NA,10.34604015,7.872548939,12.54756758,10.9511658,25.33175957,NA,9.065250239,18.76671933,NA,0.431508559,6.442497722,NA
"Coefficient of variation",2019,"Purchases","Goods","Rest of the Europe Union (EU excluding Ireland)",4.123903616,NA,NA,0.970797088,NA,NA,38.52871983,7.668618746,8.39881999,NA,27.21616097,NA,27.86594043,0.611259883,NA,4.326329405,NA,NA
"Coefficient of variation",2019,"Purchases","Goods","Rest of the World (all countries outside the UK and EU)",4.705114716,NA,NA,0.929484509,NA,NA,NA,12.6205313,1.964593874,NA,14.29873409,NA,6.977863876,63.32542936,NA,10.80767605,NA,NA
"Coefficient of variation",2019,"Purchases","Goods","External Sales/Purchases (outside NI)",1.703301575,19.62476411,5.277059906,0.574663773,7.470277699,17.31618373,7.400072524,2.85690467,5.150779994,12.2214122,16.5111718,6.530805472,6.738706407,19.55503383,NA,1.899034182,13.64955898,NA
"Coefficient of variation",2019,"Purchases","Goods","Exports (outside UK)",NA,NA,NA,NA,NA,NA,NA,NA,NA,NA,NA,NA,NA,NA,NA,NA,NA,NA
"Coefficient of variation",2019,"Purchases","Goods","Imports (outside UK)",2.465324399,24.29060808,6.470402862,0.609607191,NA,15.29087172,18.15765988,5.161010311,10.10431451,10.58079577,19.67122665,NA,8.34969512,35.64879484,NA,0.912205522,25.23648579,NA
"Coefficient of variation",2019,"Purchases","Services","All countries",1.700021872,15.34946759,1.760478184,0.690275982,6.785070672,9.315052358,4.741446042,7.480928137,5.053180304,4.202946943,4.259365293,4.526303067,3.839320016,7.618400707,6.182360839,3.985350032,3.755534308,11.3314703
"Coefficient of variation",2019,"Purchases","Services","Northern Ireland",2.214773442,16.17414935,1.952653456,0.630742413,8.146036854,10.94056832,6.103790138,10.18823964,5.775272079,4.839042964,5.109936717,4.651847163,4.632974455,11.98983779,6.225387799,4.807233289,3.674461923,11.38093979
"Coefficient of variation",2019,"Purchases","Services","Great Britain",2.393722356,39.78935625,1.548904694,1.082420272,13.0883322,4.912981116,5.702732779,7.136674672,8.830757841,5.374823348,7.724745829,10.17841583,5.614268174,6.889935728,NA,1.728140075,5.589794053,NA
"Coefficient of variation",2019,"Purchases","Services","Ireland",5.685094419,25.19883818,6.347412844,1.453385544,15.62899168,NA,11.47034038,6.454533793,17.07377251,6.781166727,17.6697949,NA,19.5306765,34.77667696,NA,28.31643908,35.8049568,NA
"Coefficient of variation",2019,"Purchases","Services","Rest of the Europe Union (EU excluding Ireland)",4.217535728,NA,NA,1.30223086,NA,NA,NA,29.74621869,2.064821841,14.60483882,11.27585821,NA,25.09825313,14.5988215,NA,1.369667208,29.35657121,NA
"Coefficient of variation",2019,"Purchases","Services","Rest of the World (all countries outside the UK and EU)",5.422636061,NA,NA,3.217493588,NA,NA,NA,33.20299409,2.788424398,NA,1.537567925,NA,5.542267748,27.64632736,NA,2.199097318,NA,NA
"Coefficient of variation",2019,"Purchases","Services","External Sales/Purchases (outside NI)",2.016686049,26.87806185,3.143928874,1.048474369,7.843958087,8.136109801,5.525472885,6.180877749,6.657167109,7.466953458,6.381321458,9.720737715,5.646642882,7.913461634,NA,1.886162359,5.679050329,NA
"Coefficient of variation",2019,"Purchases","Services","Exports (outside UK)",NA,NA,NA,NA,NA,NA,NA,NA,NA,NA,NA,NA,NA,NA,NA,NA,NA,NA
"Coefficient of variation",2019,"Purchases","Services","Imports (outside UK)",3.262530807,24.23437073,6.306040495,1.780452936,NA,24.04744028,10.75049157,8.570715895,9.330507863,14.39250054,4.333726881,NA,10.33110312,16.22178442,NA,16.56140216,11.77508246,NA
"Coefficient of variation",2019,"Purchases","All Transactions","All countries",1.016342055,11.09281854,2.219944754,0.385983488,3.555700213,7.218482244,3.418328114,2.005087282,2.962810309,4.975949928,4.196856278,2.87236038,3.465259353,6.005123748,5.830238897,5.293171425,3.639226553,9.966674262
"Coefficient of variation",2019,"Purchases","All Transactions","Northern Ireland",1.520031905,12.3517913,1.927046609,0.540988582,3.21172379,7.85994666,4.173095635,3.342611402,3.471361976,5.979275522,5.178134216,2.90387876,4.385445173,8.122937696,6.190550033,6.233662941,3.569459337,10.2814898
"Coefficient of variation",2019,"Purchases","All Transactions","Great Britain",1.836327273,28.18631985,5.966635011,0.747019535,4.843251288,16.41649699,4.563974225,3.122485735,5.912836914,12.41705909,8.118713538,10.01972407,5.431951523,6.574190661,NA,1.634267321,7.023598151,NA
"Coefficient of variation",2019,"Purchases","All Transactions","Ireland",3.605434032,28.20067778,7.6766983,1.031709753,NA,13.60053158,8.35522161,7.537103961,10.66243869,9.921701117,20.45205564,NA,15.65882355,23.46012244,NA,15.85215663,25.70503975,NA
"Coefficient of variation",2019,"Purchases","All Transactions","Rest of the Europe Union (EU excluding Ireland)",3.985205088,NA,NA,0.938332518,26.74927064,NA,35.47345705,7.885182167,4.067639597,18.06624902,19.41523625,NA,19.41586745,13.14352744,NA,1.669159965,27.12904045,NA
"Coefficient of variation",2019,"Purchases","All Transactions","Rest of the World (all countries outside the UK and EU)",4.187601058,NA,NA,0.895832546,NA,NA,56.06110523,12.44633802,2.514101387,60.45583776,2.387954289,NA,4.885933633,29.16304015,NA,2.717050448,8.120232222,NA
"Coefficient of variation",2019,"Purchases","All Transactions","External Sales/Purchases (outside NI)",1.518535909,18.36900756,4.761668728,0.567234743,6.907906083,11.32335077,4.878968645,2.813703181,4.511705188,9.967775409,6.506887423,9.561732424,5.01202939,8.52965417,5.035973929,1.665449743,6.829018073,25.8452423
"Coefficient of variation",2019,"Purchases","All Transactions","Exports (outside UK)",NA,NA,NA,NA,NA,NA,NA,NA,NA,NA,NA,NA,NA,NA,NA,NA,NA,NA
"Coefficient of variation",2019,"Purchases","All Transactions","Imports (outside UK)",2.282740741,22.0758879,6.441832064,0.594479814,13.35036744,12.94868824,15.06488576,5.125907343,7.065525806,10.10759532,8.534237742,33.21799999,8.403562289,15.88022353,NA,11.027615,11.00937033,NA
"Coefficient of variation",2020,"Sales","Goods","All countries",1.036361058,8.849095968,6.328930444,0.376691195,0.961640923,5.878462649,6.783356822,1.773754597,4.084076598,5.976184277,8.013977925,34.34025063,8.216145132,17.94329882,71.49167893,11.45924223,21.88896223,17.25251521
"Coefficient of variation",2020,"Sales","Goods","Northern Ireland",1.248016908,12.62846336,NA,1.064818907,NA,NA,8.442308897,1.646176965,3.583731771,5.978750023,14.10342926,36.46224676,11.2336498,14.44451361,NA,11.98256603,NA,17.76022502
"Coefficient of variation",2020,"Sales","Goods","Great Britain",3.35466199,28.92889835,NA,0.738537237,NA,NA,9.976708737,12.40247073,57.96380092,NA,7.348426811,NA,11.29589604,47.0791586,NA,1.066288362,NA,21.48676948
"Coefficient of variation",2020,"Sales","Goods","Ireland",2.88156515,16.60875001,9.50084881,1.092979008,NA,9.399601218,19.46575502,6.446886578,48.79801559,NA,29.91259756,NA,40.35575514,6.462792368,NA,2.515019236,NA,NA
"Coefficient of variation",2020,"Sales","Goods","Rest of the Europe Union (EU excluding Ireland)",1.603180622,NA,NA,0.681542691,NA,NA,NA,15.08218885,NA,NA,0.735324171,NA,7.463566295,NA,NA,NA,NA,NA
"Coefficient of variation",2020,"Sales","Goods","Rest of the World (all countries outside the UK and EU)",0.760111684,NA,NA,0.616212794,NA,NA,NA,4.837013588,NA,NA,1.445110183,NA,23.50785344,NA,NA,NA,NA,NA
"Coefficient of variation",2020,"Sales","Goods","External Sales/Purchases (outside NI)",1.831843551,16.952814,8.897599877,0.57939057,NA,NA,8.833603041,7.221267671,36.73904136,NA,7.440773879,73.39050255,11.34252095,31.51323614,NA,1.210611102,NA,36.48947511
"Coefficient of variation",2020,"Sales","Goods","Exports (outside UK)",1.301716405,NA,8.885797126,0.564983126,NA,9.248903051,16.43709093,5.331515542,43.07297276,NA,14.9792184,NA,18.20882989,2.89852129,NA,NA,NA,56.72317078
"Coefficient of variation",2020,"Sales","Goods","Imports (outside UK)",NA,NA,NA,NA,NA,NA,NA,NA,NA,NA,NA,NA,NA,NA,NA,NA,NA,NA
"Coefficient of variation",2020,"Sales","Services","All countries",1.307788853,14.89262945,6.674823371,3.019153011,6.028423339,3.217878777,2.899669101,11.53737866,2.610633082,9.365692791,3.78822668,3.934909155,2.113137599,4.634811675,12.60555895,3.109461002,9.19984421,6.662713959
"Coefficient of variation",2020,"Sales","Services","Northern Ireland",1.55704973,NA,NA,6.141425704,NA,NA,4.132644381,9.7302016,2.965019045,9.406432174,4.80126932,4.434170288,3.517839997,5.054450336,13.17006853,3.015972378,9.246691705,6.401574235
"Coefficient of variation",2020,"Sales","Services","Great Britain",2.235083835,NA,NA,9.500683718,NA,17.2803692,3.177243033,10.13397123,5.057912687,NA,9.513529218,NA,4.238275771,6.823550205,NA,NA,NA,43.77901168
"Coefficient of variation",2020,"Sales","Services","Ireland",6.105797999,NA,17.97845707,4.240213018,NA,13.97020645,9.366384487,50.46613784,9.782389553,NA,19.95027168,NA,10.63543453,13.77596338,NA,NA,NA,NA
"Coefficient of variation",2020,"Sales","Services","Rest of the Europe Union (EU excluding Ireland)",6.4737268,NA,NA,1.303237764,NA,NA,27.44670259,47.79088565,15.25212904,NA,6.244169173,NA,16.9804542,NA,NA,NA,NA,NA
"Coefficient of variation",2020,"Sales","Services","Rest of the World (all countries outside the UK and EU)",5.220056924,NA,NA,1.876890881,NA,NA,NA,86.9595944,NA,NA,10.57736487,NA,6.192611323,NA,NA,NA,NA,NA
"Coefficient of variation",2020,"Sales","Services","External Sales/Purchases (outside NI)",2.071576573,NA,NA,2.845600853,NA,13.8318187,3.546667241,25.03769611,4.874327532,NA,5.947929729,42.17778632,3.871469707,6.0801749,NA,45.44659628,NA,42.25362748
"Coefficient of variation",2020,"Sales","Services","Exports (outside UK)",3.54967765,NA,17.67444731,1.828683513,NA,13.97020645,8.7708612,47.36699152,8.990815315,NA,8.075859005,33.48194159,6.167243826,4.809832259,NA,NA,NA,19.12579366
"Coefficient of variation",2020,"Sales","Services","Imports (outside UK)",NA,NA,NA,NA,NA,NA,NA,NA,NA,NA,NA,NA,NA,NA,NA,NA,NA,NA
"Coefficient of variation",2020,"Sales","All Transactions","All countries",0.776254115,6.175068884,5.370000993,0.324435155,2.659826465,2.674509731,2.4362127,1.682403171,2.145647814,4.026519531,3.188317444,3.53956,1.864866564,5.810689864,12.23104429,3.038551199,8.770144105,6.183482556
"Coefficient of variation",2020,"Sales","All Transactions","Northern Ireland",0.924376304,NA,NA,1.070011966,NA,2.79052119,3.373713515,1.540776685,2.31553087,4.026728678,4.789026913,4.181759597,3.246698014,5.272501818,12.74696706,2.95150906,8.816424874,6.23467768
"Coefficient of variation",2020,"Sales","All Transactions","Great Britain",2.244884682,NA,NA,0.75787352,NA,11.98925508,3.236567817,11.60246016,5.04513714,27.55171233,8.34837833,NA,4.179409805,12.03952089,16.30416453,NA,NA,42.5533292
"Coefficient of variation",2020,"Sales","All Transactions","Ireland",2.654005959,NA,9.486428668,1.066606523,NA,10.7956689,8.748712986,6.783453781,9.569327868,41.18471355,17.83919258,NA,10.27177523,10.1579457,14.93706766,NA,NA,39.56341522
"Coefficient of variation",2020,"Sales","All Transactions","Rest of the Europe Union (EU excluding Ireland)",1.733817317,NA,NA,0.694935458,NA,9.375461585,18.26643318,14.90310956,15.15675879,31.51012802,5.099937498,NA,15.32646095,NA,21.00708455,NA,NA,72.92985525
"Coefficient of variation",2020,"Sales","All Transactions","Rest of the World (all countries outside the UK and EU)",1.383506314,NA,NA,0.665655667,NA,12.25087498,24.03146649,4.895842552,5.329105379,60.15546902,10.25182251,NA,6.656685068,NA,18.92022382,NA,NA,74.96894073
"Coefficient of variation",2020,"Sales","All Transactions","External Sales/Purchases (outside NI)",1.418729156,NA,NA,0.594312199,NA,7.990483264,3.387663752,6.914560405,4.793278603,28.61411118,5.292826346,37.16865245,3.840655027,8.482852961,13.36153866,43.538851,70.10638707,39.31982024
"Coefficient of variation",2020,"Sales","All Transactions","Exports (outside UK)",1.291830667,18.64557654,8.947646104,0.591170365,NA,8.874291503,7.96829692,5.548105774,8.779861174,40.0204152,7.416000381,NA,5.946281926,3.788472413,15.312171,NA,NA,37.07246942
"Coefficient of variation",2020,"Sales","All Transactions","Imports (outside UK)",NA,NA,NA,NA,NA,NA,NA,NA,NA,NA,NA,NA,NA,NA,NA,NA,NA,NA
"Coefficient of variation",2020,"Purchases","Goods","All countries",1.083513299,12.33580399,5.984715545,0.373323838,0.672413411,6.8924015,3.751622291,1.874740208,2.761239215,4.35208823,8.934192819,5.284757391,6.43541174,13.84191202,10.20610208,2.631607818,9.786695858,8.155885741
"Coefficient of variation",2020,"Purchases","Goods","Northern Ireland",1.501366848,14.09857053,5.525874067,0.578636846,1.178342956,6.369980211,4.74929046,2.763894495,3.122297074,5.138617416,9.477099573,5.314053264,9.000364121,18.80783043,15.47749238,3.18935633,9.991966655,6.441036987
"Coefficient of variation",2020,"Purchases","Goods","Great Britain",2.013733364,NA,7.485515146,0.640017683,NA,NA,6.120255622,2.988609491,4.98278069,4.693307997,14.30978561,NA,6.286594392,15.95895655,NA,4.302862584,NA,39.84291651
"Coefficient of variation",2020,"Purchases","Goods","Ireland",3.451149221,37.51017454,11.0004724,1.254797941,NA,10.57651272,17.02944496,6.587469302,10.18866001,8.227380365,4.404252769,NA,7.681038503,1.852416332,NA,NA,19.9810708,NA
"Coefficient of variation",2020,"Purchases","Goods","Rest of the Europe Union (EU excluding Ireland)",2.424291165,NA,NA,0.79029052,NA,NA,29.55327602,4.725490831,NA,NA,NA,NA,28.45546197,4.102375635,NA,3.824443008,NA,NA
"Coefficient of variation",2020,"Purchases","Goods","Rest of the World (all countries outside the UK and EU)",4.318102473,NA,NA,0.969017389,NA,NA,41.40227271,9.065452822,NA,NA,NA,NA,12.90357052,0.000352265,NA,NA,NA,NA
"Coefficient of variation",2020,"Purchases","Goods","External Sales/Purchases (outside NI)",1.744354779,27.52975336,8.273550861,0.529967214,0.204947024,14.50295466,5.780217303,2.860408884,4.267901721,5.736283053,10.72023176,12.3400656,5.955978127,12.64679574,NA,3.794615177,NA,32.01450038
"Coefficient of variation",2020,"Purchases","Goods","Exports (outside UK)",NA,NA,NA,NA,NA,NA,NA,NA,NA,NA,NA,NA,NA,NA,NA,NA,NA,NA
"Coefficient of variation",2020,"Purchases","Goods","Imports (outside UK)",2.216177985,NA,9.350651954,0.646284272,NA,9.991426534,13.83392638,4.419489277,9.284525351,8.107286047,5.4948919,NA,9.904925526,1.497338766,NA,0.276527568,NA,NA
"Coefficient of variation",2020,"Purchases","Services","All countries",1.788605067,11.68520288,11.2473485,0.819268943,9.508082702,4.515084647,2.751271562,9.202745758,4.702595967,6.318291589,5.075010957,5.717978461,3.111372103,5.32093766,7.20089574,10.21468837,12.21106874,11.89164256
"Coefficient of variation",2020,"Purchases","Services","Northern Ireland",1.726868144,12.58517341,2.711156975,1.075708126,10.85405959,5.690253849,3.884655082,6.683549954,3.482720307,7.27158028,6.042551322,5.798645401,3.881510544,7.114470769,7.729833435,11.619967,10.88426979,13.82360781
"Coefficient of variation",2020,"Purchases","Services","Great Britain",3.252193652,NA,6.271848826,0.958603451,4.038818304,NA,3.027553287,19.95740832,8.386826284,4.410995187,6.14462811,NA,5.460670918,0.283519325,NA,4.199828056,NA,NA
"Coefficient of variation",2020,"Purchases","Services","Ireland",6.37022092,32.983288,9.49090397,1.744489404,0,44.53703648,12.46641144,10.45278536,20.99919041,3.967257617,21.64502404,1.595053399,21.19705459,49.0519203,NA,NA,28.5713989,24.09553909
"Coefficient of variation",2020,"Purchases","Services","Rest of the Europe Union (EU excluding Ireland)",19.77812137,50.66066542,NA,1.161526729,NA,6.189806894,12.44695655,61.33726415,25.22162565,NA,NA,93.97542982,4.621870284,0.397062325,NA,NA,14.2277858,NA
"Coefficient of variation",2020,"Purchases","Services","Rest of the World (all countries outside the UK and EU)",8.504829754,NA,NA,1.907390763,NA,NA,6.542672982,32.9275166,NA,NA,14.26374208,NA,3.170402577,10.42053097,NA,3.657327027,NA,NA
"Coefficient of variation",2020,"Purchases","Services","External Sales/Purchases (outside NI)",3.679067807,25.95773366,49.06686969,0.876117828,3.076948894,6.569221195,2.936534828,22.78224306,8.490112313,7.596923592,6.178441627,7.004242546,5.02299819,6.151113289,NA,4.043631646,NA,6.8734837
"Coefficient of variation",2020,"Purchases","Services","Exports (outside UK)",NA,NA,NA,NA,NA,NA,NA,NA,NA,NA,NA,NA,NA,NA,NA,NA,NA,NA
"Coefficient of variation",2020,"Purchases","Services","Imports (outside UK)",6.952106437,NA,76.84178079,1.235302428,NA,NA,9.31214109,34.70820486,19.64432199,18.50078665,11.36049727,NA,10.39283836,18.60808964,NA,1.457566206,NA,NA
"Coefficient of variation",2020,"Purchases","All Transactions","All countries",0.939647458,9.346575183,1.249592699,0.369870164,3.237269095,4.133605952,2.740100794,1.84276805,2.744249978,3.933793013,4.289598886,4.464016579,2.999900698,6.502529408,7.141116565,5.485752818,10.70469505,7.550228112
"Coefficient of variation",2020,"Purchases","All Transactions","Northern Ireland",1.22809416,10.44585791,4.06666316,0.506590628,4.81653333,4.369833968,3.749597311,2.568306358,2.503509513,4.542323637,4.875947219,4.492672551,4.193350521,8.658057721,8.051296056,6.439624715,9.630994998,8.029144846
"Coefficient of variation",2020,"Purchases","All Transactions","Great Britain",1.736833683,NA,6.93595213,0.620386891,NA,11.11689733,3.257337722,2.981781945,4.601229937,4.07028442,6.200027168,NA,4.46854966,6.595566975,NA,4.203907694,NA,21.40667689
"Coefficient of variation",2020,"Purchases","All Transactions","Ireland",3.161909141,27.69714054,10.77247411,1.17197598,NA,12.65498354,12.71483624,6.382491685,11.51758601,7.552122495,11.32820177,NA,17.24867434,34.34720845,9.102119456,0.417935267,18.78095769,22.52581348
"Coefficient of variation",2020,"Purchases","All Transactions","Rest of the Europe Union (EU excluding Ireland)",3.097854604,NA,83.53973546,0.785806428,NA,NA,17.22267404,6.164724692,21.55540272,19.11660501,11.51044085,NA,18.44272729,2.536564025,NA,NA,NA,NA
"Coefficient of variation",2020,"Purchases","All Transactions","Rest of the World (all countries outside the UK and EU)",3.937971029,NA,0.641381746,0.893496145,NA,NA,37.08997019,8.968853625,54.53105395,72.32848771,14.02051179,NA,6.951409644,8.792082537,10.63768846,NA,NA,NA
"Coefficient of variation",2020,"Purchases","All Transactions","External Sales/Purchases (outside NI)",1.5628922,24.39888925,15.13930033,0.528346431,0.462536771,8.319943719,3.275350819,2.889002653,4.554880891,6.081907799,5.328215567,7.02622986,4.103550188,6.16087466,5.124879632,3.860793603,18.73488358,17.36339085
"Coefficient of variation",2020,"Purchases","All Transactions","Exports (outside UK)",NA,NA,NA,NA,NA,NA,NA,NA,NA,NA,NA,NA,NA,NA,NA,NA,NA,NA
"Coefficient of variation",2020,"Purchases","All Transactions","Imports (outside UK)",2.111129955,NA,33.27272196,0.62557687,NA,11.4831527,9.885565348,4.437657452,12.58097589,9.611509693,8.158021141,NA,7.531786318,13.58431566,NA,0.525714752,NA,14.49403979
"Coefficient of variation",2021,"Sales","Goods","All countries",1.139358873,8.183120929,5.949936887,0.362658567,0.014092054,12.15647741,9.778590279,1.753857094,16.02314634,4.652522831,20.39137853,41.25377511,12.12161845,21.41308098,NA,2.510423575,NA,12.30767147
"Coefficient of variation",2021,"Sales","Goods","Northern Ireland",1.523547934,12.11665956,6.352815367,1.042893181,NA,14.51393386,11.47858169,1.849060784,16.48496224,4.657188394,21.52290564,NA,17.38622261,27.48315535,NA,2.603571134,NA,12.50077963
"Coefficient of variation",2021,"Sales","Goods","Great Britain",2.112008729,46.54219944,3.269314766,0.699202089,NA,36.25008796,7.478046002,6.919488264,68.35274068,NA,24.54509206,NA,20.79095099,42.59240587,NA,0.755294078,NA,38.12557824
"Coefficient of variation",2021,"Sales","Goods","Ireland",3.407990381,NA,30.3048265,1.011254913,NA,32.19796149,23.03028802,6.457865438,61.5662432,NA,27.30135026,25.7698245,21.0737707,2.424338341,NA,4.766520986,NA,63.77836669
"Coefficient of variation",2021,"Sales","Goods","Rest of the Europe Union (EU excluding Ireland)",2.135146316,NA,NA,0.545156515,NA,NA,NA,16.23817406,NA,NA,6.269299278,NA,8.645117274,NA,NA,NA,NA,NA
"Coefficient of variation",2021,"Sales","Goods","Rest of the World (all countries outside the UK and EU)",4.787813123,NA,NA,0.724396908,NA,NA,NA,NA,NA,NA,68.45178949,NA,16.01862031,NA,NA,NA,NA,NA
"Coefficient of variation",2021,"Sales","Goods","External Sales/Purchases (outside NI)",1.752838015,NA,13.44804623,0.519734167,NA,21.29891799,7.927553445,5.508234907,45.6913389,1.722239578,32.04899914,NA,11.61129882,21.2154272,NA,0.954263892,NA,41.0271425
"Coefficient of variation",2021,"Sales","Goods","Exports (outside UK)",2.405545481,NA,29.57861158,0.524255043,NA,9.971962034,20.26922287,7.105437991,61.23134664,NA,50.31720137,25.7698245,13.23759692,4.312787108,NA,4.766520986,NA,56.92436756
"Coefficient of variation",2021,"Sales","Goods","Imports (outside UK)",NA,NA,NA,NA,NA,NA,NA,NA,NA,NA,NA,NA,NA,NA,NA,NA,NA,NA
"Coefficient of variation",2021,"Sales","Services","All countries",1.476328347,14.1255634,26.5607508,1.794231925,0.046131603,6.030504035,3.530360349,10.66621869,4.862546549,5.526109753,3.341478086,5.083909184,2.494005795,5.371074016,NA,3.937775041,NA,5.625131287
"Coefficient of variation",2021,"Sales","Services","Northern Ireland",1.880102758,NA,NA,5.982849353,NA,6.316355811,5.062133651,11.18067132,5.334208213,5.662512347,6.426891536,4.696029838,3.820625986,6.684423781,NA,3.402301048,NA,NA
"Coefficient of variation",2021,"Sales","Services","Great Britain",2.362267172,33.61491883,NA,1.439795261,NA,4.791062472,4.276932075,16.49951422,6.112799966,NA,7.550249077,NA,5.005204591,2.256049842,NA,80.44491159,NA,31.15122876
"Coefficient of variation",2021,"Sales","Services","Ireland",6.129635731,NA,1.897999583,2.801812643,NA,15.94377051,13.41939315,26.74047457,20.97277448,71.05989883,7.318458398,7.989516535,12.72868263,6.366851565,NA,86.74550837,NA,41.62249804
"Coefficient of variation",2021,"Sales","Services","Rest of the Europe Union (EU excluding Ireland)",15.28410245,NA,NA,1.253504071,NA,NA,63.7420501,NA,39.43393177,NA,6.558472624,NA,12.21723934,NA,NA,NA,NA,NA
"Coefficient of variation",2021,"Sales","Services","Rest of the World (all countries outside the UK and EU)",5.847026841,NA,NA,2.229916614,NA,NA,NA,NA,NA,NA,9.984800074,NA,6.38142916,NA,NA,NA,NA,NA
"Coefficient of variation",2021,"Sales","Services","External Sales/Purchases (outside NI)",2.332934509,NA,NA,1.115913927,NA,5.935312682,4.151010813,16.41773819,10.71620009,61.56074891,4.864697141,37.54785007,4.452211773,1.581054982,NA,76.41016183,NA,NA
"Coefficient of variation",2021,"Sales","Services","Exports (outside UK)",4.948915049,NA,3.475103228,1.566829373,NA,15.94377051,13.10946087,32.29227523,22.66912056,70.53326155,6.641147607,7.405227578,6.337690268,1.193783117,NA,87.47909676,NA,NA
"Coefficient of variation",2021,"Sales","Services","Imports (outside UK)",NA,NA,NA,NA,NA,NA,NA,NA,NA,NA,NA,NA,NA,NA,NA,NA,NA,NA
"Coefficient of variation",2021,"Sales","All Transactions","All countries",0.855691797,5.528588584,5.133637733,0.306548792,0.015080614,5.930385001,3.041059147,1.702230113,4.580930416,2.91617042,3.196239999,5.278621799,2.077834375,6.412038367,12.81887876,3.816626146,4.429514491,5.136121207
"Coefficient of variation",2021,"Sales","All Transactions","Northern Ireland",1.137310596,7.918485785,NA,1.019502525,NA,5.986408057,4.226668637,1.804648991,4.969138552,2.971046061,6.662244536,NA,3.492092787,8.028886599,13.24489161,3.30320457,4.460110657,5.226984617
"Coefficient of variation",2021,"Sales","All Transactions","Great Britain",1.596362428,36.67766129,NA,0.655471,NA,32.40214362,4.083432736,6.633116971,6.104807737,7.919644767,7.233590065,35.89442323,4.901795839,5.315321443,26.80926071,76.8757732,46.82321803,30.64474707
"Coefficient of variation",2021,"Sales","All Transactions","Ireland",2.982975404,13.22939768,28.24019854,0.984056043,NA,17.23039798,12.23645844,6.302582754,19.78992759,NA,7.240148199,9.047128979,12.15473651,4.960304399,NA,77.43378091,NA,35.79688548
"Coefficient of variation",2021,"Sales","All Transactions","Rest of the Europe Union (EU excluding Ireland)",3.460561595,NA,NA,0.552902048,NA,15.39972006,46.55266087,17.50553427,39.42927844,NA,5.673194625,NA,11.42785675,NA,NA,NA,NA,NA
"Coefficient of variation",2021,"Sales","All Transactions","Rest of the World (all countries outside the UK and EU)",3.786026604,NA,NA,0.75270883,NA,4.342967735,7.188903425,22.25529806,42.60119929,NA,11.61904382,NA,6.509574105,NA,NA,NA,NA,NA
"Coefficient of variation",2021,"Sales","All Transactions","External Sales/Purchases (outside NI)",1.425345596,14.20719505,NA,0.506967187,NA,19.46534639,3.938178013,5.368990245,11.24934911,58.07893135,5.049243888,NA,4.202601645,3.557908658,17.94819293,73.0241105,41.88368884,27.09113199
"Coefficient of variation",2021,"Sales","All Transactions","Exports (outside UK)",2.184193255,15.74289313,27.55966275,0.528785092,NA,9.588812673,11.82192856,6.969494017,21.73962818,NA,7.740362552,NA,5.796446742,1.369119802,22.00805638,83.66976255,33.0637044,32.03092079
"Coefficient of variation",2021,"Sales","All Transactions","Imports (outside UK)",NA,NA,NA,NA,NA,NA,NA,NA,NA,NA,NA,NA,NA,NA,NA,NA,NA,NA
"Coefficient of variation",2021,"Purchases","Goods","All countries",1.269528826,10.14796039,7.734518422,0.377634951,0.001385743,12.8227709,4.024753894,2.100863463,8.231324796,3.475095518,8.438886729,11.89995673,6.604560949,19.89530406,8.372117991,8.834086904,9.971437154,5.448075317
"Coefficient of variation",2021,"Purchases","Goods","Northern Ireland",1.816330972,11.94169845,NA,0.495696564,NA,12.2035103,5.083372898,3.242716685,13.58094566,4.062255198,14.47215882,NA,8.820752568,27.13349368,11.52960482,9.989172592,10.13198593,5.184802831
"Coefficient of variation",2021,"Purchases","Goods","Great Britain",3.05613108,NA,NA,0.562118377,NA,28.67546523,4.405018233,4.552584821,10.42650763,7.396249698,9.70390974,15.03357291,12.69496569,2.377310298,NA,2.877249966,NA,NA
"Coefficient of variation",2021,"Purchases","Goods","Ireland",4.102473884,NA,7.341615906,0.874856447,NA,50.51460849,10.49556918,7.289781301,11.40033906,12.74432928,17.47960891,NA,7.523528403,0.48806631,NA,5.74409296,NA,NA
"Coefficient of variation",2021,"Purchases","Goods","Rest of the Europe Union (EU excluding Ireland)",3.02823697,NA,NA,0.818749281,NA,NA,21.60910091,4.98749337,NA,NA,46.73998315,NA,6.376712087,0.563368057,NA,NA,0.41457488,NA
"Coefficient of variation",2021,"Purchases","Goods","Rest of the World (all countries outside the UK and EU)",3.882948241,NA,NA,1.957232448,NA,NA,54.04967478,6.364890067,NA,NA,26.46539931,NA,6.291340851,71.33737937,NA,3.29951763,NA,NA
"Coefficient of variation",2021,"Purchases","Goods","External Sales/Purchases (outside NI)",2.135001513,NA,NA,0.562060134,NA,30.57406984,4.212048307,3.341526356,8.393889879,10.36811378,9.720660992,NA,7.566698877,12.23170501,NA,2.88352495,NA,16.6401575
"Coefficient of variation",2021,"Purchases","Goods","Exports (outside UK)",NA,NA,NA,NA,NA,NA,NA,NA,NA,NA,NA,NA,NA,NA,NA,NA,NA,NA
"Coefficient of variation",2021,"Purchases","Goods","Imports (outside UK)",2.176374173,NA,22.59105379,0.827086385,NA,48.02313173,9.417625054,3.670698155,11.01194123,12.60945458,18.82122614,NA,5.543034473,32.66717561,NA,4.831474701,NA,NA
"Coefficient of variation",2021,"Purchases","Services","All countries",1.955574196,14.01672002,6.057907272,0.563598209,0.010702074,6.434042167,5.06729236,5.063321756,10.09726594,6.574749439,6.086468342,6.78971388,4.503179606,8.894193904,6.28439659,3.958244353,6.551027118,8.595778981
"Coefficient of variation",2021,"Purchases","Services","Northern Ireland",2.024384206,14.76382999,6.271572861,0.657305525,0.010441007,8.478687208,6.117816509,3.275195959,9.026410911,6.651126591,8.29272364,6.726689047,5.095374505,7.639792586,6.709151847,4.466604465,6.54505872,9.651837311
"Coefficient of variation",2021,"Purchases","Services","Great Britain",2.443192091,NA,24.96820011,0.694684055,NA,3.765226776,3.28555441,4.438511978,6.215876992,8.361390424,11.57995092,17.94989234,8.105884793,23.32216348,NA,3.731176205,NA,NA
"Coefficient of variation",2021,"Purchases","Services","Ireland",8.643343785,NA,2.973121087,1.310804488,NA,9.735839461,14.8578255,21.40288468,33.32034434,36.71368482,19.37150256,NA,15.96117758,8.537242112,NA,NA,NA,NA
"Coefficient of variation",2021,"Purchases","Services","Rest of the Europe Union (EU excluding Ireland)",27.82046376,24.64563763,NA,3.413231048,NA,NA,16.77346453,11.73572429,NA,7.386368706,14.1110827,NA,8.309465492,2.111387023,NA,NA,5.697660748,NA
"Coefficient of variation",2021,"Purchases","Services","Rest of the World (all countries outside the UK and EU)",16.76619471,NA,NA,1.306553989,NA,NA,8.863827198,79.57942399,70.03592203,NA,9.238286141,NA,7.630148106,0.128348051,NA,3.31327376,NA,NA
"Coefficient of variation",2021,"Purchases","Services","External Sales/Purchases (outside NI)",4.385406003,NA,18.4372656,0.776050926,NA,3.852316066,3.348719898,10.44940327,24.29628451,10.87077113,8.394344368,17.42422998,7.175396579,17.81264792,NA,3.435194158,NA,9.198759793
"Coefficient of variation",2021,"Purchases","Services","Exports (outside UK)",NA,NA,NA,NA,NA,NA,NA,NA,NA,NA,NA,NA,NA,NA,NA,NA,NA,NA
"Coefficient of variation",2021,"Purchases","Services","Imports (outside UK)",12.30212326,NA,2.844616254,1.438788477,NA,9.735839461,11.19973678,25.10796609,45.23488733,26.20952697,8.478502804,NA,9.411529454,2.419410451,NA,1.113070778,NA,NA
"Coefficient of variation",2021,"Purchases","All Transactions","All countries",1.100813485,9.083801418,5.454451446,0.367257719,0.004867045,9.74430721,3.454232482,2.022777431,5.843035417,3.299137881,5.093405732,6.34122264,3.638974355,10.14604372,5.695698908,4.275073674,5.281886354,5.750334029
"Coefficient of variation",2021,"Purchases","All Transactions","Northern Ireland",1.4580904,10.1403265,5.947084778,0.450383717,0.005307267,9.934758007,4.225776775,2.97269352,7.593210986,3.406931793,6.909647161,6.325605984,4.590530965,14.418676,6.250210584,4.860831539,5.157371899,5.948693355
"Coefficient of variation",2021,"Purchases","All Transactions","Great Britain",2.68357261,NA,24.9729863,0.522800357,NA,10.17989107,3.486063952,4.401578209,8.091951327,7.46603765,8.728300394,NA,7.620139897,16.1926568,NA,2.823138606,NA,NA
"Coefficient of variation",2021,"Purchases","All Transactions","Ireland",3.768315923,25.5929352,5.855574309,0.833430803,NA,41.94505576,9.189015585,6.989046459,12.60191039,12.13659079,13.59907888,NA,12.93009139,5.038949611,NA,2.472941856,NA,18.8969557
"Coefficient of variation",2021,"Purchases","All Transactions","Rest of the Europe Union (EU excluding Ireland)",3.815355897,NA,NA,0.811258599,NA,NA,14.91357629,4.921441064,67.85923226,5.769601016,28.20303439,NA,6.496762567,0.649341314,NA,3.246252907,4.566168288,NA
"Coefficient of variation",2021,"Purchases","All Transactions","Rest of the World (all countries outside the UK and EU)",3.836693073,NA,NA,1.824717146,NA,NA,50.04261983,6.34038478,69.88891623,3.384598153,9.210526717,NA,5.446730057,25.89304691,NA,3.303156275,NA,NA
"Coefficient of variation",2021,"Purchases","All Transactions","External Sales/Purchases (outside NI)",1.964672311,15.54547764,21.79305116,0.537471364,0.002613801,16.09481573,3.379135715,3.267041526,10.47634745,9.716259956,7.623104054,15.89037578,5.507011558,12.34030158,4.575601225,2.696347992,36.19523099,11.28327194
"Coefficient of variation",2021,"Purchases","All Transactions","Exports (outside UK)",NA,NA,NA,NA,NA,NA,NA,NA,NA,NA,NA,NA,NA,NA,NA,NA,NA,NA
"Coefficient of variation",2021,"Purchases","All Transactions","Imports (outside UK)",2.293505625,NA,19.47920416,0.786823149,NA,40.18743451,7.703436504,3.623193532,25.80593161,11.72545031,8.084862752,NA,5.750980624,14.97653382,NA,2.37638277,NA,NA
"Coefficient of variation",2022,"Sales","Goods","All countries",1.101359038,15.90885172,3.705728698,0.422272835,3.909704274,3.976558326,6.84754315,1.966113567,9.574264395,6.37791702,8.16138199,9.681595927,5.409643103,19.4821215,38.68509135,4.421559514,14.64164097,5.464398969
"Coefficient of variation",2022,"Sales","Goods","Northern Ireland",1.488151496,20.57661973,6.470411474,1.125215929,NA,4.64339582,7.805972062,2.172298058,11.08552491,NA,10.59759334,9.164419841,5.373858422,20.45380678,NA,NA,15.72048099,5.725388735
"Coefficient of variation",2022,"Sales","Goods","Great Britain",1.366972773,NA,2.045697439,0.476282784,NA,9.511095875,3.951493412,4.595795258,7.61950301,NA,20.61932751,NA,19.14797644,3.583550347,NA,NA,5.141123501,NA
"Coefficient of variation",2022,"Sales","Goods","Ireland",2.110250357,NA,3.504529423,0.61581108,NA,30.0242495,17.03714633,4.710970875,16.47042564,NA,16.8178458,NA,8.187695449,35.62001554,NA,NA,NA,21.86191532
"Coefficient of variation",2022,"Sales","Goods","Rest of the Europe Union (EU excluding Ireland)",3.8255378,NA,NA,0.645738715,NA,NA,NA,21.3422086,58.29731474,NA,14.40314625,NA,4.780310207,NA,NA,NA,NA,NA
"Coefficient of variation",2022,"Sales","Goods","Rest of the World (all countries outside the UK and EU)",5.441083671,NA,NA,1.21625156,NA,NA,NA,22.09770976,26.64972039,NA,21.58639866,NA,28.50628398,NA,NA,NA,NA,NA
"Coefficient of variation",2022,"Sales","Goods","External Sales/Purchases (outside NI)",1.477963399,NA,2.066872726,0.440229209,NA,5.00688781,5.610536016,4.836533886,7.553656182,NA,12.65317867,77.75665697,13.77323108,22.23413944,NA,NA,22.44650415,13.96737482
"Coefficient of variation",2022,"Sales","Goods","Exports (outside UK)",2.357603667,NA,3.449839701,0.566495196,NA,4.921554642,15.95069458,7.585985422,14.15690412,NA,13.87540961,NA,18.98785987,26.76608326,NA,NA,35.38906182,NA
"Coefficient of variation",2022,"Sales","Goods","Imports (outside UK)",NA,NA,NA,NA,NA,NA,NA,NA,NA,NA,NA,NA,NA,NA,NA,NA,NA,NA
"Coefficient of variation",2022,"Sales","Services","All countries",1.381995775,13.72426238,24.49260026,4.313251195,8.536341475,6.426843036,2.492445943,4.902639984,2.941670846,8.90664106,2.092872608,3.114828242,2.099224775,8.869435812,5.177661338,3.224359652,4.255291378,3.676225164
"Coefficient of variation",2022,"Sales","Services","Northern Ireland",1.663355089,NA,17.18817469,7.818082046,NA,6.902676903,3.421524788,5.554874801,3.580203445,NA,2.883732192,3.042653822,3.321551418,9.727836469,NA,NA,NA,3.770287297
"Coefficient of variation",2022,"Sales","Services","Great Britain",2.872165269,NA,48.40797892,3.90277066,NA,12.94713576,3.641955808,5.807709198,5.612623879,NA,5.430209759,NA,4.015369407,22.69652373,NA,NA,NA,NA
"Coefficient of variation",2022,"Sales","Services","Ireland",6.480327317,NA,1.704008072,12.99386182,NA,27.74800082,10.32909507,8.005299448,6.032156629,NA,7.048385633,NA,14.35984286,42.71525017,42.59915392,NA,NA,45.49566053
"Coefficient of variation",2022,"Sales","Services","Rest of the Europe Union (EU excluding Ireland)",7.941855829,NA,NA,1.340563046,NA,NA,NA,55.43663583,14.79891298,NA,15.10942862,NA,12.01087288,NA,NA,NA,NA,1.4993464
"Coefficient of variation",2022,"Sales","Services","Rest of the World (all countries outside the UK and EU)",4.065249851,NA,NA,1.269051899,NA,NA,NA,75.15356914,14.14903676,NA,7.010066043,NA,4.91552166,NA,NA,NA,NA,NA
"Coefficient of variation",2022,"Sales","Services","External Sales/Purchases (outside NI)",2.685346393,NA,41.88863694,2.753956478,NA,11.25514757,4.10356425,6.162891292,4.87805742,NA,3.612894637,24.87044363,3.91094068,20.29513692,NA,NA,NA,20.53634533
"Coefficient of variation",2022,"Sales","Services","Exports (outside UK)",3.830205487,NA,1.678462998,3.515755268,NA,27.72991185,10.07330506,10.79439581,8.106098778,NA,5.464146873,NA,6.721079646,20.18649001,NA,NA,26.49576986,NA
"Coefficient of variation",2022,"Sales","Services","Imports (outside UK)",NA,NA,NA,NA,NA,NA,NA,NA,NA,NA,NA,NA,NA,NA,NA,NA,NA,NA
"Coefficient of variation",2022,"Sales","All Transactions","All countries",0.846878284,11.86755137,4.062052197,0.406865072,3.74977088,3.087142012,2.013764286,1.848662814,2.887488872,3.295038923,1.831586312,2.939982326,1.764085336,8.69686939,5.124790293,3.042948788,3.954311301,3.237669773
"Coefficient of variation",2022,"Sales","All Transactions","Northern Ireland",1.083961852,13.80427703,5.224431766,1.050763524,3.057683796,4.092176919,2.756776913,2.037591482,3.65355144,3.303528998,3.151231723,2.86498833,2.774761613,8.785836641,5.352043042,3.096425734,3.967433784,3.30702029
"Coefficient of variation",2022,"Sales","All Transactions","Great Britain",1.339898675,33.91906475,7.515008351,0.482631277,NA,7.652872169,3.309001,4.382698831,5.032225422,NA,5.220543019,27.69716772,3.935189392,20.59402432,15.96115664,NA,NA,NA
"Coefficient of variation",2022,"Sales","All Transactions","Ireland",2.320367721,10.9356711,3.295620243,0.669974141,NA,20.48631557,9.49177579,4.582135415,5.701469751,NA,6.637682458,19.20179099,13.84033355,31.74569147,NA,NA,22.0024297,35.00856256
"Coefficient of variation",2022,"Sales","All Transactions","Rest of the Europe Union (EU excluding Ireland)",3.444907879,NA,NA,0.645487043,NA,5.889814174,NA,20.91552052,14.75665435,NA,13.18199134,NA,10.62784097,NA,NA,NA,51.30963168,NA
"Coefficient of variation",2022,"Sales","All Transactions","Rest of the World (all countries outside the UK and EU)",3.995931118,NA,NA,1.187335182,NA,1.450299977,NA,21.98905646,12.35067281,NA,6.817965848,NA,5.998984609,NA,NA,62.52126869,NA,NA
"Coefficient of variation",2022,"Sales","All Transactions","External Sales/Purchases (outside NI)",1.319228689,13.4435153,5.763743602,0.447314314,69.75933776,4.366351947,3.72253968,4.656443864,4.374102495,16.13842838,3.324973188,24.07287287,3.731841104,16.57788499,13.47370669,1.613574609,28.75864602,17.63711892
"Coefficient of variation",2022,"Sales","All Transactions","Exports (outside UK)",2.051266199,14.44088288,3.246179069,0.580404175,NA,4.607263394,9.217168762,7.397001485,7.414549784,NA,5.097183074,18.58189904,6.323765132,18.29598413,16.64535049,NA,NA,NA
"Coefficient of variation",2022,"Sales","All Transactions","Imports (outside UK)",NA,NA,NA,NA,NA,NA,NA,NA,NA,NA,NA,NA,NA,NA,NA,NA,NA,NA
"Coefficient of variation",2022,"Purchases","Goods","All countries",1.119577729,7.865137418,4.615677493,0.448850437,4.022838578,4.349660621,2.607168379,1.986361605,4.889984749,4.749030512,5.130457524,4.828186166,3.394098682,17.67768772,2.962673278,5.162813828,7.557977223,4.664750735
"Coefficient of variation",2022,"Purchases","Goods","Northern Ireland",1.582010134,9.010862487,6.077061005,0.598164421,5.506121021,4.233944929,3.651738242,3.097745399,4.961210567,5.192249961,6.372993921,5.127663411,4.887234208,14.79638523,3.973497744,5.415704071,8.119401146,6.602096577
"Coefficient of variation",2022,"Purchases","Goods","Great Britain",1.692805045,18.20537893,7.06384713,0.910496918,NA,2.44793651,2.207232195,2.888521202,8.845312704,20.96848409,8.594365286,NA,2.094854894,21.34453277,2.863034014,3.554339617,33.87316832,10.24409571
"Coefficient of variation",2022,"Purchases","Goods","Ireland",5.986646763,NA,2.321292024,1.511982397,NA,10.63093885,13.69068669,8.222591275,16.32523511,13.73178661,6.619032604,NA,3.793926765,75.63442591,NA,NA,61.84411677,28.02395556
"Coefficient of variation",2022,"Purchases","Goods","Rest of the Europe Union (EU excluding Ireland)",4.040961449,NA,NA,1.414689235,NA,13.15868761,25.07777933,3.724936322,12.60790991,2.652228037,NA,NA,2.422309776,73.78536447,NA,NA,24.69556807,NA
"Coefficient of variation",2022,"Purchases","Goods","Rest of the World (all countries outside the UK and EU)",2.241026015,NA,NA,1.4560692,NA,3.351790546,NA,3.764464862,19.75594226,2.397185731,NA,NA,29.82386696,10.97850254,NA,1.006664536,NA,NA
"Coefficient of variation",2022,"Purchases","Goods","External Sales/Purchases (outside NI)",1.504633091,14.8228465,4.046821485,0.737941757,1.178319578,5.794264539,2.775765518,2.291840873,7.950562834,11.96186882,8.028997165,2.929485621,3.058711971,36.5173002,NA,2.980207482,NA,5.091775699
"Coefficient of variation",2022,"Purchases","Goods","Exports (outside UK)",NA,NA,NA,NA,NA,NA,NA,NA,NA,NA,NA,NA,NA,NA,NA,NA,NA,NA
"Coefficient of variation",2022,"Purchases","Goods","Imports (outside UK)",2.560837028,23.34262225,2.097787538,0.878306976,NA,9.555630942,12.10220834,3.3545323,12.69697462,13.49433536,14.04789375,NA,12.14709493,52.67494537,NA,NA,32.60915218,2.874821634
"Coefficient of variation",2022,"Purchases","Services","All countries",1.563871017,21.68450561,6.211638258,0.602509891,2.735981203,9.022423717,3.181282144,8.134218999,5.297310307,4.407054416,2.950266136,2.810431385,3.685040175,9.781111213,2.548042414,4.686060951,4.381433116,11.76108007
"Coefficient of variation",2022,"Purchases","Services","Northern Ireland",1.927758816,19.70109548,7.120534526,0.736338339,2.273300708,10.76528423,3.974286822,10.39404148,6.300283839,5.32219386,4.362682095,2.854854507,4.416305345,11.34223944,3.087696675,4.918116564,4.065276161,7.378621999
"Coefficient of variation",2022,"Purchases","Services","Great Britain",1.975482323,NA,2.650529248,0.761633945,NA,1.176041017,4.939515489,6.972068483,7.472702237,2.873411915,3.807196406,NA,5.690677333,10.4399571,2.484135948,1.477140572,13.28378772,3.368221536
"Coefficient of variation",2022,"Purchases","Services","Ireland",5.422572187,NA,2.199987822,1.714624259,NA,2.590237228,13.28494577,4.559323154,14.61078118,5.859609269,7.56336318,NA,21.22376075,22.80659191,NA,NA,40.68930183,NA
"Coefficient of variation",2022,"Purchases","Services","Rest of the Europe Union (EU excluding Ireland)",11.58005029,NA,NA,0.609879301,NA,3.780710478,NA,3.903767934,28.21943735,5.991201819,NA,NA,21.50052373,0.437383785,NA,NA,NA,NA
"Coefficient of variation",2022,"Purchases","Services","Rest of the World (all countries outside the UK and EU)",1.571298945,NA,NA,0.365987533,NA,1.977503251,NA,3.011053995,1.002046132,2.416837742,16.60202963,NA,4.159881322,3.572186458,NA,1.863137378,NA,NA
"Coefficient of variation",2022,"Purchases","Services","External Sales/Purchases (outside NI)",1.970314016,37.38203359,2.440029199,0.622819037,39.38360633,1.316074673,4.835200453,5.53358145,7.041855297,2.88972494,3.607215576,5.229668878,6.013233977,7.783479996,NA,1.477849685,NA,42.22237868
"Coefficient of variation",2022,"Purchases","Services","Exports (outside UK)",NA,NA,NA,NA,NA,NA,NA,NA,NA,NA,NA,NA,NA,NA,NA,NA,NA,NA
"Coefficient of variation",2022,"Purchases","Services","Imports (outside UK)",4.105241989,27.29049147,2.125714079,0.759564417,64.13233163,2.509526661,12.29559776,3.210139096,11.03955251,5.337259922,7.881591857,54.40960947,12.26939037,11.49748577,NA,NA,29.61800615,64.78917895
"Coefficient of variation",2022,"Purchases","All Transactions","All countries",1.076561907,12.85340785,4.248889776,0.425138111,3.124072059,4.78995308,2.116986118,2.195205924,3.666275759,3.951605299,2.522707784,2.596605841,2.444902014,13.8400188,2.221153737,2.72553034,3.853986259,5.619770375
"Coefficient of variation",2022,"Purchases","All Transactions","Northern Ireland",1.465980887,12.49071044,5.227501533,0.534862656,3.113288164,5.597927851,2.859456977,3.426377404,3.799997846,4.370154583,3.601675254,2.665295032,3.201128924,12.10410365,2.56416935,2.876801658,3.717539848,5.032557749
"Coefficient of variation",2022,"Purchases","All Transactions","Great Britain",1.512759274,NA,5.155170796,0.828256958,NA,1.523689599,2.756184908,2.850945054,6.433747556,12.73794206,3.467585026,NA,2.84159375,16.44191726,2.290196583,2.051739554,12.82197089,7.442888848
"Coefficient of variation",2022,"Purchases","All Transactions","Ireland",5.328939389,28.09427238,2.276948552,1.382703889,55.14736285,9.644565367,11.97621232,7.99935573,11.15738482,12.59546893,5.372860785,33.1312239,15.10052988,65.04037273,NA,0.264603423,37.29693077,NA
"Coefficient of variation",2022,"Purchases","All Transactions","Rest of the Europe Union (EU excluding Ireland)",3.832557273,24.72452717,4.677499573,1.348166815,NA,12.77956534,20.35177522,3.625026425,23.04895518,5.794150963,13.11427788,NA,8.49395865,72.7600309,NA,1.086428214,26.16628235,NA
"Coefficient of variation",2022,"Purchases","All Transactions","Rest of the World (all countries outside the UK and EU)",2.012818769,NA,1.457099425,1.317927938,NA,2.222405109,35.45470936,3.716094856,1.043617146,2.400897923,14.5148685,NA,14.55842838,3.551577198,NA,1.292832577,21.26534657,NA
"Coefficient of variation",2022,"Purchases","All Transactions","External Sales/Purchases (outside NI)",1.358878507,18.91014921,3.441113701,0.684741405,3.414209726,3.872503724,2.874095547,2.256556297,5.230453433,8.607383867,3.597906417,3.375191234,3.305193169,27.37784218,1.96346813,1.906318306,11.51322268,14.858881
"Coefficient of variation",2022,"Purchases","All Transactions","Exports (outside UK)",NA,NA,NA,NA,NA,NA,NA,NA,NA,NA,NA,NA,NA,NA,NA,NA,NA,NA
"Coefficient of variation",2022,"Purchases","All Transactions","Imports (outside UK)",2.364992374,NA,2.059743043,0.815907394,NA,8.686968765,10.65508389,3.281622043,9.206286153,11.51153977,8.469946873,NA,8.826511651,45.78961462,1.28172614,0.334944232,24.6482908,24.78315531
"Coefficient of variation",2023,"Sales","Goods","All countries",2.087231149,12.07032734,3.992769476,0.538218927,18.59359224,3.359400935,13.51977417,3.439696731,18.55227903,7.1533821,4.380544311,40.62224917,12.34759419,21.01770707,55.79363409,3.149631672,26.9645352,26.01583173
"Coefficient of variation",2023,"Sales","Goods","Northern Ireland",2.492288161,14.53527435,3.238096701,1.525848508,NA,1.668161761,12.26000917,3.293354395,18.39512777,7.190592535,6.892189989,NA,12.49162257,27.92377374,NA,NA,28.39411224,19.04493616
"Coefficient of variation",2023,"Sales","Goods","Great Britain",5.684228174,NA,NA,0.53883419,NA,21.91042629,41.23823056,16.26830053,48.32010257,NA,5.21000876,64.00280795,34.95129052,41.8675406,NA,NA,NA,NA
"Coefficient of variation",2023,"Sales","Goods","Ireland",3.992640312,24.03222306,3.917607999,0.877911362,NA,4.77514022,28.32922434,8.917866436,52.94453832,NA,NA,NA,18.11971106,23.93178177,NA,NA,NA,NA
"Coefficient of variation",2023,"Sales","Goods","Rest of the Europe Union (EU excluding Ireland)",2.190956295,NA,NA,0.833460183,NA,NA,29.89972736,18.43402873,NA,NA,NA,NA,4.705571393,NA,NA,NA,NA,NA
"Coefficient of variation",2023,"Sales","Goods","Rest of the World (all countries outside the UK and EU)",4.418836773,NA,NA,0.854279006,NA,NA,27.36549683,22.31140371,NA,NA,12.8461533,NA,11.70771648,NA,NA,NA,NA,NA
"Coefficient of variation",2023,"Sales","Goods","External Sales/Purchases (outside NI)",3.159648085,12.69837805,6.936597846,0.514111856,NA,7.046436057,36.23503587,9.64054144,44.42123714,1.264270941,4.081089776,NA,23.47425756,20.07996933,NA,NA,NA,NA
"Coefficient of variation",2023,"Sales","Goods","Exports (outside UK)",2.611335258,12.71604205,20.97442024,0.634989389,NA,3.775711274,26.7372104,8.475076083,43.4646854,NA,4.507964227,NA,9.018436624,21.94100113,NA,NA,NA,NA
"Coefficient of variation",2023,"Sales","Goods","Imports (outside UK)",NA,NA,NA,NA,NA,NA,NA,NA,NA,NA,NA,NA,NA,NA,NA,NA,NA,NA
"Coefficient of variation",2023,"Sales","Services","All countries",2.998741787,14.82200759,10.46228156,3.855483949,20.13790582,5.780537959,4.883165791,12.15749481,12.54421239,28.29862293,5.464224709,4.941300416,3.407079205,9.783717339,6.457333001,11.37714013,5.536239136,15.93685462
"Coefficient of variation",2023,"Sales","Services","Northern Ireland",3.915301886,12.52430091,NA,7.2626934,NA,2.516602151,6.564471298,11.01353745,16.86580686,28.39171349,7.345820588,4.756845289,4.636271822,9.832882156,5.528345567,3.38806491,5.399560927,6.176554408
"Coefficient of variation",2023,"Sales","Services","Great Britain",4.311350806,NA,NA,2.431031947,NA,38.09266092,3.515908445,41.61463825,5.85057624,NA,7.366539494,43.41733124,5.757094628,21.56193709,NA,NA,NA,NA
"Coefficient of variation",2023,"Sales","Services","Ireland",11.70708573,16.48967126,3.404940809,9.97795468,NA,16.2502532,20.24503562,44.18913652,12.72478158,NA,NA,NA,9.803002118,31.2489976,NA,NA,NA,NA
"Coefficient of variation",2023,"Sales","Services","Rest of the Europe Union (EU excluding Ireland)",10.95822434,NA,NA,0.817635899,NA,NA,51.23712698,81.73326024,NA,NA,NA,NA,10.02668591,NA,NA,NA,NA,NA
"Coefficient of variation",2023,"Sales","Services","Rest of the World (all countries outside the UK and EU)",8.203274407,NA,NA,0.768704214,NA,NA,63.23827557,52.98975949,NA,NA,14.76784614,NA,8.47373086,NA,NA,91.07865956,NA,NA
"Coefficient of variation",2023,"Sales","Services","External Sales/Purchases (outside NI)",4.038245153,64.26112086,NA,2.19348394,NA,32.07085358,7.223906353,37.52402729,4.841038741,19.39091101,7.708441715,NA,4.457555984,14.27544909,NA,NA,NA,NA
"Coefficient of variation",2023,"Sales","Services","Exports (outside UK)",7.052395828,NA,3.445308877,2.72200304,NA,16.24387776,20.06697862,39.21133313,7.404621656,NA,11.9677753,NA,5.581551816,10.13875907,NA,NA,NA,NA
"Coefficient of variation",2023,"Sales","Services","Imports (outside UK)",NA,NA,NA,NA,NA,NA,NA,NA,NA,NA,NA,NA,NA,NA,NA,NA,NA,NA
"Coefficient of variation",2023,"Sales","All Transactions","All countries",1.690727592,9.278343955,2.970343181,0.500303401,13.09962715,3.009341035,4.692155598,3.287399923,11.36655067,12.09145362,4.765294946,6.608700024,3.106979385,9.574626134,6.4104286,11.01472029,5.033699269,13.74029234
"Coefficient of variation",2023,"Sales","All Transactions","Northern Ireland",2.089073938,10.43226682,2.288817634,1.397334842,12.44493905,1.71450877,5.471676101,3.140615823,15.03734495,12.14643927,6.410448541,4.991663584,4.060191573,10.25295634,5.502640636,3.292171692,5.260830044,6.452352023
"Coefficient of variation",2023,"Sales","All Transactions","Great Britain",3.878325916,34.31029995,5.079805279,0.53482488,NA,21.7674453,8.451349621,15.69518171,5.766631875,NA,6.653052177,42.12822038,6.692600079,21.29757141,11.41059094,82.23159195,54.89554033,72.0999664
"Coefficient of variation",2023,"Sales","All Transactions","Ireland",4.347776798,21.03643665,3.804946952,0.930606925,NA,12.0660955,18.96725928,8.690348528,12.68794951,NA,6.462881961,82.91029611,9.470098687,24.51073703,64.327325,12.3302742,38.03328225,57.95651611
"Coefficient of variation",2023,"Sales","All Transactions","Rest of the Europe Union (EU excluding Ireland)",3.487521584,NA,NA,0.808613407,NA,4.906747671,50.04747782,24.44802479,4.79998127,NA,8.911879333,NA,9.110407909,14.15366636,NA,NA,NA,NA
"Coefficient of variation",2023,"Sales","All Transactions","Rest of the World (all countries outside the UK and EU)",3.979018657,NA,NA,0.830554544,NA,2.635201826,59.95025692,21.55622024,27.63947383,NA,14.06142521,NA,7.690721696,5.197861874,NA,NA,NA,NA
"Coefficient of variation",2023,"Sales","All Transactions","External Sales/Purchases (outside NI)",2.506376836,13.41398812,6.738177425,0.513734819,62.73379876,9.795271699,8.261817297,9.331567732,4.846884087,6.071658205,6.882364426,41.57729421,4.723183944,13.36778803,28.40116767,68.89513867,27.12082058,57.91219949
"Coefficient of variation",2023,"Sales","All Transactions","Exports (outside UK)",2.766928637,12.38175496,19.62029786,0.634385252,NA,4.093777102,18.87634749,8.282049301,7.323942794,NA,10.60710138,81.40664543,5.196234977,13.47892391,32.84683145,21.94735739,34.91322126,54.08749496
"Coefficient of variation",2023,"Sales","All Transactions","Imports (outside UK)",NA,NA,NA,NA,NA,NA,NA,NA,NA,NA,NA,NA,NA,NA,NA,NA,NA,NA
"Coefficient of variation",2023,"Purchases","Goods","All countries",2.319268412,7.760378315,3.533039259,0.56985749,11.52491637,4.944812018,6.807721583,3.845091444,17.20225471,20.13259239,7.004509296,40.80212827,7.436719207,15.19829941,3.223911975,14.0388171,7.053353645,17.67575608
"Coefficient of variation",2023,"Purchases","Goods","Northern Ireland",2.83831858,8.503659982,3.542739026,0.864288089,5.842665636,5.281896826,8.065380373,4.757026457,24.23765958,22.13014832,17.20607694,23.54985022,8.223021814,18.07524341,4.794662634,4.222060902,7.140076086,9.978460864
"Coefficient of variation",2023,"Purchases","Goods","Great Britain",4.14680623,19.56720957,NA,0.937631701,NA,22.02208077,13.72352984,6.031036288,19.00565858,31.01765609,5.041647844,NA,19.30408647,19.58709293,NA,74.18442462,37.89460254,NA
"Coefficient of variation",2023,"Purchases","Goods","Ireland",3.792386296,42.30758882,3.039056687,1.564585927,70.42989695,4.80464448,15.26589925,6.455213759,16.17632451,15.37070038,2.100562576,45.04848275,6.496095711,9.869868525,NA,NA,43.30327156,NA
"Coefficient of variation",2023,"Purchases","Goods","Rest of the Europe Union (EU excluding Ireland)",11.55892788,NA,NA,1.033474854,NA,NA,NA,19.29366664,NA,2.402142998,3.240521931,NA,6.119979129,NA,NA,NA,NA,NA
"Coefficient of variation",2023,"Purchases","Goods","Rest of the World (all countries outside the UK and EU)",8.33122171,NA,NA,2.064891162,NA,NA,NA,18.20750839,NA,2.385311857,10.38878921,NA,3.849289894,19.91355259,NA,9.405727167,NA,NA
"Coefficient of variation",2023,"Purchases","Goods","External Sales/Purchases (outside NI)",3.549772975,16.91607917,4.207627488,0.746888047,23.3065692,9.309138903,11.68722388,5.616857865,15.67794198,15.01977834,3.519466571,86.03584379,14.84708147,20.77170436,NA,70.54696095,34.88107151,NA
"Coefficient of variation",2023,"Purchases","Goods","Exports (outside UK)",NA,NA,NA,NA,NA,NA,NA,NA,NA,NA,NA,NA,NA,NA,NA,NA,NA,NA
"Coefficient of variation",2023,"Purchases","Goods","Imports (outside UK)",5.844057979,NA,NA,1.007299611,NA,4.775607049,13.52986096,10.63401491,17.13200579,13.50650183,2.096497314,NA,4.162737278,33.61982252,NA,45.49689931,29.56957585,NA
"Coefficient of variation",2023,"Purchases","Services","All countries",4.582196827,21.74695259,4.859128267,0.706061156,20.46984365,4.658599503,9.971691966,7.837950281,13.13010911,9.973199705,7.719395679,7.592041742,7.247459063,38.8703832,3.84976528,8.588838781,7.320293271,25.71590769
"Coefficient of variation",2023,"Purchases","Services","Northern Ireland",4.010726659,24.07456991,4.923036511,0.849054915,20.62722276,5.419961829,13.24995871,10.29617771,7.783608161,12.00673902,12.11872324,6.690609689,7.658780015,15.74283218,2.73256801,8.107445715,7.883553543,11.05312493
"Coefficient of variation",2023,"Purchases","Services","Great Britain",8.042778529,36.2942886,4.054308852,0.842304234,14.18039879,0.661201102,15.0018825,10.49787907,29.70019705,5.116608409,6.128868789,41.65224382,10.17254637,8.721227084,NA,29.92698439,13.53382095,NA
"Coefficient of variation",2023,"Purchases","Services","Ireland",6.903061706,48.42308994,5.191695011,3.527280323,57.07547973,2.119054702,25.58010269,20.86019244,17.87793749,9.940199484,6.110380608,43.33421777,12.90688404,27.87408921,NA,NA,10.8685478,NA
"Coefficient of variation",2023,"Purchases","Services","Rest of the Europe Union (EU excluding Ireland)",22.5220498,NA,NA,2.298272053,NA,NA,NA,9.408497018,2.688981677,3.878108741,11.09579594,NA,18.93355999,NA,NA,NA,NA,NA
"Coefficient of variation",2023,"Purchases","Services","Rest of the World (all countries outside the UK and EU)",52.56567764,NA,NA,0.188927605,NA,NA,NA,6.395541161,NA,3.194946207,22.02734519,NA,15.13177071,NA,NA,12.57532738,NA,NA
"Coefficient of variation",2023,"Purchases","Services","External Sales/Purchases (outside NI)",10.49246056,29.03851809,4.414087576,0.781280542,32.98150693,0.85244628,14.88806371,8.762153807,24.12917023,4.289156096,6.059937063,40.17724119,8.892624033,58.77753357,NA,54.78534439,12.03295384,NA
"Coefficient of variation",2023,"Purchases","Services","Exports (outside UK)",NA,NA,NA,NA,NA,NA,NA,NA,NA,NA,NA,NA,NA,NA,NA,NA,NA,NA
"Coefficient of variation",2023,"Purchases","Services","Imports (outside UK)",28.04393026,NA,4.981752225,1.27830241,NA,2.142069624,51.90148125,9.984692842,13.53593233,6.246788461,11.25576897,NA,11.09109759,80.86507168,NA,90.82736871,5.96097798,NA
"Coefficient of variation",2023,"Purchases","All Transactions","All countries",2.150615063,9.800057088,3.87910564,0.536539123,10.87413709,3.26243944,6.342083166,3.810913296,10.57809405,16.90299074,5.593356529,17.59611888,5.67921408,20.79657703,3.155282027,9.937765707,6.344158339,15.66454004
"Coefficient of variation",2023,"Purchases","All Transactions","Northern Ireland",2.486369962,10.32323925,3.898563077,0.765625003,10.95668697,3.762188864,7.318895959,4.755286837,13.10010849,18.88533858,9.99588949,9.040327831,5.836680566,14.20463056,2.66205541,5.375124612,6.780133403,7.221296337
"Coefficient of variation",2023,"Purchases","All Transactions","Great Britain",3.835624592,26.54843122,6.262197679,0.846414935,24.60301243,8.336085274,13.07552862,5.91055385,21.47314174,18.57221629,4.248117923,66.18197139,12.86437333,13.02918057,NA,53.72165791,NA,NA
"Coefficient of variation",2023,"Purchases","All Transactions","Ireland",3.64828899,33.0792057,3.308416975,1.560306032,63.34080058,4.375771632,16.09791116,6.514398606,15.55416003,14.63818065,2.721023581,31.70315041,10.11231161,16.99000898,14.47860835,84.32709478,19.78675122,81.71739583
"Coefficient of variation",2023,"Purchases","All Transactions","Rest of the Europe Union (EU excluding Ireland)",10.7834023,NA,NA,0.991238086,NA,NA,69.42219609,18.75031376,11.00579151,2.667932713,8.7480742,NA,13.40444997,39.84960676,NA,90.35571307,NA,NA
"Coefficient of variation",2023,"Purchases","All Transactions","Rest of the World (all countries outside the UK and EU)",15.77700797,NA,NA,1.864546847,NA,NA,47.81485111,16.9822499,43.9430879,2.545264135,20.23594462,NA,12.20264312,83.13029553,NA,9.860669889,15.28718716,NA
"Coefficient of variation",2023,"Purchases","All Transactions","External Sales/Purchases (outside NI)",3.541977657,19.01001263,4.185562093,0.706270134,22.32049557,5.426716522,12.07361849,5.472412201,16.95120442,11.34620288,3.860179383,64.93603374,9.495223465,41.04713723,5.577307088,49.02877343,18.25874752,33.90788591
"Coefficient of variation",2023,"Purchases","All Transactions","Exports (outside UK)",NA,NA,NA,NA,NA,NA,NA,NA,NA,NA,NA,NA,NA,NA,NA,NA,NA,NA
"Coefficient of variation",2023,"Purchases","All Transactions","Imports (outside UK)",6.668634585,26.31738372,3.517544095,0.955947695,34.52746203,4.370260952,22.74343549,10.21914472,12.93038769,12.22411658,7.009817424,28.43273666,8.650184955,65.75262342,NA,83.61980264,NA,NA
"Coefficient of variation",2024,"Sales","Goods","All countries",2.02694323,18.47916225,3.838617724,0.508693716,2.313881968,2.223005306,14.97987695,3.170991264,16.81354319,9.279634481,14.4968807,41.54664712,7.768742556,23.24255125,13.64738083,2.854300267,19.81473131,28.97451614
"Coefficient of variation",2024,"Sales","Goods","Northern Ireland",2.356990192,24.06238645,NA,1.371985549,2.147954328,NA,16.72756684,2.854793244,18.58661307,NA,11.44409149,NA,11.6817396,23.08953986,NA,2.509465037,NA,27.3112344
"Coefficient of variation",2024,"Sales","Goods","Great Britain",4.036314416,NA,NA,0.611206211,NA,NA,40.98045839,10.56382535,17.20897991,NA,21.4887828,NA,10.37485448,34.82626082,NA,65.86544863,NA,61.32361982
"Coefficient of variation",2024,"Sales","Goods","Ireland",7.740018177,34.38587039,7.812532867,1.405275755,NA,10.72563431,33.57603593,14.7861515,44.25605845,NA,21.57284159,NA,31.16287588,40.39869096,NA,57.83516466,NA,78.57334343
"Coefficient of variation",2024,"Sales","Goods","Rest of the Europe Union (EU excluding Ireland)",5.27079752,NA,NA,0.339596305,NA,NA,34.62536449,28.23451485,NA,NA,47.46103753,NA,2.352627381,NA,NA,NA,50.07476793,NA
"Coefficient of variation",2024,"Sales","Goods","Rest of the World (all countries outside the UK and EU)",3.407699022,NA,NA,0.669085714,NA,NA,0.666347246,15.96584609,NA,NA,74.50412216,NA,6.537317677,NA,NA,NA,NA,NA
"Coefficient of variation",2024,"Sales","Goods","External Sales/Purchases (outside NI)",3.586343125,15.74177979,13.51529744,0.506439649,25.31468544,NA,31.17302378,9.645941327,33.00463193,NA,32.92586542,NA,7.447731492,44.95950961,NA,NA,NA,56.76547711
"Coefficient of variation",2024,"Sales","Goods","Exports (outside UK)",4.886972056,NA,8.131554251,0.675377826,NA,5.517339367,32.89339601,12.77296586,41.45571152,NA,60.14521125,NA,8.792588579,48.70559682,NA,55.3883935,NA,61.65998883
"Coefficient of variation",2024,"Sales","Goods","Imports (outside UK)",NA,NA,NA,NA,NA,NA,NA,NA,NA,NA,NA,NA,NA,NA,NA,NA,NA,NA
"Coefficient of variation",2024,"Sales","Services","All countries",2.727698404,15.99929231,9.417462759,8.62447835,2.359901652,1.855549591,6.569118946,8.934819214,5.569411898,20.61273178,3.753261635,10.0978067,8.568700825,5.278789769,7.246693568,10.04217052,10.33357945,8.133045642
"Coefficient of variation",2024,"Sales","Services","Northern Ireland",2.383999737,15.41365987,NA,18.68012569,2.558715061,NA,5.299349226,8.144347168,6.28784862,21.50913545,5.050071658,NA,6.231081728,6.3749884,8.231913162,3.268753604,10.50887225,6.968827287
"Coefficient of variation",2024,"Sales","Services","Great Britain",7.864548466,NA,NA,9.56527375,28.39035913,9.491490387,13.78033733,28.68439228,8.393872481,NA,8.684021163,NA,6.88083774,13.11500952,NA,NA,NA,NA
"Coefficient of variation",2024,"Sales","Services","Ireland",12.44292777,33.27599396,5.53630058,9.537284344,NA,6.166938445,21.57298579,39.06880511,19.97883966,NA,12.02717995,3.132855617,11.50957387,33.07751806,NA,NA,NA,55.91284883
"Coefficient of variation",2024,"Sales","Services","Rest of the Europe Union (EU excluding Ireland)",15.54206918,NA,NA,0.769719147,NA,NA,10.83621891,80.1610626,NA,NA,8.150329775,NA,16.59195838,NA,NA,NA,41.53216292,NA
"Coefficient of variation",2024,"Sales","Services","Rest of the World (all countries outside the UK and EU)",16.96553237,NA,NA,0.34169241,NA,NA,39.18105085,13.15145191,NA,NA,9.359912987,NA,39.25099298,NA,NA,NA,NA,NA
"Coefficient of variation",2024,"Sales","Services","External Sales/Purchases (outside NI)",5.918789528,53.39723043,NA,3.602439475,26.39726206,7.469793247,11.51016248,25.07097988,10.97877737,NA,5.701690075,NA,16.00033008,10.58594854,NA,NA,NA,37.49552266
"Coefficient of variation",2024,"Sales","Services","Exports (outside UK)",8.984277481,NA,5.53630058,1.786893698,NA,6.165959807,20.65392808,38.9038639,20.96355919,NA,7.71071148,10.75934595,25.8977531,17.29457851,NA,NA,NA,NA
"Coefficient of variation",2024,"Sales","Services","Imports (outside UK)",NA,NA,NA,NA,NA,NA,NA,NA,NA,NA,NA,NA,NA,NA,NA,NA,NA,NA
"Coefficient of variation",2024,"Sales","All Transactions","All countries",1.592802793,12.93552408,3.199622041,0.686469615,1.546851322,1.246918572,5.976901009,3.008828964,5.001856887,8.487376803,3.414778622,9.818600145,7.807706486,6.327929352,7.240644361,9.813521113,9.162719145,9.476366593
"Coefficient of variation",2024,"Sales","All Transactions","Northern Ireland",1.700196766,15.23375876,NA,2.071923337,1.535373675,0.999942522,6.686340394,2.714894741,5.605652145,NA,4.617865614,NA,5.607332207,7.229442368,8.224526912,3.198943005,9.372526242,7.838350687
"Coefficient of variation",2024,"Sales","All Transactions","Great Britain",4.224003461,33.47206011,NA,0.678976242,24.59444849,3.989555078,13.06353199,10.05999086,8.216054879,NA,8.044742765,NA,6.293301739,12.59300233,NA,NA,47.30386774,41.34555546
"Coefficient of variation",2024,"Sales","All Transactions","Ireland",6.613788419,29.02029452,7.414074104,1.390615806,29.04268273,5.662086902,19.4517236,14.28893942,18.24156658,NA,11.25135284,NA,10.9646255,34.30625437,NA,NA,30.30164639,49.88820244
"Coefficient of variation",2024,"Sales","All Transactions","Rest of the Europe Union (EU excluding Ireland)",5.900265797,NA,NA,0.323683147,NA,5.074488729,10.71763517,26.99344188,36.33319986,NA,10.56232476,NA,15.19633315,NA,NA,NA,32.70589252,66.87345636
"Coefficient of variation",2024,"Sales","All Transactions","Rest of the World (all countries outside the UK and EU)",7.47077732,NA,NA,0.619605503,NA,12.71769614,34.60527366,15.82366294,45.31062013,NA,9.780819049,NA,37.48607022,NA,NA,NA,50.42106158,1.164757059
"Coefficient of variation",2024,"Sales","All Transactions","External Sales/Purchases (outside NI)",3.173431026,14.83856906,NA,0.512478219,17.92457168,3.58864696,10.7678738,9.210129438,10.64650719,NA,5.657429552,NA,14.86615242,12.96794418,15.80138211,77.70406743,31.07549213,36.93855528
"Coefficient of variation",2024,"Sales","All Transactions","Exports (outside UK)",4.390422084,14.14977151,7.70730661,0.643753953,26.60055357,4.969567262,18.67434701,12.29012934,20.06443113,NA,8.133291024,NA,24.55496349,22.88157082,NA,NA,27.00848049,40.10399832
"Coefficient of variation",2024,"Sales","All Transactions","Imports (outside UK)",NA,NA,NA,NA,NA,NA,NA,NA,NA,NA,NA,NA,NA,NA,NA,NA,NA,NA
"Coefficient of variation",2024,"Purchases","Goods","All countries",2.204634301,19.86665672,3.535586441,0.63359362,2.09352741,4.322058484,9.182862564,3.509164924,11.30286504,9.627173747,6.39664061,2.917266101,15.2497759,20.36806334,7.953683199,4.217327248,9.104199915,14.52804134
"Coefficient of variation",2024,"Purchases","Goods","Northern Ireland",2.769137531,23.27038155,4.721926433,0.984796544,3.698456208,5.423444107,11.80633046,4.385327934,13.4319345,8.819148021,8.280532448,3.154080885,19.64879299,10.98976376,12.85938923,3.579149239,9.482217101,16.48267092
"Coefficient of variation",2024,"Purchases","Goods","Great Britain",3.555134337,NA,6.439201919,1.063354209,0.266008397,13.68938483,6.047935045,5.507857512,9.628563129,26.24554486,9.176093346,NA,26.08859037,30.80214271,NA,23.79822235,NA,NA
"Coefficient of variation",2024,"Purchases","Goods","Ireland",11.11373765,NA,3.993782262,1.273868196,NA,2.437607523,11.78589391,20.01778121,16.43448766,19.76481128,3.099323568,NA,5.443231227,10.68286852,NA,1.707941173,46.31337825,NA
"Coefficient of variation",2024,"Purchases","Goods","Rest of the Europe Union (EU excluding Ireland)",10.53045945,43.89901373,NA,1.062001549,NA,NA,16.51702941,18.96005355,NA,3.070365787,20.1762625,NA,3.419541303,69.60865181,NA,NA,NA,NA
"Coefficient of variation",2024,"Purchases","Goods","Rest of the World (all countries outside the UK and EU)",7.995265786,NA,NA,0.777629421,NA,NA,49.63196433,11.58854205,NA,2.719325159,20.23962245,NA,11.67631897,52.23446483,NA,NA,NA,49.29202449
"Coefficient of variation",2024,"Purchases","Goods","External Sales/Purchases (outside NI)",3.401864146,18.69079044,NA,0.67750009,1.359535382,5.471847627,5.588764892,5.344555801,8.748758103,17.67398925,7.957685533,NA,18.02521208,38.66588579,NA,23.64856679,NA,NA
"Coefficient of variation",2024,"Purchases","Goods","Exports (outside UK)",NA,NA,NA,NA,NA,NA,NA,NA,NA,NA,NA,NA,NA,NA,NA,NA,NA,NA
"Coefficient of variation",2024,"Purchases","Goods","Imports (outside UK)",5.947270758,NA,NA,0.656649263,28.68823315,2.480928555,10.31731275,9.822614079,12.78682859,19.26780129,8.933108534,NA,7.036424569,45.45550033,NA,1.343354505,NA,NA
"Coefficient of variation",2024,"Purchases","Services","All countries",4.623659215,25.89452172,5.923073453,0.929934373,2.129510433,1.134943568,9.51058682,5.915510659,9.230309188,12.07571674,6.50279728,6.410812282,29.14092097,38.77337605,4.963246439,15.40694422,15.56602895,23.37901299
"Coefficient of variation",2024,"Purchases","Services","Northern Ireland",2.716535905,25.29738504,6.705087852,1.355721912,2.345922234,1.247479684,7.925368768,6.959361149,8.524618994,13.74718022,10.9154182,5.577866552,11.83217359,11.35868603,6.636570687,8.963717003,16.75002349,24.37770689
"Coefficient of variation",2024,"Purchases","Services","Great Britain",7.525588558,NA,3.002751605,1.051176636,6.740052088,0.781765099,15.87495748,12.79412592,15.10131199,16.22068214,5.35120354,NA,17.1207104,36.58051283,NA,61.78931318,NA,NA
"Coefficient of variation",2024,"Purchases","Services","Ireland",20.62764985,NA,3.021262061,1.250702047,NA,1.161674954,70.84987128,18.56925719,16.57272491,4.418408493,3.965845568,NA,69.86806166,28.14664322,NA,5.632402969,83.73304905,NA
"Coefficient of variation",2024,"Purchases","Services","Rest of the Europe Union (EU excluding Ireland)",36.69674665,NA,NA,1.279857471,NA,NA,3.206869134,7.804901457,1.882187388,5.912539762,40.80901236,78.54094282,90.15180132,90.85902229,NA,NA,5.369065877,NA
"Coefficient of variation",2024,"Purchases","Services","Rest of the World (all countries outside the UK and EU)",40.1941514,NA,NA,0.263834211,NA,NA,6.619549745,5.320356534,NA,6.889570475,26.48447527,NA,53.61420972,88.78573053,NA,NA,NA,83.87678127
"Coefficient of variation",2024,"Purchases","Services","External Sales/Purchases (outside NI)",10.45316199,37.07291402,NA,0.748174791,7.348345039,0.823043995,16.74675316,9.850777217,15.21928482,12.79860326,7.701556092,NA,54.28739706,52.62084943,NA,61.10876492,NA,NA
"Coefficient of variation",2024,"Purchases","Services","Exports (outside UK)",NA,NA,NA,NA,NA,NA,NA,NA,NA,NA,NA,NA,NA,NA,NA,NA,NA,NA
"Coefficient of variation",2024,"Purchases","Services","Imports (outside UK)",22.78010709,NA,NA,0.890232524,20.77021888,1.226032401,69.84250418,7.198232401,27.5988677,4.352200514,13.16779429,NA,70.61242029,80.47886204,NA,5.308046601,NA,NA
"Coefficient of variation",2024,"Purchases","All Transactions","All countries",2.067078989,16.49133988,2.114829655,0.610498056,1.698481652,2.016619707,6.690337284,3.422821668,7.457297932,8.173876555,4.495257224,3.961138871,21.73207697,24.10750264,5.49462253,10.22305302,10.30266165,13.30665928
"Coefficient of variation",2024,"Purchases","All Transactions","Northern Ireland",2.247232542,18.33947671,2.45190592,0.929625251,2.576049128,2.247383071,8.330076958,4.058510513,7.244893428,7.723692221,7.013378868,3.4907701,10.2722733,8.729786819,7.756463071,5.884416992,10.63588943,14.53184496
"Coefficient of variation",2024,"Purchases","All Transactions","Great Britain",3.311338742,NA,4.691844743,0.990267653,0.408371355,5.416950717,9.036167913,5.352418291,11.89976056,20.22857546,4.585355769,NA,14.47872791,31.77700475,NA,49.85299517,NA,NA
"Coefficient of variation",2024,"Purchases","All Transactions","Ireland",9.84655142,25.75191412,NA,1.034497041,15.99133058,2.305038791,46.85854902,19.64758183,12.13643022,18.21416811,3.291278629,NA,64.2309061,14.24344959,5.64349751,5.327758983,44.20236709,75.02250583
"Coefficient of variation",2024,"Purchases","All Transactions","Rest of the Europe Union (EU excluding Ireland)",11.08099198,NA,2.955730081,1.015543463,NA,NA,15.79107532,18.51661585,1.840242175,5.408542927,34.59151076,NA,88.30244218,73.2079869,NA,NA,NA,49.34076534
"Coefficient of variation",2024,"Purchases","All Transactions","Rest of the World (all countries outside the UK and EU)",10.24399466,NA,NA,0.702332496,NA,NA,40.01110591,11.21263981,68.38347244,4.898375665,19.67780382,NA,46.7808003,67.02386056,NA,NA,NA,NA
"Coefficient of variation",2024,"Purchases","All Transactions","External Sales/Purchases (outside NI)",3.550226801,25.29561596,2.195194899,0.627335201,1.315548128,3.499151582,9.504684557,5.186509088,12.31202673,14.24965433,5.801311959,18.35179961,45.90536181,38.85304741,3.445304738,49.3710517,17.13650537,25.03087514
"Coefficient of variation",2024,"Purchases","All Transactions","Exports (outside UK)",NA,NA,NA,NA,NA,NA,NA,NA,NA,NA,NA,NA,NA,NA,NA,NA,NA,NA
"Coefficient of variation",2024,"Purchases","All Transactions","Imports (outside UK)",6.655871691,NA,3.737574232,0.596524904,23.73666626,2.352936826,42.68706918,9.581486718,23.54095573,16.12468375,10.31711321,NA,65.28765099,52.21071627,NA,4.396380316,NA,NA
"Number of businesses",2011,"Sales","Goods","All countries",25353.24723,307.7222222,95,3297.780944,37.19444444,99.23809524,4165.505045,10236.33239,394.5305556,2789.199081,335.4744589,435.3845494,888.582164,558.4437118,59.875,340.8186697,548.4047619,763.7611367
"Number of businesses",2011,"Sales","Goods","Northern Ireland",24674.33219,263.3333333,94,3169.544223,37.19444444,86.6468254,4040.78949,10028.22921,383.3243056,2789.199081,313.5994589,427.3244635,825.9154973,554.4437118,58.875,340.8186697,526.9047619,734.1897081
"Number of businesses",2011,"Sales","Goods","Great Britain",3986.433223,43.33333333,21.6,1300.209119,NA,56.87301587,337.4546819,1739.590597,47.94861111,103.1081246,91.26980519,27.18025751,133.4112554,16.72857143,7.25,NA,NA,48.23809524
"Number of businesses",2011,"Sales","Goods","Ireland",5906.776792,42.33333333,30.6,1823.604379,NA,51.28571429,347.1934715,3001.48414,36.92569444,111.3460925,114.1448052,27.18025751,146.4866522,114.7785714,NA,5.747014361,25,19.66666667
"Number of businesses",2011,"Sales","Goods","Rest of the Europe Union (EU excluding Ireland)",1513.143865,32.27777778,NA,544.7478473,NA,38.27380952,81.56163664,684.7320975,NA,NA,9.285714286,26.18025751,60.03030303,NA,NA,NA,NA,18.66666667
"Number of businesses",2011,"Sales","Goods","Rest of the World (all countries outside the UK and EU)",1355.016152,NA,NA,490.4176039,NA,33.6031746,60.08840259,668.9596712,NA,6,16.28571429,18.12017167,47.14141414,NA,NA,NA,NA,NA
"Number of businesses",2011,"Sales","Goods","External Sales/Purchases (outside NI)",7560.998927,98.83333333,31.6,2080.814576,NA,72.38492063,601.5756684,3736.296893,79.74930556,220.4542171,131.1448052,43.30042918,249.9310967,120.9285714,7.25,NA,27,49.23809524
"Number of businesses",2011,"Sales","Goods","Exports (outside UK)",6282.544464,66.55555556,31.6,1952.859767,NA,62.87698413,376.3492898,3139.078139,36.92569444,117.3460925,119.1448052,35.24034335,170.3755411,114.7785714,NA,5.747014361,25,19.66666667
"Number of businesses",2011,"Sales","Goods","Imports (outside UK)",NA,NA,NA,NA,NA,NA,NA,NA,NA,NA,NA,NA,NA,NA,NA,NA,NA,NA
"Number of businesses",2011,"Sales","Services","All countries",29389.02343,180.6111111,43.2,1279.027163,33.94047619,124.5912698,7458.760735,4028.931034,1912.04375,1180.590364,1159.481061,1564.236052,4311.729823,1424.701465,661.9365385,906.6974301,821.2333333,2297.311828
"Number of businesses",2011,"Sales","Services","Northern Ireland",28151.40116,168.5,42.2,1195.304619,30.01984127,116.9206349,7248.701799,3723.568798,1837.829861,1180.590364,1102.826299,1438.334764,4050.129534,1338.295513,658.9365385,906.6974301,819.2333333,2293.311828
"Number of businesses",2011,"Sales","Services","Great Britain",3947.794026,NA,16.6,310.5316013,NA,33.94444444,567.5253495,680.0971735,414.4638889,107.6914579,440.2247835,162.0815451,755.5887073,198.6504579,12.25,63.53696145,77,99.93701997
"Number of businesses",2011,"Sales","Services","Ireland",3857.631221,14.11111111,20.6,300.1567841,NA,40.19444444,550.2329047,677.9214785,384.5513889,NA,441.3374459,42.74034335,798.251754,284.1302198,103,65.0377551,94,33.03225806
"Number of businesses",2011,"Sales","Services","Rest of the Europe Union (EU excluding Ireland)",731.6551951,6.055555556,NA,82.11295951,NA,NA,39.85524285,64.25895631,166.0395833,NA,76.83290043,NA,213.2748793,18.62307692,5.25,NA,36,17.66666667
"Number of businesses",2011,"Sales","Services","Rest of the World (all countries outside the UK and EU)",820.18683,NA,NA,59.43664102,NA,5.670634921,37.18650579,165.5351478,107.3013889,NA,131.6943723,13.06008584,206.4216923,10.61153846,6.25,8.694897959,35,31.03225806
"Number of businesses",2011,"Sales","Services","External Sales/Purchases (outside NI)",6485.686016,20.16666667,20.6,522.8155183,8.670634921,56.87698413,992.4855248,1193.636115,652.5395833,107.6914579,559.9172078,189.7618026,1346.35779,360.720696,109,78.47675737,134,131.969278
"Number of businesses",2011,"Sales","Services","Exports (outside UK)",4271.007253,20.16666667,20.6,357.435529,NA,40.19444444,565.565288,724.2976443,436.3409722,NA,467.9564935,43.74034335,974.6933124,290.5302198,104,70.45408163,95,51.69892473
"Number of businesses",2011,"Sales","Services","Imports (outside UK)",NA,NA,NA,NA,NA,NA,NA,NA,NA,NA,NA,NA,NA,NA,NA,NA,NA,NA
"Number of businesses",2011,"Sales","All Transactions","All countries",43701.55562,410.6666667,98,3622.466393,55.37301587,171.4642857,8992.44666,10996.57811,2044.922222,3191.095752,1243.140152,1737.497854,4529.669204,1588.45467,664.9365385,991.2926304,919,2444.551459
"Number of businesses",2011,"Sales","All Transactions","Northern Ireland",42465.58579,360.2222222,97,3507.421453,51.45238095,155.702381,8772.421432,10773.91287,1960.502083,3191.095752,1201.36039,1611.596567,4267.068916,1502.048718,662.9365385,991.2926304,918,2441.551459
"Number of businesses",2011,"Sales","All Transactions","Great Britain",6536.720273,43.33333333,22.6,1383.826402,8.420634921,70.63492063,654.571781,1892.998568,425.6701389,107.6914579,466.0997835,179.2017167,809.0807708,209.3790293,15.25,68.02471655,79,100.93702
"Number of businesses",2011,"Sales","All Transactions","Ireland",8505.877658,55.44444444,30.6,1929.563998,8.5,73.46825397,736.127903,3149.912402,407.1458333,114.9294258,458.3374459,59.86051502,865.6327064,294.8587912,105,66.29701436,98.5,51.69892473
"Number of businesses",2011,"Sales","All Transactions","Rest of the Europe Union (EU excluding Ireland)",2120.045902,38.33333333,NA,571.7141862,NA,38.27380952,104.1797343,727.1876783,166.0395833,NA,80.83290043,26.18025751,269.941546,19.77307692,7.25,5.589795918,39.5,18.66666667
"Number of businesses",2011,"Sales","All Transactions","Rest of the World (all countries outside the UK and EU)",1936.958474,NA,NA,515.0762505,NA,37.52380952,82.08538219,676.927268,108.3013889,8.291666667,136.6943723,21.12017167,249.1994701,11.76153846,8.25,8.694897959,37,31.03225806
"Number of businesses",2011,"Sales","All Transactions","External Sales/Purchases (outside NI)",11689.25307,117,31.6,2239.04845,12.42063492,100.6587302,1244.048009,3943.258978,682.9402778,225.0375504,578.9172078,223.0021459,1454.51652,373.5992674,112,79.73601663,138.5,132.969278
"Number of businesses",2011,"Sales","All Transactions","Exports (outside UK)",9170.211669,85.72222222,31.6,2074.3032,8.5,82.30952381,766.4265784,3295.473998,457.9354167,120.9294258,485.9564935,68.92060086,1060.963154,301.2587912,106,71.71334089,99.5,52.69892473
"Number of businesses",2011,"Sales","All Transactions","Imports (outside UK)",NA,NA,NA,NA,NA,NA,NA,NA,NA,NA,NA,NA,NA,NA,NA,NA,NA,NA
"Number of businesses",2011,"Purchases","Goods","All countries",NA,NA,NA,NA,NA,NA,NA,NA,NA,NA,NA,NA,NA,NA,NA,NA,NA,NA
"Number of businesses",2011,"Purchases","Goods","Northern Ireland",NA,NA,NA,NA,NA,NA,NA,NA,NA,NA,NA,NA,NA,NA,NA,NA,NA,NA
"Number of businesses",2011,"Purchases","Goods","Great Britain",NA,NA,NA,NA,NA,NA,NA,NA,NA,NA,NA,NA,NA,NA,NA,NA,NA,NA
"Number of businesses",2011,"Purchases","Goods","Ireland",6132.081613,34.27777778,44.2,1425.871142,NA,52.11507937,654.3908655,2812.828988,346.3291667,143.8643752,29.61904762,33.24034335,184.7709235,124.7742369,NA,8.920634921,51,176.1290323
"Number of businesses",2011,"Purchases","Goods","Rest of the Europe Union (EU excluding Ireland)",3246.217951,27.22222222,20.6,708.9870283,NA,28.59920635,107.9181463,2059.985603,67.11944444,NA,13.4,9.060085837,115.02886,13.32857143,NA,NA,41.9,20.66666667
"Number of businesses",2011,"Purchases","Goods","Rest of the World (all countries outside the UK and EU)",1866.829122,NA,NA,517.7369167,5.920634921,NA,38.8797842,1137.771817,40.22847222,NA,22.36071429,NA,30.33044733,7.611538462,NA,NA,14.66666667,32.03225806
"Number of businesses",2011,"Purchases","Goods","External Sales/Purchases (outside NI)",NA,NA,NA,NA,NA,NA,NA,NA,NA,NA,NA,NA,NA,NA,NA,NA,NA,NA
"Number of businesses",2011,"Purchases","Goods","Exports (outside UK)",NA,NA,NA,NA,NA,NA,NA,NA,NA,NA,NA,NA,NA,NA,NA,NA,NA,NA
"Number of businesses",2011,"Purchases","Goods","Imports (outside UK)",7679.921587,53.44444444,44.2,1676.992137,13.67063492,53.78174603,695.7384886,3824.578445,399.41875,143.8643752,51.89404762,34.24034335,243.4375902,128.7742369,NA,NA,94.66666667,205.1612903
"Number of businesses",2011,"Purchases","Services","All countries",NA,NA,NA,NA,NA,NA,NA,NA,NA,NA,NA,NA,NA,NA,NA,NA,NA,NA
"Number of businesses",2011,"Purchases","Services","Northern Ireland",NA,NA,NA,NA,NA,NA,NA,NA,NA,NA,NA,NA,NA,NA,NA,NA,NA,NA
"Number of businesses",2011,"Purchases","Services","Great Britain",NA,NA,NA,NA,NA,NA,NA,NA,NA,NA,NA,NA,NA,NA,NA,NA,NA,NA
"Number of businesses",2011,"Purchases","Services","Ireland",1909.315096,13.11111111,21.6,251.6191207,9,27.8531746,249.5610394,496.3803414,174.1159722,22.99877451,156.4896104,13.26008584,267.5724984,99.35839438,NA,NA,8,89.71428571
"Number of businesses",2011,"Purchases","Services","Rest of the Europe Union (EU excluding Ireland)",480.4035695,7.055555556,NA,135.328381,6,14.34126984,17.18952618,94.15871667,54.97708333,10.37828947,62.72813853,NA,59.94660895,7.3,NA,NA,NA,NA
"Number of businesses",2011,"Purchases","Services","Rest of the World (all countries outside the UK and EU)",654.50503,NA,NA,69.80403596,8.920634921,NA,NA,220.4178086,51.54652778,NA,151.0320346,9.060085837,76.47186147,7.683333333,NA,53.40204082,NA,NA
"Number of businesses",2011,"Purchases","Services","External Sales/Purchases (outside NI)",NA,NA,NA,NA,NA,NA,NA,NA,NA,NA,NA,NA,NA,NA,NA,NA,NA,NA
"Number of businesses",2011,"Purchases","Services","Exports (outside UK)",NA,NA,NA,NA,NA,NA,NA,NA,NA,NA,NA,NA,NA,NA,NA,NA,NA,NA
"Number of businesses",2011,"Purchases","Services","Imports (outside UK)",2320.8216,20.16666667,22.6,320.5739861,12.92063492,31.77380952,250.5610394,551.7941064,192.3104167,26.48123065,290.6168831,21.32017167,311.7139125,105.1917277,NA,61.08272865,NA,89.71428571
"Number of businesses",2011,"Purchases","All Transactions","All countries",42581.35179,380.3888889,95,3549.373591,59.29365079,167.5436508,8465.598779,10773.85854,1861.139583,3080.156358,1003.367316,1258.95279,4123.917898,1555.061813,761.8032051,1641.062245,880.6,2924.233487
"Number of businesses",2011,"Purchases","All Transactions","Northern Ireland",NA,NA,NA,NA,NA,NA,NA,NA,NA,NA,NA,NA,NA,NA,NA,NA,NA,NA
"Number of businesses",2011,"Purchases","All Transactions","Great Britain",NA,NA,NA,NA,NA,NA,NA,NA,NA,NA,NA,NA,NA,NA,NA,NA,NA,NA
"Number of businesses",2011,"Purchases","All Transactions","Ireland",6914.888822,40.33333333,44.2,1452.785973,NA,56.03571429,719.0541413,2880.152016,448.7673611,146.508983,169.7753247,46.50042918,399.487722,166.4952991,NA,12.19920635,55,264.843318
"Number of businesses",2011,"Purchases","All Transactions","Rest of the Europe Union (EU excluding Ireland)",3490.663401,34.27777778,20.6,734.3509046,7,35.26984127,123.1076724,2102.225399,93.48402778,11.37828947,67.92813853,10.06008584,164.5339105,16.47857143,NA,NA,44.9,20.66666667
"Number of businesses",2011,"Purchases","All Transactions","Rest of the World (all countries outside the UK and EU)",2297.491356,NA,NA,532.5088466,8.920634921,NA,38.8797842,1241.413562,67.04097222,NA,166.1927489,10.06008584,99.72438672,13.29487179,NA,56.8398715,15.66666667,32.03225806
"Number of businesses",2011,"Purchases","All Transactions","External Sales/Purchases (outside NI)",NA,NA,NA,NA,NA,NA,NA,NA,NA,NA,NA,NA,NA,NA,NA,NA,NA,NA
"Number of businesses",2011,"Purchases","All Transactions","Exports (outside UK)",NA,NA,NA,NA,NA,NA,NA,NA,NA,NA,NA,NA,NA,NA,NA,NA,NA,NA
"Number of businesses",2011,"Purchases","All Transactions","Imports (outside UK)",8696.270567,66.55555556,44.2,1717.860587,NA,61.62301587,758.3541453,3888.901474,501.8569444,146.508983,320.7775974,54.56051502,480.0432776,175.1786325,NA,66.63696145,98.66666667,293.875576
"Number of businesses",2012,"Sales","Goods","All countries",23316.27964,298.9285714,32,3221.653105,66.79431438,58.81505017,3426.133375,10215.64618,377.9360223,2615.503683,410.4564103,199.3157216,862.7678904,190.0166358,133.469697,177.5408964,513.8142857,515.4877976
"Number of businesses",2012,"Sales","Goods","Northern Ireland",22716.02735,271.0833333,31,3100.569722,66.79431438,50.91059086,3374.083113,10087.55073,374.0693556,2615.503683,369.1230769,180.3466495,732.4194056,135.0220657,122.7083333,177.5408964,511.8142857,515.4877976
"Number of businesses",2012,"Sales","Goods","Great Britain",3896.309599,22.10714286,12.33333333,1279.862718,NA,29.2787068,207.152933,1800.367397,NA,NA,179.4820513,24.38880707,274.3636364,13.38547923,12.76136364,NA,22.14285714,10.60625
"Number of businesses",2012,"Sales","Goods","Ireland",6172.664958,38.21428571,20.66666667,1708.194577,8.237792642,36.60044593,369.6475899,3489.391611,54.77356668,NA,136.974359,15.54933726,157.9102564,42.00678733,22.52272727,31.14,NA,31.15327381
"Number of businesses",2012,"Sales","Goods","Rest of the Europe Union (EU excluding Ireland)",1488.681014,34.21428571,NA,494.6236636,NA,16.71337793,19.11126918,785.6066151,NA,NA,13.66666667,NA,58.8,28.51764706,22.52272727,NA,NA,7.904761905
"Number of businesses",2012,"Sales","Goods","Rest of the World (all countries outside the UK and EU)",1228.683285,NA,NA,439.7382418,NA,15.22619844,7.038461538,603.3206173,NA,NA,16.66666667,NA,63.8,29.51764706,22.52272727,NA,20.14285714,NA
"Number of businesses",2012,"Sales","Goods","External Sales/Purchases (outside NI)",7593.012491,76.79761905,21.66666667,2038.388707,NA,46.00490524,496.964223,4034.765474,55.77356668,NA,223.4820513,34.51840943,344.9072261,73.49769642,34.28409091,31.14,27.14285714,40.75952381
"Number of businesses",2012,"Sales","Goods","Exports (outside UK)",6559.855471,65.05952381,21.66666667,1857.921249,NA,43.42798216,370.6475899,3598.645123,54.77356668,NA,143.974359,15.54933726,187.1435897,68.40678733,33.28409091,31.14,26.14285714,31.15327381
"Number of businesses",2012,"Sales","Goods","Imports (outside UK)",NA,NA,NA,NA,NA,NA,NA,NA,NA,NA,NA,NA,NA,NA,NA,NA,NA,NA
"Number of businesses",2012,"Sales","Services","All countries",28980.13686,181.1785714,80,1161.920837,59.63924192,89.39810479,7241.953022,3669.010705,1816.483003,1079.139084,1197.551282,1545.641568,4404.236772,961.4806927,1248.055303,1185.854329,850.6190476,2207.975298
"Number of businesses",2012,"Sales","Services","Northern Ireland",27611.81934,170.4404762,79,1059.82714,53.24057971,89.39810479,7025.922696,3445.765015,1697.446925,1079.139084,1158.551282,1443.08634,3995.342599,923.5897836,1160.964394,1185.854329,850.6190476,2193.631548
"Number of businesses",2012,"Sales","Services","Great Britain",3970.768904,22.47619048,NA,291.4830699,10.05953177,14.38004459,496.5892605,553.0566485,481.9590692,75.22807018,588.6871795,184.8466495,841.1460456,119.5469103,157.6590909,NA,85.9047619,42.29375
"Number of businesses",2012,"Sales","Services","Ireland",4226.506417,NA,9,411.333703,NA,32.10167224,790.7217307,693.5609806,384.6973088,49.68752963,511.7128205,38.64340943,917.0142191,40.82736871,143.8977273,43.09263158,106.7380952,43.03125
"Number of businesses",2012,"Sales","Services","Rest of the Europe Union (EU excluding Ireland)",763.7351797,NA,NA,91.50202005,NA,NA,42.71006445,93.87166931,130.5533674,22.89473684,34.7,17.25920471,280.9832945,9.1,24.52272727,NA,NA,8.904761905
"Number of businesses",2012,"Sales","Services","Rest of the World (all countries outside the UK and EU)",754.9303037,NA,NA,73.39231498,NA,NA,10.75980392,28.01361622,105.9252934,21.89473684,55.36666667,19.96907216,347.9884532,10.25,25.52272727,NA,49.61904762,NA
"Number of businesses",2012,"Sales","Services","External Sales/Purchases (outside NI)",6796.393164,28.8452381,10,588.3305036,13.05953177,38.00613155,1135.625577,1041.313099,718.8688316,77.68752963,708.9948718,207.5255891,1516.863398,144.2990562,298.5568182,45.17383459,144.3571429,78.8860119
"Number of businesses",2012,"Sales","Services","Exports (outside UK)",4782.757719,NA,9,470.7581157,NA,32.10167224,805.2454235,746.8167246,432.0108022,50.68752963,540.9128205,50.48287923,1178.00373,46.07736871,188.9431818,44.12120301,126.2142857,50.9360119
"Number of businesses",2012,"Sales","Services","Imports (outside UK)",NA,NA,NA,NA,NA,NA,NA,NA,NA,NA,NA,NA,NA,NA,NA,NA,NA,NA
"Number of businesses",2012,"Sales","All Transactions","All countries",43735.04995,418.047619,99,3591.2107,103.3074693,114.3633222,8576.407799,11315.38619,1927.862044,3109.848233,1314.692308,1634.732327,4709.126923,1025.722047,1284.672727,1228.553573,927.3571429,2354.759524
"Number of businesses",2012,"Sales","All Transactions","Northern Ireland",42298.49759,384.8333333,98,3458.589744,96.90880713,113.3633222,8366.098943,11151.52255,1808.825966,3109.848233,1247.358974,1524.047496,4272.999417,962.4311383,1208.343182,1228.553573,926.3571429,2340.415774
"Number of businesses",2012,"Sales","All Transactions","Great Britain",6729.719807,33.8452381,12.33333333,1358.980868,NA,36.7671126,582.0471973,1910.67237,483.9590692,75.22807018,600.6871795,203.8157216,978.8278638,126.7414804,170.4204545,NA,87.9047619,50.9
"Number of businesses",2012,"Sales","All Transactions","Ireland",9123.602203,43.58333333,22.66666667,1878.518907,12.31471572,58.22653289,945.4780307,3642.519316,398.3095833,52.36921132,556.0461538,48.77301178,1009.047552,76.65723296,166.4204545,43.09263158,109.7380952,59.84077381
"Number of businesses",2012,"Sales","All Transactions","Rest of the Europe Union (EU excluding Ireland)",2118.131399,34.21428571,NA,527.3928897,NA,16.71337793,52.78698753,830.8653908,132.5533674,22.89473684,43.7,17.25920471,336.4499611,36.61764706,47.04545455,NA,NA,8.904761905
"Number of businesses",2012,"Sales","All Transactions","Rest of the World (all countries outside the UK and EU)",1860.161358,NA,NA,465.3870739,NA,15.22619844,16.79826546,614.0016766,107.9252934,21.89473684,63.36666667,22.67893962,383.2217865,38.76764706,48.04545455,NA,50.61904762,NA
"Number of businesses",2012,"Sales","All Transactions","External Sales/Purchases (outside NI)",12320.3668,93.9047619,23.66666667,2242.511786,21.29732441,68.29186176,1338.339359,4257.249496,731.1734138,80.36921132,756.3282051,233.9143962,1664.545216,207.5289204,311.3181818,45.17383459,149.3571429,95.39702381
"Number of businesses",2012,"Sales","All Transactions","Exports (outside UK)",9916.754985,70.42857143,23.66666667,2034.666648,12.31471572,63.05406912,959.0017235,3767.023836,445.6230767,53.36921132,590.2461538,60.61248159,1273.037063,107.307233,222.2272727,44.12120301,130.2142857,59.84077381
"Number of businesses",2012,"Sales","All Transactions","Imports (outside UK)",NA,NA,NA,NA,NA,NA,NA,NA,NA,NA,NA,NA,NA,NA,NA,NA,NA,NA
"Number of businesses",2012,"Purchases","Goods","All countries",NA,NA,NA,NA,NA,NA,NA,NA,NA,NA,NA,NA,NA,NA,NA,NA,NA,NA
"Number of businesses",2012,"Purchases","Goods","Northern Ireland",NA,NA,NA,NA,NA,NA,NA,NA,NA,NA,NA,NA,NA,NA,NA,NA,NA,NA
"Number of businesses",2012,"Purchases","Goods","Great Britain",NA,NA,NA,NA,NA,NA,NA,NA,NA,NA,NA,NA,NA,NA,NA,NA,NA,NA
"Number of businesses",2012,"Purchases","Goods","Ireland",5978.763288,27.47619048,NA,1338.428818,21.8812709,37.17736901,778.3175278,2880.749812,229.595689,121.389515,87.44102564,15.54933726,164.95338,21.62900955,NA,36.79428277,65.78571429,137.2610119
"Number of businesses",2012,"Purchases","Goods","Rest of the Europe Union (EU excluding Ireland)",3073.003073,29.8452381,NA,682.5053014,18.3812709,6.743589744,128.0974103,1855.772205,8.52991453,61.19279279,81.97435897,6.419734904,71.93053613,47.61234403,35.28409091,NA,20.30952381,12.4047619
"Number of businesses",2012,"Purchases","Goods","Rest of the World (all countries outside the UK and EU)",1619.190836,NA,NA,419.9510043,6.32173913,NA,59.02620543,898.4626969,NA,NA,80.50769231,NA,94.16386946,5.090909091,12.76136364,NA,21.80952381,NA
"Number of businesses",2012,"Purchases","Goods","External Sales/Purchases (outside NI)",NA,NA,NA,NA,NA,NA,NA,NA,NA,NA,NA,NA,NA,NA,NA,NA,NA,NA
"Number of businesses",2012,"Purchases","Goods","Exports (outside UK)",NA,NA,NA,NA,NA,NA,NA,NA,NA,NA,NA,NA,NA,NA,NA,NA,NA,NA
"Number of businesses",2012,"Purchases","Goods","Imports (outside UK)",7658.226186,43.58333333,15.66666667,1644.685551,32.52474916,40.34403567,863.898506,3822.250625,232.8179112,153.7823078,175.4153846,21.96907216,225.4200466,65.88128228,46.04545455,39.84691434,86.42857143,147.6657738
"Number of businesses",2012,"Purchases","Services","All countries",NA,NA,NA,NA,NA,NA,NA,NA,NA,NA,NA,NA,NA,NA,NA,NA,NA,NA
"Number of businesses",2012,"Purchases","Services","Northern Ireland",NA,NA,NA,NA,NA,NA,NA,NA,NA,NA,NA,NA,NA,NA,NA,NA,NA,NA
"Number of businesses",2012,"Purchases","Services","Great Britain",NA,NA,NA,NA,NA,NA,NA,NA,NA,NA,NA,NA,NA,NA,NA,NA,NA,NA
"Number of businesses",2012,"Purchases","Services","Ireland",1840.552923,NA,6,263.2361537,17.4826087,15.13645485,238.527702,475.3660141,216.0150633,46.16083452,179.9487179,29.47367452,156.6974886,85.50893437,45.04545455,29.37763158,31.57619048,NA
"Number of businesses",2012,"Purchases","Services","Rest of the Europe Union (EU excluding Ireland)",651.3831204,6.369047619,NA,97.30461473,11.32173913,NA,55.07774389,93.82166987,51.11960744,6.775248933,87.50769231,6.419734904,141.2564103,29.51764706,NA,NA,49.28571429,7.60625
"Number of businesses",2012,"Purchases","Services","Rest of the World (all countries outside the UK and EU)",474.0443095,NA,NA,68.50942994,6.660869565,NA,12.38728728,33.7211312,49.44682676,NA,168.0153846,NA,69.03076923,5.090909091,24.52272727,NA,20.14285714,7.60625
"Number of businesses",2012,"Purchases","Services","External Sales/Purchases (outside NI)",NA,NA,NA,NA,NA,NA,NA,NA,NA,NA,NA,NA,NA,NA,NA,NA,NA,NA
"Number of businesses",2012,"Purchases","Services","Exports (outside UK)",NA,NA,NA,NA,NA,NA,NA,NA,NA,NA,NA,NA,NA,NA,NA,NA,NA,NA
"Number of businesses",2012,"Purchases","Services","Imports (outside UK)",2391.351395,7.369047619,6,323.4629652,21.14347826,16.13645485,272.360283,517.5541389,223.1894223,47.62029398,336.5641026,30.47367452,307.0974886,110.9089344,67.56818182,32.57763158,60.71904762,10.60625
"Number of businesses",2012,"Purchases","All Transactions","All countries",42597.92588,396.5714286,39,3555.533832,113.9509476,110.0415831,8056.805917,11031.03603,1798.521563,3068.740541,1090.74359,1252.350884,4479.144231,968.5379565,1261.244697,1614.725,927.8571429,2833.120536
"Number of businesses",2012,"Purchases","All Transactions","Northern Ireland",NA,NA,NA,NA,NA,NA,NA,NA,NA,NA,NA,NA,NA,NA,NA,NA,NA,NA
"Number of businesses",2012,"Purchases","All Transactions","Great Britain",NA,NA,NA,NA,NA,NA,NA,NA,NA,NA,NA,NA,NA,NA,NA,NA,NA,NA
"Number of businesses",2012,"Purchases","All Transactions","Ireland",6973.31189,27.47619048,13.33333333,1384.315174,29.20301003,37.17736901,863.0332128,3063.734215,407.0907945,125.1823078,259.0564103,42.31314433,282.9944583,98.61461561,45.04545455,65.11928277,92.36190476,137.2610119
"Number of businesses",2012,"Purchases","All Transactions","Rest of the Europe Union (EU excluding Ireland)",3516.004002,29.8452381,NA,696.9096013,21.3812709,7.743589744,148.4789786,1901.873017,53.34182966,65.96804173,166.4820513,12.83946981,204.2382284,75.01234403,35.28409091,NA,69.5952381,20.0110119
"Number of businesses",2012,"Purchases","All Transactions","Rest of the World (all countries outside the UK and EU)",1874.767812,NA,5.333333333,431.4150566,9.32173913,NA,68.23702212,925.2836526,52.44682676,NA,176.0153846,8.419734904,104.7792541,9.181818182,24.52272727,NA,41.95238095,8.60625
"Number of businesses",2012,"Purchases","All Transactions","External Sales/Purchases (outside NI)",NA,NA,NA,NA,NA,NA,NA,NA,NA,NA,NA,NA,NA,NA,NA,NA,NA,NA
"Number of businesses",2012,"Purchases","All Transactions","Exports (outside UK)",NA,NA,NA,NA,NA,NA,NA,NA,NA,NA,NA,NA,NA,NA,NA,NA,NA,NA
"Number of businesses",2012,"Purchases","All Transactions","Imports (outside UK)",8888.761641,43.58333333,15.66666667,1685.687894,40.84648829,40.34403567,958.9614133,3998.749735,410.3984868,157.5751006,423.6717949,48.73287923,441.3944583,168.2668883,90.09090909,68.37191434,141.147619,155.2720238
"Number of businesses",2013,"Sales","Goods","All countries",21930.95932,368.8362069,83.16666667,3213.774926,102.9333333,60.46,2826.102031,9919.327322,299.764679,2720.555681,331,153.9707827,517.0403367,252.9673317,159.5894495,198.5929182,246.2047619,476.6728947
"Number of businesses",2013,"Sales","Goods","Northern Ireland",21248.12122,343.5775862,82.16666667,3103.558003,102.9333333,57.06,2712.801209,9672.357726,283.4098403,2719.166792,275,146.7922798,424.2704296,245.9673317,159.5894495,198.5929182,244.2047619,476.6728947
"Number of businesses",2013,"Sales","Goods","Great Britain",3607.111763,44.38793103,17.33333333,1388.93255,NA,27.16,214.9677119,1509.161457,23.21594982,10.43888889,41.5,14.35700576,216.0827435,45.10032209,20.9266055,NA,6,24.54726368
"Number of businesses",2013,"Sales","Goods","Ireland",5442.16,35.30172414,31,1696.912179,7.546666667,26.99333333,355.2987407,2755.505071,34.13939394,5.183006536,180.75,7.178502879,102.7699071,79.60188475,20.9266055,46.46268657,47.9,8.690298507
"Number of businesses",2013,"Sales","Goods","Rest of the Europe Union (EU excluding Ireland)",1283.508766,26.25862069,7.5,482.6862021,NA,12.88,18.83525334,649.4565982,NA,NA,12,NA,12,31.34482759,NA,NA,NA,23.54726368
"Number of businesses",2013,"Sales","Goods","Rest of the World (all countries outside the UK and EU)",1157.799989,6.043103448,NA,456.5350274,NA,14.04666667,9.776429809,576.1177812,NA,NA,15,NA,14,31.34482759,NA,NA,NA,22.54726368
"Number of businesses",2013,"Sales","Goods","External Sales/Purchases (outside NI)",6872.128889,76.73275862,36.5,2110.834008,8.546666667,38.10666667,496.5724981,3340.602053,52.93867709,15.62189542,200.75,14.35700576,227.0827435,86.03045618,37.85321101,47.46268657,50.9,31.23756219
"Number of businesses",2013,"Sales","Goods","Exports (outside UK)",5861.805084,51.47413793,36.5,1831.810001,7.546666667,27.99333333,372.8516003,2959.090907,34.13939394,6.571895425,188.75,7.178502879,109.7699071,80.60188475,20.9266055,46.46268657,48.9,31.23756219
"Number of businesses",2013,"Sales","Goods","Imports (outside UK)",NA,NA,NA,NA,NA,NA,NA,NA,NA,NA,NA,NA,NA,NA,NA,NA,NA,NA
"Number of businesses",2013,"Sales","Services","All countries",28063.70474,134.3793103,39.66666667,1098.004448,102.5,96.49333333,6950.626801,2961.646769,1866.025644,962.6739191,1116.75,1652.351674,4436.774196,1071.166628,1042.358553,1313.871647,919.5904762,2298.824673
"Number of businesses",2013,"Sales","Services","Northern Ireland",26574.70086,130.3362069,38.66666667,998.1194264,95.55333333,94.32666667,6730.793845,2686.244345,1837.242233,959.7350302,980.75,1510.960119,4031.954669,993.4734443,1007.505342,1313.871647,879.7238095,2285.444076
"Number of businesses",2013,"Sales","Services","Great Britain",3799.681008,13.12931034,NA,248.6964742,6.946666667,12.71333333,577.4507429,460.8173325,441.2463529,58.35555556,490.25,266.6920452,860.8490744,149.9416329,144.7461774,5.61757085,NA,52.22873849
"Number of businesses",2013,"Sales","Services","Ireland",3933.180427,5.043103448,11.5,410.1415741,14.66,25.20666667,550.4648465,464.6735963,365.654713,13.36666667,682,35.7477074,957.5742456,68.40352858,127.4862385,35.42122183,87.76666667,78.06965174
"Number of businesses",2013,"Sales","Services","Rest of the Europe Union (EU excluding Ireland)",904.4273834,NA,NA,80.40307391,NA,NA,18.83525334,118.0849268,207.9712982,10.83333333,139,25.12476008,196.3359468,26.9266055,35.85321101,NA,41.86666667,NA
"Number of businesses",2013,"Sales","Services","Rest of the World (all countries outside the UK and EU)",935.2067855,NA,NA,75.24460444,NA,NA,17.43887104,81.53017707,121.4544151,12.22222222,153.5,25.12476008,318.0774863,26.00352858,55.11314985,NA,40.86666667,NA
"Number of businesses",2013,"Sales","Services","External Sales/Purchases (outside NI)",6611.826563,18.17241379,12.5,559.5155912,19.20666667,33.92,1023.734952,793.1991124,652.6903784,59.88888889,833.5,291.8168053,1597.147102,195.2118281,250.3058104,38.84648498,129.6333333,102.5371962
"Number of businesses",2013,"Sales","Services","Exports (outside UK)",4731.215319,5.043103448,11.5,465.4201197,14.66,26.37333333,562.9037175,612.9934783,411.482279,14.75555556,806.5,50.10471316,1237.348366,88.40705716,180.5993884,35.42122183,128.6333333,79.06965174
"Number of businesses",2013,"Sales","Services","Imports (outside UK)",NA,NA,NA,NA,NA,NA,NA,NA,NA,NA,NA,NA,NA,NA,NA,NA,NA,NA
"Number of businesses",2013,"Sales","All Transactions","All countries",43590.4449,450.6982759,98,3600.081289,177.1533333,120.18,8202.04618,11113.33273,2007.439736,3215.485483,1286.25,1743.305182,4618.796923,1162.284862,1098.388369,1366.181935,948.1333333,2382.687267
"Number of businesses",2013,"Sales","All Transactions","Northern Ireland",42029.53905,421.3965517,97,3491.467731,170.2066667,119.18,7985.609606,10827.21077,1978.656326,3212.546594,1102.25,1601.913628,4222.451849,1086.668601,1063.535158,1366.181935,907.2666667,2375.996968
"Number of businesses",2013,"Sales","All Transactions","Great Britain",6554.536509,53.47413793,20.33333333,1459.336102,8.946666667,33.87333333,658.6518104,1648.263536,443.2463529,58.35555556,503.25,266.6920452,981.0507997,187.6133835,147.7461774,5.61757085,9,69.08570366
"Number of businesses",2013,"Sales","All Transactions","Ireland",8380.581834,35.30172414,37.5,1843.657578,17.66,43.8,767.1677122,2882.401898,397.3774403,18.5496732,744.25,35.7477074,1014.437882,140.9284903,147.412844,58.15256511,117.1666667,79.06965174
"Number of businesses",2013,"Sales","All Transactions","Rest of the Europe Union (EU excluding Ireland)",2108.591641,26.25862069,7.5,521.2507126,NA,12.88,37.67050668,741.0355808,208.9712982,10.83333333,146,25.12476008,204.3359468,57.27143309,38.85321101,NA,43.86666667,24.54726368
"Number of businesses",2013,"Sales","All Transactions","Rest of the World (all countries outside the UK and EU)",2000.667458,6.043103448,NA,500.5129652,NA,16.38,27.21530084,607.9641976,123.4544151,12.22222222,164.5,25.12476008,329.0774863,56.34835617,58.11314985,NA,41.86666667,23.54726368
"Number of businesses",2013,"Sales","All Transactions","External Sales/Purchases (outside NI)",11797.91269,85.81896552,38.5,2294.086327,23.20666667,59.62666667,1282.49779,3486.27556,684.4131057,65.07189542,898.75,291.8168053,1707.874374,267.7367898,270.2324159,61.57782827,161.0333333,119.3941614
"Number of businesses",2013,"Sales","All Transactions","Exports (outside UK)",9457.147938,51.47413793,38.5,2004.986578,17.66,44.96666667,796.1594429,3144.6203,443.2050063,19.93856209,873.75,50.10471316,1297.212002,160.9320188,200.5259939,58.15256511,159.0333333,95.92661692
"Number of businesses",2013,"Sales","All Transactions","Imports (outside UK)",NA,NA,NA,NA,NA,NA,NA,NA,NA,NA,NA,NA,NA,NA,NA,NA,NA,NA
"Number of businesses",2013,"Purchases","Goods","All countries",38604.11824,380.9655172,99,3538.810178,126.6866667,103.54,7231.569894,10714.17428,1562.651026,3170.795098,709,867.0733632,3191.809771,937.9992225,992.8756225,1519.609195,765.447619,2692.110784
"Number of businesses",2013,"Purchases","Goods","Northern Ireland",36283.68394,364.7931034,94.5,3412.8059,104.5,96.59333333,7093.116271,9448.510908,1460.853037,3166.261765,537.5,844.5378546,3008.167306,866.1314037,904.242595,1494.672588,761.947619,2624.550253
"Number of businesses",2013,"Purchases","Goods","Great Britain",17073.35012,149.5086207,30.16666667,2078.678568,47.77333333,55.03333333,2169.503191,5977.145944,811.6882814,365.8416541,361.75,528.1955641,1353.574327,320.9593705,454.0679336,741.8602965,426.2238095,1201.379227
"Number of businesses",2013,"Purchases","Goods","Ireland",5927.045537,41.38793103,37.33333333,1381.959471,19.64,31.80666667,537.8336883,2686.678309,418.6601825,150.3911136,34.5,12.76775432,234.7331266,81.00985314,6.333333333,49.36595022,89.91904762,112.7257765
"Number of businesses",2013,"Purchases","Goods","Rest of the Europe Union (EU excluding Ireland)",3088.655477,17.17241379,14.33333333,624.6380137,22.18666667,15.04666667,172.4275742,1822.017247,23.05952381,NA,15.5,NA,126.8683919,38.92175066,19.9266055,47.78268657,122.8857143,NA
"Number of businesses",2013,"Purchases","Goods","Rest of the World (all countries outside the UK and EU)",1806.083293,5.043103448,NA,450.3535751,15.64,NA,54.82698399,991.7636977,5.5,NA,107.5,NA,60.97474747,21.9266055,6,5.722834008,73.44285714,NA
"Number of businesses",2013,"Purchases","Goods","External Sales/Purchases (outside NI)",19816.22289,177.8103448,47.83333333,2591.599528,71.50666667,68.29333333,2546.361925,6831.876703,1127.508488,497.3643917,467.25,536.374067,1478.297057,360.1990284,459.4012669,783.1987211,475.2666667,1296.081371
"Number of businesses",2013,"Purchases","Goods","Exports (outside UK)",NA,NA,NA,NA,NA,NA,NA,NA,NA,NA,NA,NA,NA,NA,NA,NA,NA,NA
"Number of businesses",2013,"Purchases","Goods","Imports (outside UK)",7573.745446,53.51724138,37.33333333,1646.809117,42.37333333,33.97333333,642.6746021,3540.593186,421.6601825,151.7800025,143,13.76775432,346.9348519,110.3546807,26.25993884,98.12620764,149.3619048,115.2257765
"Number of businesses",2013,"Purchases","Services","All countries",31697.48497,299.1034483,69.5,2260.356587,131.6666667,102.14,5254.972584,6629.222958,1723.412007,2236.686476,1123.25,1374.979313,4008.000286,888.3887612,1025.088675,1577.827551,781.2047619,2211.684891
"Number of businesses",2013,"Purchases","Services","Northern Ireland",30707.69742,299.1034483,68.5,2172.804681,125.12,92.79333333,5080.621161,6327.98228,1684.510708,2228.842031,1098.25,1311.962039,3896.837029,849.022505,991.2354639,1523.513781,779.7761905,2176.822771
"Number of businesses",2013,"Purchases","Services","Great Britain",12778.13319,120.2068966,25.66666667,983.5056407,37.28,46.15333333,1961.905334,2585.580271,788.352765,404.9112871,615.75,652.6408616,1679.765432,349.5976904,344.5150284,638.1357378,333.1285714,1211.037678
"Number of businesses",2013,"Purchases","Services","Ireland",2134.276537,NA,10.33333333,327.2502424,18.09333333,17.66,176.078968,507.2765161,218.905502,21.8,232.5,39.8925144,366.3128027,54.17101806,NA,22.44172768,93.67619048,18.88438881
"Number of businesses",2013,"Purchases","Services","Rest of the Europe Union (EU excluding Ireland)",755.0688917,NA,16.83333333,121.755949,9.546666667,9.88,48.22935304,79.85117016,72.27597868,13.47222222,120.5,11.76775432,136.270202,23.9266055,NA,NA,55.8,27.44734904
"Number of businesses",2013,"Purchases","Services","Rest of the World (all countries outside the UK and EU)",500.3380536,NA,NA,88.21614815,13.09333333,NA,6,71.01475901,35.91717172,8.033333333,128.5,8.178502879,63.53030303,NA,NA,NA,56.8,7.442194404
"Number of businesses",2013,"Purchases","Services","External Sales/Purchases (outside NI)",13867.96571,120.2068966,33.16666667,1148.054038,44.82666667,48.55333333,2062.19776,2836.193449,927.5656217,419.550176,733.75,660.8193645,1901.722469,385.4520418,347.5150284,643.7480455,334.2714286,1220.37273
"Number of businesses",2013,"Purchases","Services","Exports (outside UK)",NA,NA,NA,NA,NA,NA,NA,NA,NA,NA,NA,NA,NA,NA,NA,NA,NA,NA
"Number of businesses",2013,"Purchases","Services","Imports (outside UK)",2601.399366,NA,24.16666667,400.5065053,22.64,18.99333333,212.253174,561.6424696,219.905502,26.72222222,350,39.8925144,481.4718936,75.09762357,NA,25.54172768,93.67619048,38.88954345
"Number of businesses",2013,"Purchases","All Transactions","All countries",43718.46124,418.3534483,100,3602.715567,181.7,120.18,7969.408717,11051.20718,1886.074927,3215.485483,1294.25,1447.986564,4483.573651,1148.524923,1178.678124,1769.670605,908.7666667,2941.885382
"Number of businesses",2013,"Purchases","All Transactions","Northern Ireland",42000.61186,414.3103448,99,3519.042316,161.5133333,117.78,7839.203064,10141.70379,1850.459342,3211.952149,1131.75,1377.790787,4360.935941,1093.232061,1127.898308,1745.833999,907.2666667,2900.939751
"Number of businesses",2013,"Purchases","All Transactions","Great Britain",19406.28731,154.5517241,32.16666667,2154.066439,59.86666667,65.12666667,2400.637222,6019.598235,974.6312968,508.2300905,691.75,701.5233525,2012.33017,457.2341463,499.8544779,807.9946798,436.5809524,1430.144526
"Number of businesses",2013,"Purchases","All Transactions","Ireland",6956.782844,42.38793103,39.33333333,1419.0502,27.18666667,34.20666667,610.679195,2792.86324,582.386608,154.7022247,251.5,48.07101727,526.4207987,118.7213474,8.333333333,52.86821267,119.4619048,128.6101653
"Number of businesses",2013,"Purchases","All Transactions","Rest of the Europe Union (EU excluding Ireland)",3533.428691,17.17241379,18.83333333,655.8268912,24.18666667,18.38,189.1876692,1835.437481,79.77597868,14.86111111,128.5,12.76775432,252.9163717,59.84835617,20.9266055,49.97499426,124.8857143,29.94734904
"Number of businesses",2013,"Purchases","All Transactions","Rest of the World (all countries outside the UK and EU)",2057.883709,5.043103448,NA,469.9954143,17.64,NA,56.82698399,995.7636977,41.41717172,9.422222222,230.5,11.17850288,95.96212121,24.9266055,6,6.822834008,75.94285714,8.442194404
"Number of businesses",2013,"Purchases","All Transactions","External Sales/Purchases (outside NI)",22370.53236,182.8534483,50.83333333,2630.880653,84.6,76.24,2787.276062,6854.659954,1344.935496,641.0639392,903.25,713.2911068,2241.804294,502.8404709,502.8544779,835.3435939,485.6238095,1532.181722
"Number of businesses",2013,"Purchases","All Transactions","Exports (outside UK)",NA,NA,NA,NA,NA,NA,NA,NA,NA,NA,NA,NA,NA,NA,NA,NA,NA,NA
"Number of businesses",2013,"Purchases","All Transactions","Imports (outside UK)",8717.315062,54.51724138,43.83333333,1694.102762,49.92,36.37333333,726.1427039,3557.199134,583.386608,156.0911136,471,48.07101727,671.0117078,167.9927805,27.25993884,101.5361624,177.7619048,151.1153199
"Number of businesses",2014,"Sales","Goods","All countries",22438.64169,338.4285714,89.875,3272.19554,126.6888889,51.18888889,2787.406656,9973.001541,430.1924216,2533.982256,321.9040404,175.3484536,924.0628072,214.5827568,85.00826446,177.7817974,303.329304,633.6645031
"Number of businesses",2014,"Sales","Goods","Northern Ireland",21664.22307,300.5714286,89.875,3158.28878,126.6888889,40.41111111,2717.429575,9702.840037,397.0665365,2532.592012,308.4040404,164.5206186,789.636331,180.2172133,67.47933884,176.7817974,302.329304,609.0910568
"Number of businesses",2014,"Sales","Goods","Great Britain",3552.644944,33.14285714,11,1321.038597,NA,26.05555556,246.4129392,1494.983543,89.98992022,NA,87.85858586,18.4556701,71.668,34.52093165,19.7107438,29.24718196,32.3,22.33333333
"Number of businesses",2014,"Sales","Goods","Ireland",5237.265904,51.57142857,48.375,1671.120581,8.577777778,21.75555556,413.6120623,2551.78556,63.38016412,NA,96.69191919,5.863917526,148.1825969,40.12349576,NA,30.24718196,43.38461538,35.81355932
"Number of businesses",2014,"Sales","Goods","Rest of the Europe Union (EU excluding Ireland)",1292.847357,16.07142857,6,488.5478162,NA,18.75555556,43.41990847,587.8411003,NA,NA,43.63636364,NA,37.25066667,20.52892562,16.52892562,NA,NA,9.166666667
"Number of businesses",2014,"Sales","Goods","Rest of the World (all countries outside the UK and EU)",1073.936703,NA,NA,464.3909227,NA,21.53333333,25.71826625,394.1197171,56.45274477,NA,50.24747475,NA,38.91733333,NA,NA,NA,NA,10.16666667
"Number of businesses",2014,"Sales","Goods","External Sales/Purchases (outside NI)",6756.092137,75.35714286,52.375,2023.964419,16.35555556,34.03333333,534.6453172,3259.394418,94.66733957,9.129796035,128.6363636,20.5556701,234.2679302,75.34801366,35.23966942,31.29066023,75.68461538,55.14689266
"Number of businesses",2014,"Sales","Goods","Exports (outside UK)",5710.551177,60.28571429,52.375,1796.125093,9.577777778,27.53333333,418.4355917,2767.418146,65.2188738,6.170731707,103.3030303,6.963917526,204.3505969,55.65242138,17.52892562,30.24718196,44.38461538,44.98022599
"Number of businesses",2014,"Sales","Goods","Imports (outside UK)",NA,NA,NA,NA,NA,NA,NA,NA,NA,NA,NA,NA,NA,NA,NA,NA,NA,NA
"Number of businesses",2014,"Sales","Services","All countries",28811.38758,194,17.625,1204.671202,131.2444444,101.0888889,6886.68437,3169.682901,1842.052097,1026.061618,1256.045455,1657.881443,4824.581124,1351.478771,796.6316013,1348.588255,854.8391941,2148.231213
"Number of businesses",2014,"Sales","Services","Northern Ireland",27129.93973,194,16.625,1033.263283,126.4666667,99.08888889,6637.606424,3026.046732,1808.926212,1023.28113,917.8181818,1539.963918,4397.768956,1289.956867,780.1026757,1348.588255,772.5468864,2117.889651
"Number of businesses",2014,"Sales","Services","Great Britain",3711.492234,NA,NA,291.1134181,8.577777778,14.05555556,578.4041981,277.1563727,338.9391942,43.86445975,522.6666667,243.271134,998.7709625,104.0067285,113.7024793,59.63933883,63.6,49.723948
"Number of businesses",2014,"Sales","Services","Ireland",3545.089071,6.357142857,NA,387.7115956,NA,32.81111111,712.0368778,416.5725415,394.4112827,23.55132843,351.3181818,50.80309278,846.3212303,94.06638973,68.34647171,40.9015988,64.6,46.48022599
"Number of businesses",2014,"Sales","Services","Rest of the Europe Union (EU excluding Ireland)",879.4661249,NA,NA,87.69941691,NA,NA,38.43654645,85.81840347,203.1685895,20.42424242,116.2171717,16.4556701,171.6937557,24.69559229,35.28862047,29.33333333,31.3,15.93478261
"Number of businesses",2014,"Sales","Services","Rest of the World (all countries outside the UK and EU)",925.9643154,NA,NA,76.98497762,NA,NA,54.05655801,121.5209011,110.8451567,21.81448633,153.0505051,17.5556701,237.6012635,26.26824186,5.230769231,30.37681159,55.99230769,10.16666667
"Number of businesses",2014,"Sales","Services","External Sales/Purchases (outside NI)",6399.963587,6.357142857,6,590.0130263,9.577777778,43.36666667,1160.199567,599.6799229,515.9610989,45.25470365,828.4545455,275.1824742,1703.811438,177.3419217,148.9910998,71.2076043,120.5923077,97.97228993
"Number of businesses",2014,"Sales","Services","Exports (outside UK)",4198.199126,6.357142857,NA,462.2988706,NA,32.81111111,729.9366808,472.7423559,440.4454005,24.94157233,461.4242424,58.53092784,1094.694877,97.52792819,85.87539733,69.10530251,89.29230769,61.4150086
"Number of businesses",2014,"Sales","Services","Imports (outside UK)",NA,NA,NA,NA,NA,NA,NA,NA,NA,NA,NA,NA,NA,NA,NA,NA,NA,NA
"Number of businesses",2014,"Sales","All Transactions","All countries",43908.70339,476.5,90.875,3627.924672,241.5777778,118.6444444,8167.920623,10907.02128,2006.554557,3230.556782,1314.070707,1767.171134,5043.426267,1448.027759,832.0530889,1413.689207,938.4648352,2284.225257
"Number of businesses",2014,"Sales","All Transactions","Northern Ireland",42181.33082,439.6428571,90.875,3501.786678,236.8,115.4444444,7949.396106,10688.49416,1976.267382,3229.166538,976.6767677,1649.253608,4614.280765,1371.97693,815.5241633,1413.689207,858.1725275,2253.883694
"Number of businesses",2014,"Sales","All Transactions","Great Britain",6487.521208,34.14285714,13,1414.29141,15.35555556,37.11111111,705.9674322,1551.422959,345.0279038,43.86445975,582.3030303,247.1350515,1037.854963,128.7302243,116.8842975,59.63933883,94.9,59.89061467
"Number of businesses",2014,"Sales","All Transactions","Ireland",7757.780233,52.57142857,50.375,1854.026556,9.577777778,46.56666667,918.5236418,2652.006264,399.4999924,26.94157233,398.7878788,51.80309278,907.2581715,108.7224983,69.34647171,40.9015988,107.9846154,62.88700565
"Number of businesses",2014,"Sales","All Transactions","Rest of the Europe Union (EU excluding Ireland)",2034.033011,16.07142857,NA,531.4079218,NA,18.75555556,61.96171807,652.1970807,204.1685895,20.42424242,150.520202,17.5556701,180.3604223,43.22451791,51.81754609,29.33333333,32.3,15.93478261
"Number of businesses",2014,"Sales","All Transactions","Rest of the World (all countries outside the UK and EU)",1853.049724,NA,NA,505.4436716,NA,23.03333333,59.88008743,508.2872347,113.6838664,21.81448633,189.7979798,17.5556701,272.5185969,29.26824186,6.230769231,30.37681159,56.99230769,10.16666667
"Number of businesses",2014,"Sales","All Transactions","External Sales/Purchases (outside NI)",11534.17802,76.35714286,54.375,2249.011263,23.13333333,58.84444444,1404.734998,3358.158306,522.0498086,48.64494755,892.5353535,280.0463918,1796.665713,223.0558815,166.7018436,71.2076043,193.2769231,115.3790696
"Number of businesses",2014,"Sales","All Transactions","Exports (outside UK)",8748.633162,61.28571429,54.375,2015.305913,11.57777778,47.56666667,941.2469742,2879.60276,445.5341102,28.33181624,511.3383838,59.53092784,1185.215819,126.7129624,102.4043229,69.10530251,131.6769231,77.82178826
"Number of businesses",2014,"Sales","All Transactions","Imports (outside UK)",NA,NA,NA,NA,NA,NA,NA,NA,NA,NA,NA,NA,NA,NA,NA,NA,NA,NA
"Number of businesses",2014,"Purchases","Goods","All countries",39339.50524,414.5,90.875,3582.893338,144.8,107.0888889,7387.951232,10650.40881,1414.218406,3169.560477,902.3131313,902.1453608,3491.126314,1109.124233,735.0076717,1615.805225,849.0302198,2772.656931
"Number of businesses",2014,"Purchases","Goods","Northern Ireland",36869.91929,404.7857143,89.875,3453.630213,126.4666667,104.2888889,7227.800641,9404.941195,1269.156218,3098.817026,685.5505051,874.0979381,3277.968953,1099.874233,668.8919693,1608.956403,794.0379121,2680.779812
"Number of businesses",2014,"Purchases","Goods","Great Britain",16801.52232,118.9285714,21.625,2036.153682,47.02222222,48.56666667,1972.532219,5493.638292,486.2070555,593.9364034,506.6111111,478.1701031,1761.663913,325.4875165,336.7026383,720.0207094,368.0824176,1486.1738
"Number of businesses",2014,"Purchases","Goods","Ireland",5951.117816,40.85714286,49.5,1429.05619,13.57777778,32.23333333,696.8665958,2717.194041,290.7773943,145.2490429,104.7171717,10.72783505,220.2739849,42.45379879,6.692307692,5.54230179,61.17032967,84.22856792
"Number of businesses",2014,"Purchases","Goods","Rest of the Europe Union (EU excluding Ireland)",3302.454244,24.78571429,12,697.1760102,17.33333333,14.27777778,129.8562216,1931.482331,91.50976231,125.3737456,53.69191919,NA,95.42290196,15.80436035,NA,NA,69.83882784,20.85785953
"Number of businesses",2014,"Purchases","Goods","Rest of the World (all countries outside the UK and EU)",1731.762837,5.357142857,NA,493.2449444,NA,5.3,30.39473684,943.5545598,NA,NA,92.55050505,NA,38.03498039,8.461538462,NA,NA,102.5274725,NA
"Number of businesses",2014,"Purchases","Goods","External Sales/Purchases (outside NI)",19793.83547,155.7857143,55.625,2517.625788,63.35555556,57.34444444,2416.545087,6740.976582,711.5290058,772.4980372,517.7777778,487.8979381,1956.984945,349.3549036,338.7026383,723.5630111,403.6919414,1524.577103
"Number of businesses",2014,"Purchases","Goods","Exports (outside UK)",NA,NA,NA,NA,NA,NA,NA,NA,NA,NA,NA,NA,NA,NA,NA,NA,NA,NA
"Number of businesses",2014,"Purchases","Goods","Imports (outside UK)",7385.468824,50.57142857,54.5,1697.247422,23.13333333,32.23333333,768.1352053,3509.781511,292.616104,217.1749688,156.4090909,10.72783505,278.7753183,44.68456802,7.692307692,7.629258312,145.0054945,89.15164484
"Number of businesses",2014,"Purchases","Services","All countries",32233.45009,366.5714286,61.5,2438.383056,174.6666667,91.55555556,5315.978445,6359.476606,1642.167938,2165.292485,1136.525253,1487.869072,4161.288965,1072.55533,842.0658408,1744.969616,729.2230769,2443.36076
"Number of businesses",2014,"Purchases","Services","Northern Ireland",31228.24083,356.8571429,60.5,2348.219914,164.1111111,86.75555556,5155.131686,6032.510575,1621.902128,2165.292485,1080.388889,1448.229897,3970.200965,1048.622558,826.5369152,1713.665291,723.8897436,2425.425977
"Number of businesses",2014,"Purchases","Services","Great Britain",12051.75289,96.14285714,10.375,1019.403953,57.77777778,43.08888889,1532.803863,2457.729418,546.1329406,345.9968456,545.530303,613.9154639,1887.824342,419.1555896,297.1592181,780.2764617,276.3062271,1122.133741
"Number of businesses",2014,"Purchases","Services","Ireland",2230.020761,16.07142857,12.375,320.9734567,20.55555556,14.55555556,217.1098427,546.1944968,235.1420551,76.17001336,134.2171717,57.43092784,326.6975856,79.78130524,NA,NA,109.2102564,49.24945676
"Number of businesses",2014,"Purchases","Services","Rest of the Europe Union (EU excluding Ireland)",916.3108344,10.71428571,NA,164.2955198,NA,7,32.87018406,223.7278989,81.13863744,63.6036075,63.63636364,14.69175258,103.1049412,5.480769231,17.52892562,30.33333333,78.01794872,12.16666667
"Number of businesses",2014,"Purchases","Services","Rest of the World (all countries outside the UK and EU)",567.4279807,5.357142857,NA,102.4108339,NA,NA,NA,142.7630808,52.03411781,24.62401014,82.96969697,9.827835052,18.68627451,10.53846154,17.52892562,NA,77.68461538,18.78093645
"Number of businesses",2014,"Purchases","Services","External Sales/Purchases (outside NI)",13330.5437,114.5714286,15.625,1162.661644,72.33333333,46.08888889,1690.323617,2934.404614,688.3091182,362.7997594,589.2777778,656.7546392,2028.285198,459.767287,298.1592181,789.1687622,279.4728938,1142.540521
"Number of businesses",2014,"Purchases","Services","Exports (outside UK)",NA,NA,NA,NA,NA,NA,NA,NA,NA,NA,NA,NA,NA,NA,NA,NA,NA,NA
"Number of businesses",2014,"Purchases","Services","Imports (outside UK)",2765.205312,22.42857143,12.375,421.6051251,20.55555556,17.55555556,240.3716351,770.2856846,238.3642773,80.27454297,190.6868687,66.25876289,364.9482523,87.47361293,19.52892562,42.84203589,111.2102564,58.44064962
"Number of businesses",2014,"Purchases","All Transactions","All countries",44228.97763,450.3571429,93,3623.810637,228.2444444,118.6444444,7963.417768,10859.8721,1869.109114,3211.465872,1214.994949,1543.063918,4852.568172,1431.268064,923.1422871,1913.404139,911.1653846,3021.44919
"Number of businesses",2014,"Purchases","All Transactions","Northern Ireland",42659.77079,445,92,3549.709549,212.9111111,115.8444444,7825.230269,10072.31064,1839.079874,3171.722422,1193.828283,1495.696907,4638.229505,1407.335292,875.5555103,1879.791614,887.1397436,2958.385631
"Number of businesses",2014,"Purchases","All Transactions","Great Britain",18771.63201,118.9285714,22.625,2105.259627,70.13333333,57.14444444,2095.584188,5727.423447,633.0728609,656.2304871,677.3282828,646.9268041,2330.283855,499.7438343,374.8038462,851.377732,394.4413919,1510.324301
"Number of businesses",2014,"Purchases","All Transactions","Ireland",6997.9852,49.57142857,50.625,1460.902597,28.13333333,38.01111111,777.7170503,2959.259361,388.9703721,149.7332718,220.7676768,67.15876289,471.3737063,107.7299758,7.692307692,13.34547639,115.4959707,91.49779869
"Number of businesses",2014,"Purchases","All Transactions","Rest of the Europe Union (EU excluding Ireland)",3671.707581,29.14285714,13,733.9577963,20.33333333,19.27777778,156.2718602,1951.496457,137.8413822,138.4197773,74.02525253,14.69175258,190.292549,18.05436035,17.52892562,31.37681159,103.1388278,22.85785953
"Number of businesses",2014,"Purchases","All Transactions","Rest of the World (all countries outside the UK and EU)",2011.232929,10.71428571,NA,515.7568211,NA,5.3,30.39473684,970.1074806,55.28411781,24.62401014,134.2171717,9.827835052,50.60360784,18,18.52892562,NA,140.8274725,18.78093645
"Number of businesses",2014,"Purchases","All Transactions","External Sales/Purchases (outside NI)",21835.55866,164.5,56.75,2554.676191,99.02222222,67.92222222,2583.226684,6879.751487,851.470091,800.8731751,726.2424242,698.4938144,2577.8243,558.3613804,376.8038462,859.2853777,431.0509158,1549.304527
"Number of businesses",2014,"Purchases","All Transactions","Exports (outside UK)",NA,NA,NA,NA,NA,NA,NA,NA,NA,NA,NA,NA,NA,NA,NA,NA,NA,NA
"Number of businesses",2014,"Purchases","All Transactions","Imports (outside UK)",8525.406815,64.64285714,55.625,1740.841094,37.68888889,40.01111111,869.2474522,3677.146695,394.031304,221.6591977,293.6262626,75.98659794,564.792373,115.4222835,24.22123331,45.94433768,201.3311355,103.1889916
"Number of businesses",2015,"Sales","Goods","All countries",23667.55235,436.6,100.8571429,3465.470555,150.6190476,73.33333333,2972.170234,9989.636506,418.1102426,2907.245161,505.7393939,234.8977901,667.5353702,308.8862342,170.8568507,182.9864707,453.0833333,629.5246835
"Number of businesses",2015,"Sales","Goods","Northern Ireland",22871.10269,380.96,100.8571429,3306.652997,150.6190476,70,2795.926588,9763.182157,417.1102426,2905.689605,463.7621212,219.589779,595.8068934,290.1012211,156.200409,181.9864707,452.0833333,620.5746835
"Number of businesses",2015,"Sales","Goods","Great Britain",3391.659342,38.08,11.33333333,1301.962097,NA,31.47619048,245.7101587,1383.755167,9.5,NA,134.7712121,24.29281768,96.84859282,43.64533685,16.65644172,NA,NA,42.83607595
"Number of businesses",2015,"Sales","Goods","Ireland",5038.602258,73.68,62.0952381,1765.444566,6.428571429,35.23809524,421.9362784,2237.542154,9.983333333,NA,202.0757576,14.30801105,107.486051,69.82864669,NA,NA,22,NA
"Number of businesses",2015,"Sales","Goods","Rest of the Europe Union (EU excluding Ireland)",1193.288755,40.6,11,530.888491,NA,11.76190476,31.87064677,492.4306329,NA,NA,44.89393939,7.98480663,10,NA,NA,NA,NA,NA
"Number of businesses",2015,"Sales","Goods","Rest of the World (all countries outside the UK and EU)",989.6047931,NA,NA,481.1849025,NA,17.61904762,NA,390.6329564,NA,NA,12.91666667,NA,56.15231788,16.46001315,NA,NA,NA,NA
"Number of businesses",2015,"Sales","Goods","External Sales/Purchases (outside NI)",6617.739498,118.28,71.0952381,2113.37202,8.428571429,44.0952381,595.7870465,2934.214848,13.15,NA,280.7030303,29.6160221,212.9445329,102.2129587,16.65644172,NA,25,43.83607595
"Number of businesses",2015,"Sales","Goods","Exports (outside UK)",5476.258131,98.24,71.0952381,1882.148937,7.428571429,39.66666667,448.8069251,2416.216551,9.983333333,5.111111111,209.3257576,14.30801105,156.6383689,85.28865983,NA,NA,24,NA
"Number of businesses",2015,"Sales","Goods","Imports (outside UK)",NA,NA,NA,NA,NA,NA,NA,NA,NA,NA,NA,NA,NA,NA,NA,NA,NA,NA
"Number of businesses",2015,"Sales","Services","All countries",29809.69933,215.04,55.26190476,1182.891886,170.2857143,110.7619048,7184.00349,3130.660248,1743.177673,1226.176451,1354.754545,1680.885359,4905.63299,1316.13117,1074.185091,1306.786057,735.6363636,2417.428481
"Number of businesses",2015,"Sales","Services","Northern Ireland",27747.05831,192.48,54.26190476,1047.929489,156.5714286,107.3333333,6813.465217,2960.469879,1669.698588,1203.020895,1108.968182,1558.451657,4283.342412,1175.883894,1048.872207,1305.389831,687.5909091,2373.328481
"Number of businesses",2015,"Sales","Services","Great Britain",4088.931272,16.04,NA,273.4246382,19.14285714,NA,803.2284365,204.5559191,346.8902905,27.25555556,504.5121212,207.6353591,1130.636867,199.6768469,193.7030675,32.8507416,20,100.95
"Number of businesses",2015,"Sales","Services","Ireland",3197.720445,17.04,17.33333333,321.2047882,NA,35.66666667,356.9048498,390.3395727,294.7281052,NA,480.7287879,39.93922652,749.2832366,176.6886529,123.5644172,40.1507559,65.09090909,79.2
"Number of businesses",2015,"Sales","Services","Rest of the Europe Union (EU excluding Ireland)",879.2226261,7.52,NA,66.60487409,NA,NA,86.6119403,47.32061939,143.5504602,NA,91.51060606,16.96961326,236.7773158,58.81405041,49.62576687,28.92192513,33.04545455,8.95
"Number of businesses",2015,"Sales","Services","Rest of the World (all countries outside the UK and EU)",863.4928893,NA,NA,51.58003611,NA,NA,32.54506537,73.60341377,78.01396825,NA,149.2378788,6.32320442,245.1278968,80.83392619,26.31288344,30.31815155,77.09090909,8.95
"Number of businesses",2015,"Sales","Services","External Sales/Purchases (outside NI)",6455.083181,32.08,18.33333333,506.2128984,28,41.0952381,977.1670831,528.8302078,529.40238,27.25555556,818.9424242,219.281768,1810.024789,356.9536233,266.6417178,45.47579878,113.1363636,136.25
"Number of businesses",2015,"Sales","Services","Exports (outside UK)",3900.774388,17.04,17.33333333,361.2332538,NA,35.66666667,385.7754965,447.4301992,334.9966237,NA,599.3833333,42.60082873,1030.785183,236.0625659,136.2208589,41.54698232,113.1363636,88.15
"Number of businesses",2015,"Sales","Services","Imports (outside UK)",NA,NA,NA,NA,NA,NA,NA,NA,NA,NA,NA,NA,NA,NA,NA,NA,NA,NA
"Number of businesses",2015,"Sales","All Transactions","All countries",45851.32066,576.96,104.3571429,3804.898902,293.3333333,129.8095238,8474.951445,11092.85833,2023.361985,3535.25,1450.742424,1784.026243,5121.437468,1450.215134,1124.810857,1370.76935,980.2878788,2533.250633
"Number of businesses",2015,"Sales","All Transactions","Northern Ireland",43694.28886,513.8,104.3571429,3665.156215,279.6190476,126.4761905,8109.769022,10836.29184,1950.8829,3512.094444,1207.956061,1657.930939,4527.723049,1311.967858,1098.497974,1369.373124,933.2424242,2489.150633
"Number of businesses",2015,"Sales","All Transactions","Great Britain",6778.825683,53.12,12.33333333,1389.175979,21.14285714,36.9047619,913.9725314,1442.092638,353.2236238,27.25555556,562.4393939,216.6201657,1167.957073,220.1978849,197.7030675,32.8507416,22,109.8360759
"Number of businesses",2015,"Sales","All Transactions","Ireland",7421.515297,82.2,62.0952381,1894.593862,NA,53.28571429,665.870712,2359.368314,303.3114386,NA,562.1833333,46.26243094,824.7709064,216.7259952,126.5644172,40.1507559,87.09090909,79.2
"Number of businesses",2015,"Sales","All Transactions","Rest of the Europe Union (EU excluding Ireland)",1989.378592,40.6,11,563.9682017,NA,11.76190476,117.4825871,524.1900999,146.0337936,NA,129.2378788,16.96961326,242.7773158,59.81405041,51.62576687,28.92192513,34.04545455,8.95
"Number of businesses",2015,"Sales","All Transactions","Rest of the World (all countries outside the UK and EU)",1769.607382,NA,NA,510.4718013,NA,17.61904762,36.54506537,445.6411598,79.09730159,NA,155.4878788,6.32320442,272.7040557,92.49036791,29.31288344,30.31815155,79.09090909,8.95
"Number of businesses",2015,"Sales","All Transactions","External Sales/Purchases (outside NI)",11578.95049,125.8,72.0952381,2281.91122,34.42857143,64.14285714,1351.673304,3078.504776,537.9857133,29.81111111,879.119697,230.9281768,1887.512459,409.6474073,270.6417178,45.47579878,135.1363636,144.1360759
"Number of businesses",2015,"Sales","All Transactions","Exports (outside UK)",8452.129235,99.24,71.0952381,2030.857479,16.28571429,54.28571429,720.6120055,2556.390538,343.5799571,5.111111111,682.0878788,48.92403315,1130.849012,287.75635,140.2208589,41.54698232,135.1363636,88.15
"Number of businesses",2015,"Sales","All Transactions","Imports (outside UK)",NA,NA,NA,NA,NA,NA,NA,NA,NA,NA,NA,NA,NA,NA,NA,NA,NA,NA
"Number of businesses",2015,"Purchases","Goods","All countries",40324.82218,438.6,103.3571429,3727.731959,170.7619048,116.0952381,7342.846503,10779.17285,1494.17497,3378.2,998.4575758,881.0409761,3563.170353,1064.034814,804.8869311,1636.740855,965.9545455,2859.59557
"Number of businesses",2015,"Purchases","Goods","Northern Ireland",37636.02217,414.04,94.35714286,3608.68414,158.9047619,103.9047619,7174.510389,9384.206629,1404.259938,3351.3,774.0939394,865.0713628,3265.442919,1033.07193,710.6353974,1605.084197,915.6590909,2772.79557
"Number of businesses",2015,"Purchases","Goods","Great Britain",18012.56407,121.8,34.9047619,2096.125947,69.76190476,71.33333333,2182.667997,5767.978086,548.6897235,586.5616589,666.8545455,529.0225599,1671.608134,469.3360385,413.8944607,892.4507318,409.6969697,1479.877215
"Number of businesses",2015,"Purchases","Goods","Ireland",6201.275629,52.12,69.26190476,1510.971463,15.85714286,39.23809524,623.9909793,2673.881287,292.4961685,195.1710734,134.0151515,12.64640884,274.1711055,41.98090062,29.31288344,6.034079624,87.59090909,142.5360759
"Number of businesses",2015,"Purchases","Goods","Rest of the Europe Union (EU excluding Ireland)",3579.907197,34.08,17.33333333,682.5920661,11.85714286,24.85714286,231.5928763,1990.112239,17.16904762,119.1555556,84.70454545,NA,138.0075346,25.72103799,28.31288344,NA,105.0909091,61.33607595
"Number of businesses",2015,"Purchases","Goods","Rest of the World (all countries outside the UK and EU)",1865.10877,NA,5.333333333,451.8533943,6.428571429,6.333333333,54.82838276,1070.847721,NA,NA,49.47727273,NA,61.66001019,10.86459627,39.96932515,NA,37.54545455,59.08607595
"Number of businesses",2015,"Purchases","Goods","External Sales/Purchases (outside NI)",20972.38777,177.44,82.54761905,2621.549802,88.9047619,83.85714286,2616.979926,6845.020554,712.105887,832.4533331,671.8545455,534.3457643,1880.337814,474.9360385,427.5509025,896.088585,472.2878788,1554.127215
"Number of businesses",2015,"Purchases","Goods","Exports (outside UK)",NA,NA,NA,NA,NA,NA,NA,NA,NA,NA,NA,NA,NA,NA,NA,NA,NA,NA
"Number of businesses",2015,"Purchases","Goods","Imports (outside UK)",8027.789572,68.16,79.26190476,1766.216676,27.14285714,44.23809524,745.1554928,3680.698436,293.8961685,310.5210734,177.2424242,16.30801105,353.2534285,56.83734234,41.96932515,8.170443261,188.1818182,170.5360759
"Number of businesses",2015,"Purchases","Services","All countries",32453.25647,400,94.5,2512.737253,291.3333333,110.4285714,5653.444534,5898.099312,1674.855234,2193.110512,1196.478788,1416.38674,4323.934526,1107.799763,873.5670693,1635.95272,775.3939394,2295.234177
"Number of businesses",2015,"Purchases","Services","Northern Ireland",31137.10394,391.48,93.5,2433.643969,281.047619,101.6666667,5540.906994,5526.743153,1625.688742,2079.260512,1077.130303,1373.801105,4120.909472,1066.108699,776.7937964,1602.044793,753.1439394,2293.234177
"Number of businesses",2015,"Purchases","Services","Great Britain",13551.24607,99.24,24.9047619,1061.924639,112.4761905,55.61904762,1842.483741,2327.956426,551.0573745,562.5648684,740.5818182,632.1735727,2004.173605,575.5701521,434.6154987,1028.547436,213.2575758,1284.099367
"Number of businesses",2015,"Purchases","Services","Ireland",2167.572954,26.56,30.92857143,335.3528154,41.85714286,14.52380952,211.8663634,458.465476,167.510005,62.46199524,164.2151515,43.60082873,298.3019497,110.6127282,58.147506,9.255550203,87.59090909,46.3221519
"Number of businesses",2015,"Purchases","Services","Rest of the Europe Union (EU excluding Ireland)",1081.021079,16.04,NA,160.1271862,10.42857143,7.333333333,49.16971219,176.6819135,53.64544974,85.94926265,133.1818182,NA,157.5375397,36.04774607,28.31288344,30.11547352,82.09090909,43.03607595
"Number of businesses",2015,"Purchases","Services","Rest of the World (all countries outside the UK and EU)",622.1198903,NA,NA,108.9623079,15.28571429,NA,NA,82.78816299,52.60185185,7.27294686,130.1545455,9.98480663,42.65674502,39.7694852,27.31288344,NA,55.04545455,41.9721519
"Number of businesses",2015,"Purchases","Services","External Sales/Purchases (outside NI)",14689.73084,131.32,41.69047619,1242.544438,145.3333333,61.04761905,1962.425982,2596.27866,617.4085065,649.0078508,787.5590909,653.8047882,2189.346118,600.9096684,437.6154987,1034.586408,244.8030303,1294.049367
"Number of businesses",2015,"Purchases","Services","Exports (outside UK)",NA,NA,NA,NA,NA,NA,NA,NA,NA,NA,NA,NA,NA,NA,NA,NA,NA,NA
"Number of businesses",2015,"Purchases","Services","Imports (outside UK)",2851.243537,35.08,31.92857143,433.1735567,56.57142857,17.52380952,248.3694089,579.7994232,191.5459309,142.9731063,279.369697,46.26243094,396.7604316,112.6127282,58.147506,39.33091677,118.6363636,63.15822785
"Number of businesses",2015,"Purchases","All Transactions","All countries",45399.40262,508.28,105.5,3787.93535,321.7619048,129.8095238,8160.280512,10882.91492,1967.584207,3513.65,1311.333333,1490.25,4843.520929,1397.637896,1062.736803,1773.103858,1003.666667,3139.436709
"Number of businesses",2015,"Purchases","All Transactions","Northern Ireland",43360.18794,499.76,96.5,3729.721499,310.4761905,117.6190476,7905.438836,9926.151696,1887.567149,3510.65,1227.378788,1439.679558,4639.149979,1369.925013,920.3377637,1738.874503,954.3712121,3086.586709
"Number of businesses",2015,"Purchases","All Transactions","Great Britain",20380.77565,122.8,35.9047619,2171.173152,121.3333333,75.76190476,2411.602309,5865.243553,688.9455645,653.6638328,890.4136364,659.1279926,2348.267785,675.914402,576.4927993,1111.328796,455.030303,1517.771519
"Number of businesses",2015,"Purchases","All Transactions","Ireland",7071.239024,60.64,70.4047619,1568.415661,48.28571429,44.66666667,676.2436045,2773.016066,378.4859938,197.2710734,216.4424242,52.58563536,464.8455817,124.0773244,58.147506,12.75703978,171.1818182,153.7721519
"Number of businesses",2015,"Purchases","All Transactions","Rest of the Europe Union (EU excluding Ireland)",4050.410249,41.6,17.33333333,699.5828321,19.28571429,28.85714286,273.5959218,2000.769815,57.87164021,167.1548182,142.4318182,12.64640884,263.6612231,58.76878406,28.31288344,30.11547352,137.1363636,71.28607595
"Number of businesses",2015,"Purchases","All Transactions","Rest of the World (all countries outside the UK and EU)",2207.866595,NA,5.333333333,481.7165306,17.28571429,6.333333333,56.82838276,1084.079605,55.68518519,7.27294686,138.9045455,9.98480663,96.16290906,47.43408147,39.96932515,NA,87.59090909,67.9721519
"Number of businesses",2015,"Purchases","All Transactions","External Sales/Purchases (outside NI)",23389.69677,186.96,84.69047619,2667.959522,162.047619,90.28571429,2870.610467,6923.06249,851.0717281,872.7207244,901.6636364,683.4208103,2583.977471,704.2539183,579.4927993,1117.336668,518.1212121,1592.021519
"Number of businesses",2015,"Purchases","All Transactions","Exports (outside UK)",NA,NA,NA,NA,NA,NA,NA,NA,NA,NA,NA,NA,NA,NA,NA,NA,NA,NA
"Number of businesses",2015,"Purchases","All Transactions","Imports (outside UK)",9058.507087,77.68,80.4047619,1812.373292,69.85714286,49.66666667,831.9111635,3755.605851,402.5219197,312.6210734,332.0969697,57.90883978,612.8102277,138.7337661,59.147506,42.83240635,223.7272727,198.6082278
"Number of businesses",2016,"Sales","Goods","All countries",25128.15352,349.2277228,87,3619.230106,131.2916667,144.9583333,3025.349929,10597.16888,373.0783299,3303.925643,531.6115079,216.858156,994.8051778,354.9551005,103.4047619,179.5921982,438.0567766,677.6392305
"Number of businesses",2016,"Sales","Goods","Northern Ireland",24486.40495,323.7029703,87,3450.00736,130.2916667,139.4583333,2909.858398,10485.40305,354.0783299,3302.238143,467.5412132,202.212766,959.0096604,348.0662116,77.8452381,175.5921982,407.6476856,666.4517305
"Number of businesses",2016,"Sales","Goods","Great Britain",3568.215513,23.64356436,9.25,1303.742214,NA,13,311.9889358,1401.966697,24.33333333,NA,136.1814059,22.96808511,154.6439134,42.76221001,28.55952381,6,31.40909091,53.0790404
"Number of businesses",2016,"Sales","Goods","Ireland",5130.706359,27.52475248,51.97857143,1916.467914,27.45833333,38.45833333,416.8143132,2236.622659,9.119047619,NA,136.3202948,15.89539007,167.3091066,43.23840049,NA,NA,NA,30.57840909
"Number of businesses",2016,"Sales","Goods","Rest of the Europe Union (EU excluding Ireland)",1183.712006,37.28712871,7,554.250676,23.45833333,8.333333333,26.53603604,424.1560762,5.333333333,NA,37.11111111,7.322695035,22.5323741,NA,NA,NA,NA,19.39090909
"Number of businesses",2016,"Sales","Goods","Rest of the World (all countries outside the UK and EU)",832.0259834,NA,NA,480.7178131,NA,6.166666667,29.53603604,175.6150881,5.333333333,NA,64.625,NA,37.0647482,NA,NA,NA,NA,19.39090909
"Number of businesses",2016,"Sales","Goods","External Sales/Purchases (outside NI)",6713.50454,61.93069307,56.97857143,2266.05167,51.91666667,40.45833333,665.8886416,2804.929657,29.11904762,NA,228.0155896,31.54078014,269.5225644,76.496337,28.55952381,NA,33.40909091,56.0790404
"Number of businesses",2016,"Sales","Goods","Exports (outside UK)",5488.601439,58.93069307,56.97857143,2029.636604,50.91666667,40.45833333,467.8863853,2300.035455,10.11904762,NA,168.9452948,15.89539007,195.3738548,45.23840049,NA,5.233333333,NA,32.57840909
"Number of businesses",2016,"Sales","Goods","Imports (outside UK)",NA,NA,NA,NA,NA,NA,NA,NA,NA,NA,NA,NA,NA,NA,NA,NA,NA,NA
"Number of businesses",2016,"Sales","Services","All countries",30490.79766,325.5841584,32.02857143,1272.162706,108.1666667,343.125,7447.158275,2958.152708,2032.623188,673.2775213,1647.01678,1899.964539,5323.176368,1589.069414,565.2611111,1217.047359,739.534965,2317.448329
"Number of businesses",2016,"Sales","Services","Northern Ireland",28258.49774,318.7029703,29.77857143,1152.636949,102.8333333,342.125,7100.807446,2751.008734,1910.659765,629.4233546,1309.144048,1768.156028,4624.708991,1529.350366,466.0230159,1212.761645,717.3041958,2293.073329
"Number of businesses",2016,"Sales","Services","Great Britain",4110.687687,14.76237624,NA,282.8043977,NA,32.29166667,786.0341901,118.1540231,382.9085576,45.97181373,601.6012472,229.4308511,1177.968246,124.4944777,153.5793651,46.24883721,46.46153846,62.72609923
"Number of businesses",2016,"Sales","Services","Ireland",3253.999809,NA,NA,241.5074166,NA,42.79166667,499.907582,255.4164981,406.4696342,5.805147059,548.397619,19.14539007,766.3987427,131.3545788,103.2380952,51.7883887,98.3513986,75.17765152
"Number of businesses",2016,"Sales","Services","Rest of the Europe Union (EU excluding Ireland)",855.1482582,NA,NA,95.23455242,5.333333333,NA,12.2,6.210526316,245.857833,NA,175.0924036,9.572695035,224.036518,15.45238095,NA,5.348837209,23.23076923,30.57840909
"Number of businesses",2016,"Sales","Services","Rest of the World (all countries outside the UK and EU)",746.2233636,NA,NA,58.92586207,NA,NA,10.89285714,NA,92.69047619,NA,195.010034,NA,221.8115032,43.39285714,28.55952381,NA,52.63986014,29.57840909
"Number of businesses",2016,"Sales","Services","External Sales/Purchases (outside NI)",6316.262907,15.76237624,7.5,473.6217633,8.333333333,68.25,1090.652023,358.7400829,641.9837819,49.77696078,831.6732426,237.7535461,1792.103433,195.7809857,180.1388889,93.6883887,151.9912587,118.5128417
"Number of businesses",2016,"Sales","Services","Exports (outside UK)",3746.364905,NA,NA,306.7832787,7.333333333,43.79166667,501.907582,257.8521416,488.0783299,7.492647059,614.1966553,19.14539007,986.0271762,132.3545788,104.2380952,52.7883887,129.7604895,87.36515152
"Number of businesses",2016,"Sales","Services","Imports (outside UK)",NA,NA,NA,NA,NA,NA,NA,NA,NA,NA,NA,NA,NA,NA,NA,NA,NA,NA
"Number of businesses",2016,"Sales","All Transactions","All countries",47517.82322,593.3564356,91.5,3988.119669,210,399.5416667,8661.112995,11297.44977,2229.782609,3615.912733,1739.663039,1944.900709,5549.957497,1801.875275,592.9873016,1264.207359,1018.36014,2519.096019
"Number of businesses",2016,"Sales","All Transactions","Northern Ireland",45334.08017,562.950495,91.5,3858.324701,205.6666667,396.5416667,8339.298202,11096.00652,2110.676329,3613.225233,1402.790306,1805.769504,4875.554868,1742.156227,493.7492063,1260.207359,996.1293706,2483.533519
"Number of businesses",2016,"Sales","All Transactions","Great Britain",6998.839304,37.40594059,NA,1363.786195,NA,44.29166667,904.4748828,1496.644111,403.241891,46.97181373,690.580839,236.7535461,1238.097743,155.1651127,156.5793651,47.24883721,77.87062937,85.22673054
"Number of businesses",2016,"Sales","All Transactions","Ireland",7722.657207,28.52475248,51.97857143,2010.516345,28.45833333,51.45833333,789.9843771,2336.361049,411.8029676,5.805147059,586.647619,27.71808511,894.8097677,162.8029915,106.2380952,53.02172204,100.3513986,76.17765152
"Number of businesses",2016,"Sales","All Transactions","Rest of the Europe Union (EU excluding Ireland)",1937.144936,37.28712871,7,595.5946154,28.79166667,9.333333333,38.73603604,427.3666025,250.1911663,NA,205.0924036,9.572695035,240.5688921,17.45238095,NA,6.348837209,24.23076923,31.57840909
"Number of businesses",2016,"Sales","All Transactions","Rest of the World (all countries outside the UK and EU)",1491.787702,NA,NA,502.4178131,NA,6.166666667,39.42889318,177.0507316,97.02380952,NA,253.010034,NA,240.3438773,47.28174603,31.55952381,NA,53.63986014,30.57840909
"Number of businesses",2016,"Sales","All Transactions","External Sales/Purchases (outside NI)",11734.2503,74.69306931,57.97857143,2387.451953,59.25,78.91666667,1501.31269,2949.481055,648.3171153,49.77696078,894.6732426,252.3989362,1922.514458,252.0111444,183.1388889,95.92172204,184.4003497,142.013473
"Number of businesses",2016,"Sales","All Transactions","Exports (outside UK)",8501.555447,59.93069307,56.97857143,2145.879479,57.25,54.45833333,842.0564492,2399.773845,494.4116632,7.492647059,681.4466553,27.71808511,1127.970575,162.8029915,107.2380952,55.02172204,131.7604895,89.36515152
"Number of businesses",2016,"Sales","All Transactions","Imports (outside UK)",NA,NA,NA,NA,NA,NA,NA,NA,NA,NA,NA,NA,NA,NA,NA,NA,NA,NA
"Number of businesses",2016,"Purchases","Goods","All countries",40565.79398,427.6831683,78.9,3889.947995,114.1666667,327,7548.829875,10989.95795,1515.34334,3518.473339,1178.039569,718.4060284,3495.37892,1258.021417,471.1701465,1358.827049,959.6131369,2716.035376
"Number of businesses",2016,"Purchases","Goods","Northern Ireland",38380.52228,407.039604,78.9,3792.848401,85.375,321.6666667,7381.410203,9597.654488,1503.954451,3507.651224,1041.071202,674.4698582,3393.893754,1252.021417,443.6106227,1353.353212,926.8707126,2618.731462
"Number of businesses",2016,"Purchases","Goods","Great Britain",10472.09068,65.81188119,40.98571429,1740.346993,8,117.1666667,1064.969292,4698.451439,212.6991028,137.9286011,519.2485828,102.9450355,782.6464801,160.7260406,59.94126984,178.9186545,115.3754579,465.9294712
"Number of businesses",2016,"Purchases","Goods","Ireland",6291.363206,25.64356436,51.22857143,1588.362204,NA,41.79166667,873.2034053,2678.558903,165.3205659,143.1077677,82.60736961,16.89539007,255.0711769,107.6796703,NA,44.05359911,117.4582917,85.04772727
"Number of businesses",2016,"Purchases","Goods","Rest of the Europe Union (EU excluding Ireland)",3107.370891,22.64356436,11.5,781.7547957,53.25,13.83333333,120.2842986,1783.197681,19.45238095,13.93014706,43.00736961,7.322695035,78.30471008,48.50506716,NA,35.9,67.31818182,NA
"Number of businesses",2016,"Purchases","Goods","Rest of the World (all countries outside the UK and EU)",1734.914304,NA,NA,495.8820656,5.333333333,8.333333333,84.24195827,841.6942897,8.333333333,NA,38.73611111,NA,96.81390272,15.12332112,28.55952381,36.66666667,39.90909091,32.03737374
"Number of businesses",2016,"Purchases","Goods","External Sales/Purchases (outside NI)",13618.65859,94.33663366,58.37142857,2362.531854,60.25,121.6666667,1622.603883,5888.705921,283.9982747,260.167138,555.8531746,111.2677305,976.7306866,218.1863581,88.50079365,183.4377021,233.0834998,498.9668449
"Number of businesses",2016,"Purchases","Goods","Exports (outside UK)",NA,NA,NA,NA,NA,NA,NA,NA,NA,NA,NA,NA,NA,NA,NA,NA,NA,NA
"Number of businesses",2016,"Purchases","Goods","Imports (outside UK)",7731.372415,39.40594059,56.22857143,1894.411734,58.25,46.29166667,906.4844026,3444.85958,169.6538992,144.7952677,144.8786281,16.89539007,324.4638166,137.8545788,31.55952381,46.05359911,150.8673826,118.4184343
"Number of businesses",2016,"Purchases","Services","All countries",30618.34053,324.7029703,90.5,2983.058816,160.0833333,297.5416667,5580.801026,5672.924427,1624.956867,1637.485315,1423.840306,1376.303191,4051.28321,1138.740682,488.1809524,1232.684568,665.3190976,1869.934098
"Number of businesses",2016,"Purchases","Services","Northern Ireland",29573.39734,324.7029703,89.5,2904.918366,160.0833333,286.7083333,5464.896283,5336.332796,1556.348171,1596.318648,1318.268197,1339.689716,3893.347416,1131.407348,488.1809524,1228.04052,619.5242258,1835.130058
"Number of businesses",2016,"Purchases","Services","Great Britain",5077.455831,16.76237624,21.38571429,729.7204132,8,22.5,728.1573112,749.8530591,324.1887509,43.24722851,578.9160998,180.9219858,893.3447679,211.809374,87.50079365,174.1181506,122.8752081,184.1545974
"Number of businesses",2016,"Purchases","Services","Ireland",2212.111686,11.88118812,12.03571429,360.4003582,9.333333333,13.16666667,250.2171487,394.9479519,239.2308489,71.29104449,303.3460317,33.79078014,253.70682,34.78315018,53.11904762,43.28693245,92.87062937,34.7040404
"Number of businesses",2016,"Purchases","Services","Rest of the Europe Union (EU excluding Ireland)",844.419345,NA,NA,155.1554089,6.333333333,NA,40.42492492,181.001172,87.56349206,13.77211538,171.4812925,NA,60.00763864,19.77460317,NA,37.24883721,58.13986014,NA
"Number of businesses",2016,"Purchases","Services","Rest of the World (all countries outside the UK and EU)",690.5837805,NA,NA,95.05193375,5.333333333,NA,8.888888889,55.56300813,49.80952381,6.2,209.1414399,NA,114.8655076,67.56776557,NA,39.5345515,30.73076923,NA
"Number of businesses",2016,"Purchases","Services","External Sales/Purchases (outside NI)",6389.075199,25.64356436,27.02857143,878.7354548,13.33333333,25.66666667,887.5904831,1055.759539,459.5172533,96.95139517,741.3844671,203.8900709,1044.252967,244.9800089,114.0603175,179.8705316,182.7650683,207.6455065
"Number of businesses",2016,"Purchases","Services","Exports (outside UK)",NA,NA,NA,NA,NA,NA,NA,NA,NA,NA,NA,NA,NA,NA,NA,NA,NA,NA
"Number of businesses",2016,"Purchases","Services","Imports (outside UK)",2747.132778,11.88118812,12.03571429,441.4533231,10.33333333,15.33333333,253.2171487,504.3153817,243.1197378,75.72854449,477.5013605,33.79078014,313.8363164,93.44981685,54.11904762,44.28693245,124.2797203,38.45109923
"Number of businesses",2016,"Purchases","All Transactions","All countries",47073.13777,516.9009901,91.5,3969.370679,211,399.5416667,8495.946966,11244.12194,2082.956522,3636.988491,1630.989116,1620.452128,5046.905733,1650.289344,650.5391941,1730.951163,1039.590909,3055.092929
"Number of businesses",2016,"Purchases","All Transactions","Northern Ireland",45440.46123,504.1386139,91.5,3929.114952,211,394.2083333,8334.420151,10207.32606,2057.067633,3633.300991,1527.75034,1583.838652,4918.674701,1647.289344,623.9796703,1728.826163,1038.257576,3009.768056
"Number of businesses",2016,"Purchases","All Transactions","Great Britain",12380.38271,65.81188119,40.98571429,1798.542487,10,122.5,1278.394658,4808.39008,419.5807453,147.7013952,832.0445011,224.858156,1264.52588,297.0282384,137.6198413,224.6865393,171.265318,536.4472742
"Number of businesses",2016,"Purchases","All Transactions","Ireland",7339.751605,25.64356436,52.22857143,1647.901965,11.33333333,44.95833333,940.6845374,2827.981538,364.1942719,149.4202677,328.4793651,41.11347518,394.860754,122.0252137,55.11904762,46.63576966,169.4198302,117.7517677
"Number of businesses",2016,"Purchases","All Transactions","Rest of the Europe Union (EU excluding Ireland)",3451.49506,22.64356436,11.5,809.9255516,53.25,16,124.2842986,1792.098762,92.8968254,21.95226244,176.1479592,8.572695035,129.8679043,53.79078144,NA,37.24883721,93.04895105,NA
"Number of businesses",2016,"Purchases","All Transactions","Rest of the World (all countries outside the UK and EU)",2217.184458,NA,NA,531.4005842,6.333333333,9.333333333,90.68640271,842.6942897,52.14285714,6.2,240.1414399,NA,187.2581473,76.07570208,28.55952381,40.5345515,67.63986014,33.68443256
"Number of businesses",2016,"Purchases","All Transactions","External Sales/Purchases (outside NI)",15838.11537,94.33663366,59.37142857,2409.038895,62.25,128.1666667,1889.867524,5948.786267,597.3195307,264.729638,945.5332766,247.8262411,1558.851157,357.4806194,189.7388889,230.4389203,282.7950383,571.584648
"Number of businesses",2016,"Purchases","All Transactions","Exports (outside UK)",NA,NA,NA,NA,NA,NA,NA,NA,NA,NA,NA,NA,NA,NA,NA,NA,NA,NA
"Number of businesses",2016,"Purchases","All Transactions","Imports (outside UK)",8900.507089,39.40594059,57.22857143,1917.099512,59.25,48.45833333,972.9655347,3542.792808,368.5276052,152.1077677,506.3013605,41.11347518,519.3828901,207.2514042,81.67857143,48.63576966,201.8289211,136.4786245
"Number of businesses",2017,"Sales","Goods","All countries",25886.60505,496.9565217,95,3710.478218,222.3333333,90.95238095,3558.362808,10222.03637,453.1298077,3188.556083,587.6026832,148.1506849,997.3390043,678.1317709,83.78078818,290.5411654,477.5666667,585.686764
"Number of businesses",2017,"Sales","Goods","Northern Ireland",24896.65702,451.3913043,89.41666667,3528.838737,222.3333333,86.61904762,3466.385535,9916.968977,450.6298077,3158.134058,484.3604231,148.1506849,848.7815274,665.4460566,46.21182266,289.5411654,459.0111111,584.436764
"Number of businesses",2017,"Sales","Goods","Great Britain",4001.978678,35.54347826,16.38333333,1418.797867,61.52380952,51.14285714,197.2417978,1688.48589,10.875,86.57091555,167.127451,NA,76.25426357,28.10995671,78.13793103,NA,69.98412698,12.8
"Number of businesses",2017,"Sales","Goods","Ireland",5749.681102,42.80434783,38.43333333,1965.764895,31.76190476,18.71428571,441.7576516,2528.514722,31.28846154,NA,247.744324,NA,187.3644536,101.1189655,NA,NA,70.98412698,33.42962963
"Number of businesses",2017,"Sales","Goods","Rest of the Europe Union (EU excluding Ireland)",1178.830449,44.56521739,NA,605.1841021,NA,37.42857143,8.136363636,364.976512,NA,NA,37.19444444,NA,14.66666667,NA,NA,NA,50.42857143,NA
"Number of businesses",2017,"Sales","Goods","Rest of the World (all countries outside the UK and EU)",1154.108479,NA,NA,496.8035521,NA,10.66666667,43.83162991,403.9936805,5.625,NA,81.47875817,NA,49.28062016,NA,NA,NA,50.42857143,NA
"Number of businesses",2017,"Sales","Goods","External Sales/Purchases (outside NI)",7552.382446,89.36956522,48.01666667,2305.993947,92.28571429,53.47619048,597.814368,3323.318811,35.53846154,86.57091555,331.2786378,NA,250.1187172,119.9432079,78.13793103,NA,89.53968254,44.97962963
"Number of businesses",2017,"Sales","Goods","Exports (outside UK)",6070.274243,71.84782609,40.43333333,2091.554682,31.76190476,50.47619048,480.4529178,2544.868294,31.28846154,NA,296.5531476,NA,212.5047637,102.1189655,NA,NA,71.98412698,34.42962963
"Number of businesses",2017,"Sales","Goods","Imports (outside UK)",NA,NA,NA,NA,NA,NA,NA,NA,NA,NA,NA,NA,NA,NA,NA,NA,NA,NA
"Number of businesses",2017,"Sales","Services","All countries",33401.38107,304.4347826,33.81666667,1302.5589,220.047619,232.5238095,8070.783678,4195.101313,2189.418269,1042.64148,1640.144909,1998.616438,5534.495229,1570.455638,452.9604966,1180.804417,923.6031746,2508.974245
"Number of businesses",2017,"Sales","Services","Northern Ireland",31184.76627,274.3913043,32.81666667,1132.403176,216.3333333,230.5238095,7689.388976,3958.103131,2135.091346,1015.674,1355.077915,1816.136986,4876.763715,1489.317707,415.3915311,1175.991917,871.9365079,2499.424245
"Number of businesses",2017,"Sales","Services","Great Britain",4722.351231,31.54347826,NA,274.1878652,NA,8.333333333,868.0648556,276.756703,502.8838141,83.63284764,661.8628311,253.8070776,1225.839813,212.2213987,120.2068966,10.75396825,144.7063492,42.55
"Number of businesses",2017,"Sales","Services","Ireland",4508.027275,9.260869565,NA,308.2189356,NA,17,851.0476906,454.9503538,569.8245192,8.916666667,657.0535776,8.333333333,1134.365417,148.9290043,119.3432602,15.56646825,138.968254,56.68225806
"Number of businesses",2017,"Sales","Services","Rest of the Europe Union (EU excluding Ireland)",1049.410779,7.260869565,NA,107.3446052,NA,NA,12.02272727,203.5516385,171.6017628,NA,166.0473856,10.08219178,321.2345192,15.35238095,NA,NA,18.55555556,NA
"Number of businesses",2017,"Sales","Services","Rest of the World (all countries outside the UK and EU)",944.2288346,NA,NA,71.95806702,NA,NA,43.10703098,NA,130.1089744,NA,215.3979188,NA,269.3358676,55.60532915,42.20532915,37.44285714,68.98412698,NA
"Number of businesses",2017,"Sales","Services","External Sales/Purchases (outside NI)",7924.535822,48.06521739,8.566666667,531.5529444,7.714285714,20,1448.849195,824.3625914,786.7491987,86.88284764,962.7178363,255.8070776,2134.432518,320.6784595,161.4122257,56.47757937,194.1349206,76.13225806
"Number of businesses",2017,"Sales","Services","Exports (outside UK)",5243.027468,16.52173913,7.566666667,363.6181701,5.714285714,17,854.0476906,652.0019923,618.818109,8.916666667,726.5393017,18.41552511,1396.087033,189.4200478,120.3432602,50.36646825,139.968254,57.68225806
"Number of businesses",2017,"Sales","Services","Imports (outside UK)",NA,NA,NA,NA,NA,NA,NA,NA,NA,NA,NA,NA,NA,NA,NA,NA,NA,NA
"Number of businesses",2017,"Sales","All Transactions","All countries",48963.1087,676.2173913,96,4130.035453,410.6190476,300.3809524,9429.367938,11156.9531,2262.783654,3814.051568,1743.484434,2094.356164,5676.620257,1892.113731,492.1008907,1230.17453,961.7142857,2596.135305
"Number of businesses",2017,"Sales","All Transactions","Northern Ireland",46539.38964,616.1304348,90.41666667,3970.537945,406.9047619,297.3809524,9061.481003,10801.68928,2212.456731,3787.084088,1415.608617,1911.876712,5017.888742,1809.9758,417.9629596,1225.36203,910.047619,2586.585305
"Number of businesses",2017,"Sales","All Transactions","Great Britain",8096.149558,65.58695652,16.38333333,1537.11087,63.52380952,54.47619048,970.0115331,1850.507203,508.1338141,163.8423441,740.2304782,253.8070776,1271.2871,224.907113,159.7758621,10.75396825,162.2619048,43.55
"Number of businesses",2017,"Sales","All Transactions","Ireland",9039.793504,42.80434783,40.43333333,2068.151018,33.76190476,29.04761905,1068.934292,2581.371865,597.1129808,9.916666667,718.3273134,8.333333333,1286.089561,195.0693984,122.3432602,16.56646825,141.968254,79.56188769
"Number of businesses",2017,"Sales","All Transactions","Rest of the Europe Union (EU excluding Ireland)",2140.669522,51.82608696,NA,645.2347788,NA,37.42857143,18.15909091,565.5281505,175.8517628,NA,196.7973856,10.08219178,331.0678525,18.35238095,7,NA,68.98412698,NA
"Number of businesses",2017,"Sales","All Transactions","Rest of the World (all countries outside the UK and EU)",1983.348336,NA,NA,525.1456574,NA,10.66666667,83.43866089,405.9936805,135.7339744,NA,288.2655659,NA,311.7831544,57.60532915,45.20532915,37.44285714,69.98412698,NA
"Number of businesses",2017,"Sales","All Transactions","External Sales/Purchases (outside NI)",13790.75853,125.673913,50.01666667,2493.642797,99,62.80952381,1727.446845,3682.391762,814.0376603,167.0923441,1089.359219,255.8070776,2279.350735,374.2188536,199.9811912,57.47757937,213.6904762,98.76188769
"Number of businesses",2017,"Sales","All Transactions","Exports (outside UK)",10037.0222,79.10869565,42.43333333,2205.475406,36.47619048,60.80952381,1107.129558,2792.777075,646.1065705,9.916666667,832.621861,18.41552511,1569.951487,236.5604419,122.3432602,51.36646825,143.968254,81.56188769
"Number of businesses",2017,"Sales","All Transactions","Imports (outside UK)",NA,NA,NA,NA,NA,NA,NA,NA,NA,NA,NA,NA,NA,NA,NA,NA,NA,NA
"Number of businesses",2017,"Purchases","Goods","All countries",40732.63727,536.2608696,85.83333333,4061.317472,165.5238095,175,8134.510384,10240.47365,1650.802083,3597.61607,1082.979876,829.326484,3423.779181,1492.336889,486.8072399,1302.470165,810.2365079,2657.363253
"Number of businesses",2017,"Purchases","Goods","Northern Ireland",38142.57991,506.2173913,83.83333333,3954.142048,164.5238095,172.6666667,8014.54239,8601.003961,1618.971955,3590.380776,883.620743,809.1621005,3218.088518,1327.572056,484.8072399,1298.359054,808.2365079,2606.451365
"Number of businesses",2017,"Purchases","Goods","Great Britain",12617.35448,117.4130435,28.71666667,2049.137905,11.71428571,60.61904762,1395.329587,4585.626788,519.9214744,255.4204441,536.6099931,202.5616438,937.6973646,399.699796,229.9852217,366.371251,341.8920635,578.6379075
"Number of businesses",2017,"Purchases","Goods","Ireland",5902.647335,34.54347826,39.2,1512.046121,7.714285714,23.76190476,852.8969085,1938.69462,373.0592949,263.6445974,104.1103371,12.08219178,235.3622242,117.0716351,40.56896552,5.167857143,179.7793651,162.9435484
"Number of businesses",2017,"Purchases","Goods","Rest of the Europe Union (EU excluding Ireland)",3148.824223,34.04347826,7.8,707.6319805,36.47619048,8.333333333,226.5729223,1568.887756,148.1842949,11.95277379,104.3636051,NA,96.52277877,49.21975917,39.56896552,NA,70.68412698,35.58225806
"Number of businesses",2017,"Purchases","Goods","Rest of the World (all countries outside the UK and EU)",1882.422563,NA,NA,502.5892945,NA,NA,173.1530571,958.0838079,65.94791667,NA,39.11437908,NA,43.60184854,18.82857143,40.56896552,NA,22.05555556,NA
"Number of businesses",2017,"Purchases","Goods","External Sales/Purchases (outside NI)",16107.99602,162.9782609,44.6,2617.478921,41.47619048,66.28571429,2040.171859,5842.769423,686.306891,403.8947226,582.9082387,212.6438356,1085.482248,528.5320272,232.9852217,368.896251,461.8047619,728.7814559
"Number of businesses",2017,"Purchases","Goods","Exports (outside UK)",NA,NA,NA,NA,NA,NA,NA,NA,NA,NA,NA,NA,NA,NA,NA,NA,NA,NA
"Number of businesses",2017,"Purchases","Goods","Imports (outside UK)",7880.642999,57.32608696,40.2,1802.597147,38.47619048,24.76190476,972.1671993,3175.192755,399.0977564,265.3112641,185.8595631,12.08219178,315.5901312,157.9263149,42.56896552,9.980357143,182.9793651,198.5258065
"Number of businesses",2017,"Purchases","Services","All countries",32998.4391,400.5652174,83.83333333,3177.666496,315.3333333,234.1428571,5609.351292,6632.712769,1650.355769,2329.701426,1360.311146,1498.422374,4114.675363,1004.977494,567.3451709,1321.362082,695.7777778,2001.905197
"Number of businesses",2017,"Purchases","Services","Northern Ireland",31341.58079,392.3043478,82.83333333,3086.627658,315.3333333,233.1428571,5393.068142,5983.855374,1621.192308,2301.466132,1166.274768,1397.600457,3940.976526,913.8774942,567.3451709,1275.879543,691.7777778,1978.025568
"Number of businesses",2017,"Purchases","Services","Great Britain",9664.500923,65.58695652,16.73333333,986.7933349,39.47619048,29.19047619,1224.853674,2032.753484,722.3533654,210.3424311,734.2958376,342.2968037,1386.644705,348.0642559,226.9852217,410.3373225,331.3365079,556.4570234
"Number of businesses",2017,"Purchases","Services","Ireland",2982.9715,18.52173913,16.48333333,434.4068067,NA,13,318.8832361,669.9601183,407.2716346,74.8422786,283.6364809,NA,351.74839,126.3744589,79.63793103,45.94821429,73.06666667,56.30925926
"Number of businesses",2017,"Purchases","Services","Rest of the Europe Union (EU excluding Ireland)",954.2070274,NA,NA,240.059484,34.47619048,NA,47.96799354,154.5332278,110.0280449,54.25846702,104.745958,NA,90.44913536,15.42857143,76.63793103,NA,8.5,NA
"Number of businesses",2017,"Purchases","Services","Rest of the World (all countries outside the UK and EU)",855.70516,8.260869565,NA,168.9812553,5.714285714,NA,40.46799354,71.9722028,120.0248397,13.95454545,221.1822325,NA,127.1630888,16.14285714,39.56896552,5.455357143,9.4,NA
"Number of businesses",2017,"Purchases","Services","External Sales/Purchases (outside NI)",11127.80378,80.10869565,23.46666667,1196.832403,72.23809524,33.85714286,1414.360749,2374.615428,834.5408654,263.4244384,814.3126075,344.2968037,1589.44539,409.3458576,305.6231527,448.6623225,340.3365079,582.336653
"Number of businesses",2017,"Purchases","Services","Exports (outside UK)",NA,NA,NA,NA,NA,NA,NA,NA,NA,NA,NA,NA,NA,NA,NA,NA,NA,NA
"Number of businesses",2017,"Purchases","Services","Imports (outside UK)",3560.503675,18.52173913,16.48333333,533.4123895,40.47619048,NA,319.8832361,804.1511383,430.3100962,79.41090605,394.8231854,NA,472.4235838,134.6601732,117.2068966,47.94821429,74.06666667,58.55925926
"Number of businesses",2017,"Purchases","All Transactions","All countries",47742.78897,627.3913043,97,4110.224991,408.6190476,299.3809524,9083.555557,10772.9675,2128.728365,3812.051568,1661.964396,1763.559361,4978.77372,1773.062164,575.7102503,1637.121032,976.031746,3036.647013
"Number of businesses",2017,"Purchases","All Transactions","Northern Ireland",45774.45351,611.8695652,97,4059.688182,408.6190476,298.3809524,8930.824116,9753.080211,2080.401442,3808.816274,1435.553406,1672.819635,4829.032192,1570.969553,575.7102503,1633.009921,976.031746,3032.647013
"Number of businesses",2017,"Purchases","All Transactions","Great Britain",15308.99706,126.673913,28.71666667,2115.082769,42.47619048,64.61904762,1766.139633,4785.670983,752.5168269,299.5501559,990.6823185,344.2968037,1688.21309,507.0500746,231.9852217,423.0788638,420.3761905,721.8683137
"Number of businesses",2017,"Purchases","All Transactions","Ireland",7212.184777,34.54347826,40.2,1584.990666,9.714285714,25.76190476,880.2081459,2163.819413,572.9903846,266.8945974,331.3166495,16.24885845,547.2875373,174.6865701,80.63793103,48.59107143,226.5904762,207.7028076
"Number of businesses",2017,"Purchases","All Transactions","Rest of the Europe Union (EU excluding Ireland)",3532.45771,34.04347826,7.8,752.2262663,66.23809524,8.333333333,228.7092859,1575.628141,187.7227564,58.14261336,181.2382181,NA,174.6770423,55.50547345,77.63793103,NA,79.18412698,36.83225806
"Number of businesses",2017,"Purchases","All Transactions","Rest of the World (all countries outside the UK and EU)",2405.233952,8.260869565,NA,550.8002887,5.714285714,6.333333333,177.2894207,1015.895621,127.2748397,15.62121212,230.1822325,NA,154.4700656,26.82857143,40.56896552,6.455357143,30.45555556,NA
"Number of businesses",2017,"Purchases","All Transactions","External Sales/Purchases (outside NI)",19079.2884,171.2391304,45.6,2674.058098,103,70.28571429,2376.842194,6029.431193,966.7668269,437.2788689,1085.014878,356.3789954,1963.775016,641.088655,309.6231527,460.4038638,494.8603175,893.6414917
"Number of businesses",2017,"Purchases","All Transactions","Exports (outside UK)",NA,NA,NA,NA,NA,NA,NA,NA,NA,NA,NA,NA,NA,NA,NA,NA,NA,NA
"Number of businesses",2017,"Purchases","All Transactions","Imports (outside UK)",9455.753204,57.32608696,41.2,1875.428358,71.23809524,25.76190476,998.3420731,3394.932933,618.0673077,271.8945974,499.2145683,16.24885845,723.8836613,220.5412499,119.2068966,51.59107143,227.5904762,243.2850657
"Number of businesses",2018,"Sales","Goods","All countries",25117.75262,420.8117647,90.5,4027.970431,76.20930233,180.0232558,3743.433149,9363.963111,487.2364706,3497.06,470.4317161,193.6732026,758.9002525,403.4392131,124.3448276,316.9455598,315.7142857,647.0960784
"Number of businesses",2018,"Sales","Goods","Northern Ireland",24183.36951,352.1764706,89.5,3866.652634,76.20930233,160.7209302,3570.528049,9091.299225,393.6244118,3493.92,439.836478,192.6732026,670.3800505,386.76229,124.3448276,312.9312741,315.7142857,646.0960784
"Number of businesses",2018,"Sales","Goods","Great Britain",4881.023296,38.31764706,9,2337.347078,NA,76.20930233,404.385201,1460.777485,93.22970588,6.16,205.2610063,17.47058824,165.0542929,36.75384615,NA,20.05714286,NA,7
"Number of businesses",2018,"Sales","Goods","Ireland",6100.490317,63.30588235,49.61111111,2734.90771,NA,27.30232558,712.9129429,2034.659403,95.22970588,NA,132.6280323,NA,154.8560606,26.66666667,NA,22.05714286,NA,34.33333333
"Number of businesses",2018,"Sales","Goods","Rest of the Europe Union (EU excluding Ireland)",2260.150902,44.64705882,NA,1499.863211,NA,25.30232558,16,513.7266244,23.38235294,NA,34.0952381,NA,77.53409091,17.6,NA,NA,NA,NA
"Number of businesses",2018,"Sales","Goods","Rest of the World (all countries outside the UK and EU)",2093.591824,NA,NA,1393.171986,NA,10,14,496.5912788,54.76470588,NA,58.11410602,NA,45.34974747,14.6,NA,NA,NA,NA
"Number of businesses",2018,"Sales","Goods","External Sales/Purchases (outside NI)",7552.579231,123.6117647,51.61111111,3077.506778,NA,94.51162791,888.8763767,2521.821965,171.4594118,7.18,220.3562444,18.47058824,258.3623737,51.42051282,NA,22.05714286,NA,36.33333333
"Number of businesses",2018,"Sales","Goods","Exports (outside UK)",6351.498097,89.29411765,49.61111111,2839.874957,NA,46.60465116,716.9129429,2047.666922,114.6120588,NA,139.6280323,NA,198.6161616,39.26666667,NA,22.05714286,NA,34.33333333
"Number of businesses",2018,"Sales","Goods","Imports (outside UK)",NA,NA,NA,NA,NA,NA,NA,NA,NA,NA,NA,NA,NA,NA,NA,NA,NA,NA
"Number of businesses",2018,"Sales","Services","All countries",34567.73575,264.8823529,30.77777778,2135.194922,80.20930233,436.8604651,8373.922994,3842.175111,2229.603235,912.935,1643.701258,2071.091503,5671.522475,1739.476967,646.403183,1130.456371,867.8571429,2490.665686
"Number of businesses",2018,"Sales","Services","Northern Ireland",31835.86339,239.8941176,25.27777778,1794.314827,79.20930233,405.255814,7924.724114,3655.532552,2182.713529,909.795,1217.479784,1919.359477,5030.918939,1541.478691,606.9549072,1009.415058,852.3571429,2441.182353
"Number of businesses",2018,"Sales","Services","Great Britain",6481.525759,26.98823529,6.5,1098.747917,NA,51.90697674,1142.312414,433.7057088,424.7588235,NA,782.4865229,212.6993464,1437.615801,381.377321,50.44827586,188.7598456,141.9285714,91.15
"Number of businesses",2018,"Sales","Services","Ireland",5909.250767,NA,9,1164.290056,NA,48.60465116,1020.292779,224.8825418,484.3964706,NA,687.5251572,35.83006536,1506.523268,306.5457118,124.3448276,38.1,140.9285714,110.9666667
"Number of businesses",2018,"Sales","Services","Rest of the Europe Union (EU excluding Ireland)",1636.788525,NA,NA,538.1566717,NA,NA,79.98780488,15,244.6064706,NA,283.6271339,NA,307.8281025,63.52519894,8,26.05714286,63,6
"Number of businesses",2018,"Sales","Services","Rest of the World (all countries outside the UK and EU)",1356.717241,NA,NA,250.8728561,NA,NA,54.93632075,NA,155.3767647,NA,390.3553459,16.47058824,270.5818903,71.72692308,84.89655172,8,46.5,NA
"Number of businesses",2018,"Sales","Services","External Sales/Purchases (outside NI)",9681.826589,27.98823529,14.5,1540.882144,NA,96.51162791,1782.90869,591.7246143,645.5985294,NA,1131.151393,242.6405229,2408.210859,458.2939876,205.2413793,198.8027027,159.4285714,163.7833333
"Number of businesses",2018,"Sales","Services","Exports (outside UK)",6663.290875,NA,9,1254.109733,NA,48.60465116,1044.876112,232.8825418,537.1188235,NA,875.809973,36.83006536,1733.158369,391.6439876,201.2413793,38.1,140.9285714,110.9666667
"Number of businesses",2018,"Sales","Services","Imports (outside UK)",NA,NA,NA,NA,NA,NA,NA,NA,NA,NA,NA,NA,NA,NA,NA,NA,NA,NA
"Number of businesses",2018,"Sales","All Transactions","All countries",49311.07025,635.0470588,97,4276.272946,153.4186047,493.7674419,9621.742158,10639.13147,2286.325588,3944.98,1784.220126,2173.941176,5816.788889,1831.450442,648.403183,1317.178636,991.2142857,2600.188235
"Number of businesses",2018,"Sales","All Transactions","Northern Ireland",46687.445,541.4235294,92.5,4182.96008,152.4186047,461.1627907,9199.126611,10363.06759,2245.560882,3941.84,1354.998652,2022.20915,5158.199242,1637.452166,608.9549072,1198.151609,975.7142857,2551.704902
"Number of businesses",2018,"Sales","All Transactions","Great Britain",9453.32804,63.30588235,14.5,2448.298115,NA,127.1162791,1245.268389,1618.909971,461.0988235,NA,833.1006289,228.1699346,1525.136003,397.977321,52.44827586,188.7598456,142.9285714,94.15
"Number of businesses",2018,"Sales","All Transactions","Ireland",10015.3404,63.30588235,50.61111111,2869.611993,NA,55.60465116,1314.112187,2045.059403,525.8614706,NA,700.6203953,35.83006536,1613.81746,311.5457118,126.3448276,39.1,141.9285714,112.9666667
"Number of businesses",2018,"Sales","All Transactions","Rest of the Europe Union (EU excluding Ireland)",3328.189015,44.64705882,NA,1569.425814,NA,25.30232558,89.98780488,518.7266244,245.6064706,NA,293.722372,NA,353.5882035,77.12519894,9,26.05714286,64,8
"Number of businesses",2018,"Sales","All Transactions","Rest of the World (all countries outside the UK and EU)",3153.438731,NA,NA,1452.363608,NA,10,64.93632075,498.5912788,179.7591176,NA,400.450584,16.47058824,299.143759,83.32692308,85.89655172,8,47.5,NA
"Number of businesses",2018,"Sales","All Transactions","External Sales/Purchases (outside NI)",14230.54942,148.6,57.11111111,3205.798347,7,167.7209302,2111.289419,2683.354451,687.0635294,11.18,1175.265499,257.1111111,2517.505051,466.2939876,207.2413793,199.8027027,161.4285714,166.7833333
"Number of businesses",2018,"Sales","All Transactions","Exports (outside UK)",10850.48227,89.29411765,50.61111111,2968.24924,NA,73.90697674,1339.695521,2057.066922,578.5838235,NA,889.9052111,36.83006536,1860.438672,397.6439876,203.2413793,39.1,142.9285714,112.9666667
"Number of businesses",2018,"Sales","All Transactions","Imports (outside UK)",NA,NA,NA,NA,NA,NA,NA,NA,NA,NA,NA,NA,NA,NA,NA,NA,NA,NA
"Number of businesses",2018,"Purchases","Goods","All countries",42693.75504,555.0823529,98,4228.840793,55.60465116,457.1627907,8184.036555,10238.38709,1808.975,3820.855,1261.460916,909.4509804,3760.7557,1427.810787,772.4249337,1353.483398,887.7142857,2873.709804
"Number of businesses",2018,"Purchases","Goods","Northern Ireland",40108.4716,519.7647059,93.5,4149.909947,53.60465116,457.1627907,8079.038913,8424.037916,1790.725,3814.835,1080.866577,895.9803922,3587.8807,1384.362511,771.4249337,1268.103475,886.7142857,2850.559804
"Number of businesses",2018,"Purchases","Goods","Great Britain",12022.24317,39.31764706,35.05555556,2903.164,13,130.1162791,1297.455357,4348.547689,257.9244118,342.87,602.3355795,21.47058824,824.2647186,319.3238727,168.8700265,235.5127413,86.5,396.5147059
"Number of businesses",2018,"Purchases","Goods","Ireland",8020.573385,66.30588235,62.66666667,2708.379703,10,53.60465116,884.011175,2539.70732,475.9973529,261.8,176.861186,NA,340.2106061,185.8901415,NA,90.93281853,23,131.2058824
"Number of businesses",2018,"Purchases","Goods","Rest of the Europe Union (EU excluding Ireland)",5205.29371,38.31764706,14.77777778,2130.225562,11,26.30232558,391.7872948,1872.690739,135.0623529,135.39,102.228212,NA,100.1098485,105.1751989,NA,28.05714286,9,98.16960784
"Number of businesses",2018,"Purchases","Goods","Rest of the World (all countries outside the UK and EU)",3344.70019,NA,NA,1540.937913,6,24.30232558,116.4535972,1108.200705,43.38235294,28,147.1707098,NA,94.3219697,117.7751989,44.44827586,30.05714286,11.5,27.15
"Number of businesses",2018,"Purchases","Goods","External Sales/Purchases (outside NI)",15652.14226,93.29411765,67.16666667,3324.095223,16,167.7209302,1894.18881,5909.308002,611.1167647,421,672.3733154,24.47058824,989.4071429,424.5640141,170.8700265,237.5127413,89.5,539.5539216
"Number of businesses",2018,"Purchases","Goods","Exports (outside UK)",NA,NA,NA,NA,NA,NA,NA,NA,NA,NA,NA,NA,NA,NA,NA,NA,NA,NA
"Number of businesses",2018,"Purchases","Goods","Imports (outside UK)",10060.3882,75.63529412,62.66666667,2941.838211,NA,69.90697674,1072.920747,3789.958553,503.3797059,262.8,241.9941599,NA,438.1411616,190.8901415,47.44827586,93.93281853,27.5,222.3754902
"Number of businesses",2018,"Purchases","Services","All countries",35745.1135,438.4705882,89.5,3810.772389,134.1162791,414.255814,5925.342832,6391.22383,1473.766471,2998.835,1567.211141,1471.27451,4900.712121,1273.062113,390.0190981,1567.204118,765.9285714,2133.418627
"Number of businesses",2018,"Purchases","Services","Northern Ireland",34374.43673,421.8117647,89.5,3757.893665,134.1162791,414.255814,5856.281512,6111.449452,1429.301471,2997.835,1327.869721,1456.803922,4527.160354,1097.467286,390.0190981,1482.824196,749.4285714,2130.418627
"Number of businesses",2018,"Purchases","Services","Great Britain",9273.800332,41.31764706,18.77777778,2070.297182,29.30232558,99.51162791,773.782597,2146.362955,406.5511765,241.59,732.967655,122.3202614,1446.585137,372.7721485,53.52519894,326.197426,74.5,317.4392157
"Number of businesses",2018,"Purchases","Services","Ireland",4768.689613,45.64705882,12,1704.979722,44.60465116,42.60465116,411.42449,670.2367453,332.0291176,178.27,319.5318958,20.02614379,536.5942641,309.6503979,10,50.25714286,43.5,37.33333333
"Number of businesses",2018,"Purchases","Services","Rest of the Europe Union (EU excluding Ireland)",2664.142252,20.65882353,8,1125.753677,26.30232558,22.30232558,156.4437797,381.7316322,186.3767647,145.39,232.8989218,17.47058824,148.5041486,99.25212202,NA,29.05714286,55,NA
"Number of businesses",2018,"Purchases","Services","Rest of the World (all countries outside the UK and EU)",2154.940633,NA,NA,994.230564,7,NA,24.45833333,85.84867579,113.1047059,196.26,275.0130279,NA,159.867785,153.3003979,NA,33.05714286,55.5,44.3
"Number of businesses",2018,"Purchases","Services","External Sales/Purchases (outside NI)",10671.56186,83.96470588,22.77777778,2296.884879,48.60465116,119.8139535,986.817169,2320.385988,505.8635294,311.42,827.8863432,140.3464052,1636.787266,524.1973475,56.52519894,332.197426,117.5,339.5892157
"Number of businesses",2018,"Purchases","Services","Exports (outside UK)",NA,NA,NA,NA,NA,NA,NA,NA,NA,NA,NA,NA,NA,NA,NA,NA,NA,NA
"Number of businesses",2018,"Purchases","Services","Imports (outside UK)",5515.007924,47.64705882,12,1800.71859,46.60465116,43.60465116,416.8828233,801.6831492,355.5364706,233.02,487.9119497,34.49673203,647.8126984,360.6986737,10,54.25714286,81.5,80.63333333
"Number of businesses",2018,"Purchases","All Transactions","All countries",49616.49673,610.0588235,98,4253.957851,136.1162791,494.7674419,9443.729579,10547.7471,2203.263235,3944.98,1886.110063,1841.091503,5591.9,1707.90389,855.3984085,1814.972973,977.7142857,3208.785294
"Number of businesses",2018,"Purchases","All Transactions","Northern Ireland",47609.37062,593.4,98,4200.579127,136.1162791,494.7674419,9359.084925,9414.619204,2160.798235,3942.98,1656.882749,1840.091503,5330.052778,1629.007339,855.3984085,1730.59305,961.2142857,3205.785294
"Number of businesses",2018,"Purchases","All Transactions","Great Britain",14713.71087,57.97647059,35.05555556,2929.771646,31.30232558,165.7209302,1475.202999,4731.487943,427.9335294,356.13,1038.271339,122.3202614,1655.911905,507.3956233,169.8700265,351.2259974,112,546.1343137
"Number of businesses",2018,"Purchases","All Transactions","Ireland",9338.41759,74.63529412,62.66666667,2763.112349,45.60465116,89.20930233,1029.526093,2640.267077,630.3741176,280.26,384.7601078,21.02614379,663.0866883,333.9170645,10,94.93281853,51.5,163.5392157
"Number of businesses",2018,"Purchases","All Transactions","Rest of the Europe Union (EU excluding Ireland)",5839.534359,38.31764706,15.77777778,2168.526285,29.30232558,27.30232558,394.7872948,1961.242978,243.0991176,147.39,269.0130279,17.47058824,222.8261183,109.252122,6,31.05714286,59,99.16960784
"Number of businesses",2018,"Purchases","All Transactions","Rest of the World (all countries outside the UK and EU)",4342.868426,NA,NA,1792.406787,8,25.30232558,121.9119305,1159.016862,121.1047059,196.26,336.1460018,NA,224.6139971,162.3003979,44.44827586,35.05714286,64,46.3
"Number of businesses",2018,"Purchases","All Transactions","External Sales/Purchases (outside NI)",18439.52856,118.2823529,67.16666667,3370.410747,50.60465116,206.3255814,2124.037061,6064.528005,807.2158824,431.14,1121.690027,140.3464052,1882.874134,665.4874889,172.8700265,355.2259974,152,709.3235294
"Number of businesses",2018,"Purchases","All Transactions","Exports (outside UK)",NA,NA,NA,NA,NA,NA,NA,NA,NA,NA,NA,NA,NA,NA,NA,NA,NA,NA
"Number of businesses",2018,"Purchases","All Transactions","Imports (outside UK)",11586.14264,83.96470588,62.66666667,3005.980687,48.60465116,90.20930233,1183.416011,3840.759672,650.7564706,282.26,584.1590296,35.49673203,827.263456,378.3653404,49.44827586,99.93281853,88,274.8588235
"Number of businesses",2019,"Sales","Goods","All countries",25588.99421,450.4074074,79.46666667,3990.412351,72.79831933,262.6456583,3280.068589,9983.585696,410.7966387,3763.903528,423.7876068,194.9624413,733.5605457,589.1526435,117.3482653,179.8777964,401.7969697,654.423082
"Number of businesses",2019,"Sales","Goods","Northern Ireland",24511.73958,405.962963,79.46666667,3844.159815,72.79831933,237.6235994,3201.73426,9488.479347,292.2221289,3762.903528,378.1540598,177.6173709,687.5692727,582.5799939,117.3482653,143.1726682,386.5242424,653.423082
"Number of businesses",2019,"Sales","Goods","Great Britain",5214.9308,35.96296296,9,2045.111392,NA,111.9436275,447.6061339,1814.483123,58.97142857,NA,221.767735,17.34507042,131.3404858,89.81709402,NA,50.46949241,53.26666667,123.7205882
"Number of businesses",2019,"Sales","Goods","Ireland",6488.709025,50.44444444,40.8,2523.068376,NA,88.83823529,734.8504163,2385.851828,116.9078431,NA,105.1594017,NA,145.3224471,119.5119658,NA,12.72590267,17.27272727,141.5387701
"Number of businesses",2019,"Sales","Goods","Rest of the Europe Union (EU excluding Ireland)",2323.202211,17.48148148,NA,1241.128932,NA,28.89705882,87.425061,708.6090503,NA,NA,59.28739316,NA,70.12024291,70.58632479,NA,34.66666667,NA,NA
"Number of businesses",2019,"Sales","Goods","Rest of the World (all countries outside the UK and EU)",1800.583432,NA,NA,1082.97491,NA,9.375,48.07736303,423.8789411,31.83333333,NA,59.95662393,NA,53.78016194,42.35299145,NA,44.3541078,NA,NA
"Number of businesses",2019,"Sales","Goods","External Sales/Purchases (outside NI)",8237.693254,88.14814815,42.8,2904.774375,NA,133.7156863,920.5589291,3043.20429,183.3792717,NA,229.7235043,19.51173709,206.5426901,161.7452991,NA,86.13615908,69.53939394,141.5387701
"Number of businesses",2019,"Sales","Goods","Exports (outside UK)",7157.062351,64.92592593,40.8,2699.417051,NA,93.08823529,740.1231436,2666.645309,134.4078431,NA,148.6929487,NA,168.2625281,153.4119658,NA,82.059236,17.27272727,141.5387701
"Number of businesses",2019,"Sales","Goods","Imports (outside UK)",NA,NA,NA,NA,NA,NA,NA,NA,NA,NA,NA,NA,NA,NA,NA,NA,NA,NA
"Number of businesses",2019,"Sales","Services","All countries",35291.65991,349.037037,30.33333333,2161.194545,153.5115546,489.1859244,8344.255094,3566.635076,2439.204762,656.2048495,1753.35641,2146.823944,5662.434607,1884.064011,576.7554677,1543.189969,968.9424242,2566.530901
"Number of businesses",2019,"Sales","Services","Northern Ireland",32910.90166,347.037037,27.33333333,1789.757191,132.8644958,488.1859244,8040.489389,3363.501853,2361.047619,655.2048495,1409.273504,1897.647887,5032.449043,1809.597345,522.3641634,1538.151508,953.669697,2542.32682
"Number of businesses",2019,"Sales","Services","Great Britain",6122.988086,11.74074074,NA,890.1122648,20.64705882,49.19292717,807.2069103,406.6233229,527.0879552,NA,918.1910256,275.8544601,1460.879972,338.7231546,64.85595081,24.37267363,135.630303,185.4110335
"Number of businesses",2019,"Sales","Services","Ireland",5909.358644,16.48148148,9.933333333,883.1096257,NA,76.57212885,1290.360307,284.017956,431.0212885,NA,721.7626068,69.54694836,1194.374776,356.5547853,117.2472552,86.44028763,152.3515152,216.001015
"Number of businesses",2019,"Sales","Services","Rest of the Europe Union (EU excluding Ireland)",1512.155392,NA,NA,325.8146846,NA,NA,112.1565086,103.2246975,161.0282913,NA,300.2098291,NA,372.6900247,38.9,8.464646465,16.12731554,70.20606061,NA
"Number of businesses",2019,"Sales","Services","Rest of the World (all countries outside the UK and EU)",1511.700566,NA,NA,168.6558444,NA,NA,86.2819988,41.50974026,57.70784314,NA,577.4869658,17.51173709,335.9506114,73.58787879,62.85595081,NA,84.47878788,NA
"Number of businesses",2019,"Sales","Services","External Sales/Purchases (outside NI)",9588.461139,27.22222222,11.93333333,1320.084623,20.64705882,122.3067227,1787.51202,556.9661143,798.1938375,5.708333333,1196.95,360.7464789,2201.501298,473.0426641,172.6385595,94.68564572,201.5030303,236.8191968
"Number of businesses",2019,"Sales","Services","Exports (outside UK)",6828.653536,16.48148148,10.93333333,981.2234719,NA,76.57212885,1292.760307,415.5530931,496.1308123,NA,1008.495513,87.05868545,1409.702486,389.4547853,170.6385595,86.44028763,167.6242424,216.001015
"Number of businesses",2019,"Sales","Services","Imports (outside UK)",NA,NA,NA,NA,NA,NA,NA,NA,NA,NA,NA,NA,NA,NA,NA,NA,NA,NA
"Number of businesses",2019,"Sales","All Transactions","All countries",51808.34495,682.5925926,91.66666667,4384.372209,221.4527311,518.5472689,9747.629088,11246.31705,2552.528571,4224.173993,1814.971795,2253.894366,5857.415538,2121.704591,631.1467721,1624.179179,1091.915152,2743.83739
"Number of businesses",2019,"Sales","All Transactions","Northern Ireland",49267.46004,638.1481481,90.66666667,4212.241065,200.8056723,518.5472689,9411.274537,10745.7107,2458.871429,4223.173993,1474.088889,1987.373239,5265.110136,2047.237924,577.7554677,1620.179179,1076.642424,2719.633308
"Number of businesses",2019,"Sales","All Transactions","Great Britain",9712.468415,36.96296296,NA,2190.642276,20.64705882,137.9061625,1101.776711,2038.828068,547.5879552,NA,930.8160256,293.1995305,1522.900215,377.2898213,65.85595081,59.0393403,187.8969697,186.6610335
"Number of businesses",2019,"Sales","All Transactions","Ireland",10580.40299,63.92592593,45.13333333,2626.603902,NA,140.6383053,1669.541943,2457.162939,513.7862745,NA,731.7626068,69.54694836,1288.075181,392.3522212,118.2472552,87.44028763,153.3515152,218.251015
"Number of businesses",2019,"Sales","All Transactions","Rest of the Europe Union (EU excluding Ireland)",3396.13345,17.48148148,NA,1264.720105,NA,28.89705882,159.2769338,804.6344471,163.0282913,NA,304.4405983,NA,413.3701867,107.4863248,8.464646465,50.79398221,70.20606061,NA
"Number of businesses",2019,"Sales","All Transactions","Rest of the World (all countries outside the UK and EU)",3034.696548,NA,NA,1094.260624,NA,9.375,90.7819988,461.1386814,80.20784314,NA,585.4869658,17.51173709,380.6307733,113.9408702,62.85595081,48.69398221,84.47878788,NA
"Number of businesses",2019,"Sales","All Transactions","External Sales/Purchases (outside NI)",15143.18516,102.6296296,48.13333333,3074.051622,21.64705882,206.894958,2320.46453,3217.158258,893.0176471,5.708333333,1205.95,378.0915493,2293.201703,544.7401,173.6385595,165.0189791,253.769697,239.0691968
"Number of businesses",2019,"Sales","All Transactions","Exports (outside UK)",11969.71103,78.40740741,45.13333333,2785.452978,NA,143.7633053,1670.541943,2864.196103,578.8957983,NA,1019.495513,87.05868545,1518.742972,458.1522212,171.6385595,156.773621,168.6242424,218.251015
"Number of businesses",2019,"Sales","All Transactions","Imports (outside UK)",NA,NA,NA,NA,NA,NA,NA,NA,NA,NA,NA,NA,NA,NA,NA,NA,NA,NA
"Number of businesses",2019,"Purchases","Goods","All countries",44603.23091,572.7407407,81.46666667,4329.798929,136.7394958,476.9198179,8657.78206,10792.46699,2198.827171,4070.577978,1395.655983,836.5633803,3940.841223,1746.1173,532.9641634,1306.571095,858.0333333,2669.164586
"Number of businesses",2019,"Purchases","Goods","Northern Ireland",42407.71341,542.7777778,81.46666667,4251.049526,135.7394958,476.9198179,8574.83304,9398.320067,2142.72409,4068.097209,1218.748718,835.5633803,3724.284543,1630.546813,530.9641634,1303.571095,840.7606061,2651.346404
"Number of businesses",2019,"Purchases","Goods","Great Britain",13029.32883,47.44444444,26.73333333,3113.830538,25.64705882,143.2871148,1250.731179,4745.020109,294.8072829,269.3766921,613.8284188,6.333333333,1051.290126,465.0242695,68.51251647,240.3100435,294.3848485,372.7675216
"Number of businesses",2019,"Purchases","Goods","Ireland",8294.516893,72.66666667,21.4,2745.306266,22.64705882,96.40371148,819.2801165,2900.474088,494.8011204,261.4627727,142.3679487,NA,260.6561853,217.7768589,NA,52.2227034,23.83333333,148.6524064
"Number of businesses",2019,"Purchases","Goods","Rest of the Europe Union (EU excluding Ireland)",5128.865407,30.22222222,13.8,2336.095506,22.64705882,28.87920168,220.9048445,1922.341641,100.1792717,26.32509158,108.9594017,NA,166.1250112,47.14087024,NA,24.70282033,27.27272727,39.70408163
"Number of businesses",2019,"Purchases","Goods","Rest of the World (all countries outside the UK and EU)",3559.589615,NA,6.333333333,1725.038286,NA,NA,185.3343325,1166.2364,18.46666667,NA,166.3149573,NA,156.7606388,71.81010101,12.56565657,22.59937206,17.27272727,NA
"Number of businesses",2019,"Purchases","Goods","External Sales/Purchases (outside NI)",15875.61765,107.3703704,35.93333333,3409.811695,27.64705882,188.6883754,1756.177989,5760.777608,663.0308123,365.2330785,725.6867521,7.333333333,1171.53709,649.439046,71.51251647,243.5134918,312.6575758,379.2675216
"Number of businesses",2019,"Purchases","Goods","Exports (outside UK)",NA,NA,NA,NA,NA,NA,NA,NA,NA,NA,NA,NA,NA,NA,NA,NA,NA,NA
"Number of businesses",2019,"Purchases","Goods","Imports (outside UK)",9978.672342,87.14814815,24.73333333,3017.719604,24.64705882,100.2608543,960.2796873,3800.350234,501.1422969,261.4627727,226.6485043,NA,387.6723797,284.0314043,NA,57.77513127,56.37878788,172.856488
"Number of businesses",2019,"Purchases","Services","All countries",37104.56201,404.2222222,92.66666667,3937.399302,217.4527311,437.8340336,6134.23491,6836.305068,1736.17619,2537.222707,1631.183974,1487.521127,4630.752702,1782.503625,640.1912165,1358.202073,810.369697,2430.32377
"Number of businesses",2019,"Purchases","Services","Northern Ireland",36019.22597,395.4814815,91.66666667,3892.185847,216.4527311,437.8340336,6077.352557,6485.936576,1679.787395,2532.741937,1410.825,1467.176056,4431.536103,1720.991108,637.635661,1317.535407,793.7636364,2430.32377
"Number of businesses",2019,"Purchases","Services","Great Britain",9242.752351,40.7037037,7.6,1893.14683,66.06617647,142.6204482,745.9242202,2219.217771,346.5310924,193.5844083,870.5190171,132.915493,1313.11184,366.1919395,122.9038208,232.0227756,178.4030303,371.289785
"Number of businesses",2019,"Purchases","Services","Ireland",5084.179822,36.96296296,12.6,1876.681555,65.94117647,48.5262605,286.3188386,914.5730436,368.6106443,117.7728938,331.9376068,6,530.8033401,258.7335732,16.56565657,83.0598459,89.92424242,39.16818182
"Number of businesses",2019,"Purchases","Services","Rest of the Europe Union (EU excluding Ireland)",2131.639252,18.48148148,NA,932.380811,23.64705882,9.708333333,17.21578947,240.5729471,147.2745098,65.34752747,320.4376068,NA,154.4713645,136.875065,13.56565657,8.448979592,39.21212121,NA
"Number of businesses",2019,"Purchases","Services","Rest of the World (all countries outside the UK and EU)",2017.947086,NA,NA,718.7736086,NA,NA,9.815789474,328.7814409,114.947619,150.1878882,269.7762821,NA,230.6407302,91.6049728,12.56565657,33.37628972,30.27272727,26.20408163
"Number of businesses",2019,"Purchases","Services","External Sales/Purchases (outside NI)",11051.94828,58.18518519,14.6,2436.408325,109.3602941,145.0787815,802.2743105,2579.817601,546.1705882,283.9687251,1051.138675,137.915493,1417.543014,460.0473464,126.9038208,273.8963388,211.2818182,397.3579668
"Number of businesses",2019,"Purchases","Services","Exports (outside UK)",NA,NA,NA,NA,NA,NA,NA,NA,NA,NA,NA,NA,NA,NA,NA,NA,NA,NA
"Number of businesses",2019,"Purchases","Services","Imports (outside UK)",5629.058113,43.7037037,12.6,1993.417758,67.94117647,53.98459384,289.0521719,962.3899268,370.6106443,196.8000677,492.0294872,7,613.9818458,268.4002399,16.56565657,86.2843357,91.92424242,62.37226345
"Number of businesses",2019,"Purchases","All Transactions","All countries",50923.78566,656.6296296,92.66666667,4367.621848,218.4527311,519.5472689,9521.603527,11168.47301,2386.714286,4223.173993,1865.551068,1796.732394,5467.632508,2205.995895,751.9839262,1580.901947,1042.315152,3057.789807
"Number of businesses",2019,"Purchases","All Transactions","Northern Ireland",49414.20155,642.1481481,92.66666667,4316.747842,218.4527311,519.5472689,9416.546664,10412.8184,2359.796919,4221.923993,1676.144872,1777.387324,5286.75599,2095.213287,751.9839262,1542.23528,1026.042424,3057.789807
"Number of businesses",2019,"Purchases","All Transactions","Great Britain",15609.82442,55.18518519,27.73333333,3151.38679,68.06617647,187.7717087,1485.98751,5160.534362,443.5658263,356.2715401,1003.867735,132.915493,1664.889168,665.420398,123.9038208,281.3011999,374.7484848,426.2756848
"Number of businesses",2019,"Purchases","All Transactions","Ireland",9687.298079,72.66666667,22.4,2769.160931,65.94117647,119.9079132,886.298656,3153.381448,618.0389356,288.3574614,338.9376068,6,589.823583,378.2201446,16.56565657,98.76973601,93.25757576,169.5705882
"Number of businesses",2019,"Purchases","All Transactions","Rest of the Europe Union (EU excluding Ireland)",5869.071675,36.96296296,13.8,2369.803442,25.64705882,34.33753501,223.2381779,1987.198207,161.7411765,66.59752747,368.5403846,NA,252.1717693,180.4603797,NA,32.15179992,61.15151515,39.70408163
"Number of businesses",2019,"Purchases","All Transactions","Rest of the World (all countries outside the UK and EU)",4328.064995,NA,6.333333333,1756.63931,NA,NA,185.3343325,1265.74775,127.0142857,150.1878882,309.9790598,NA,273.3208921,124.9595183,12.56565657,35.37628972,45.54545455,27.20408163
"Number of businesses",2019,"Purchases","All Transactions","External Sales/Purchases (outside NI)",18460.60983,114.1111111,37.93333333,3453.920328,109.3602941,231.6491597,1926.461235,6068.731908,818.8196078,449.0519191,1187.112393,137.915493,1768.320342,866.9744975,126.9038208,321.2747632,408.2939394,433.7756848
"Number of businesses",2019,"Purchases","All Transactions","Exports (outside UK)",NA,NA,NA,NA,NA,NA,NA,NA,NA,NA,NA,NA,NA,NA,NA,NA,NA,NA
"Number of businesses",2019,"Purchases","All Transactions","Imports (outside UK)",11347.69939,93.88888889,25.73333333,3059.20919,67.94117647,121.2412465,988.3269244,3976.958171,619.0389356,290.9407947,542.632265,7,711.6822506,421.2413567,16.56565657,101.9942258,110.530303,192.7746699
"Number of businesses",2020,"Sales","Goods","All countries",25096.30515,393.962963,82.66666667,4046.68551,47.94444444,331.7638889,3579.052282,10004.66051,450.7630184,3273.164444,384.3431373,160.0789474,657.8122603,497.0253102,97.87096774,257.8,224.3512605,606.3595449
"Number of businesses",2020,"Sales","Goods","Northern Ireland",24144.04437,325.6481481,82.66666667,3861.403731,47.94444444,329.7638889,3476.991444,9803.232927,314.8192396,3271.164444,351.1764706,158.0789474,534.2763966,448.0898263,97.87096774,256.8,204.5865546,579.5302766
"Number of businesses",2020,"Sales","Goods","Great Britain",5140.130819,30.92592593,10,2148.244952,NA,89.22222222,324.0370972,1862.49153,38.43951613,NA,185.0588235,22.86842105,151.5358637,205.6555831,NA,22,20.76470588,25.88617886
"Number of businesses",2020,"Sales","Goods","Ireland",5982.475947,36.65740741,70,2546.729348,NA,68.875,585.9367,2120.02546,130.8792627,NA,102.3627451,NA,107.4644351,110.8277916,NA,20,NA,74.71779643
"Number of businesses",2020,"Sales","Goods","Rest of the Europe Union (EU excluding Ireland)",2235.172802,42.38888889,NA,1168.610234,NA,66.25,100.2168582,727.0566836,34.06451613,NA,26.83333333,NA,41.86610879,NA,NA,NA,NA,19.88617886
"Number of businesses",2020,"Sales","Goods","Rest of the World (all countries outside the UK and EU)",1868.177734,NA,NA,1102.096655,NA,28.30555556,37.59118774,523.1492727,8,NA,78.41666667,NA,60.73221757,NA,NA,NA,NA,21.88617886
"Number of businesses",2020,"Sales","Goods","External Sales/Purchases (outside NI)",7926.065559,99.24074074,71,2902.444801,NA,150.7638889,832.7160244,2832.772049,174.3832949,NA,221.7254902,24.86842105,220.1341901,258.591067,NA,23,21.76470588,85.66088586
"Number of businesses",2020,"Sales","Goods","Exports (outside UK)",6553.120369,70.31481481,70,2678.116219,NA,111.8194444,624.4934049,2365.94383,152.9437788,NA,128.6127451,NA,134.3305439,112.8277916,NA,20,NA,74.71779643
"Number of businesses",2020,"Sales","Goods","Imports (outside UK)",NA,NA,NA,NA,NA,NA,NA,NA,NA,NA,NA,NA,NA,NA,NA,NA,NA,NA
"Number of businesses",2020,"Sales","Services","All countries",35797.99181,412.8888889,53,2009.423266,16.33333333,479.8194444,8448.423727,3847.607171,2613.619931,977.56,1879.240196,2160.184211,5695.582721,2001.448635,758.1677419,1466.733333,858.2470588,2119.712148
"Number of businesses",2020,"Sales","Services","Northern Ireland",33546.52733,406.1574074,48.33333333,1867.379348,16.33333333,460.8472222,8143.047588,3631.131612,2546.648041,974.48,1347.52451,1860.157895,5225.528328,1915.06402,758.1677419,1431.933333,813.9676471,2099.825969
"Number of businesses",2020,"Sales","Services","Great Britain",6298.107026,14.46296296,NA,870.6220093,NA,63.91666667,830.8159318,363.7814211,555.5375576,146.4133333,1045.259804,305.0263158,1303.314555,435.4034739,145.8064516,63.8,90.17941176,59.76713124
"Number of businesses",2020,"Sales","Services","Ireland",5563.181608,8.731481481,18.33333333,950.7955037,NA,40.84722222,1204.376646,377.5627485,464.4123272,110.5555556,831.9460784,28.86842105,1145.867902,179.5200993,101.8709677,57.66666667,NA,38.82665505
"Number of businesses",2020,"Sales","Services","Rest of the Europe Union (EU excluding Ireland)",1508.733617,NA,NA,375.0744091,NA,NA,128.4057471,118.1062546,160.8792627,109.5555556,298.5392157,NA,187.7770472,20.2,50.93548387,NA,20.76470588,28.82926829
"Number of businesses",2020,"Sales","Services","Rest of the World (all countries outside the UK and EU)",1621.936905,NA,NA,200.2487347,NA,NA,51.6256705,46.83206107,147.1654378,109.5555556,594.5245098,20.86842105,233.7592648,109.8277916,52.93548387,6,19.76470588,28.82926829
"Number of businesses",2020,"Sales","Services","External Sales/Purchases (outside NI)",9318.170142,NA,23,1177.876717,NA,99.76388889,1700.884886,631.6622757,771.4532258,147.4133333,1430.553922,349.7631579,1975.940675,507.5389578,192.7419355,100.4666667,91.17941176,94.73664344
"Number of businesses",2020,"Sales","Services","Exports (outside UK)",6413.018281,NA,22,1022.888058,NA,40.84722222,1242.898868,494.6690031,521.6058756,110.5555556,1095.068627,48.73684211,1306.796772,265.1478908,101.8709677,60.66666667,22.76470588,47.76974448
"Number of businesses",2020,"Sales","Services","Imports (outside UK)",NA,NA,NA,NA,NA,NA,NA,NA,NA,NA,NA,NA,NA,NA,NA,NA,NA,NA
"Number of businesses",2020,"Sales","All Transactions","All countries",51539.02707,706.6111111,92,4483.391765,62.27777778,622.2083333,9884.477641,11230.26642,2828.975115,3765.777778,1948.352941,2252.657895,5841.359768,2181.947395,804.1032258,1574.133333,958.8117647,2301.674797
"Number of businesses",2020,"Sales","All Transactions","Northern Ireland",49050.92156,645.0277778,88.33333333,4313.133559,62.27777778,621.2083333,9561.751776,10912.09623,2710.809677,3762.697778,1438.887255,1950.631579,5356.689266,2095.562779,804.1032258,1539.333333,915.5323529,2272.845528
"Number of businesses",2020,"Sales","All Transactions","Great Britain",9855.315931,37.65740741,NA,2258.760609,NA,148.1388889,970.6607735,2039.529182,577.9770737,147.4133333,1082.509804,326.8947368,1349.046772,530.2312655,146.8064516,63.8,90.17941176,73.71022067
"Number of businesses",2020,"Sales","All Transactions","Ireland",9925.291574,44.38888889,78.33333333,2649.018346,NA,81.125,1580.667833,2248.404442,548.4487327,111.5555556,872.1127451,28.86842105,1196.60012,239.6555831,102.8709677,59.66666667,NA,77.57493929
"Number of businesses",2020,"Sales","All Transactions","Rest of the Europe Union (EU excluding Ireland)",3261.898496,42.38888889,5.666666667,1185.554678,NA,66.25,186.3302682,841.1629382,183.9437788,110.5555556,309.5392157,NA,200.7770472,23.2,50.93548387,NA,20.76470588,28.82926829
"Number of businesses",2020,"Sales","All Transactions","Rest of the World (all countries outside the UK and EU)",3223.141395,NA,NA,1117.0411,NA,28.30555556,89.21685824,566.9813338,148.1654378,109.5555556,654.0245098,20.86842105,263.6253736,111.8277916,53.93548387,6,19.76470588,30.82926829
"Number of businesses",2020,"Sales","All Transactions","External Sales/Purchases (outside NI)",14849.16327,112.7037037,NA,3054.288363,NA,217.9305556,2193.986433,3079.036191,873.9291475,149.4133333,1471.720588,371.6315789,2059.405111,649.3022333,193.7419355,101.4666667,92.17941176,143.4280171
"Number of businesses",2020,"Sales","All Transactions","Exports (outside UK)",11193.20784,78.0462963,82,2787.349661,NA,122.0694444,1655.712278,2558.912937,622.7067972,112.5555556,1159.485294,48.73684211,1361.52899,326.2833747,102.8709677,62.66666667,NA,86.51802872
"Number of businesses",2020,"Sales","All Transactions","Imports (outside UK)",NA,NA,NA,NA,NA,NA,NA,NA,NA,NA,NA,NA,NA,NA,NA,NA,NA,NA
"Number of businesses",2020,"Purchases","Goods","All countries",43978.13773,558.5185185,89.33333333,4402.208771,35.30555556,581.9305556,8647.786055,10593.27253,2319.204032,3693.182222,1153.151961,912.3421053,3994.853331,1371.648139,825.5032258,1408.133333,805.155042,2586.609017
"Number of businesses",2020,"Purchases","Goods","Northern Ireland",41608.39109,558.5185185,88.33333333,4287.68196,35.30555556,580.9305556,8402.302994,9427.531908,2209.103111,3689.142222,959.5637255,889.4736842,3719.522488,1276.777171,780.5677419,1405.133333,784.3903361,2514.112449
"Number of businesses",2020,"Purchases","Goods","Great Britain",13134.56866,43.38888889,39.66666667,2586.653034,25.30555556,141.3333333,1426.941329,4761.27085,450.8313364,317.4869841,599.6862745,70.60526316,1097.103616,461.1330025,100.8709677,279.5333333,167.3441176,565.4141062
"Number of businesses",2020,"Purchases","Goods","Ireland",7220.053022,44.38888889,43,2122.410315,NA,72.875,951.6506202,2717.184498,324.8718894,136.8438095,107.1960784,NA,263.3933054,116.8277916,6,21,75.41470588,212.9961197
"Number of businesses",2020,"Purchases","Goods","Rest of the Europe Union (EU excluding Ireland)",4033.664504,9.731481481,9.666666667,1439.858313,NA,28.59722222,319.7869732,1784.190802,72.90737327,77.60380952,69.1127451,NA,127.3305439,59.93548387,NA,11,NA,13.94308943
"Number of businesses",2020,"Purchases","Goods","Rest of the World (all countries outside the UK and EU)",2179.0303,NA,6,903.8848396,NA,NA,132.7735632,842.5905031,7,NA,76.64215686,NA,87.59832636,12,51.93548387,8,NA,39.60542709
"Number of businesses",2020,"Purchases","Goods","External Sales/Purchases (outside NI)",16400.73169,85.77777778,72.66666667,3021.839262,27.30555556,163.6388889,2150.557233,5932.122788,686.0175115,455.6546032,689.6617647,71.60526316,1245.032487,501.8253102,146.8064516,280.5333333,188.1088235,681.5779749
"Number of businesses",2020,"Purchases","Goods","Exports (outside UK)",NA,NA,NA,NA,NA,NA,NA,NA,NA,NA,NA,NA,NA,NA,NA,NA,NA,NA
"Number of businesses",2020,"Purchases","Goods","Imports (outside UK)",9236.062085,44.38888889,46.66666667,2412.478969,NA,77.5,1175.117287,3824.884347,347.9364055,193.367619,201.0882353,NA,360.7238494,169.7632754,52.93548387,22,75.41470588,225.796352
"Number of businesses",2020,"Purchases","Services","All countries",39149.33516,489.2037037,86.33333333,3776.58564,78.25,499.75,6677.835395,7707.826745,2164.118548,2398.515556,1597.088235,1692.342105,4626.295512,1791.457568,864.2387097,1544.2,957.6836134,2197.610495
"Number of businesses",2020,"Purchases","Services","Northern Ireland",37976.11837,481.4722222,86.33333333,3739.967318,77.25,480.7777778,6393.763993,7443.092664,2147.118548,2391.435556,1491.583333,1689.342105,4415.089894,1705.829777,773.3677419,1509.4,956.6836134,2193.610495
"Number of businesses",2020,"Purchases","Services","Great Britain",9055.319445,17.46296296,8,1387.145457,28.30555556,154.6805556,1021.665659,1901.337334,472.5168203,195.4793651,843.7254902,297.1578947,1417.961633,417.7543424,235.6774194,242.7333333,90.16470588,323.5509186
"Number of businesses",2020,"Purchases","Services","Ireland",3439.502941,29.92592593,13,881.4991638,8,49.56944444,456.4248367,650.8660863,293.6256912,58.16,371.5392157,10,388.9339395,95.13548387,8,14,75.36554622,35.45760743
"Number of businesses",2020,"Purchases","Services","Rest of the Europe Union (EU excluding Ireland)",1579.688229,16.46296296,29,591.6562564,NA,7.625,109.1478927,233.5447004,88.19354839,32.04,309.122549,23.86842105,98.59832636,14,7,NA,10.57142857,NA
"Number of businesses",2020,"Purchases","Services","Rest of the World (all countries outside the UK and EU)",1561.796482,NA,NA,378.4485324,NA,NA,55.55670498,225.9431241,57.50403226,81.56380952,404.0980392,NA,153.1966527,95.62779156,8,13,66.91470588,10.94308943
"Number of businesses",2020,"Purchases","Services","External Sales/Purchases (outside NI)",10500.37791,46.38888889,39,1546.255679,33.30555556,174.6527778,1297.421817,2029.519048,650.0817972,268.0031746,1008.955882,322.0263158,1596.006612,478.8898263,237.6774194,245.7333333,176.1655462,350.2942403
"Number of businesses",2020,"Purchases","Services","Exports (outside UK)",NA,NA,NA,NA,NA,NA,NA,NA,NA,NA,NA,NA,NA,NA,NA,NA,NA,NA
"Number of businesses",2020,"Purchases","Services","Imports (outside UK)",4521.55248,31.92592593,38,1058.546645,10,51.56944444,532.4692811,803.5002642,311.6902074,116.6838095,688.4705882,29.86842105,469.3983746,182.7632754,11,23,118.2655462,44.40069686
"Number of businesses",2020,"Purchases","All Transactions","All countries",50852.78422,673.9537037,89.33333333,4476.581832,79.25,641.1805556,9536.723725,11107.7449,2655.123963,3732,1795.568627,1893.026316,5343.560444,2063.827295,1012.245161,1760,1057.005882,2935.658484
"Number of businesses",2020,"Purchases","All Transactions","Northern Ireland",49432.95956,667.2222222,89.33333333,4418.844371,79.25,641.1805556,9275.380373,10645.35796,2627.059447,3727.92,1696.676471,1890.026316,5101.961819,1934.26402,967.3096774,1725.2,1057.005882,2888.96711
"Number of businesses",2020,"Purchases","All Transactions","Great Britain",15980.905,51.12037037,39.66666667,2639.74419,30.30555556,220.2222222,1753.662458,4986.499974,612.4605991,388.1707937,1104.622549,317.0263158,1811.489128,605.4531017,236.6774194,322.3333333,211.4941176,649.9562084
"Number of businesses",2020,"Purchases","All Transactions","Ireland",8377.58794,51.12037037,43,2176.095412,9,98.47222222,1048.711458,2865.408227,491.9690092,145.8438095,399.7058824,10,492.2644834,146.0277916,8,26,121.5155462,244.4537272
"Number of businesses",2020,"Purchases","All Transactions","Rest of the Europe Union (EU excluding Ireland)",4759.493124,16.46296296,35.66666667,1513.764248,NA,30.59722222,375.3091954,1875.538992,125.0364055,97.64380952,368.2352941,23.86842105,178.0627615,67.93548387,NA,12,11.57142857,16.80023229
"Number of businesses",2020,"Purchases","All Transactions","Rest of the World (all countries outside the UK and EU)",3074.614032,NA,6,968.1147247,NA,NA,144.7735632,905.6342819,58.50403226,81.56380952,437.877451,NA,180.0627615,104.6277916,53.93548387,13,66.91470588,40.60542709
"Number of businesses",2020,"Purchases","All Transactions","External Sales/Purchases (outside NI)",19440.15521,100.2407407,72.66666667,3092.575696,33.30555556,261.5,2365.5392,6090.402376,901.6186636,523.2584127,1294.102941,341.8947368,2008.400216,703.2808933,238.6774194,324.3333333,297.494958,790.8633988
"Number of businesses",2020,"Purchases","All Transactions","Exports (outside UK)",NA,NA,NA,NA,NA,NA,NA,NA,NA,NA,NA,NA,NA,NA,NA,NA,NA,NA
"Number of businesses",2020,"Purchases","All Transactions","Imports (outside UK)",10768.76167,52.12037037,71.66666667,2467.528716,10,99.47222222,1242.655903,3939.444255,512.0335253,202.367619,747.8039216,29.86842105,608.4611361,282.591067,56.93548387,28,162.4155462,255.3968166
"Number of businesses",2021,"Sales","Goods","All countries",29251.24035,401.9450549,84.5,4247.933561,NA,416.66,5419.135413,11157.09106,662.9685315,3430.270183,595.4989648,304.0416667,939.9230808,576.9333333,NA,121.2376471,348.4588662,530.6429968
"Number of businesses",2021,"Sales","Goods","Northern Ireland",28442.39877,350.1648352,84.5,4093.897395,NA,386.22,5302.793843,11033.4825,631.7377622,3429.270183,480.6418219,273.9242424,844.0401151,575.9333333,NA,120.2376471,312.1545183,509.4005725
"Number of businesses",2021,"Sales","Goods","Great Britain",9009.658552,54.78021978,24,2251.807021,NA,154.7,1737.150756,3813.028826,85.42657343,157.5309091,280.8944099,27.53409091,173.9617411,134.3111111,NA,25.02941176,36.30434783,53.1991342
"Number of businesses",2021,"Sales","Goods","Ireland",10707.40407,29.89010989,61.66666667,2691.655164,NA,148.2,2545.419833,4459.769304,123.1538462,NA,245.3664596,5.583333333,261.3874699,60.08333333,NA,20.02941176,NA,51.1991342
"Number of businesses",2021,"Sales","Goods","Rest of the Europe Union (EU excluding Ireland)",4721.782538,36.18681319,NA,1291.917932,NA,36.44,1443.022609,1694.259906,7,NA,94.89026915,NA,50.90945347,63.15555556,NA,NA,NA,NA
"Number of businesses",2021,"Sales","Goods","Rest of the World (all countries outside the UK and EU)",2858.909941,NA,NA,1151.120571,NA,37.44,NA,1427.108293,NA,NA,93.89026915,NA,80.92252537,62.15555556,NA,NA,NA,NA
"Number of businesses",2021,"Sales","Goods","External Sales/Purchases (outside NI)",12460.08055,114.8571429,63.66666667,3052.772768,NA,212.58,2774.017594,4812.53717,157.6573427,158.5309091,393.7515528,33.11742424,354.7079356,183.3944444,NA,25.02941176,38.30434783,84.15584416
"Number of businesses",2021,"Sales","Goods","Exports (outside UK)",11134.99681,63.07692308,61.66666667,2827.998641,NA,152.2,2580.177897,4566.745111,125.4265734,NA,286.9855072,5.583333333,268.6687199,120.2388889,NA,20.02941176,NA,52.1991342
"Number of businesses",2021,"Sales","Goods","Imports (outside UK)",NA,NA,NA,NA,NA,NA,NA,NA,NA,NA,NA,NA,NA,NA,NA,NA,NA,NA
"Number of businesses",2021,"Sales","Services","All countries",37975.75821,423.8351648,38.66666667,2045.692944,14,530.92,8755.815509,4596.888378,2986.881119,1333.156511,1981.514493,2026.522727,5705.175173,2035.133333,748.8666667,1275.933987,1157.450128,2319.305404
"Number of businesses",2021,"Sales","Services","Northern Ireland",35704.26237,398.9450549,34.66666667,1906.011195,14,530.92,8559.538408,4426.488518,2870.727273,1333.156511,1503.887164,1892.852273,5196.232556,1988.05,632.5555556,1155.693987,1004.959079,2255.578132
"Number of businesses",2021,"Sales","Services","Great Britain",9427.706856,34.18681319,NA,941.5755412,NA,39.94,2591.250432,1056.378299,691.2342657,71.84935897,1269.825052,196.3219697,1541.110833,224.4055556,301.7777778,148.3282353,216.2659847,91.75673789
"Number of businesses",2021,"Sales","Services","Ireland",10252.03046,11.2967033,13.66666667,921.2173889,NA,102.32,3068.222913,2201.643236,664.9335664,58.5,983.1252588,NA,1773.916394,208,68.15555556,84.17882353,24.47058824,59.80002793
"Number of businesses",2021,"Sales","Services","Rest of the Europe Union (EU excluding Ireland)",3339.217153,NA,NA,454.7489668,NA,NA,991.1052707,666.3259467,272.0034965,NA,442.63147,NA,256.0146424,60.75,10,81.14941176,77.2455243,21.24242424
"Number of businesses",2021,"Sales","Services","Rest of the World (all countries outside the UK and EU)",2712.587028,NA,NA,219.6974258,NA,NA,745.9818548,NA,179.9265734,NA,757.8405797,NA,489.028992,NA,NA,NA,NA,NA
"Number of businesses",2021,"Sales","Services","External Sales/Purchases (outside NI)",14178.8077,44.48351648,NA,1261.363719,NA,131.76,3532.599444,2504.949757,998.2412587,129.349359,1648.581781,200.905303,2497.59014,365.3222222,301.7777778,152.3576471,237.7365729,144.6225388
"Number of businesses",2021,"Sales","Services","Exports (outside UK)",11230.46547,11.2967033,17.66666667,1063.942127,NA,102.32,3073.222913,2304.225844,740.1643357,58.5,1368.572464,NA,1934.878135,212,68.15555556,85.17882353,101.7161125,80.04245217
"Number of businesses",2021,"Sales","Services","Imports (outside UK)",NA,NA,NA,NA,NA,NA,NA,NA,NA,NA,NA,NA,NA,NA,NA,NA,NA,NA
"Number of businesses",2021,"Sales","All Transactions","All countries",53929.48307,738.8131868,98,4640.271911,22,709.56,10398.62597,11812.78473,3131.615385,4214.562222,2034.785714,2132.659091,6091.119281,2171.111111,749.8666667,1288.963399,1215.225064,2479.519341
"Number of businesses",2021,"Sales","All Transactions","Northern Ireland",51580.37828,678.7362637,94,4490.448416,22,680.12,10203.24173,11611.46327,3055.461538,4213.562222,1560.810559,1972.454545,5553.163592,2164.111111,633.5555556,1168.723399,1062.734015,2415.792068
"Number of businesses",2021,"Sales","All Transactions","Great Britain",14478.63307,71.37362637,NA,2351.940741,NA,186.64,2716.45257,3855.378826,725.7377622,229.3802681,1352.715321,222.8560606,1667.725621,285.5611111,301.7777778,149.3282353,216.2659847,113.9991621
"Number of businesses",2021,"Sales","All Transactions","Ireland",15405.5519,40.18681319,67.66666667,2809.23787,NA,187.64,3440.754211,4561.923512,775.1643357,58.5,1028.39648,NA,1928.825503,214,69.15555556,84.17882353,26.47058824,101.2848764
"Number of businesses",2021,"Sales","All Transactions","Rest of the Europe Union (EU excluding Ireland)",6536.724011,36.18681319,7,1360.08824,NA,36.44,1733.042483,1994.579331,273.0034965,NA,483.2505176,NA,298.5902143,121.9055556,10,81.14941176,77.2455243,22.24242424
"Number of businesses",2021,"Sales","All Transactions","Rest of the World (all countries outside the UK and EU)",5121.380742,NA,NA,1160.988992,NA,37.44,745.9818548,1428.108293,182.1993007,57.5,762.8405797,NA,530.6045639,83.82222222,10,61.12,56.77493606,NA
"Number of businesses",2021,"Sales","All Transactions","External Sales/Purchases (outside NI)",19941.09029,140.7472527,NA,3204.862943,NA,276.46,4012.623059,4951.041378,1071.744755,286.8802681,1692.853002,229.0227273,2681.231071,429.4777778,302.7777778,153.3576471,238.7365729,188.1073872
"Number of businesses",2021,"Sales","All Transactions","Exports (outside UK)",16462.76746,73.37362637,71.66666667,2957.261089,NA,190.64,3480.512275,4668.899318,852.6678322,58.5,1374.572464,NA,2064.774172,277.1555556,69.15555556,85.17882353,103.7161125,122.5273007
"Number of businesses",2021,"Sales","All Transactions","Imports (outside UK)",NA,NA,NA,NA,NA,NA,NA,NA,NA,NA,NA,NA,NA,NA,NA,NA,NA,NA
"Number of businesses",2021,"Purchases","Goods","All countries",48458.26143,647.5494505,91.5,4602.995013,17,704.06,9718.86393,11680.11758,2708.524476,4218.759495,1190.163561,951.4090909,4420.453298,1540,643.5555556,1551.302876,957.8769537,2814.130149
"Number of businesses",2021,"Purchases","Goods","Northern Ireland",46688.01195,647.5494505,87.5,4467.067141,17,704.06,9642.454944,10771.61545,2579.328671,4214.759495,1102.468944,923.875,4274.959367,1479.844444,643.5555556,1489.182876,902.1020176,2740.688591
"Number of businesses",2021,"Purchases","Goods","Great Britain",18332.26921,62.07692308,42.16666667,3457.316959,7,193.64,3423.789244,7372.560936,377.5262238,305.858512,594.884058,94.18560606,1049.57339,301.2166667,132.3111111,325.2488889,268.9335038,323.9805195
"Number of businesses",2021,"Purchases","Goods","Ireland",13042.78208,63.07692308,55.16666667,3000.930889,NA,183.14,2545.257036,5464.770702,482.0996503,305.9998291,238.3561077,8.583333333,403.8093252,97.15555556,NA,123.7376471,20.88888889,40.80952381
"Number of businesses",2021,"Purchases","Goods","Rest of the Europe Union (EU excluding Ireland)",8370.272948,12.2967033,7,2506.182063,NA,61.38,1186.650536,4177.530609,47.65384615,143.6455051,56.77122153,NA,93.13305169,21,NA,33.02941176,11,NA
"Number of businesses",2021,"Purchases","Goods","Rest of the World (all countries outside the UK and EU)",6171.73325,NA,9.5,1820.550207,NA,NA,912.3003053,2870.963837,63.92307692,NA,149.1614907,NA,133.2513867,70.15555556,68.15555556,34.02941176,NA,25.24242424
"Number of businesses",2021,"Purchases","Goods","External Sales/Purchases (outside NI)",20948.33759,98.26373626,71.33333333,3768.891655,8,359.28,4084.032431,8003.629557,733.798951,398.3296775,638.1552795,97.76893939,1165.625678,364.3722222,191.4666667,326.2488889,272.8223927,366.3181818
"Number of businesses",2021,"Purchases","Goods","Exports (outside UK)",NA,NA,NA,NA,NA,NA,NA,NA,NA,NA,NA,NA,NA,NA,NA,NA,NA,NA
"Number of businesses",2021,"Purchases","Goods","Imports (outside UK)",13937.43719,72.37362637,60.16666667,3192.272941,6,241.52,2625.55888,5748.991163,514.3304196,311.0452836,281.6273292,8.583333333,437.8223971,160.3111111,68.15555556,124.7376471,21.88888889,62.05194805
"Number of businesses",2021,"Purchases","Services","All countries",48547.9116,561.5824176,93,4196.318393,20,594.3,9287.686823,10136.98037,2868.727273,3623.31798,2012.933747,1755.431818,5587.963844,1861.061111,878.1777778,1696.431765,1005.56607,2368.432202
"Number of businesses",2021,"Purchases","Services","Northern Ireland",47915.71312,561.5824176,85.5,4163.100948,19,593.3,9209.38498,9876.233928,2863.477273,3622.295253,1966.662526,1727.897727,5496.443426,1857.061111,878.1777778,1634.311765,1004.56607,2356.717916
"Number of businesses",2021,"Purchases","Services","Great Britain",14935.17545,27.89010989,18.5,2448.195344,10,136.26,2822.424927,5115.293951,456.965035,223.6157848,1012.839545,178.7878788,1430.564612,318.1555556,12,376.3394771,166.9093492,180.433878
"Number of businesses",2021,"Purchases","Services","Ireland",8330.563648,18.59340659,23.16666667,1774.423015,6,74.88,1693.800819,3169.092558,236.715035,217.1157848,409.4648033,6.583333333,470.4436377,122.8222222,12,29.52941176,33.47058824,32.46236559
"Number of businesses",2021,"Purchases","Services","Rest of the Europe Union (EU excluding Ireland)",4504.559261,13.2967033,NA,1070.457842,NA,NA,1047.564228,1586.871741,177.0192308,65.85431235,271.9751553,NA,199.3827937,13,10,NA,37.47058824,NA
"Number of businesses",2021,"Purchases","Services","Rest of the World (all countries outside the UK and EU)",2799.360912,NA,NA,567.8637598,NA,NA,122.4616935,1052.007872,49.48076923,54.67628205,617.2836439,NA,228.0951137,31,12,33.02941176,9,19.46236559
"Number of businesses",2021,"Purchases","Services","External Sales/Purchases (outside NI)",15822.41835,47.48351648,30.66666667,2582.239246,11,136.26,2940.176679,5277.064552,529.4685315,254.5423582,1153.92029,183.3712121,1549.89815,382.9777778,15,377.3394771,167.9093492,183.1005446
"Number of businesses",2021,"Purchases","Services","Exports (outside UK)",NA,NA,NA,NA,NA,NA,NA,NA,NA,NA,NA,NA,NA,NA,NA,NA,NA,NA
"Number of businesses",2021,"Purchases","Services","Imports (outside UK)",9575.182378,21.59340659,23.16666667,1870.11302,6,74.88,1907.242064,3476.346185,237.715035,227.2521484,800.7877847,12.58333333,642.5220691,124.8222222,13,62.55882353,40.47058824,34.12903226
"Number of businesses",2021,"Purchases","All Transactions","All countries",54411.75455,705.6263736,99,4628.846865,20,708.56,10296.35178,11762.40892,3098.111888,4266.115556,2059.357143,1839.200758,5805.389229,2109.683333,878.1777778,1773.64,1211.336175,3149.94875
"Number of businesses",2021,"Purchases","All Transactions","Northern Ireland",53565.00599,705.6263736,99,4598.034439,20,708.56,10256.70086,11337.26262,3054.111888,4264.115556,2018.738095,1811.666667,5713.921442,2048.527778,878.1777778,1711.52,1211.336175,3127.706326
"Number of businesses",2021,"Purchases","All Transactions","Great Britain",20894.25825,70.37362637,42.16666667,3502.328639,10,250.52,3504.091087,7522.649646,596.9300699,331.6122999,1239.706004,206.3219697,1787.443016,443.4666667,132.3111111,513.6677124,335.5973288,405.0724061
"Number of businesses",2021,"Purchases","All Transactions","Ireland",14241.6838,72.37362637,56.16666667,3028.611606,7,215.08,2627.287958,5595.642161,661.9458042,355.4517521,524.4741201,11.16666667,644.8033191,191.9777778,12,127.7376471,43.35947712,66.60522273
"Number of businesses",2021,"Purchases","All Transactions","Rest of the Europe Union (EU excluding Ireland)",9169.323687,21.59340659,7,2527.074698,NA,61.38,1229.801457,4225.893513,185.5192308,208.4581507,313.7463768,NA,260.6901875,28,10,34.02941176,40.47058824,6.666666667
"Number of businesses",2021,"Purchases","All Transactions","Rest of the World (all countries outside the UK and EU)",7165.385964,NA,10.5,1862.411116,NA,NA,912.3003053,2987.585296,112.4038462,56.67628205,692.5217391,NA,265.4420672,96.15555556,70.15555556,34.02941176,9,44.70478983
"Number of businesses",2021,"Purchases","All Transactions","External Sales/Purchases (outside NI)",23473.59777,114.8571429,71.33333333,3789.837643,12,360.28,4201.021417,8095.355364,942.4335664,444.739934,1344.167702,213.4886364,1878.763482,509.2888889,193.4666667,513.6677124,340.4862177,448.4100684
"Number of businesses",2021,"Purchases","All Transactions","Exports (outside UK)",NA,NA,NA,NA,NA,NA,NA,NA,NA,NA,NA,NA,NA,NA,NA,NA,NA,NA
"Number of businesses",2021,"Purchases","All Transactions","Imports (outside UK)",15457.81256,80.67032967,60.16666667,3213.531111,7,242.52,2703.696944,5842.71697,662.9458042,360.4972067,915.1449275,16.16666667,761.8556066,255.1333333,71.15555556,128.7376471,46.35947712,89.51431364
"Number of businesses",2022,"Sales","Goods","All countries",26757.33052,439.5827273,77.92182891,3929.770078,110.8939897,268.352323,3772.771648,10260.32711,591.3315106,3347.67787,599.2695454,261.7087617,777.5345359,437.410853,288.3172246,303.993564,502.5692762,787.8976756
"Number of businesses",2022,"Sales","Goods","Northern Ireland",25555.95094,391.637285,77.92182891,3718.409094,108.8644912,209.0580752,3700.751666,9789.713164,544.1581456,3345.62312,434.8367489,261.7087617,740.6684664,398.1890468,287.3024753,303.993564,458.2615838,784.8534278
"Number of businesses",2022,"Sales","Goods","Great Britain",4610.096657,30.55384211,20.62758112,1436.222672,15.84199853,87.1804941,251.4293662,1997.584508,76.0650984,NA,240.9257942,26.17021277,216.0059043,127.8190383,NA,7.029900778,53.92351562,13.63248308
"Number of businesses",2022,"Sales","Goods","Ireland",5992.338574,36.3313765,37.32374631,1957.171106,15.84199853,154.2134956,389.6272392,2645.599116,159.0643156,NA,261.4989801,NA,121.6167233,101.6058543,NA,14.04465004,54.00876636,39.37645608
"Number of businesses",2022,"Sales","Goods","Rest of the Europe Union (EU excluding Ireland)",1780.132441,34.3313765,5.264749263,625.3980418,NA,69.33849558,14.10324484,738.328882,22.3509271,NA,139.495857,NA,69.93103671,42.69110093,NA,NA,15.86923077,NA
"Number of businesses",2022,"Sales","Goods","Rest of the World (all countries outside the UK and EU)",1529.798143,NA,NA,576.5574179,NA,24.87149705,NA,567.8884953,54.72892056,NA,125.9664452,NA,116.6724755,NA,NA,45.41085316,NA,NA
"Number of businesses",2022,"Sales","Goods","External Sales/Purchases (outside NI)",7972.98136,80.5140337,45.65707965,2365.990776,17.87149705,173.0849926,563.9126405,3370.590059,204.2922268,NA,420.31084,29.17021277,313.3245839,166.0260952,NA,53.42560242,105.732282,52.9941899
"Number of businesses",2022,"Sales","Goods","Exports (outside UK)",6528.512554,60.8114723,37.32374631,2087.111321,15.84199853,172.0849926,394.671487,2794.797161,183.956049,NA,309.4104881,NA,199.2589312,102.6206036,NA,53.42560242,69.79274639,42.39120534
"Number of businesses",2022,"Sales","Goods","Imports (outside UK)",NA,NA,NA,NA,NA,NA,NA,NA,NA,NA,NA,NA,NA,NA,NA,NA,NA,NA
"Number of businesses",2022,"Sales","Services","All countries",37490.11442,454.944829,46.39233038,1645.915181,71.44174041,383.1414086,8754.887663,4078.943699,2616.625723,1372.240778,1912.105364,2068.700646,5788.220039,1790.169608,1443.959235,1433.344328,1185.839407,2443.242436
"Number of businesses",2022,"Sales","Services","Northern Ireland",35530.53528,453.9300797,43.12758112,1481.350394,70.42699115,368.3141593,8447.068658,3868.742245,2538.426486,1370.226029,1505.158841,1954.41994,5435.479802,1779.626567,1341.477562,1394.919128,1132.759065,2345.081751
"Number of businesses",2022,"Sales","Services","Great Britain",5554.696525,NA,13.5980826,409.861225,NA,35.68399705,744.2435958,366.644119,454.0584941,48.3480826,1075.918154,160.7802736,1526.097381,358.8887932,162.8429163,64.54560778,40.78270933,91.38834447
"Number of businesses",2022,"Sales","Services","Ireland",5827.695649,9.836531441,NA,383.7287037,NA,67.29424779,1139.834043,539.4121575,521.7248356,46.33333333,1064.038444,50.2143162,1430.359637,265.7626369,135.7298728,21.05980156,90.83355268,50.23928794
"Number of businesses",2022,"Sales","Services","Rest of the Europe Union (EU excluding Ireland)",1403.882662,NA,NA,91.44908315,NA,NA,104.1225038,130.9254276,229.1025595,NA,366.6639114,NA,310.1238841,73.86314146,10.1646554,NA,65.46324786,14.97474926
"Number of businesses",2022,"Sales","Services","Rest of the World (all countries outside the UK and EU)",1672.097609,NA,NA,73.15340255,NA,NA,37.12780439,48.65142152,148.8086108,NA,705.0331845,12.58510638,470.9614613,44.18437628,59.3759931,10.02990078,54.12735043,NA
"Number of businesses",2022,"Sales","Services","External Sales/Purchases (outside NI)",9055.838757,NA,19.87758112,674.6974423,NA,98.96349558,1663.491077,756.1465914,735.4972914,48.3480826,1464.868183,204.2503421,2312.768633,454.4379988,265.3245887,66.54560778,130.8495953,145.8914672
"Number of businesses",2022,"Sales","Services","Exports (outside UK)",6656.465017,NA,10.29424779,443.1702187,NA,67.29424779,1201.986407,621.6833442,568.8834514,46.33333333,1266.000742,62.79942258,1712.011042,274.305678,161.8576655,21.05980156,123.7053476,62.2140372
"Number of businesses",2022,"Sales","Services","Imports (outside UK)",NA,NA,NA,NA,NA,NA,NA,NA,NA,NA,NA,NA,NA,NA,NA,NA,NA,NA
"Number of businesses",2022,"Sales","All Transactions","All countries",54130.72292,755.4982622,95.88274336,4470.420797,151.6664823,545.1821534,10128.39526,11702.82441,2839.45513,4212.958543,2044.858313,2216.954811,6109.701665,1969.543921,1521.327863,1450.492223,1294.029589,2621.530746
"Number of businesses",2022,"Sales","All Transactions","Northern Ireland",51788.98246,723.1963842,92.6179941,4269.762377,150.651733,501.7151549,9806.649473,11219.51364,2760.241144,4210.903793,1564.177097,2102.674104,5779.767398,1957.98613,1417.831442,1447.447975,1245.335572,2538.51105
"Number of businesses",2022,"Sales","All Transactions","Great Britain",9070.857309,30.55384211,30.22566372,1563.385256,15.84199853,115.8054941,840.1376837,2086.443942,516.0498462,50.3880826,1148.153408,173.36538,1694.699271,405.1493293,164.8724148,64.54560778,77.83699418,93.40309373
"Number of businesses",2022,"Sales","All Transactions","Ireland",10515.00001,45.16790794,41.58849558,2076.451564,17.85674779,199.6804941,1335.517354,2733.481633,644.3644778,47.33333333,1167.703545,50.2143162,1489.069621,311.4684871,135.7298728,22.07455082,127.8730883,69.42452417
"Number of businesses",2022,"Sales","All Transactions","Rest of the Europe Union (EU excluding Ireland)",2962.63161,34.3313765,6.279498525,665.6351586,NA,69.33849558,113.1815009,807.3164766,248.4387373,NA,461.4869273,NA,363.7748711,77.33243618,10.1646554,NA,81.33247863,16.98949853
"Number of businesses",2022,"Sales","All Transactions","Rest of the World (all countries outside the UK and EU)",3026.556988,NA,NA,599.6115558,NA,25.88624631,41.17205218,607.4219228,194.4785343,NA,783.3267887,12.58510638,546.4184185,46.63892173,59.3759931,45.41085316,55.14209969,NA
"Number of businesses",2022,"Sales","All Transactions","External Sales/Purchases (outside NI)",14904.58158,88.33581588,58.5199115,2548.405475,19.88624631,246.1769912,1942.181892,3495.974587,877.5719055,51.3880826,1609.823382,216.8354484,2503.220742,529.3158895,266.339338,102.9413094,182.5878602,165.0767034
"Number of businesses",2022,"Sales","All Transactions","Exports (outside UK)",11732.06207,69.64800374,42.60324484,2233.172216,18.87149705,217.5519912,1399.684467,2919.175274,695.6366369,47.33333333,1410.955941,62.79942258,1817.377214,320.0115282,161.8576655,57.4555032,176.5288632,81.39927343
"Number of businesses",2022,"Sales","All Transactions","Imports (outside UK)",NA,NA,NA,NA,NA,NA,NA,NA,NA,NA,NA,NA,NA,NA,NA,NA,NA,NA
"Number of businesses",2022,"Purchases","Goods","All countries",46455.2083,683.0727241,87.5199115,4382.495528,102.1109882,531.3696534,8993.632036,11245.05432,2215.898368,4087.273523,1398.879892,876.6006465,3789.703077,1457.978167,1299.362586,1344.201069,1050.249421,2909.806392
"Number of businesses",2022,"Purchases","Goods","Northern Ireland",44401.34638,650.7708461,87.5199115,4228.098251,102.1109882,517.5571534,8792.123158,10107.15873,2163.92454,4085.273523,1194.057343,864.0155401,3730.879316,1429.820875,1266.123682,1304.775869,1035.480191,2841.656465
"Number of businesses",2022,"Purchases","Goods","Great Britain",10882.41965,69.64800374,36.74041298,2228.520834,7.088495575,145.4157448,1196.154534,4181.478781,383.3657443,130.1279941,507.0932882,59.38467332,799.2910313,273.7594674,174.9540274,218.6198952,116.6630512,354.1136722
"Number of businesses",2022,"Purchases","Goods","Ireland",5640.448282,37.34612576,36.52949853,1399.267676,21.91574484,58.49649705,685.9659753,2248.436413,244.3486071,270.3733995,47.27296981,5.044247788,275.3493615,131.9484842,28.23345109,20.10404934,63.19509114,66.62068936
"Number of businesses",2022,"Purchases","Goods","Rest of the Europe Union (EU excluding Ireland)",2648.146412,36.34612576,14.29424779,739.3293034,5.073746313,43.69874631,88.5902192,1367.106263,59.49598757,16.08,50.79784104,NA,113.0444125,69.48040995,NA,NA,29.57030482,7.05899705
"Number of businesses",2022,"Purchases","Goods","Rest of the World (all countries outside the UK and EU)",1878.453093,10.8512807,NA,515.239341,NA,20.84199853,103.1980231,900.984893,55.49598757,14.04424779,115.1244467,NA,65.39667035,15.66344865,NA,13.05980156,26.25555556,9.073746313
"Number of businesses",2022,"Purchases","Goods","External Sales/Purchases (outside NI)",13279.15877,101.9351325,52.42182891,2619.216274,22.9304941,189.8827434,1572.861442,4999.184336,496.0129107,333.2276473,576.5413909,60.39942258,917.2219843,353.1883306,174.9540274,220.6346445,199.5852734,388.9608901
"Number of businesses",2022,"Purchases","Goods","Exports (outside UK)",NA,NA,NA,NA,NA,NA,NA,NA,NA,NA,NA,NA,NA,NA,NA,NA,NA,NA
"Number of businesses",2022,"Purchases","Goods","Imports (outside UK)",6738.825781,45.16790794,40.80899705,1718.924242,22.9304941,74.33849558,723.7194536,2745.057046,250.3928549,270.3733995,142.9669224,5.044247788,328.07085,134.9779827,28.23345109,21.10404934,113.0209515,73.69443567
"Number of businesses",2022,"Purchases","Services","All countries",41555.75626,479.7063875,88.53466077,3785.75995,147.6074853,475.1049041,7678.707284,8481.570097,2109.121997,3019.367344,1790.948389,1691.476953,4613.863228,1509.784218,1146.632211,1316.656754,925.7763558,2295.138036
"Number of businesses",2022,"Purchases","Services","Northern Ireland",40722.34262,471.8846053,88.53466077,3732.377635,147.6074853,460.2924041,7461.170852,8334.55066,2057.720906,3018.367344,1680.654138,1691.476953,4513.772945,1468.547663,1120.504419,1314.627255,908.907125,2251.345568
"Number of businesses",2022,"Purchases","Services","Great Britain",6683.165184,59.79672304,28.19616519,819.8056008,38.75774336,94.48432891,769.8235481,1395.303233,372.6328385,225.4382644,809.6408831,129.0249545,1194.913869,186.620683,116.6463278,157.4073861,116.5963845,168.0762501
"Number of businesses",2022,"Purchases","Services","Ireland",2985.343198,34.31662724,12.02949853,341.4956833,22.9304941,16.05899705,286.9789901,638.7341313,286.3176699,154.0836307,322.907202,20.29985565,495.4417534,180.1888182,12.14990614,22.1969697,96.96432191,42.24864827
"Number of businesses",2022,"Purchases","Services","Rest of the Europe Union (EU excluding Ireland)",1382.347552,26.49484506,NA,175.3268339,6.088495575,6.014749263,66.71734092,312.8519316,132.8969217,59.41424779,286.2491103,NA,252.588876,8.05899705,NA,16.04465004,21.78398003,NA
"Number of businesses",2022,"Purchases","Services","Rest of the World (all countries outside the UK and EU)",1548.127753,NA,NA,148.2429435,NA,19.84199853,6.029498525,268.4096863,166.724566,35.16424779,580.6810569,NA,241.7811835,17.61678734,12.1646554,18.04505229,11.3480826,14.97474926
"Number of businesses",2022,"Purchases","Services","External Sales/Purchases (outside NI)",7893.830319,78.46978592,31.19616519,950.1939045,38.75774336,99.51382743,937.3906372,1558.668194,459.2200257,311.0881488,996.4522729,145.3100609,1362.270123,272.5188409,118.6758264,159.4073861,180.3767264,194.3206506
"Number of businesses",2022,"Purchases","Services","Exports (outside UK)",NA,NA,NA,NA,NA,NA,NA,NA,NA,NA,NA,NA,NA,NA,NA,NA,NA,NA
"Number of businesses",2022,"Purchases","Services","Imports (outside UK)",3725.475965,36.3313765,12.02949853,427.3086074,23.94524336,32.88624631,294.2289901,759.4468314,311.6980955,158.0836307,674.2322309,20.29985565,598.7997136,183.2183168,13.1646554,33.24161974,102.2976552,44.26339754
"Number of businesses",2022,"Purchases","All Transactions","All countries",53013.41102,716.3893513,89.54941003,4469.366387,149.6369838,558.9946534,9878.512597,11534.25406,2664.438689,4137.423407,1987.153118,1869.697941,5435.263984,1847.402513,1632.920647,1591.812071,1248.302655,3202.292559
"Number of businesses",2022,"Purchases","All Transactions","Northern Ireland",51825.41093,700.745787,89.54941003,4409.6516,149.6369838,545.1821534,9692.059721,10995.56796,2634.815787,4136.423407,1859.800517,1857.112835,5341.951608,1820.259971,1606.792854,1589.782573,1248.302655,3147.775115
"Number of businesses",2022,"Purchases","All Transactions","Great Britain",13328.56259,100.9351325,36.74041298,2296.080639,38.75774336,152.7638274,1459.550292,4324.515475,578.4427033,265.8677629,1020.036615,168.7950229,1476.782582,319.216571,228.2096129,268.1339932,200.1754557,393.558746
"Number of businesses",2022,"Purchases","All Transactions","Ireland",6985.869154,45.16790794,37.54424779,1429.086524,23.94524336,61.52599558,769.3583448,2391.565449,465.1544164,296.7981488,331.5251094,22.32935417,593.487789,234.460325,37.26294962,36.28586752,117.1346267,93.23685455
"Number of businesses",2022,"Purchases","All Transactions","Rest of the Europe Union (EU excluding Ireland)",3426.640927,44.16790794,14.29424779,765.9663336,6.088495575,43.69874631,129.0863212,1451.302855,147.5114743,75.49424779,317.6312065,NA,268.5847772,71.48040995,NA,18.07455082,51.35428485,11.74041298
"Number of businesses",2022,"Purchases","All Transactions","Rest of the World (all countries outside the UK and EU)",3006.647914,12.88077923,NA,563.4534913,5.073746313,21.85674779,103.1980231,1013.491166,173.2948708,35.16424779,676.3897588,NA,282.7177545,25.19174041,12.1646554,20.05980156,33.60363815,21.04849558
"Number of businesses",2022,"Purchases","All Transactions","External Sales/Purchases (outside NI)",16024.9704,133.2222612,52.42182891,2688.951708,40.78724189,198.230826,1828.394677,5105.78354,746.5551647,479.2026668,1216.965352,185.0948786,1658.994254,443.3217858,230.2391114,270.1487425,306.6532335,440.003132
"Number of businesses",2022,"Purchases","All Transactions","Exports (outside UK)",NA,NA,NA,NA,NA,NA,NA,NA,NA,NA,NA,NA,NA,NA,NA,NA,NA,NA
"Number of businesses",2022,"Purchases","All Transactions","Imports (outside UK)",8492.551186,54.00443938,40.80899705,1757.995144,25.97474189,76.35324484,780.4654295,2871.87467,490.5495913,296.7981488,774.4520923,22.32935417,721.5875211,237.4898235,38.27769888,37.28586752,165.9938204,100.3106009
"Number of businesses",2023,"Sales","Goods","All countries",25998.24105,468.8225806,72.85,3811.109863,123.2195122,174.1036585,3835.929992,10350.28377,630.0105311,3094.049892,527.3286147,293.28125,728.8168571,696.2800866,88.96969697,166.5218254,397.8140471,538.8488672
"Number of businesses",2023,"Sales","Goods","Northern Ireland",24862.23895,422.0403226,71.85,3589.873905,123.2195122,170.1036585,3775.231987,9833.320734,599.9848901,3091.049892,427.0705069,280.5260417,639.3414906,656.2800866,88.96969697,166.5218254,389.0055365,537.8488672
"Number of businesses",2023,"Sales","Goods","Great Britain",5344.160231,43.24193548,18.54166667,1331.342743,17.31707317,80.51829268,521.1562456,2518.355601,92.74358974,NA,221.8239078,40.265625,219.7274694,183.8712121,NA,7.108024691,9.808510638,33.25833333
"Number of businesses",2023,"Sales","Goods","Ireland",6176.56277,30.16129032,28.08333333,1945.163412,32.63414634,62.95121951,537.883953,2901.50802,129.9935897,NA,124.7429644,13.75520833,66.34294641,230.7164502,NA,9.108024691,18.61702128,43.90119048
"Number of businesses",2023,"Sales","Goods","Rest of the Europe Union (EU excluding Ireland)",2352.474476,46.78225806,NA,625.4185744,NA,NA,99.25505279,1267.406027,25.02564103,NA,110.1578665,NA,57.55347272,41.41666667,NA,NA,NA,31.125
"Number of businesses",2023,"Sales","Goods","Rest of the World (all countries outside the UK and EU)",2045.446968,NA,9.208333333,541.8240544,NA,44.63414634,54.44593088,1121.91413,60.90064103,NA,124.9833825,NA,79.11968277,5.416666667,NA,NA,NA,NA
"Number of businesses",2023,"Sales","Goods","External Sales/Purchases (outside NI)",8391.290444,91.02419355,31.41666667,2233.874862,33.63414634,119.152439,790.0269191,3918.189283,159.0192308,NA,265.6287858,54.02083333,242.2936794,355.6861472,NA,9.108024691,36.23404255,45.90119048
"Number of businesses",2023,"Sales","Goods","Exports (outside UK)",6776.008626,56.32258065,30.41666667,2044.846501,33.63414634,84.26829268,538.883953,3181.282974,130.9935897,NA,199.7676226,13.75520833,112.6858928,266.7164502,NA,9.108024691,27.42553191,44.90119048
"Number of businesses",2023,"Sales","Goods","Imports (outside UK)",NA,NA,NA,NA,NA,NA,NA,NA,NA,NA,NA,NA,NA,NA,NA,NA,NA,NA
"Number of businesses",2023,"Sales","Services","All countries",36940.03967,433.1209677,38.28333333,1479.995871,143.7865854,378.4085366,8599.354007,3975.209753,2468.925824,1514.661004,1876.805356,2222.385417,5739.500883,2170.832684,625.2735931,1507.261023,1169.014528,2597.220301
"Number of businesses",2023,"Sales","Services","Northern Ireland",34381.28003,412.5,35.15,1385.934192,140.7865854,378.4085366,7933.802273,3714.284239,2267.348901,1512.661004,1455.202741,2068.322917,5226.709392,2126.799351,624.2735931,1444.832451,1131.49634,2522.767512
"Number of businesses",2023,"Sales","Services","Great Britain",6167.874801,19.62096774,NA,311.9340067,NA,159.3536585,832.6916701,909.2696659,502.3145604,37.85777778,1004.988904,213.4166667,1367.090001,392.0116162,60.11341991,151.1055996,49.40070922,153.9055773
"Number of businesses",2023,"Sales","Services","Ireland",6048.254583,28.16129032,NA,422.6343721,NA,101.0853659,1459.796245,732.905305,387.1698718,33.77777778,734.5478083,23.08854167,1382.293473,502.6924242,17.62857143,48.94268078,70.301876,89.09564579
"Number of businesses",2023,"Sales","Services","Rest of the Europe Union (EU excluding Ireland)",1791.127325,NA,NA,56.50684152,19.31707317,NA,225.3209719,338.7123959,179.6382784,32.77777778,348.1249794,17.421875,402.8225186,52.48484848,NA,66.46560847,10.80851064,27.9853229
"Number of businesses",2023,"Sales","Services","Rest of the World (all countries outside the UK and EU)",2170.121305,NA,NA,70.57508154,NA,NA,123.7751918,386.3944134,166.6717033,33.77777778,693.043239,13.75520833,462.0685736,100.540404,16.62857143,66.46560847,30.62553191,NA
"Number of businesses",2023,"Sales","Services","External Sales/Purchases (outside NI)",10003.28119,47.78225806,16.93333333,617.48302,19.31707317,205.2378049,1970.343624,1307.695031,793.6671245,37.85777778,1323.989466,258.015625,2204.035407,674.8954545,61.11341991,152.1472663,112.0940746,200.6734344
"Number of businesses",2023,"Sales","Services","Exports (outside UK)",7020.789667,34.7016129,15.93333333,473.8409605,19.31707317,101.0853659,1464.796245,817.8526735,497.4075092,33.77777778,1040.938423,50.265625,1695.489073,505.6924242,17.62857143,79.65696649,82.31038664,90.09564579
"Number of businesses",2023,"Sales","Services","Imports (outside UK)",NA,NA,NA,NA,NA,NA,NA,NA,NA,NA,NA,NA,NA,NA,NA,NA,NA,NA
"Number of businesses",2023,"Sales","All Transactions","All countries",54505.98873,792.2983871,91.2,4417.855847,234.3719512,406.7256098,10618.64633,11913.21679,2723.038004,4252.580645,2039.273104,2380.447917,6095.20456,2301.002381,626.2735931,1549.987654,1319.445436,2744.420525
"Number of businesses",2023,"Sales","All Transactions","Northern Ireland",51511.36131,732.4354839,88.4,4217.590208,231.3719512,403.7256098,9961.138819,11447.32265,2521.461081,4249.580645,1562.294182,2226.385417,5563.057385,2221.969048,625.2735931,1487.559083,1301.828415,2669.967737
"Number of businesses",2023,"Sales","All Transactions","Great Britain",9967.107163,56.32258065,20.34166667,1442.935344,17.31707317,168.3536585,1115.093906,2840.678065,580.0581502,39.85777778,1106.069847,238.9270833,1482.131577,403.4282828,60.11341991,151.1055996,58.20921986,186.1639106
"Number of businesses",2023,"Sales","All Transactions","Ireland",10802.52236,56.32258065,38.21666667,2126.104178,32.63414634,107.0853659,1757.142707,3087.601219,477.7628205,34.77777778,781.4296094,35.84375,1434.63642,556.1209957,17.62857143,49.94268078,87.91889728,121.3539791
"Number of businesses",2023,"Sales","All Transactions","Rest of the Europe Union (EU excluding Ireland)",3750.057481,46.78225806,11.20833333,643.1832803,20.31707317,10,281.0132796,1377.492478,204.6639194,32.77777778,428.3034839,17.421875,433.599255,90.90151515,6.2,66.46560847,20.61702128,59.1103229
"Number of businesses",2023,"Sales","All Transactions","Rest of the World (all countries outside the UK and EU)",3876.619506,NA,11.00833333,566.2258809,NA,45.63414634,176.1341662,1308.895318,202.5467033,33.77777778,788.9703363,13.75520833,513.41152,100.540404,16.62857143,66.46560847,30.62553191,NA
"Number of businesses",2023,"Sales","All Transactions","External Sales/Purchases (outside NI)",15906.69935,123.7258065,42.01666667,2479.240493,36.63414634,214.2378049,2385.841341,4241.394762,884.2600733,40.85777778,1460.721441,296.28125,2338.643193,768.324026,61.11341991,153.1472663,147.3281171,232.9317678
"Number of businesses",2023,"Sales","All Transactions","Exports (outside UK)",12232.97811,82.48387097,41.01666667,2238.85576,36.63414634,111.0853659,1763.142707,3447.323542,562.9748168,34.77777778,1157.767959,63.02083333,1770.39823,594.1209957,17.62857143,80.65696649,108.7359186,122.3539791
"Number of businesses",2023,"Sales","All Transactions","Imports (outside UK)",NA,NA,NA,NA,NA,NA,NA,NA,NA,NA,NA,NA,NA,NA,NA,NA,NA,NA
"Number of businesses",2023,"Purchases","Goods","All countries",47800.16939,720.3548387,68.775,4322.246631,180.4207317,386.4085366,9796.434176,11479.32667,2388.945513,4048.383513,1156.064025,1116.104167,4054.543141,1883.569553,694.8147186,1622.291226,1142.599588,2738.887365
"Number of businesses",2023,"Purchases","Goods","Northern Ireland",46193.45338,687.6532258,68.775,4167.843051,180.4207317,386.4085366,9659.523724,10703.98078,2294.590659,4047.300179,1044.519721,1102.348958,3924.935354,1880.569553,654.3298701,1589.57694,1095.914733,2704.762365
"Number of businesses",2023,"Purchases","Goods","Great Britain",11764.76129,58.32258065,13.46666667,2120.094592,38.63414634,139.7195122,1262.037312,5073.723787,447.4931319,112.11,406.3810711,74.77604167,723.2863374,534.3250361,145.0831169,200.835097,149.603752,264.8691053
"Number of businesses",2023,"Purchases","Goods","Ireland",6300.380013,49.78225806,18,1499.94605,36.63414634,34.81707317,833.0138756,2758.549413,233.4400183,196.9495699,71.84339719,29.51041667,255.2406273,112.0888889,7.2,42.78064374,78.22786548,42.35576923
"Number of businesses",2023,"Purchases","Goods","Rest of the Europe Union (EU excluding Ireland)",3106.540678,15.08064516,6.133333333,738.0362684,18.31707317,47.88414634,147.6157715,1627.488157,64.00778388,48.69,76.74583621,NA,146.0942081,88.61666667,NA,NA,9.808510638,63.80993151
"Number of businesses",2023,"Purchases","Goods","Rest of the World (all countries outside the UK and EU)",2189.764198,NA,NA,552.1569178,18.31707317,NA,48.98303495,1205.924991,32.11492674,11.36,104.4238587,NA,59.03989426,84.61666667,NA,9.108024691,35.70967742,19.47579909
"Number of businesses",2023,"Purchases","Goods","External Sales/Purchases (outside NI)",14039.2129,104.1048387,23.8,2610.484842,56.95121951,145.7195122,1579.952368,5919.725882,575.6694139,244.1262366,506.983125,89.53125,801.0770728,544.8528139,146.0831169,201.835097,216.8316175,271.4844899
"Number of businesses",2023,"Purchases","Goods","Exports (outside UK)",NA,NA,NA,NA,NA,NA,NA,NA,NA,NA,NA,NA,NA,NA,NA,NA,NA,NA
"Number of businesses",2023,"Purchases","Goods","Imports (outside UK)",7616.972406,56.32258065,20.8,1714.966997,38.63414634,55.13414634,875.2432874,3462.972984,261.4656593,198.0329032,180.708214,31.51041667,322.1497837,152.0888889,8.2,43.82231041,117.7460535,77.17403407
"Number of businesses",2023,"Purchases","Services","All countries",44781.03883,586.5483871,58.975,3788.343738,179.4207317,389.4085366,8350.402977,9519.466347,2302.152015,3642.163692,1745.100815,1861.90625,4784.065242,2109.393074,549.3038961,1433.064153,1029.916953,2451.407029
"Number of businesses",2023,"Purchases","Services","Northern Ireland",43680.6566,580.0080645,58.975,3684.591291,179.4207317,389.4085366,8188.06666,9260.381459,2234.965659,3640.163692,1607.39851,1848.151042,4631.680719,2030.908225,507.8190476,1433.064153,982.2320979,2423.421706
"Number of businesses",2023,"Purchases","Services","Great Britain",7699.956095,24.62096774,12.8,748.9011631,42.63414634,51.88414634,970.5964245,1998.754489,433.6712454,161.5164516,821.9729589,145.5520833,1202.12041,539.5512987,113.0268398,161.6675485,109.9188973,160.7670242
"Number of businesses",2023,"Purchases","Services","Ireland",3702.373125,35.7016129,10.66666667,447.045664,73.26829268,31.56707317,358.4187546,890.3390095,230.3269231,147.4264516,431.9103657,46.93229167,490.8187557,342.710101,30.05714286,50.8994709,62.3266987,21.95785037
"Number of businesses",2023,"Purchases","Services","Rest of the Europe Union (EU excluding Ireland)",1614.64921,15.08064516,NA,154.3658714,18.31707317,22.31707317,146.9215686,563.156916,59.0952381,62.09333333,257.7282265,17.75520833,225.4428383,7,NA,36.75132275,21.80851064,NA
"Number of businesses",2023,"Purchases","Services","Rest of the World (all countries outside the UK and EU)",1582.454019,NA,NA,129.2919523,33.63414634,NA,95.79215686,356.8006436,51.15659341,17.6,462.9857089,NA,177.2604182,175.6085859,18.62857143,11.12037037,31.61702128,18.95785037
"Number of businesses",2023,"Purchases","Services","External Sales/Purchases (outside NI)",8976.578572,50.78225806,13.8,914.0831508,76.26829268,54.88414634,1081.757175,2264.722896,558.0517399,237.7629032,944.5993043,200.2395833,1343.388723,620.1472583,115.0268398,163.7092152,159.245596,178.1094899
"Number of businesses",2023,"Purchases","Services","Exports (outside UK)",NA,NA,NA,NA,NA,NA,NA,NA,NA,NA,NA,NA,NA,NA,NA,NA,NA,NA
"Number of businesses",2023,"Purchases","Services","Imports (outside UK)",4477.956218,35.7016129,10.66666667,502.3710719,73.26829268,32.56707317,361.3187546,1157.304166,261.0132784,151.4264516,643.3962944,59.6875,604.4708585,386.1949495,32.05714286,58.99514991,81.94371997,25.57323498
"Number of businesses",2023,"Purchases","All Transactions","All countries",53802.11919,766.1370968,77.45,4385.755141,232.3719512,422.0426829,10513.87845,11704.13671,2675.272436,4221.802867,1918.690888,2032.390625,5662.157932,2276.847619,792.212987,1732.571429,1308.636925,3079.763454
"Number of businesses",2023,"Purchases","All Transactions","Northern Ireland",52775.69224,753.0564516,77.45,4302.09853,232.3719512,422.0426829,10378.05496,11472.00088,2582.917582,4220.719534,1782.612643,2019.635417,5472.851515,2240.847619,792.212987,1732.571429,1261.95207,3032.295988
"Number of businesses",2023,"Purchases","All Transactions","Great Britain",14552.59972,64.86290323,15.8,2170.679948,58.95121951,156.0365854,1493.999047,5400.772533,674.2106227,183.1597849,905.7494969,172.0625,1478.769773,755.9192641,198.9965368,274.3716931,211.7389613,336.5188469
"Number of businesses",2023,"Purchases","All Transactions","Ireland",7853.748723,62.86290323,20,1539.641033,73.26829268,38.81707317,866.6136526,2934.272417,346.7889194,221.3129032,462.8897278,73.44270833,609.7419112,353.5434343,30.05714286,59.95348325,100.8448868,59.69823498
"Number of businesses",2023,"Purchases","All Transactions","Rest of the Europe Union (EU excluding Ireland)",3792.368384,21.62096774,NA,772.6794125,18.31707317,47.88414634,206.7451833,1759.504433,89.53159341,63.09333333,280.7075886,18.75520833,274.7857847,93.61666667,NA,36.75132275,31.61702128,66.42531612
"Number of businesses",2023,"Purchases","All Transactions","Rest of the World (all countries outside the UK and EU)",3175.094408,NA,NA,577.7746277,34.63414634,NA,100.2124467,1284.864344,78.61080586,17.6,529.8468721,NA,191.4709445,220.2252525,18.62857143,13.13271605,62.3266987,37.43364946
"Number of businesses",2023,"Purchases","All Transactions","External Sales/Purchases (outside NI)",17066.9526,117.1854839,24.8,2632.227773,77.26829268,162.0365854,1838.99359,6158.775977,826.0375458,322.2126882,1008.351551,239.5052083,1684.197243,842.9318903,200.9965368,275.3716931,298.5838481,357.4766973
"Number of businesses",2023,"Purchases","All Transactions","Exports (outside UK)",NA,NA,NA,NA,NA,NA,NA,NA,NA,NA,NA,NA,NA,NA,NA,NA,NA,NA
"Number of businesses",2023,"Purchases","All Transactions","Imports (outside UK)",9408.440607,69.40322581,21.8,1736.98115,74.26829268,56.13414634,911.7430644,3646.998788,373.8145604,221.3129032,697.2780956,86.19791667,763.3159078,399.0282828,32.05714286,60.99514991,159.9800961,97.13188444
"Number of businesses",2024,"Sales","Goods","All countries",26502.24651,455.4615385,86,3823.607898,426.0410959,42.56164384,3731.767466,10248.24753,478.2186147,3294.078113,467.4502165,113.0421941,827.5958457,1025.803056,66.8040404,212.4514326,456.5445221,746.5712966
"Number of businesses",2024,"Sales","Goods","Northern Ireland",25396.25764,423.5,86,3624.364528,414.260274,36.20547945,3674.289854,9880.220892,478.2186147,3293.078113,378.2922078,113.0421941,688.9197893,935.4831595,36.99292929,183.3759609,407.8312354,742.1824077
"Number of businesses",2024,"Sales","Goods","Great Britain",5564.674845,66.92307692,23.06666667,1506.664492,14.1369863,21.06849315,371.8623667,2565.923849,91.94155844,NA,166.339421,NA,268.1769416,270.3975353,NA,42.11250874,69.98601399,83.0749354
"Number of businesses",2024,"Sales","Goods","Ireland",6916.858705,41.95192308,30.73333333,1892.472739,12.78082192,16.71232877,609.2083156,3273.802618,194.1280148,NA,153.4703734,NA,160.3189135,422.8508646,NA,36.11250874,12.13636364,57.17958656
"Number of businesses",2024,"Sales","Goods","Rest of the Europe Union (EU excluding Ireland)",2081.153847,40.95192308,7.666666667,610.6236622,NA,12.35616438,79.21094527,1068.12752,NA,NA,92.70698052,NA,17.85714286,90.55066587,NA,NA,49.71328671,9.388888889
"Number of businesses",2024,"Sales","Goods","Rest of the World (all countries outside the UK and EU)",1722.744739,NA,NA,539.6249619,NA,12.35616438,13.33333333,885.2361539,25.9047619,NA,94.70698052,NA,35.1916499,57.73955476,29.81111111,7.037037037,12.13636364,NA
"Number of businesses",2024,"Sales","Goods","External Sales/Purchases (outside NI)",9148.993431,114.8653846,43.13333333,2295.50953,24.56164384,25.42465753,747.3399787,4365.211763,204.3552876,NA,218.7205087,NA,351.8494769,484.4365732,30.81111111,71.18798043,80.12237762,87.46382429
"Number of businesses",2024,"Sales","Goods","Exports (outside UK)",7431.778164,65.92307692,30.73333333,1980.268186,12.78082192,21.06849315,613.2083156,3506.413784,194.1280148,NA,180.5969968,NA,180.6534205,453.6619758,30.81111111,37.11250874,59.84965035,62.56847545
"Number of businesses",2024,"Sales","Goods","Imports (outside UK)",NA,NA,NA,NA,NA,NA,NA,NA,NA,NA,NA,NA,NA,NA,NA,NA,NA,NA
"Number of businesses",2024,"Sales","Services","All countries",38138.13879,476.4326923,29.06666667,1448.411489,226.4129159,85.26418787,8809.746606,4593.836933,2526.769326,1387.019099,1947.043831,2391.151899,5993.415702,2458.126148,726.6049395,1416.454927,1250.494172,2371.887262
"Number of businesses",2024,"Sales","Services","Northern Ireland",34993.8789,460.4519231,26.06666667,1354.753286,207.0626223,85.26418787,8034.133778,4194.722144,2371.021645,1376.352432,1379.020698,2280.658228,5337.554074,2249.880372,696.7938284,1384.379455,1198.812354,2356.951204
"Number of businesses",2024,"Sales","Services","Great Britain",7310.061718,24.97115385,NA,329.0806438,NA,26.13894325,1215.0121,807.7621121,717.3466296,127.5766667,1052.12987,163.1814346,1558.223115,733.9092228,161.4906205,169.4143955,134.8041958,69.88362785
"Number of businesses",2024,"Sales","Services","Ireland",6870.83343,48.94230769,7.666666667,376.1862591,14.63796477,25.78277886,1842.235679,808.6379176,482.3138528,37.25,672.1290584,22.00703235,1590.521256,630.9650169,73.05728716,68.22501747,54.21212121,116.0632144
"Number of businesses",2024,"Sales","Services","Rest of the Europe Union (EU excluding Ireland)",1799.059403,NA,NA,75.56801451,8.569471624,NA,128.4490405,241.0536577,228.3089054,74.5,337.2996483,19.00703235,392.5954413,192.8060769,NA,NA,53.68181818,44.22029643
"Number of businesses",2024,"Sales","Services","Rest of the World (all countries outside the UK and EU)",2383.323956,NA,NA,19.45833333,NA,NA,101.9497512,162.6838816,260.3911565,NA,799.0606061,15.78481013,612.1416273,307.7063154,42.26565657,NA,55.88181818,NA
"Number of businesses",2024,"Sales","Services","External Sales/Purchases (outside NI)",11449.87322,65.92307692,10.66666667,592.8147848,28.41878669,42.06457926,2552.309222,1327.055309,918.995671,127.5766667,1442.164367,212.535865,2431.486725,966.2660433,195.4640693,200.5269043,188.216317,147.388162
"Number of businesses",2024,"Sales","Services","Exports (outside UK)",8140.1186,48.94230769,7.666666667,413.0014179,17.99412916,25.78277886,1868.974485,906.5221236,570.2554113,74.5,1095.672484,53.5766526,1962.989915,742.982588,74.14819625,69.22501747,87.82121212,120.0632144
"Number of businesses",2024,"Sales","Services","Imports (outside UK)",NA,NA,NA,NA,NA,NA,NA,NA,NA,NA,NA,NA,NA,NA,NA,NA,NA,NA
"Number of businesses",2024,"Sales","All Transactions","All countries",55314.53321,810.0384615,93,4376.751185,621.8238748,104.4011742,10774.09435,11834.06591,2675.517007,4307.601677,2060.459416,2458.291139,6273.333086,2772.128822,728.6958486,1453.530398,1409.437063,2561.363796
"Number of businesses",2024,"Sales","All Transactions","Northern Ireland",51885.79011,770.0865385,90,4161.664207,590.6927593,100.0450098,10016.31414,11302.56889,2555.422387,4296.93501,1497.099838,2347.797468,5614.471458,2564.883046,698.8847375,1421.454927,1311.041958,2546.427737
"Number of businesses",2024,"Sales","All Transactions","Great Britain",11214.86668,75.91346154,26.06666667,1620.003037,27.91780822,36.85127202,1336.627097,2845.853441,748.9786642,128.5766667,1109.327922,163.1814346,1641.275429,790.5353409,162.4906205,170.4143955,202.7902098,128.0632144
"Number of businesses",2024,"Sales","All Transactions","Ireland",12134.135,89.89423077,33.4,2070.146505,25.06262231,35.13894325,2105.137811,3518.185991,618.6323438,38.25,736.5458604,22.00703235,1669.57357,791.4952693,74.05728716,97.30048917,64.34848485,144.9585633
"Number of businesses",2024,"Sales","All Transactions","Rest of the Europe Union (EU excluding Ireland)",3553.165504,40.95192308,7.666666667,651.9972323,8.569471624,12.35616438,132.4490405,1169.068683,229.3089054,74.5,394.2164502,19.00703235,401.5240128,251.5456316,NA,NA,102.3951049,53.60918532
"Number of businesses",2024,"Sales","All Transactions","Rest of the World (all countries outside the UK and EU)",3856.104357,NA,NA,543.0832952,NA,13.35616438,106.9497512,931.7236539,260.3911565,NA,856.977408,15.78481013,637.4047058,334.634759,72.07676768,7.037037037,66.01818182,NA
"Number of businesses",2024,"Sales","All Transactions","External Sales/Purchases (outside NI)",18131.99438,163.8076923,48.8,2539.162756,50.62426614,53.77690802,2905.354211,4864.608614,1060.041435,129.5766667,1502.917614,212.535865,2546.208053,1128.796296,226.2751804,230.602376,266.3386946,202.5677486
"Number of businesses",2024,"Sales","All Transactions","Exports (outside UK)",13796.42943,113.8653846,33.4,2183.090444,28.41878669,39.49510763,2133.876617,3791.284657,706.5739023,75.5,1172.180195,53.5766526,2060.376736,903.5128404,104.9593074,99.30048917,145.6708625,151.3474521
"Number of businesses",2024,"Sales","All Transactions","Imports (outside UK)",NA,NA,NA,NA,NA,NA,NA,NA,NA,NA,NA,NA,NA,NA,NA,NA,NA,NA
"Number of businesses",2024,"Purchases","Goods","All countries",48588.16652,706.1634615,91,4282.417093,376.1389432,94.97651663,10058.25178,11465.59562,2334.414966,4032.582809,1322.066829,1252.534459,4260.747731,2151.690628,550.920091,1610.09434,1196.342657,2802.2286
"Number of businesses",2024,"Purchases","Goods","Northern Ireland",47175.77575,697.1730769,79.6,4191.170093,366.7142857,92.62035225,9978.274876,10873.49976,2298.782931,4030.582809,1231.078598,1252.534459,4075.217168,2058.916186,550.920091,1518.867925,1151.099068,2728.724066
"Number of businesses",2024,"Purchases","Goods","Great Britain",11105.66858,51.94230769,39.46666667,1749.992842,34.77495108,35.99412916,1470.507338,4695.787773,341.5451453,313.3961006,409.4945887,39.90295359,587.3603814,496.7571751,73.20563881,329.9000699,117.1254079,318.5151072
"Number of businesses",2024,"Purchases","Goods","Ireland",5702.727459,90.89423077,25.06666667,1363.701878,26.56164384,22.56947162,971.5840263,2268.330494,214.3797155,117.4766667,95.2827381,NA,125.7665996,162.2975629,38.12180042,47.0754717,121.2296037,NA
"Number of businesses",2024,"Purchases","Goods","Rest of the Europe Union (EU excluding Ireland)",3015.029989,25.97115385,7,669.2475904,13.78082192,9.356164384,169.9642857,1664.701982,23.72727273,42.4,139.6505682,NA,87.5749497,134.7191413,NA,NA,NA,19.9360587
"Number of businesses",2024,"Purchases","Goods","Rest of the World (all countries outside the UK and EU)",2515.228217,NA,5.666666667,586.9245351,12.78082192,NA,113.1428571,1412.165003,NA,14.32,128.6148539,NA,92.68901408,117.49854,NA,8.037037037,NA,10.38888889
"Number of businesses",2024,"Purchases","Goods","External Sales/Purchases (outside NI)",13463.86148,108.875,41.46666667,2265.500974,52.26810176,41.85127202,1900.305668,5606.315277,440.7560297,371.3927673,439.1764069,39.90295359,646.0720313,558.587639,75.36797647,330.9000699,221.218648,323.9039961
"Number of businesses",2024,"Purchases","Goods","Exports (outside UK)",NA,NA,NA,NA,NA,NA,NA,NA,NA,NA,NA,NA,NA,NA,NA,NA,NA,NA
"Number of businesses",2024,"Purchases","Goods","Imports (outside UK)",7051.23335,90.89423077,26.06666667,1587.532817,33.63013699,NA,974.5840263,3115.20306,215.3797155,118.4766667,169.7904491,NA,221.1472636,225.1699848,38.12180042,54.11250874,123.2296037,30.32494759
"Number of businesses",2024,"Purchases","Services","All countries",45166.92904,608.2788462,90,3672.857973,454.8923679,87.90802348,8561.334897,9292.185212,2040.558442,3727.831992,1696.73539,1868.253165,5068.498903,2210.542915,521.1133089,1611.981831,1265.297203,2388.658573
"Number of businesses",2024,"Purchases","Services","Northern Ireland",43584.32273,600.2884615,90,3613.155796,440.7553816,85.5518591,8374.757516,8686.518193,1943.347557,3688.581992,1549.928571,1867.253165,4861.556247,2072.73676,521.1133089,1607.981831,1236.357809,2344.438277
"Number of businesses",2024,"Purchases","Services","Great Britain",7395.715068,35.96153846,20.4,733.0219346,61.83757339,34.99412916,843.8566276,2290.890769,394.6063698,135.6366667,660.3375271,138.7229255,1036.112687,389.6389879,43.32309912,204.524109,146.5344988,225.3156244
"Number of businesses",2024,"Purchases","Services","Ireland",3833.933748,41.95192308,10,365.6168903,33.41878669,15.35616438,577.9299751,1222.94793,250.7844774,83.30666667,319.7211851,8.222222222,428.4841282,228.7729821,45.57634588,55.22361985,101.7890443,44.83140754
"Number of businesses",2024,"Purchases","Services","Rest of the Europe Union (EU excluding Ireland)",1567.685854,25.97115385,NA,174.6344999,31.77495108,6.356164384,51.57142857,453.8458729,138.3463203,63.22666667,297.5167749,21.00703235,169.4129779,66.87242189,NA,NA,17.13636364,38.83140754
"Number of businesses",2024,"Purchases","Services","Rest of the World (all countries outside the UK and EU)",1635.162805,NA,NA,98.78063344,17.99412916,NA,96.14285714,384.5137297,143.5238095,29.56,382.4067911,NA,244.5565374,153.2832276,45.42799423,8.037037037,8,19.9360587
"Number of businesses",2024,"Purchases","Services","External Sales/Purchases (outside NI)",8701.321536,67.92307692,22.4,833.8366861,81.68688845,36.99412916,1143.930188,2616.237535,460.1641929,152.4633333,782.3409091,157.5077356,1138.954053,472.9363569,48.57634588,208.5611461,217.0508159,259.7581431
"Number of businesses",2024,"Purchases","Services","Exports (outside UK)",NA,NA,NA,NA,NA,NA,NA,NA,NA,NA,NA,NA,NA,NA,NA,NA,NA,NA
"Number of businesses",2024,"Purchases","Services","Imports (outside UK)",4582.22059,41.95192308,10,400.3596456,47.55577299,15.35616438,622.5014037,1381.836007,278.6892393,88.38666667,521.6156656,24.00703235,572.7254562,287.3726767,47.57634588,58.22361985,103.7890443,80.27392619
"Number of businesses",2024,"Purchases","All Transactions","All countries",54568.41815,770.0865385,91,4393.477474,570.3444227,102.0450098,10655.29744,11674.20637,2508.591837,4307.601677,2061.678166,2064.670886,5828.520492,2527.242159,731.9534244,1864.622642,1372.86014,3044.219468
"Number of businesses",2024,"Purchases","All Transactions","Northern Ireland",53638.19154,762.0961538,91,4351.973747,558.5636008,99.6888454,10603.05935,11407.57287,2503.591837,4306.601677,1911.109578,2064.670886,5675.509929,2445.94479,731.9534244,1804.471698,1354.05711,2966.326045
"Number of businesses",2024,"Purchases","All Transactions","Great Britain",13436.06062,51.94230769,40.46666667,1843.072132,67.54990215,39.35029354,1712.814463,4860.544453,574.3506494,324.4761006,800.9849838,171.2925457,1219.3149,630.6127415,74.20563881,399.0880503,206.3841492,419.6106457
"Number of businesses",2024,"Purchases","All Transactions","Ireland",7313.677597,98.88461538,26.06666667,1420.041,42.84344423,24.56947162,1100.674733,2640.297663,351.9953618,132.5566667,380.5827922,8.222222222,460.4614924,300.1558434,45.57634588,59.22361985,167.3053613,54.22029643
"Number of businesses",2024,"Purchases","All Transactions","Rest of the Europe Union (EU excluding Ireland)",3704.002703,25.97115385,8,707.0837015,38.84344423,13.35616438,169.9642857,1702.186193,142.3463203,64.22666667,352.4335768,22.00703235,196.6046278,173.8938888,NA,NA,20.13636364,58.76746624
"Number of businesses",2024,"Purchases","All Transactions","Rest of the World (all countries outside the UK and EU)",3467.14333,NA,6.666666667,619.5801685,17.99412916,NA,113.1428571,1484.156852,146.5238095,29.56,456.9145022,NA,315.6026943,182.2116713,45.42799423,9.037037037,10,26.32494759
"Number of businesses",2024,"Purchases","All Transactions","External Sales/Purchases (outside NI)",15983.08882,116.8653846,42.46666667,2334.040278,94.46771037,44.2074364,2212.923028,5741.447582,670.5615337,379.5527673,907.6193182,189.0773558,1317.299124,718.1408798,79.45888556,401.0880503,274.4307692,459.4420533
"Number of businesses",2024,"Purchases","All Transactions","Exports (outside UK)",NA,NA,NA,NA,NA,NA,NA,NA,NA,NA,NA,NA,NA,NA,NA,NA,NA,NA
"Number of businesses",2024,"Purchases","All Transactions","Imports (outside UK)",8787.770686,98.88461538,27.06666667,1630.563529,59.33659491,25.56947162,1103.674733,3375.275826,378.9001237,134.6366667,568.2155032,24.00703235,618.1801845,357.755538,47.57634588,61.22361985,170.3053613,106.5988738
